# Blender 5.1.2
# www.blender.org
o Sandygast
v 0.543661 1.232934 0.591110
v 0.531651 1.220769 0.591110
v 0.531651 0.107980 0.591110
v 0.543631 0.094076 0.591110
v 0.573846 0.094076 0.557571
v 0.573846 1.232934 0.557571
v 0.573846 0.488141 0.453218
v 0.573846 0.484539 0.456032
v 0.573846 1.223563 0.550707
v 0.353219 0.960185 0.591110
v 0.355330 0.517205 0.591110
v 0.359899 0.521194 0.591110
v 0.353219 0.960185 0.591110
v 0.359899 0.521194 0.591110
v 0.356752 0.956397 0.591110
v 0.573846 1.150641 0.440156
v 0.573846 1.223563 0.550707
v 0.573846 1.146999 0.443002
v 0.573846 0.484539 0.391494
v 0.573846 1.084094 0.381234
v 0.573846 0.488141 0.394768
v 0.822605 0.326934 0.190242
v 0.594188 0.454426 0.190242
v 0.820083 0.324144 0.190242
v 0.820083 0.269838 0.190242
v 0.594188 0.099067 0.190242
v 0.822605 0.267269 0.190242
v 0.907402 0.312794 0.089095
v 0.907402 0.102206 0.161534
v 0.907402 0.309534 0.086464
v 0.876837 0.267269 0.190242
v 0.884251 0.098846 0.190242
v 0.879876 0.269838 0.190242
v -0.312875 1.113482 -0.591110
v 0.261796 1.035281 -0.591110
v -0.312875 1.060103 -0.591110
v 0.531651 1.220769 -0.591110
v -0.315433 1.116508 -0.591110
v 0.531651 1.220769 -0.591110
v -0.533069 1.220769 -0.591110
v -0.368555 1.116508 -0.591110
v -0.371530 1.113482 -0.591110
v -0.371530 1.060103 -0.591110
v 0.884251 0.454426 0.190242
v 0.876838 0.326934 0.190242
v 0.879876 0.324144 0.190242
v 0.319947 1.038417 -0.591110
v 0.531651 1.220769 -0.591110
v 0.322599 1.035281 -0.591110
v 0.531651 1.220769 -0.591110
v 0.264880 1.038417 -0.591110
v -0.312875 1.113482 -0.591110
v 0.261796 1.035281 -0.591110
v 0.261796 0.979946 -0.591110
v -0.312875 1.060103 -0.591110
v 0.132403 0.537928 -0.591110
v 0.264880 0.976662 -0.591110
v 0.319947 0.976662 -0.591110
v 0.164356 0.505975 -0.591110
v -0.533069 0.108439 0.591110
v -0.194563 0.136209 0.591110
v -0.198660 0.139816 0.591110
v -0.533069 0.108439 0.591110
v -0.198660 0.139816 0.591110
v -0.198660 0.196286 0.591110
v 0.531651 0.107980 0.591110
v 0.414793 0.462840 0.591110
v 0.410071 0.459035 0.591110
v 0.531651 0.107980 0.591110
v -0.138956 0.139816 0.591110
v -0.142732 0.136209 0.591110
v 0.412741 0.960085 0.591110
v 0.414793 0.517205 0.591110
v 0.531651 1.220769 0.591110
v 0.573846 1.223563 0.550707
v 0.573846 1.087619 0.443002
v 0.573846 1.146999 0.443002
v 0.573846 1.013411 -0.346736
v 0.573846 1.010061 -0.343591
v 0.573846 0.601838 -0.384789
v -0.389896 0.791718 0.591110
v -0.283787 0.261486 0.591110
v -0.386384 0.795761 0.591110
v 0.244244 0.222710 0.591110
v -0.142732 0.200141 0.591110
v -0.138956 0.196286 0.591110
v 0.244244 0.222710 0.591110
v 0.531651 0.107980 0.591110
v 0.283020 0.261486 0.591110
v 0.283020 0.261486 0.591110
v 0.359899 0.459035 0.591110
v 0.355330 0.462840 0.591110
v 0.289038 0.882410 0.591110
v 0.353219 0.960185 0.591110
v 0.289038 1.130304 0.591110
v -0.356885 1.110376 0.591110
v -0.288343 1.130304 0.591110
v -0.361011 1.114072 0.591110
v -0.573195 0.858523 -0.115555
v -0.573195 0.858523 -0.171120
v -0.573195 0.592210 -0.186615
v -0.573195 0.620450 0.182210
v -0.573195 0.861837 -0.112880
v -0.573195 0.620473 -0.162435
v -0.312875 1.060103 -0.591110
v -0.133170 0.537928 -0.591110
v -0.315433 1.056934 -0.591110
v -0.723201 0.410073 0.210148
v -0.722573 0.408557 0.211665
v -0.720796 0.408557 0.209888
v -0.722312 0.410073 0.209259
v -0.720796 0.408557 0.170542
v -0.722312 0.410073 0.170542
v -0.720796 0.311590 0.170542
v -0.720796 0.311590 0.209888
v -0.722573 0.311590 0.211665
v -0.722573 0.408557 0.211665
v -0.819019 0.408557 0.211665
v -0.819019 0.311590 0.211665
v -0.818390 0.410073 0.210148
v -0.723201 0.410073 0.210148
v -0.819019 0.408557 0.211665
v -0.818390 0.410073 0.210148
v -0.819279 0.410073 0.209259
v -0.820796 0.408557 0.209888
v -0.820796 0.311590 0.209888
v -0.819019 0.311590 0.211665
v -0.818390 0.310073 0.210148
v -0.723201 0.310073 0.210148
v -0.722573 0.311590 0.211665
v -0.720796 0.311590 0.209888
v -0.722312 0.310073 0.209259
v -0.819279 0.310073 0.209259
v -0.819279 0.310073 0.170542
v -0.722312 0.310073 0.170542
v -0.720796 0.311590 0.170542
v -0.820796 0.311590 0.170542
v -0.820796 0.408557 0.170542
v -0.819279 0.410073 0.170542
v -0.723201 0.410073 0.210148
v -0.819279 0.410073 0.209259
v -0.818390 0.410073 0.210148
v -0.722312 0.410073 0.209259
v -0.722312 0.410073 0.170542
v -0.819279 0.410073 0.170542
v -0.821465 0.158640 0.548501
v -0.822114 0.154858 0.554499
v -0.817683 0.154858 0.550093
v -0.823681 0.158640 0.550717
v -0.913243 0.154858 0.554499
v -0.911677 0.158640 0.550717
v -0.917675 0.154858 0.550093
v -0.913893 0.158640 0.548501
v -0.913243 0.115271 0.554499
v -0.917675 0.154858 0.550093
v -0.917675 0.115271 0.550093
v -0.917675 0.115271 0.459230
v -0.917675 0.154858 0.459230
v -0.913893 0.158640 0.548501
v -0.913893 0.158640 0.460797
v -0.822114 0.115271 0.554499
v -0.817683 0.115271 0.550093
v -0.817683 0.154858 0.550093
v -0.817683 0.154858 0.459230
v -0.817683 0.115271 0.459230
v -0.821465 0.158640 0.460797
v -0.821465 0.158640 0.548501
v -0.817683 0.154858 0.459230
v -0.823681 0.158640 0.458581
v -0.821465 0.158640 0.460797
v -0.822114 0.154858 0.454799
v -0.822114 0.115271 0.454799
v -0.817683 0.115271 0.459230
v -0.913243 0.154858 0.454799
v -0.913243 0.115271 0.454799
v -0.917675 0.115271 0.459230
v -0.917675 0.154858 0.459230
v -0.913893 0.158640 0.460797
v -0.911677 0.158640 0.458581
v -0.821465 0.158640 0.460797
v -0.823681 0.158640 0.458581
v -0.911677 0.158640 0.458581
v -0.913893 0.158640 0.460797
v -0.821465 0.158640 0.548501
v -0.913893 0.158640 0.548501
v -0.911677 0.158640 0.550717
v -0.823681 0.158640 0.550717
v -0.695342 0.158199 -0.414018
v -0.695992 0.154416 -0.408020
v -0.691560 0.154416 -0.412452
v -0.697558 0.158199 -0.411802
v -0.787129 0.154416 -0.408020
v -0.785562 0.158199 -0.411802
v -0.791560 0.154416 -0.412452
v -0.787778 0.158199 -0.414019
v -0.787129 0.115124 -0.408020
v -0.791560 0.154416 -0.412452
v -0.791560 0.115124 -0.412452
v -0.791560 0.115124 -0.503098
v -0.791560 0.154416 -0.503098
v -0.787778 0.158199 -0.414019
v -0.787778 0.158199 -0.501532
v -0.695992 0.115124 -0.408020
v -0.691560 0.115124 -0.412452
v -0.691560 0.154416 -0.412452
v -0.691560 0.154416 -0.503098
v -0.691560 0.115124 -0.503098
v -0.695342 0.158199 -0.501532
v -0.695342 0.158199 -0.414018
v -0.691560 0.154416 -0.503098
v -0.697558 0.158199 -0.503748
v -0.695342 0.158199 -0.501532
v -0.695992 0.154416 -0.507530
v -0.695992 0.115124 -0.507530
v -0.691560 0.115124 -0.503098
v -0.787129 0.154416 -0.507530
v -0.787129 0.115124 -0.507530
v -0.791560 0.115124 -0.503098
v -0.791560 0.154416 -0.503098
v -0.787778 0.158199 -0.501532
v -0.785562 0.158199 -0.503748
v -0.695342 0.158199 -0.414018
v -0.785562 0.158199 -0.411802
v -0.697558 0.158199 -0.411802
v -0.787778 0.158199 -0.414019
v -0.787778 0.158199 -0.501532
v -0.695342 0.158199 -0.501532
v -0.785562 0.158199 -0.503748
v -0.697558 0.158199 -0.503748
v 0.956271 0.158199 -0.404502
v 0.955622 0.154416 -0.398503
v 0.960054 0.154416 -0.402935
v 0.954055 0.158199 -0.402286
v 0.864485 0.154416 -0.398503
v 0.866052 0.158199 -0.402286
v 0.860054 0.154416 -0.402935
v 0.863836 0.158199 -0.404502
v 0.864485 0.115124 -0.398503
v 0.860054 0.154416 -0.402935
v 0.860054 0.115124 -0.402935
v 0.860054 0.115124 -0.493582
v 0.860054 0.154416 -0.493582
v 0.863836 0.158199 -0.404502
v 0.863836 0.158199 -0.492015
v 0.955622 0.115124 -0.398503
v 0.960054 0.115124 -0.402935
v 0.960054 0.154416 -0.402935
v 0.960054 0.154416 -0.493582
v 0.960054 0.115124 -0.493582
v 0.956271 0.158199 -0.492015
v 0.956271 0.158199 -0.404502
v 0.960054 0.154416 -0.493582
v 0.954055 0.158199 -0.494231
v 0.956271 0.158199 -0.492015
v 0.955622 0.154416 -0.498013
v 0.955622 0.115124 -0.498013
v 0.960054 0.115124 -0.493582
v 0.864485 0.154416 -0.498013
v 0.864485 0.115124 -0.498013
v 0.860054 0.115124 -0.493582
v 0.860054 0.154416 -0.493582
v 0.863836 0.158199 -0.492015
v 0.866052 0.158199 -0.494231
v 0.956271 0.158199 -0.492015
v 0.954055 0.158199 -0.494231
v 0.866052 0.158199 -0.494231
v 0.863836 0.158199 -0.492015
v 0.956271 0.158199 -0.404502
v 0.863836 0.158199 -0.404502
v 0.866052 0.158199 -0.402286
v 0.954055 0.158199 -0.402286
v 0.768318 0.158640 0.544121
v 0.764535 0.154858 0.545688
v 0.768967 0.154858 0.550093
v 0.770534 0.158640 0.546337
v 0.860104 0.154858 0.550093
v 0.858537 0.158640 0.546337
v 0.864536 0.154858 0.545688
v 0.860753 0.158640 0.544121
v 0.860104 0.115271 0.550093
v 0.864536 0.154858 0.545688
v 0.864536 0.115271 0.545688
v 0.864536 0.115271 0.454851
v 0.864536 0.154858 0.454851
v 0.860753 0.158640 0.544121
v 0.860753 0.158640 0.456418
v 0.768967 0.115271 0.550093
v 0.764535 0.115271 0.545688
v 0.764535 0.154858 0.545688
v 0.764535 0.154858 0.454851
v 0.764535 0.115271 0.454851
v 0.768318 0.158640 0.456418
v 0.768318 0.158640 0.544121
v 0.764535 0.154858 0.454851
v 0.768318 0.158640 0.456418
v 0.770534 0.158640 0.454202
v 0.768967 0.154858 0.450419
v 0.768967 0.115271 0.450419
v 0.764535 0.115271 0.454851
v 0.860104 0.154858 0.450419
v 0.860104 0.115271 0.450419
v 0.864536 0.115271 0.454851
v 0.864536 0.154858 0.454851
v 0.860753 0.158640 0.456418
v 0.858537 0.158640 0.454202
v 0.768318 0.158640 0.456418
v 0.858537 0.158640 0.454202
v 0.770534 0.158640 0.454202
v 0.860753 0.158640 0.456418
v 0.768318 0.158640 0.544121
v 0.860753 0.158640 0.544121
v 0.858537 0.158640 0.546337
v 0.770534 0.158640 0.546337
v -0.107646 0.921392 0.586809
v -0.100824 0.925693 0.586070
v -0.105864 0.925693 0.591110
v -0.105126 0.921392 0.584288
v -0.194806 0.921392 0.586809
v -0.197326 0.921392 0.584288
v -0.196588 0.925693 0.591110
v -0.201627 0.925693 0.586070
v -0.105126 0.921392 0.525836
v -0.197326 0.921392 0.525836
v -0.105864 0.925693 0.591110
v -0.194806 0.921392 0.586809
v -0.107646 0.921392 0.586809
v -0.196588 0.925693 0.591110
v -0.105864 1.079122 0.591110
v -0.100824 0.925693 0.586070
v -0.100824 1.079122 0.586070
v -0.100824 1.079122 0.525836
v -0.100824 0.925693 0.525836
v -0.105126 0.921392 0.584288
v -0.105126 0.921392 0.525836
v -0.105126 1.083423 0.525836
v -0.105126 1.083423 0.584288
v -0.196588 1.079122 0.591110
v -0.107646 1.083423 0.586809
v -0.105126 1.083423 0.584288
v -0.100824 1.079122 0.586070
v -0.194806 1.083423 0.586809
v -0.201627 1.079122 0.586070
v -0.197326 1.083423 0.584288
v -0.201627 1.079122 0.586070
v -0.201627 0.925693 0.586070
v -0.201627 0.925693 0.525836
v -0.201627 1.079122 0.525836
v -0.197326 1.083423 0.584288
v -0.197326 1.083423 0.525836
v -0.197326 0.921392 0.525836
v -0.197326 0.921392 0.584288
v -0.105126 1.083423 0.584288
v -0.194806 1.083423 0.586809
v -0.107646 1.083423 0.586809
v -0.197326 1.083423 0.584288
v -0.197326 1.083423 0.525836
v -0.105126 1.083423 0.525836
v 0.107646 0.921392 0.586809
v 0.105864 0.925693 0.591110
v 0.100824 0.925693 0.586070
v 0.105126 0.921392 0.584288
v 0.194806 0.921392 0.586809
v 0.197326 0.921392 0.584288
v 0.196588 0.925693 0.591110
v 0.201627 0.925693 0.586070
v 0.105126 0.921392 0.525836
v 0.197326 0.921392 0.525836
v 0.105864 0.925693 0.591110
v 0.107646 0.921392 0.586809
v 0.194806 0.921392 0.586809
v 0.196588 0.925693 0.591110
v 0.105864 1.079122 0.591110
v 0.100824 0.925693 0.586070
v 0.100824 1.079122 0.586070
v 0.100824 1.079122 0.525836
v 0.100824 0.925693 0.525836
v 0.105126 0.921392 0.584288
v 0.105126 0.921392 0.525836
v 0.105126 1.083423 0.525836
v 0.105126 1.083423 0.584288
v 0.196588 1.079122 0.591110
v 0.107646 1.083423 0.586809
v 0.105126 1.083423 0.584288
v 0.100824 1.079122 0.586070
v 0.194806 1.083423 0.586809
v 0.201627 1.079122 0.586070
v 0.197326 1.083423 0.584288
v 0.201627 1.079122 0.586070
v 0.201627 0.925693 0.586070
v 0.201627 0.925693 0.525836
v 0.201627 1.079122 0.525836
v 0.197326 1.083423 0.584288
v 0.197326 1.083423 0.525836
v 0.197326 0.921392 0.525836
v 0.197326 0.921392 0.584288
v 0.105126 1.083423 0.584288
v 0.107646 1.083423 0.586809
v 0.194806 1.083423 0.586809
v 0.197326 1.083423 0.584288
v 0.197326 1.083423 0.525836
v 0.105126 1.083423 0.525836
v -1.018595 0.130200 0.624713
v -0.997647 0.130200 -0.616036
v -1.018595 0.130200 -0.624713
v -0.997647 0.130201 0.616036
v 0.997647 0.130201 0.616036
v 1.018595 0.130200 -0.624713
v 0.997647 0.130200 -0.616036
v 1.018595 0.130200 0.624713
v -1.040966 0.109661 0.633979
v -1.018595 0.130200 0.624713
v -1.018595 0.130200 -0.624713
v -1.040966 0.109661 -0.633979
v -1.040966 0.020000 0.633979
v -0.970532 0.109661 0.704413
v -0.970532 0.020000 0.704413
v 0.970532 0.020000 0.704413
v 0.970532 0.109661 0.704413
v 0.961265 0.130200 0.682043
v -0.961265 0.130200 0.682043
v -1.040966 0.109661 0.633979
v -1.018595 0.130200 0.624713
v 1.040966 0.109661 0.633979
v 1.018595 0.130200 0.624713
v 1.040966 0.109661 0.633979
v 1.040966 0.020000 0.633979
v 1.040966 0.020000 -0.633979
v 1.040966 0.109661 -0.633979
v 1.018595 0.130200 0.624713
v 1.018595 0.130200 -0.624713
v 1.009009 -0.000000 -0.620742
v 1.009009 0.000000 0.620742
v 0.957295 0.000000 0.672457
v -0.957295 0.000000 0.672457
v -1.040966 0.020000 -0.633979
v -1.009009 0.000000 0.620742
v -1.009009 -0.000000 -0.620742
v -0.997647 0.130201 0.616036
v -1.018595 0.130200 0.624713
v -0.961265 0.130200 0.682043
v -0.952588 0.130201 0.661094
v 0.952588 0.130201 0.661094
v 0.997647 0.130201 0.616036
v -0.678581 0.130201 0.320660
v -0.681368 0.130201 0.318239
v -0.681368 0.130200 0.259279
v -0.984451 0.130200 -0.498054
v -0.997647 0.130200 -0.616036
v -0.981768 0.130200 -0.438979
v -0.984451 0.130200 -0.441308
v -0.925269 0.130200 -0.438979
v -0.923042 0.130200 -0.441308
v -0.678581 0.130200 0.256593
v -0.619878 0.130200 0.256593
v -0.617564 0.130200 0.259279
v -0.923042 0.130200 -0.498054
v 0.044331 0.130200 -0.600363
v 0.092975 0.130200 -0.600363
v -0.925269 0.130200 -0.500640
v 0.040413 0.130200 -0.604109
v 0.040413 0.130200 -0.616036
v 0.040413 0.130200 -0.646966
v 0.044331 0.130200 -0.650424
v -0.952588 0.130200 -0.661094
v -0.961265 0.130200 -0.682043
v 0.952588 0.130200 -0.661094
v -1.018595 0.130200 -0.624713
v -0.997647 0.130200 -0.616036
v 0.096893 0.130200 -0.616036
v 0.096893 0.130200 -0.646966
v 0.092975 0.130200 -0.650424
v 0.961265 0.130200 -0.682043
v 0.997647 0.130200 -0.616036
v -0.617564 0.130201 0.318239
v 0.096893 0.130200 -0.604109
v 1.018595 0.130200 -0.624713
v -0.619878 0.130201 0.320660
v -0.981768 0.130200 -0.500640
v 0.961265 0.130200 0.682043
v 1.018595 0.130200 0.624713
v 0.997647 0.130201 0.616036
v -1.040966 0.109661 -0.633979
v -1.018595 0.130200 -0.624713
v -0.961265 0.130200 -0.682043
v -0.970532 0.109661 -0.704413
v -0.970532 0.020000 -0.704413
v -1.040966 0.020000 -0.633979
v -0.957295 -0.000000 -0.672457
v -1.009009 -0.000000 -0.620742
v 0.957295 -0.000000 -0.672457
v 1.009009 -0.000000 -0.620742
v 1.009009 0.000000 0.620742
v -1.009009 0.000000 0.620742
v 0.957295 0.000000 0.672457
v -0.957295 0.000000 0.672457
v -1.040966 0.020000 0.633979
v -0.970532 0.020000 0.704413
v 1.040966 0.020000 0.633979
v 0.970532 0.020000 0.704413
v 1.040966 0.020000 -0.633979
v 0.970532 0.020000 -0.704413
v 0.970532 0.109661 -0.704413
v 1.040966 0.109661 -0.633979
v 0.961265 0.130200 -0.682043
v 1.018595 0.130200 -0.624713
v -0.923042 0.130200 -0.441308
v -0.981768 0.130200 -0.438979
v -0.925269 0.130200 -0.438979
v -0.984451 0.130200 -0.441308
v -0.923042 0.130200 -0.498054
v -0.984451 0.130200 -0.498054
v -0.925269 0.130200 -0.500640
v -0.981768 0.130200 -0.500640
v -0.617564 0.130201 0.318239
v -0.678581 0.130201 0.320660
v -0.619878 0.130201 0.320660
v -0.681368 0.130201 0.318239
v -0.617564 0.130200 0.259279
v -0.681368 0.130200 0.259279
v -0.619878 0.130200 0.256593
v -0.678581 0.130200 0.256593
v -0.573195 0.435210 -0.389745
v -0.573195 0.431961 -0.446838
v -0.573195 0.431961 -0.392368
v -0.573195 0.435210 -0.449889
v -0.573195 0.489944 -0.389745
v -0.573195 0.489944 -0.449889
v -0.573195 0.492607 -0.392368
v -0.573195 0.492607 -0.446838
v -0.573195 0.861837 -0.112880
v -0.573195 0.858523 -0.171120
v -0.573195 0.858523 -0.115555
v -0.573195 0.861837 -0.174232
v -0.573195 0.917671 -0.112880
v -0.573195 0.917671 -0.174232
v -0.573195 0.921040 -0.171120
v -0.573195 0.921040 -0.115555
v -0.573195 1.152531 -0.438479
v -0.573195 1.155845 -0.376918
v -0.573195 1.155845 -0.435214
v -0.573195 1.152531 -0.374111
v -0.573195 1.093953 -0.374111
v -0.573195 1.093953 -0.438479
v -0.573195 1.090476 -0.435214
v -0.573195 1.090476 -0.376918
v -0.573195 1.077988 0.286154
v -0.573195 1.081913 0.349002
v -0.573195 1.081913 0.289487
v -0.573195 1.077988 0.351868
v -0.573195 1.018184 0.351868
v -0.573195 1.018184 0.286154
v -0.573195 1.014635 0.289487
v -0.573195 1.014635 0.349002
v -0.587007 0.094076 -0.169485
v -0.598236 0.569469 -0.169485
v -0.587007 0.584853 -0.169485
v -0.598236 0.110949 -0.169485
v -0.879712 0.110950 -0.169485
v -0.895764 0.094076 -0.169485
v -0.879712 0.569469 -0.169485
v -0.895764 0.584853 -0.169485
v -0.587007 0.584853 -0.169485
v -0.598236 0.569469 -0.169485
v -0.681397 0.341785 -0.169485
v -0.629499 0.341785 -0.169485
v -0.754986 0.429005 -0.169485
v -0.754986 0.481526 -0.169485
v -0.757535 0.484205 -0.169485
v -0.810230 0.484205 -0.169485
v -0.812769 0.481526 -0.169485
v -0.812769 0.429005 -0.169485
v -0.810230 0.426541 -0.169485
v -0.757535 0.426541 -0.169485
v -0.683634 0.287515 -0.169485
v -0.683634 0.339410 -0.169485
v -0.681397 0.285172 -0.169485
v -0.629499 0.285172 -0.169485
v -0.627213 0.287515 -0.169485
v -0.627213 0.339410 -0.169485
v -0.573195 0.550717 0.453204
v -0.573195 0.547234 0.391985
v -0.573195 0.547234 0.450392
v -0.573195 0.550717 0.388713
v -0.573195 0.609407 0.453204
v -0.573195 0.609407 0.388713
v -0.573195 0.613073 0.450392
v -0.573195 0.613073 0.391985
v 0.278664 0.885680 0.566032
v -0.265675 0.868114 0.566032
v 0.266370 0.868114 0.566032
v -0.277969 0.885680 0.566032
v -0.356885 1.057062 0.591110
v -0.411147 1.053663 0.591110
v -0.360801 1.053663 0.591110
v -0.415170 1.057062 0.591110
v -0.356885 1.110376 0.591110
v -0.415170 1.110376 0.591110
v -0.411217 1.114072 0.591110
v -0.361011 1.114072 0.591110
v -0.386384 0.849117 0.591110
v -0.389896 0.853161 0.591110
v -0.441279 0.853161 0.591110
v -0.444895 0.849118 0.591110
v -0.444895 0.795761 0.591110
v -0.386384 0.795761 0.591110
v -0.441279 0.791718 0.591110
v -0.389896 0.791718 0.591110
v -0.194563 0.200141 0.591110
v -0.138956 0.196286 0.591110
v -0.142732 0.200141 0.591110
v -0.198660 0.196286 0.591110
v -0.878886 0.601789 0.169513
v -0.598701 0.601789 -0.146886
v -0.878886 0.601789 -0.149772
v -0.596317 0.601789 0.169939
v -0.583852 0.601789 0.178362
v -0.882491 0.601789 0.178362
v -0.584636 0.601789 -0.158620
v -0.583852 0.601789 0.178362
v 0.353259 1.014398 0.591110
v 0.409264 1.018150 0.591110
v 0.356768 1.018082 0.591110
v 0.412682 1.014385 0.591110
v 0.412741 0.960085 0.591110
v 0.353219 0.960185 0.591110
v 0.573846 1.069851 -0.284718
v 0.573846 1.073862 -0.343591
v 0.573846 1.073862 -0.287423
v 0.573846 1.069851 -0.346736
v 0.573846 1.013411 -0.346736
v 0.573846 1.013411 -0.284718
v 0.278664 1.126409 0.566032
v -0.277969 0.885680 0.566032
v 0.278664 0.885680 0.566032
v -0.277969 1.126409 0.566032
v 0.573846 0.598462 -0.382151
v 0.573846 0.601838 -0.439568
v 0.573846 0.601838 -0.384789
v 0.573846 0.598462 -0.442636
v 0.573846 0.543417 -0.442636
v 0.573846 0.543418 -0.382151
v 0.573846 0.540150 -0.384789
v 0.573846 0.540150 -0.439568
v 0.573846 0.102247 -0.550236
v 0.573846 0.094076 -0.177190
v 0.573846 0.094076 -0.557221
v 0.573846 0.102247 -0.186615
v 0.573846 0.165111 -0.313806
v 0.573846 0.165111 -0.368356
v 0.573846 0.170195 -0.371689
v 0.573846 0.540150 -0.439568
v 0.573846 0.543417 -0.442636
v 0.573846 0.598462 -0.442636
v 0.573846 1.223562 -0.550236
v 0.573846 0.601838 -0.439568
v 0.573846 1.013411 -0.346736
v 0.573846 1.069851 -0.346736
v 0.573846 1.073862 -0.343591
v 0.573846 1.073862 -0.287423
v 0.573846 1.223563 0.550707
v 0.573846 1.232934 0.557571
v 0.573846 1.232934 -0.557221
v 0.549720 1.262130 0.535542
v 0.549749 1.262130 -0.535461
v 0.573846 1.069851 -0.284718
v 0.573846 1.150641 0.440156
v 0.573846 1.150641 0.381234
v 0.573846 1.146999 0.377752
v 0.573846 1.013411 -0.284718
v 0.573846 1.010061 -0.287423
v 0.573846 1.010061 -0.343591
v 0.573846 0.494697 -0.163006
v 0.573846 0.848266 0.114627
v 0.573846 0.907751 0.114627
v 0.573846 0.911069 0.117942
v 0.573846 0.911069 0.177140
v 0.573846 0.907751 0.179991
v 0.573846 1.087619 0.377752
v 0.573846 0.844735 0.117942
v 0.573846 0.494697 -0.163006
v 0.573846 0.844735 0.177140
v 0.573846 0.848266 0.179991
v 0.573846 0.494697 0.182679
v 0.573846 0.484539 0.391494
v 0.573846 1.084094 0.381234
v 0.573846 0.466264 -0.186615
v 0.573846 0.094076 -0.177190
v 0.573846 0.462749 -0.177190
v 0.573846 0.228217 -0.313806
v 0.573846 0.540150 -0.384789
v 0.573846 0.543418 -0.382151
v 0.573846 0.598462 -0.382151
v 0.573846 0.601838 -0.384789
v 0.573846 0.223134 -0.310472
v 0.573846 0.170195 -0.310472
v 0.573846 0.228217 -0.368356
v 0.573846 0.223134 -0.371689
v -0.138956 0.196286 0.591110
v -0.198660 0.139816 0.591110
v -0.138956 0.139816 0.591110
v -0.198660 0.196286 0.591110
v -0.573195 0.234255 0.374070
v -0.573195 0.234255 0.316376
v -0.573195 0.230667 0.313145
v -0.573195 0.230667 0.376848
v -0.573195 0.172694 0.313145
v -0.573195 0.172694 0.376848
v -0.573195 0.169253 0.316376
v -0.573195 0.169253 0.374070
v -0.265675 1.140476 0.566032
v 0.278664 1.126409 0.566032
v 0.266370 1.140476 0.566032
v -0.277969 1.126409 0.566032
v 0.355330 0.517205 0.591110
v 0.414793 0.462840 0.591110
v 0.414793 0.517205 0.591110
v 0.355330 0.462840 0.591110
v -0.138956 0.139816 0.591110
v -0.194563 0.136209 0.591110
v -0.142732 0.136209 0.591110
v -0.198660 0.139816 0.591110
v -0.916338 0.584853 -0.149134
v -0.895764 0.094076 -0.169485
v -0.916338 0.094076 -0.149134
v -0.895764 0.584853 -0.169485
v -0.902435 0.601789 -0.137981
v -0.916338 0.584853 0.168941
v -0.902435 0.601789 0.157723
v -0.882491 0.601789 0.178362
v -0.895764 0.584853 0.190242
v -0.916338 0.094076 0.168941
v -0.895764 0.094076 0.190242
v -0.587007 0.584853 0.190242
v -0.583852 0.601789 0.178362
v -0.573195 0.610964 0.180065
v -0.573195 0.588271 0.195562
v -0.587007 0.094076 0.190242
v -0.573195 0.094076 0.195562
v -0.573195 0.592202 0.205304
v -0.573195 0.102247 0.205304
v -0.573195 0.102247 0.550707
v -0.573195 0.094076 0.557571
v -0.573195 1.232934 0.557571
v -0.543631 0.094076 0.591110
v -0.543661 1.232934 0.591110
v -0.533069 1.220769 0.591110
v -0.533069 0.108439 0.591110
v -0.573195 0.169253 0.316376
v -0.573195 0.169253 0.374070
v -0.573195 0.172694 0.376848
v -0.573195 0.172694 0.313145
v -0.573195 0.230667 0.313145
v -0.573195 0.234255 0.316376
v -0.573195 0.550717 0.388713
v -0.573195 0.609407 0.388713
v -0.573195 0.547234 0.391985
v -0.573195 0.234255 0.374070
v -0.573195 0.547234 0.450392
v -0.573195 0.230667 0.376848
v -0.573195 0.550717 0.453204
v -0.573195 1.223563 0.550707
v -0.573195 0.102247 0.550707
v -0.573195 0.609407 0.453204
v -0.573195 1.018184 0.351868
v -0.573195 0.613073 0.450392
v -0.573195 1.018184 0.351868
v -0.573195 1.014635 0.349002
v -0.573195 1.077988 0.351868
v -0.573195 1.081913 0.349002
v -0.573195 1.223562 -0.550236
v -0.573195 1.081913 0.289487
v -0.573195 1.155845 -0.376918
v -0.573195 1.152531 -0.374111
v -0.573195 1.077988 0.286154
v -0.573195 1.018184 0.286154
v -0.573195 1.093953 -0.374111
v -0.573195 1.090476 -0.376918
v -0.573195 1.014635 0.289487
v -0.573195 0.861837 -0.112880
v -0.573195 0.613073 0.391985
v -0.573195 0.921040 -0.115555
v -0.573195 0.917671 -0.112880
v -0.573195 0.620450 0.182210
v -0.573195 0.921040 -0.171120
v -0.573195 1.090476 -0.435214
v -0.573195 0.917671 -0.174232
v -0.573195 0.492607 -0.446838
v -0.573195 1.093953 -0.438479
v -0.573195 1.152531 -0.438479
v -0.573195 0.489944 -0.449889
v -0.573195 0.435210 -0.449889
v -0.573195 0.102247 -0.550236
v -0.573195 0.431961 -0.446838
v -0.573195 0.431961 -0.392368
v -0.573195 0.102247 -0.186615
v -0.573195 0.094076 -0.177190
v -0.573195 0.592210 -0.186615
v -0.573195 0.435210 -0.389745
v -0.573195 0.588272 -0.177190
v -0.584636 0.601789 -0.158620
v -0.587007 0.584853 -0.169485
v -0.587007 0.094076 -0.169485
v -0.573195 0.610964 -0.160571
v -0.573195 0.620473 -0.162435
v -0.573195 0.620450 0.182210
v -0.882491 0.601789 -0.158620
v -0.573195 0.489944 -0.389745
v -0.573195 0.492607 -0.392368
v -0.573195 0.858523 -0.171120
v -0.573195 0.861837 -0.174232
v -0.573195 0.858523 -0.115555
v -0.573195 0.094076 -0.557221
v -0.573195 0.094076 -0.557221
v -0.573195 1.232934 -0.557221
v -0.573195 1.155845 -0.435214
v -0.573195 1.232934 -0.557221
v -0.573195 1.232934 0.557571
v -0.549749 1.262130 -0.535461
v -0.549720 1.262130 0.535542
v -0.573195 1.232934 0.557571
v -0.573195 0.094076 0.557571
v -0.629499 0.285172 -0.169485
v -0.681397 0.285172 -0.169485
v -0.683634 0.287515 -0.169485
v -0.627213 0.287515 -0.169485
v -0.627213 0.339410 -0.169485
v -0.683634 0.339410 -0.169485
v -0.629499 0.341785 -0.169485
v -0.681397 0.341785 -0.169485
v -0.810230 0.484205 -0.169485
v -0.757535 0.484205 -0.169485
v -0.754986 0.481526 -0.169485
v -0.812769 0.481526 -0.169485
v -0.812769 0.429005 -0.169485
v -0.754986 0.429005 -0.169485
v -0.810230 0.426541 -0.169485
v -0.757535 0.426541 -0.169485
v 0.412741 0.960085 0.591110
v 0.356752 0.956397 0.591110
v 0.409183 0.956336 0.591110
v 0.353219 0.960185 0.591110
v 0.573846 1.013411 -0.346736
v 0.573846 1.010061 -0.287423
v 0.573846 1.010061 -0.343591
v 0.573846 1.013411 -0.284718
v 0.414793 0.462840 0.591110
v 0.359899 0.459035 0.591110
v 0.410071 0.459035 0.591110
v 0.355330 0.462840 0.591110
v 0.355330 0.517205 0.591110
v 0.410071 0.521194 0.591110
v 0.359899 0.521194 0.591110
v 0.414793 0.517205 0.591110
v -0.587007 0.584853 0.190242
v -0.895764 0.584853 0.190242
v -0.879712 0.569469 0.190242
v -0.598236 0.569469 0.190242
v -0.698388 0.267746 0.190242
v -0.646135 0.267746 0.190242
v -0.643976 0.265165 0.190242
v -0.643976 0.213449 0.190242
v -0.587007 0.094076 0.190242
v -0.587007 0.584853 0.190242
v -0.598236 0.110949 0.190242
v -0.646135 0.211038 0.190242
v -0.879712 0.110949 0.190242
v -0.700847 0.265165 0.190242
v -0.700847 0.213449 0.190242
v -0.895764 0.584853 0.190242
v -0.698388 0.211038 0.190242
v -0.895764 0.094076 0.190242
v 0.414793 0.517205 0.591110
v 0.409183 0.956336 0.591110
v 0.410071 0.521194 0.591110
v 0.412741 0.960085 0.591110
v 0.356752 0.956397 0.591110
v 0.410071 0.521194 0.591110
v 0.409183 0.956336 0.591110
v 0.359899 0.521194 0.591110
v 0.573846 0.488141 0.394768
v 0.573846 0.488141 0.453218
v 0.573846 0.484539 0.456032
v 0.573846 0.484539 0.391494
v 0.573846 0.425806 0.456032
v 0.573846 0.425806 0.391494
v 0.573846 0.422320 0.453218
v 0.573846 0.422320 0.394768
v 0.573846 1.087619 0.443002
v 0.573846 1.223563 0.550707
v 0.573846 0.488141 0.453218
v 0.573846 1.084094 0.440156
v 0.573846 1.146999 0.443002
v 0.573846 1.150641 0.381234
v 0.573846 1.150641 0.440156
v 0.573846 1.146999 0.377752
v 0.573846 1.087619 0.443002
v 0.573846 1.087619 0.377752
v 0.573846 1.084094 0.381234
v 0.573846 1.084094 0.440156
v 0.573846 1.084094 0.440156
v 0.573846 0.488141 0.394768
v 0.573846 1.084094 0.381234
v 0.573846 0.488141 0.453218
v 0.573846 0.422320 0.394768
v 0.573846 0.102247 0.205304
v 0.573846 0.425806 0.391494
v 0.573846 0.102247 0.550707
v 0.573846 0.422320 0.453218
v 0.573846 0.425806 0.456032
v 0.573846 0.484539 0.456032
v 0.573846 1.223563 0.550707
v 0.573846 0.094076 0.557571
v 0.573846 1.232934 0.557571
v 0.573846 0.094076 0.195562
v 0.573846 0.094076 0.557571
v -0.916338 0.336242 -0.063313
v -0.916338 0.336242 -0.115313
v -0.916338 0.331186 -0.118225
v -0.916338 0.331186 -0.060809
v -0.916338 0.278934 -0.118225
v -0.916338 0.278934 -0.060809
v -0.916338 0.275833 -0.115313
v -0.916338 0.275833 -0.063313
v 0.907402 0.102206 -0.143752
v 0.907402 0.460568 -0.149134
v 0.907402 0.450851 -0.143752
v 0.907402 0.094076 -0.149134
v 0.890664 0.460568 -0.169485
v 0.890664 0.094076 -0.169485
v 0.884251 0.454426 -0.169485
v 0.884251 0.098846 -0.169485
v -0.643976 0.265165 0.190242
v -0.646135 0.267746 0.190242
v -0.698388 0.267746 0.190242
v -0.700847 0.265165 0.190242
v -0.643976 0.213449 0.190242
v -0.700847 0.213449 0.190242
v -0.698388 0.211038 0.190242
v -0.646135 0.211038 0.190242
v 0.573846 0.848266 0.179991
v 0.573846 0.844735 0.177140
v 0.573846 0.844735 0.117942
v 0.573846 0.848266 0.114627
v 0.573846 0.907751 0.179991
v 0.573846 0.907751 0.114627
v 0.573846 0.911069 0.117942
v 0.573846 0.911069 0.177140
v 0.573846 1.087619 0.377752
v 0.573846 0.848266 0.179991
v 0.573846 0.907751 0.179991
v 0.573846 1.084094 0.381234
v 0.820083 0.324144 0.190242
v 0.594188 0.099067 0.190242
v 0.820083 0.269838 0.190242
v 0.594188 0.454426 0.190242
v 0.907402 0.094076 -0.149134
v 0.907402 0.102206 0.161534
v 0.907402 0.094076 0.168941
v 0.907402 0.102206 -0.143752
v 0.907402 0.309534 0.031809
v 0.907402 0.309534 0.086464
v 0.879876 0.324144 0.190242
v 0.820083 0.269838 0.190242
v 0.879876 0.269838 0.190242
v 0.820083 0.324144 0.190242
v 0.879876 0.324144 0.190242
v 0.822605 0.326934 0.190242
v 0.820083 0.324144 0.190242
v 0.876838 0.326934 0.190242
v 0.907402 0.460568 0.168941
v 0.907402 0.450699 0.161534
v 0.907402 0.450851 -0.143752
v 0.907402 0.460568 -0.149134
v 0.895184 0.476343 -0.142082
v 0.895184 0.476343 0.161955
v 0.879876 0.269838 0.190242
v 0.822605 0.267269 0.190242
v 0.876837 0.267269 0.190242
v 0.820083 0.269838 0.190242
v 0.822605 0.267269 0.190242
v 0.884251 0.098846 0.190242
v 0.876837 0.267269 0.190242
v 0.594188 0.099067 0.190242
v 0.587007 0.094076 0.190242
v 0.890664 0.094076 0.190242
v 0.907402 0.450699 0.161534
v 0.907402 0.094076 0.168941
v 0.907402 0.102206 0.161534
v 0.907402 0.460568 0.168941
v 0.907402 0.367714 0.028748
v 0.907402 0.102206 -0.143752
v 0.907402 0.450851 -0.143752
v 0.907402 0.312794 0.028748
v 0.907402 0.309534 0.031809
v 0.907402 0.312794 0.028748
v 0.907402 0.309534 0.086464
v 0.907402 0.309534 0.031809
v 0.907402 0.312794 0.089095
v 0.907402 0.450699 0.161534
v 0.907402 0.312794 0.089095
v 0.907402 0.367714 0.089095
v 0.907402 0.102206 0.161534
v 0.907402 0.367714 0.028748
v 0.907402 0.450851 -0.143752
v 0.907402 0.371082 0.031809
v 0.907402 0.371082 0.086464
v 0.907402 0.450699 0.161534
v 0.907402 0.367714 0.089095
v 0.907402 0.367714 0.028748
v 0.907402 0.312794 0.089095
v 0.907402 0.312794 0.028748
v 0.907402 0.367714 0.089095
v 0.907402 0.371082 0.086464
v 0.907402 0.367714 0.028748
v 0.907402 0.371082 0.031809
v 0.907402 0.367714 0.089095
v 0.781995 0.271205 -0.169485
v 0.837285 0.268082 -0.169485
v 0.784927 0.268082 -0.169485
v 0.839806 0.271205 -0.169485
v 0.781995 0.323816 -0.169485
v 0.839764 0.323867 -0.169485
v 0.784878 0.326748 -0.169485
v 0.837285 0.326799 -0.169485
v 0.437835 0.526625 -0.591110
v 0.381393 0.523581 -0.591110
v 0.384387 0.526625 -0.591110
v 0.440409 0.523581 -0.591110
v 0.440409 0.469874 -0.591110
v 0.381393 0.469874 -0.591110
v 0.437835 0.466686 -0.591110
v 0.384387 0.466686 -0.591110
v 0.261796 0.979946 -0.591110
v 0.319947 0.976662 -0.591110
v 0.264880 0.976662 -0.591110
v 0.322599 0.979946 -0.591110
v 0.261796 1.035281 -0.591110
v 0.322599 1.035281 -0.591110
v 0.319947 1.038417 -0.591110
v 0.264880 1.038417 -0.591110
v -0.312875 1.113482 -0.591110
v -0.368555 1.116508 -0.591110
v -0.315433 1.116508 -0.591110
v -0.371530 1.113482 -0.591110
v -0.371530 1.060103 -0.591110
v -0.312875 1.060103 -0.591110
v -0.315433 1.056934 -0.591110
v -0.368555 1.056934 -0.591110
v -0.388811 0.364756 -0.591110
v -0.443112 0.367707 -0.591110
v -0.391306 0.367707 -0.591110
v -0.446013 0.364756 -0.591110
v -0.446013 0.312699 -0.591110
v -0.388811 0.312699 -0.591110
v -0.391306 0.309609 -0.591110
v -0.443111 0.309609 -0.591110
v 0.384387 0.526625 -0.591110
v 0.322599 1.035281 -0.591110
v 0.437835 0.526625 -0.591110
v 0.322599 0.979946 -0.591110
v 0.381393 0.523581 -0.591110
v 0.319947 0.976662 -0.591110
v 0.164356 0.505975 -0.591110
v 0.587007 0.094076 -0.169485
v 0.884251 0.098846 -0.169485
v 0.890664 0.094076 -0.169485
v 0.594188 0.099067 -0.169485
v 0.784927 0.268082 -0.169485
v 0.781995 0.271205 -0.169485
v 0.781995 0.323816 -0.169485
v 0.594188 0.454426 -0.169485
v 0.784878 0.326748 -0.169485
v 0.884251 0.454426 -0.169485
v 0.839764 0.323867 -0.169485
v 0.837285 0.326799 -0.169485
v 0.839806 0.271205 -0.169485
v 0.837285 0.268082 -0.169485
v 0.594188 0.099067 -0.169485
v 0.587007 0.460568 -0.169485
v 0.594188 0.454426 -0.169485
v 0.587007 0.094076 -0.169485
v 0.573846 0.094076 -0.177190
v 0.573846 0.462749 -0.177190
v 0.594188 0.454426 -0.169485
v 0.890664 0.460568 -0.169485
v 0.884251 0.454426 -0.169485
v 0.587007 0.460568 -0.169485
v 0.584970 0.476343 -0.159110
v 0.880323 0.476343 -0.159110
v 0.587007 0.460568 0.190242
v 0.594188 0.454426 0.190242
v 0.884251 0.454426 0.190242
v 0.890664 0.460568 0.190242
v 0.880280 0.476343 0.179069
v 0.584957 0.476343 0.179069
v 0.594188 0.454426 0.190242
v 0.587007 0.094076 0.190242
v 0.594188 0.099067 0.190242
v 0.587007 0.460568 0.190242
v 0.573846 0.462673 0.195562
v 0.573846 0.094076 0.195562
v 0.890664 0.460568 0.190242
v 0.884251 0.454426 0.190242
v 0.884251 0.098846 0.190242
v 0.890664 0.094076 0.190242
v 0.907402 0.094076 0.168941
v 0.907402 0.460568 0.168941
v 0.884251 0.454426 0.190242
v 0.822605 0.326934 0.190242
v 0.876838 0.326934 0.190242
v 0.594188 0.454426 0.190242
v 0.879876 0.324144 0.190242
v 0.884251 0.098846 0.190242
v 0.884251 0.454426 0.190242
v 0.879876 0.269838 0.190242
v 0.531651 0.107980 -0.591110
v 0.543631 0.094076 -0.591110
v -0.543631 0.094076 -0.591110
v -0.533069 0.108439 -0.591110
v -0.126348 0.222710 -0.591110
v 0.125581 0.222710 -0.591110
v -0.533069 0.108439 -0.591110
v -0.543661 1.232934 -0.591110
v -0.533069 1.220769 -0.591110
v -0.543631 0.094076 -0.591110
v -0.573195 1.232934 -0.557221
v -0.573195 0.094076 -0.557221
v -0.524162 1.262130 -0.567013
v -0.549749 1.262130 -0.535461
v 0.524162 1.262130 -0.567013
v 0.543661 1.232934 -0.591110
v -0.533069 1.220769 -0.591110
v 0.531651 1.220769 -0.591110
v 0.543631 0.094076 -0.591110
v 0.531651 1.220769 -0.591110
v 0.543661 1.232934 -0.591110
v 0.531651 0.107980 -0.591110
v 0.440409 0.469874 -0.591110
v 0.437835 0.466686 -0.591110
v 0.384387 0.466686 -0.591110
v 0.164356 0.261486 -0.591110
v 0.125581 0.222710 -0.591110
v 0.381393 0.469874 -0.591110
v 0.440409 0.523581 -0.591110
v 0.543661 1.232934 -0.591110
v 0.573846 0.094076 -0.557221
v 0.543631 0.094076 -0.591110
v 0.573846 1.232934 -0.557221
v -0.446013 0.364756 -0.591110
v -0.533069 1.220769 -0.591110
v -0.443112 0.367707 -0.591110
v -0.533069 1.220769 -0.591110
v -0.533069 0.108439 -0.591110
v -0.446013 0.312699 -0.591110
v -0.443111 0.309609 -0.591110
v -0.391306 0.309609 -0.591110
v -0.165124 0.261486 -0.591110
v -0.388811 0.312699 -0.591110
v -0.126348 0.222710 -0.591110
v -0.388811 0.364756 -0.591110
v -0.391306 0.367707 -0.591110
v -0.165124 0.505975 -0.591110
v -0.533069 1.220769 -0.591110
v 0.437835 0.526625 -0.591110
v 0.531651 1.220769 -0.591110
v 0.440409 0.523581 -0.591110
v 0.322599 1.035281 -0.591110
v -0.533069 0.108439 0.591110
v -0.142732 0.136209 0.591110
v -0.194563 0.136209 0.591110
v 0.531651 0.107980 0.591110
v 0.543631 0.094076 0.591110
v -0.543631 0.094076 0.591110
v -0.543661 1.232934 0.591110
v -0.533069 1.220769 0.591110
v 0.531651 1.220769 0.591110
v 0.543661 1.232934 0.591110
v -0.524162 1.262130 0.568012
v -0.549720 1.262130 0.535542
v -0.573195 1.232934 0.557571
v 0.524162 1.262130 0.568012
v 0.573846 1.232934 0.557571
v 0.549720 1.262130 0.535542
v 0.289038 1.130304 0.591110
v 0.271081 1.150850 0.591110
v -0.533069 1.220769 0.591110
v -0.270386 1.150850 0.591110
v -0.288343 1.130304 0.591110
v 0.268685 1.145575 0.591110
v -0.267990 1.145575 0.591110
v -0.288343 1.130304 0.591110
v -0.283068 1.128323 0.591110
v -0.265675 1.140476 0.591110
v -0.277969 1.126409 0.591110
v -0.277969 1.126409 0.566032
v -0.265675 1.140476 0.566032
v 0.266370 1.140476 0.591110
v 0.266370 1.140476 0.566032
v 0.278664 1.126409 0.591110
v 0.278664 1.126409 0.566032
v 0.283763 1.128323 0.591110
v 0.353259 1.014398 0.591110
v 0.289038 1.130304 0.591110
v 0.353219 0.960185 0.591110
v 0.356768 1.018082 0.591110
v 0.412682 1.014385 0.591110
v 0.531651 1.220769 0.591110
v 0.409264 1.018150 0.591110
v 0.412741 0.960085 0.591110
v 0.414793 0.462840 0.591110
v 0.531651 1.220769 0.591110
v 0.414793 0.517205 0.591110
v 0.531651 0.107980 0.591110
v 0.573846 1.232934 -0.557221
v 0.573846 0.102247 -0.550236
v 0.573846 0.094076 -0.557221
v 0.573846 1.223562 -0.550236
v 0.573846 0.462749 -0.177190
v 0.573846 0.466264 -0.186615
v 0.573846 0.494697 -0.163006
v 0.573846 0.485326 -0.160533
v 0.584970 0.476343 -0.159110
v 0.587007 0.460568 -0.169485
v 0.573846 0.466294 0.205304
v 0.573846 0.462673 0.195562
v 0.573846 0.485326 0.180169
v 0.573846 0.494697 0.182679
v 0.573846 0.484539 0.391494
v 0.573846 0.425806 0.391494
v 0.573846 0.462673 0.195562
v 0.573846 0.102247 0.205304
v 0.573846 0.094076 0.195562
v 0.573846 0.466294 0.205304
v 0.573846 0.425806 0.391494
v 0.573846 0.494697 0.182679
v 0.573846 0.485326 -0.160533
v 0.573846 0.494697 -0.163006
v 0.573846 0.485326 0.180169
v 0.584957 0.476343 0.179069
v 0.584970 0.476343 -0.159110
v 0.573846 0.485326 0.180169
v 0.587007 0.460568 0.190242
v 0.584957 0.476343 0.179069
v 0.573846 0.462673 0.195562
v -0.598701 0.601789 -0.146886
v -0.584636 0.601789 -0.158620
v -0.882491 0.601789 -0.158620
v -0.878886 0.601789 -0.149772
v -0.878886 0.601789 0.169513
v -0.893732 0.601789 -0.134471
v -0.878886 0.601789 -0.149772
v -0.902435 0.601789 -0.137981
v -0.902435 0.601789 0.157723
v -0.893732 0.601789 0.154213
v -0.882491 0.601789 0.178362
v 0.584970 0.476343 -0.159110
v 0.876403 0.476343 -0.150038
v 0.880323 0.476343 -0.159110
v 0.597636 0.476343 -0.150195
v 0.584957 0.476343 0.179069
v 0.597698 0.476343 0.170009
v 0.876447 0.476343 0.170023
v 0.597698 0.476343 0.170009
v 0.880280 0.476343 0.179069
v 0.876447 0.476343 0.170023
v 0.584957 0.476343 0.179069
v 0.876447 0.476343 0.170023
v 0.880280 0.476343 0.179069
v 0.895184 0.476343 0.161955
v 0.886564 0.476343 0.157644
v 0.876403 0.476343 -0.150038
v 0.886824 0.476343 -0.137880
v 0.880323 0.476343 -0.159110
v 0.895184 0.476343 -0.142082
v 0.907402 0.460568 -0.149134
v 0.880323 0.476343 -0.159110
v 0.895184 0.476343 -0.142082
v 0.890664 0.460568 -0.169485
v 0.907402 0.460568 0.168941
v 0.880280 0.476343 0.179069
v 0.890664 0.460568 0.190242
v 0.895184 0.476343 0.161955
v 0.549749 1.262130 -0.535461
v -0.524162 1.262130 -0.567013
v -0.549749 1.262130 -0.535461
v 0.524162 1.262130 -0.567013
v 0.549720 1.262130 0.535542
v -0.549749 1.262130 -0.535461
v -0.549720 1.262130 0.535542
v 0.549749 1.262130 -0.535461
v 0.524162 1.262130 0.568012
v -0.549720 1.262130 0.535542
v -0.524162 1.262130 0.568012
v 0.549720 1.262130 0.535542
v 0.549749 1.262130 -0.535461
v 0.543661 1.232934 -0.591110
v 0.524162 1.262130 -0.567013
v 0.573846 1.232934 -0.557221
v -0.273663 0.265594 0.591110
v -0.245011 0.222710 0.591110
v -0.240904 0.232840 0.591110
v -0.283787 0.261486 0.591110
v -0.262300 0.734890 0.580906
v -0.262300 0.270387 0.580906
v -0.273663 0.739682 0.591110
v -0.283787 0.261486 0.591110
v -0.283787 0.743790 0.591110
v -0.283787 0.743790 0.591110
v -0.247726 0.765615 0.591110
v -0.251834 0.775744 0.591110
v -0.273663 0.739682 0.591110
v -0.251834 0.775744 0.591110
v 0.246958 0.765615 0.591110
v 0.251066 0.775744 0.591110
v -0.247726 0.765615 0.591110
v -0.240904 0.232840 0.591110
v 0.244244 0.222710 0.591110
v 0.240136 0.232840 0.591110
v -0.245011 0.222710 0.591110
v 0.240136 0.232840 0.591110
v 0.283020 0.261486 0.591110
v 0.272896 0.265594 0.591110
v 0.244244 0.222710 0.591110
v 0.251066 0.775744 0.591110
v 0.272896 0.739682 0.591110
v 0.283020 0.743790 0.591110
v 0.246958 0.765615 0.591110
v 0.272896 0.265594 0.591110
v 0.283020 0.743790 0.591110
v 0.272896 0.739682 0.591110
v 0.283020 0.261486 0.591110
v -0.386384 0.849117 0.591110
v -0.283787 0.261486 0.591110
v -0.283787 0.743790 0.591110
v -0.386384 0.795761 0.591110
v -0.411147 1.053663 0.591110
v -0.283787 0.743790 0.591110
v -0.415170 1.057062 0.591110
v -0.389896 0.853161 0.591110
v -0.533069 1.220769 0.591110
v -0.441279 0.853161 0.591110
v -0.444895 0.849118 0.591110
v -0.533069 0.108439 0.591110
v -0.444895 0.795761 0.591110
v -0.441279 0.791718 0.591110
v -0.385177 0.371306 0.591110
v -0.381438 0.375267 0.591110
v -0.329222 0.375267 0.591110
v -0.389896 0.791718 0.591110
v -0.325483 0.371307 0.591110
v -0.283787 0.261486 0.591110
v -0.325483 0.320770 0.591110
v -0.329222 0.316810 0.591110
v -0.245011 0.222710 0.591110
v -0.194563 0.200141 0.591110
v -0.198660 0.196286 0.591110
v -0.381438 0.316810 0.591110
v -0.385178 0.320770 0.591110
v -0.415170 1.110376 0.591110
v -0.411217 1.114072 0.591110
v -0.361011 1.114072 0.591110
v -0.288343 1.130304 0.591110
v -0.360801 1.053663 0.591110
v -0.288343 0.882410 0.591110
v -0.356885 1.057062 0.591110
v -0.283787 0.743790 0.591110
v -0.288343 1.130304 0.591110
v -0.356885 1.110376 0.591110
v 0.244244 0.222710 0.591110
v -0.194563 0.200141 0.591110
v -0.142732 0.200141 0.591110
v -0.245011 0.222710 0.591110
v 0.283020 0.261486 0.591110
v 0.355330 0.517205 0.591110
v 0.283020 0.743790 0.591110
v 0.355330 0.462840 0.591110
v 0.244244 0.222710 0.591110
v -0.138956 0.139816 0.591110
v 0.531651 0.107980 0.591110
v -0.138956 0.196286 0.591110
v 0.531651 0.107980 0.591110
v 0.359899 0.459035 0.591110
v 0.283020 0.261486 0.591110
v 0.410071 0.459035 0.591110
v -0.273663 0.739682 0.591110
v -0.242933 0.754257 0.580906
v -0.247726 0.765615 0.591110
v -0.262300 0.734890 0.580906
v -0.262300 0.270387 0.580906
v -0.240904 0.232840 0.591110
v -0.236111 0.244198 0.580906
v -0.273663 0.265594 0.591110
v -0.247726 0.765615 0.591110
v 0.242166 0.754257 0.580906
v 0.246958 0.765615 0.591110
v -0.242933 0.754257 0.580906
v -0.236111 0.244198 0.580906
v 0.240136 0.232840 0.591110
v 0.235344 0.244198 0.580906
v -0.240904 0.232840 0.591110
v 0.235344 0.244198 0.580906
v 0.272896 0.265594 0.591110
v 0.261533 0.270387 0.580906
v 0.240136 0.232840 0.591110
v 0.246958 0.765615 0.591110
v 0.261533 0.734890 0.580906
v 0.272896 0.739682 0.591110
v 0.242166 0.754257 0.580906
v 0.261533 0.270387 0.580906
v 0.272896 0.739682 0.591110
v 0.261533 0.734890 0.580906
v 0.272896 0.265594 0.591110
v -0.277969 0.885680 0.591110
v -0.265675 0.868114 0.566032
v -0.277969 0.885680 0.566032
v -0.265675 0.868114 0.591110
v -0.265675 0.868114 0.591110
v 0.266370 0.868114 0.566032
v -0.265675 0.868114 0.566032
v 0.266370 0.868114 0.591110
v 0.266370 0.868114 0.591110
v 0.278664 0.885680 0.566032
v 0.266370 0.868114 0.566032
v 0.278664 0.885680 0.591110
v -0.277969 1.126409 0.591110
v -0.277969 0.885680 0.566032
v -0.277969 1.126409 0.566032
v -0.277969 0.885680 0.591110
v 0.278664 0.885680 0.591110
v 0.278664 1.126409 0.566032
v 0.278664 0.885680 0.566032
v 0.278664 1.126409 0.591110
v -0.283068 0.884073 0.591110
v -0.271076 0.857740 0.591110
v -0.268330 0.863015 0.591110
v -0.288343 0.882410 0.591110
v -0.288343 0.882410 0.591110
v -0.283068 1.128323 0.591110
v -0.288343 1.130304 0.591110
v -0.283068 0.884073 0.591110
v -0.277969 1.126409 0.591110
v -0.277969 0.885680 0.591110
v -0.268330 0.863015 0.591110
v -0.271076 0.857740 0.591110
v 0.271771 0.857740 0.591110
v 0.269025 0.863015 0.591110
v -0.265675 0.868114 0.591110
v 0.266370 0.868114 0.591110
v 0.269025 0.863015 0.591110
v 0.271771 0.857740 0.591110
v 0.289038 0.882410 0.591110
v 0.283763 0.884072 0.591110
v 0.266370 0.868114 0.591110
v 0.278664 0.885680 0.591110
v 0.283763 0.884072 0.591110
v 0.289038 0.882410 0.591110
v 0.289038 1.130304 0.591110
v 0.283763 1.128323 0.591110
v 0.278664 0.885680 0.591110
v 0.278664 1.126409 0.591110
v -0.277969 0.885680 0.591110
v -0.268330 0.863015 0.591110
v -0.265675 0.868114 0.591110
v -0.283068 0.884073 0.591110
v -0.288343 0.882410 0.591110
v -0.251834 0.775744 0.591110
v -0.271076 0.857740 0.591110
v -0.283787 0.743790 0.591110
v -0.271076 0.857740 0.591110
v 0.251066 0.775744 0.591110
v 0.271771 0.857740 0.591110
v -0.251834 0.775744 0.591110
v 0.283020 0.743790 0.591110
v 0.271771 0.857740 0.591110
v 0.251066 0.775744 0.591110
v 0.289038 0.882410 0.591110
v 0.355330 0.517205 0.591110
v 0.289038 0.882410 0.591110
v 0.283020 0.743790 0.591110
v 0.353219 0.960185 0.591110
v 0.573846 0.165111 -0.368356
v 0.573846 0.170195 -0.310472
v 0.573846 0.165111 -0.313806
v 0.573846 0.170195 -0.371689
v 0.573846 0.223134 -0.371689
v 0.573846 0.223134 -0.310472
v 0.573846 0.228217 -0.368356
v 0.573846 0.228217 -0.313806
v -0.573195 0.861837 -0.174232
v -0.573195 1.090476 -0.435214
v -0.573195 0.492607 -0.446838
v -0.573195 0.917671 -0.174232
v -0.573195 0.620450 0.182210
v -0.573195 0.609407 0.388713
v -0.573195 0.613073 0.391985
v -0.573195 1.014635 0.289487
v -0.573195 0.102247 0.550707
v -0.573195 0.230667 0.376848
v -0.573195 0.172694 0.376848
v -0.573195 0.550717 0.453204
v 0.092975 0.130200 -0.650424
v 0.044331 0.130200 -0.650424
v 0.040413 0.130200 -0.646966
v 0.096893 0.130200 -0.646966
v 0.040413 0.130200 -0.616036
v 0.096893 0.130200 -0.616036
v 0.096893 0.130200 -0.604109
v 0.040413 0.130200 -0.604109
v 0.044331 0.130200 -0.600363
v 0.092975 0.130200 -0.600363
v -0.165124 0.261486 -0.591110
v -0.122261 0.232840 -0.591110
v -0.126348 0.222710 -0.591110
v -0.155000 0.265583 -0.591110
v -0.143637 0.270387 -0.579540
v -0.117448 0.244197 -0.579540
v -0.155000 0.501888 -0.591110
v -0.165124 0.261486 -0.591110
v -0.165124 0.505975 -0.591110
v -0.155000 0.265583 -0.591110
v -0.143637 0.270387 -0.579540
v -0.143637 0.497074 -0.579540
v -0.129094 0.527799 -0.591110
v -0.165124 0.505975 -0.591110
v -0.133170 0.537928 -0.591110
v -0.155000 0.501888 -0.591110
v -0.143637 0.497074 -0.579540
v -0.124270 0.516441 -0.579540
v -0.126348 0.222710 -0.591110
v 0.121494 0.232840 -0.591110
v 0.125581 0.222710 -0.591110
v -0.122261 0.232840 -0.591110
v -0.117448 0.244197 -0.579540
v 0.116680 0.244197 -0.579540
v 0.125581 0.222710 -0.591110
v 0.154232 0.265583 -0.591110
v 0.164356 0.261486 -0.591110
v 0.121494 0.232840 -0.591110
v 0.116680 0.244197 -0.579540
v 0.142870 0.270387 -0.579540
v 0.154232 0.501888 -0.591110
v 0.132403 0.537928 -0.591110
v 0.164356 0.505975 -0.591110
v 0.128326 0.527799 -0.591110
v 0.123503 0.516441 -0.579540
v 0.142869 0.497074 -0.579540
v 0.164356 0.261486 -0.591110
v 0.154232 0.501888 -0.591110
v 0.164356 0.505975 -0.591110
v 0.154232 0.265583 -0.591110
v 0.142870 0.270387 -0.579540
v 0.142869 0.497074 -0.579540
v 0.261796 0.979946 -0.591110
v -0.133170 0.537928 -0.591110
v -0.312875 1.060103 -0.591110
v 0.132403 0.537928 -0.591110
v 0.128326 0.527799 -0.591110
v -0.129094 0.527799 -0.591110
v -0.124270 0.516441 -0.579540
v 0.123503 0.516441 -0.579540
v -0.143637 0.497074 -0.579540
v -0.262300 0.270387 0.580906
v -0.143637 0.270387 -0.579540
v -0.262300 0.734890 0.580906
v -0.143637 0.497074 -0.579540
v -0.242933 0.754257 0.580906
v -0.262300 0.734890 0.580906
v -0.124270 0.516441 -0.579540
v -0.262300 0.270387 0.580906
v -0.117448 0.244197 -0.579540
v -0.143637 0.270387 -0.579540
v -0.236111 0.244198 0.580906
v 0.235344 0.244198 0.580906
v -0.117448 0.244197 -0.579540
v -0.236111 0.244198 0.580906
v 0.116680 0.244197 -0.579540
v 0.123503 0.516441 -0.579540
v -0.242933 0.754257 0.580906
v -0.124270 0.516441 -0.579540
v 0.242166 0.754257 0.580906
v 0.235344 0.244198 0.580906
v 0.142870 0.270387 -0.579540
v 0.116680 0.244197 -0.579540
v 0.261533 0.270387 0.580906
v 0.123503 0.516441 -0.579540
v 0.261533 0.734890 0.580906
v 0.242166 0.754257 0.580906
v 0.142869 0.497074 -0.579540
v 0.261533 0.734890 0.580906
v 0.142870 0.270387 -0.579540
v 0.261533 0.270387 0.580906
v 0.142869 0.497074 -0.579540
v 0.164356 0.505975 -0.591110
v 0.381393 0.469874 -0.591110
v 0.164356 0.261486 -0.591110
v 0.381393 0.523581 -0.591110
v -0.368555 1.056934 -0.591110
v -0.315433 1.056934 -0.591110
v -0.133170 0.537928 -0.591110
v -0.165124 0.505975 -0.591110
v -0.371530 1.060103 -0.591110
v -0.391306 0.367707 -0.591110
v -0.533069 1.220769 -0.591110
v -0.325483 0.320770 0.591110
v -0.381438 0.316810 0.591110
v -0.329222 0.316810 0.591110
v -0.385178 0.320770 0.591110
v -0.325483 0.371307 0.591110
v -0.385177 0.371306 0.591110
v -0.381438 0.375267 0.591110
v -0.329222 0.375267 0.591110
v 0.531651 1.220769 0.591110
v 0.356768 1.018082 0.591110
v 0.409264 1.018150 0.591110
v 0.289038 1.130304 0.591110
v -0.916338 0.109715 -0.136815
v -0.916338 0.278934 -0.118225
v -0.916338 0.331186 -0.118225
v -0.916338 0.275833 -0.115313
v -0.916338 0.569880 -0.136815
v -0.916338 0.109715 0.152483
v -0.916338 0.094076 0.168941
v -0.916338 0.094076 -0.149134
v -0.916338 0.584853 -0.149134
v -0.916338 0.584853 0.168941
v -0.916338 0.569880 0.152483
v -0.916338 0.278934 -0.060809
v -0.916338 0.336242 -0.063313
v -0.916338 0.331186 -0.060809
v -0.916338 0.336242 -0.115313
v -0.916338 0.275833 -0.063313
vn -0.0000 -0.0000 1.0000
vn 0.4555 0.2490 0.8547
vn 0.6180 -0.0000 0.7862
vn 0.7769 -0.0000 0.6296
vn 0.8790 0.2272 0.4192
vn 1.0000 -0.0000 -0.0000
vn -0.0000 -0.0000 -1.0000
vn -1.0000 -0.0000 -0.0000
vn 0.0218 0.0142 0.9997
vn 0.9990 0.0143 0.0430
vn 0.0083 0.8671 0.4980
vn 0.0225 0.9997 0.0008
vn 0.9998 0.0174 0.0002
vn 0.0187 0.9998 -0.0000
vn 0.9999 -0.0173 -0.0000
vn 0.9990 -0.0143 0.0431
vn 0.0219 -0.0143 0.9997
vn 0.0220 0.0143 0.9997
vn -0.0218 0.0143 0.9997
vn -0.0218 -0.0142 0.9997
vn -0.0083 0.8670 0.4982
vn 0.0083 0.8670 0.4982
vn -0.0083 0.8671 0.4980
vn -0.0225 0.9997 0.0006
vn -0.0217 0.0142 0.9997
vn -0.9990 0.0143 0.0430
vn -0.9990 -0.0142 0.0430
vn -0.0217 -0.0141 0.9997
vn -0.0084 -0.8671 0.4980
vn 0.0084 -0.8672 0.4980
vn 0.0218 -0.0141 0.9997
vn 0.0226 -0.9997 0.0008
vn 0.9990 -0.0142 0.0430
vn -0.0226 -0.9997 0.0008
vn -0.0189 -0.9998 -0.0000
vn 0.0189 -0.9998 0.0001
vn 0.9999 -0.0172 -0.0000
vn -0.9998 -0.0174 0.0001
vn -0.9998 0.0174 -0.0000
vn -0.0187 0.9998 -0.0004
vn 0.0226 0.9997 0.0007
vn -0.0226 0.9997 0.0007
vn 0.0188 0.9998 -0.0000
vn -0.0188 0.9998 -0.0000
vn 0.0204 0.8664 0.4989
vn 0.0517 0.0713 0.9961
vn 0.0541 0.9985 0.0020
vn 0.9964 0.0715 0.0455
vn -0.0516 0.0713 0.9961
vn -0.0203 0.8663 0.4991
vn -0.0541 0.9985 0.0020
vn -0.9964 0.0713 0.0457
vn -0.0527 -0.0000 0.9986
vn -0.9964 0.0716 0.0457
vn -0.9989 -0.0000 0.0466
vn -0.9989 -0.0000 -0.0465
vn -0.9964 0.0715 -0.0456
vn -0.0541 0.9985 -0.0020
vn 0.0527 -0.0000 0.9986
vn 0.9989 -0.0000 0.0466
vn 0.9964 0.0715 0.0457
vn 0.9964 0.0716 -0.0456
vn 0.9989 -0.0000 -0.0465
vn 0.0541 0.9985 -0.0020
vn 0.0541 0.9985 0.0019
vn 0.0516 0.0714 -0.9961
vn 0.0204 0.8663 -0.4991
vn 0.9964 0.0713 -0.0455
vn 0.0526 -0.0000 -0.9986
vn 0.9989 -0.0000 -0.0464
vn -0.0516 0.0713 -0.9961
vn -0.0527 -0.0000 -0.9986
vn -0.9989 -0.0000 -0.0464
vn -0.9964 0.0713 -0.0455
vn -0.0541 0.9985 -0.0019
vn -0.0205 0.8664 -0.4990
vn 0.0204 0.8664 -0.4989
vn -0.0204 0.8664 -0.4989
vn 0.0543 0.9985 -0.0019
vn -0.0543 0.9985 -0.0019
vn 0.0543 0.9985 0.0019
vn -0.0543 0.9985 0.0019
vn -0.0204 0.8664 0.4989
vn 0.0205 0.8663 0.4990
vn 0.0516 0.0718 0.9961
vn 0.0542 0.9985 0.0019
vn 0.9964 0.0719 0.0457
vn -0.0205 0.8663 0.4990
vn -0.0516 0.0718 0.9961
vn -0.9964 0.0719 0.0457
vn -0.0541 0.9985 0.0019
vn -0.9964 0.0720 0.0458
vn -0.9989 -0.0000 -0.0466
vn -0.9964 0.0720 -0.0457
vn -0.0542 0.9985 0.0020
vn 0.0526 -0.0000 0.9986
vn 0.9989 -0.0000 0.0467
vn 0.9964 0.0721 0.0458
vn 0.9964 0.0720 -0.0457
vn 0.9989 -0.0000 -0.0466
vn 0.0542 0.9985 -0.0020
vn 0.0516 0.0719 -0.9961
vn 0.0204 0.8663 -0.4990
vn 0.9964 0.0718 -0.0456
vn 0.0541 0.9985 -0.0019
vn 0.0527 -0.0000 -0.9986
vn -0.0516 0.0718 -0.9961
vn -0.9964 0.0719 -0.0456
vn -0.0205 0.8663 -0.4990
vn 0.0543 0.9985 0.0020
vn 0.0204 0.8664 0.4990
vn 0.0543 0.9985 -0.0020
vn -0.0205 0.8663 0.4991
vn -0.9964 0.0719 0.0458
vn -0.0542 0.9985 -0.0020
vn 0.9964 0.0720 0.0458
vn 0.0516 0.0718 -0.9961
vn 0.0203 0.8663 -0.4990
vn -0.0204 0.8664 -0.4990
vn -0.0543 0.9985 -0.0020
vn -0.0543 0.9985 0.0020
vn -0.0516 0.0714 0.9961
vn -0.0541 0.9985 0.0018
vn -0.0204 0.8664 0.4990
vn 0.0516 0.0713 0.9961
vn 0.9964 0.0715 0.0456
vn 0.9989 -0.0000 0.0465
vn 0.9964 0.0715 -0.0456
vn -0.9964 0.0714 0.0457
vn -0.9964 0.0714 -0.0455
vn -0.0526 -0.0000 -0.9986
vn 0.0516 0.0713 -0.9961
vn 0.9964 0.0714 -0.0455
vn 0.0205 0.8663 -0.4991
vn -0.0203 0.8664 -0.4989
vn 0.0558 -0.9984 0.0045
vn 0.9948 -0.0221 0.0990
vn 0.0204 -0.8664 0.4989
vn 0.0523 -0.0221 0.9984
vn -0.0204 -0.8664 0.4989
vn -0.0558 -0.9984 0.0045
vn -0.0523 -0.0221 0.9984
vn -0.9948 -0.0221 0.0990
vn 0.0454 -0.9990 -0.0000
vn -0.0454 -0.9990 -0.0000
vn -0.0524 -0.0221 0.9984
vn -0.0203 -0.8663 0.4991
vn 0.0524 -0.0221 0.9984
vn 0.0203 -0.8663 0.4991
vn 0.0523 0.0221 0.9984
vn 0.9948 -0.0222 0.0991
vn 0.9948 0.0222 0.0991
vn 0.9996 0.0268 -0.0000
vn 0.9996 -0.0268 -0.0000
vn 0.0558 -0.9984 0.0044
vn 0.0453 -0.9990 -0.0000
vn 0.0453 0.9990 -0.0000
vn 0.0557 0.9984 0.0044
vn -0.0524 0.0221 0.9984
vn 0.0557 0.9984 0.0043
vn 0.9948 0.0221 0.0990
vn -0.0204 0.8663 0.4991
vn -0.0557 0.9984 0.0043
vn -0.9948 0.0221 0.0991
vn -0.9948 0.0222 0.0991
vn -0.9948 -0.0221 0.0991
vn -0.9996 -0.0269 -0.0000
vn -0.9996 0.0268 -0.0000
vn -0.0557 0.9984 0.0044
vn -0.0453 0.9990 -0.0000
vn -0.0453 -0.9990 -0.0000
vn -0.0558 -0.9984 0.0044
vn -0.0558 0.9984 0.0044
vn 0.0558 0.9984 0.0044
vn -0.0454 0.9990 -0.0000
vn 0.0454 0.9990 -0.0000
vn -0.0205 -0.8664 0.4989
vn -0.0559 -0.9984 0.0045
vn 0.0559 -0.9984 0.0045
vn 0.9948 -0.0220 0.0990
vn -0.0523 0.0221 0.9984
vn -0.9948 -0.0222 0.0991
vn -0.9996 -0.0268 -0.0001
vn 0.0524 0.0221 0.9984
vn -0.0203 0.8663 0.4990
vn 0.9948 -0.0222 0.0990
vn 0.9996 -0.0269 -0.0000
vn 0.9996 0.0268 -0.0002
vn 0.0557 -0.9984 0.0044
vn -0.0000 1.0000 -0.0000
vn -0.4960 0.8680 0.0240
vn -0.4960 0.8680 -0.0240
vn 0.4960 0.8680 0.0240
vn 0.4960 0.8680 -0.0240
vn -0.4961 0.8679 0.0240
vn -0.4961 0.8679 -0.0240
vn -0.9842 0.1697 0.0512
vn -0.9842 0.1698 -0.0511
vn -0.9713 -0.2323 0.0503
vn -0.0340 0.1693 0.9850
vn -0.0335 -0.2322 0.9721
vn 0.0335 -0.2322 0.9721
vn 0.0340 0.1692 0.9850
vn 0.0160 0.8674 0.4974
vn -0.0160 0.8674 0.4974
vn -0.9842 0.1697 0.0510
vn 0.9842 0.1696 0.0511
vn 0.9842 0.1697 0.0512
vn 0.9713 -0.2324 0.0503
vn 0.9713 -0.2324 -0.0502
vn 0.9842 0.1698 -0.0511
vn 0.4961 0.8679 0.0240
vn 0.4961 0.8679 -0.0240
vn 0.0122 -0.9999 -0.0006
vn 0.0123 -0.9999 0.0006
vn 0.0063 -0.9787 0.2051
vn -0.0063 -0.9787 0.2051
vn -0.9713 -0.2324 -0.0502
vn -0.0122 -0.9999 0.0006
vn -0.0123 -0.9999 -0.0006
vn -0.0159 0.8674 0.4973
vn 0.0001 1.0000 -0.0000
vn -0.0159 0.8674 -0.4973
vn 0.0159 0.8674 -0.4973
vn 0.0159 0.8674 0.4973
vn -0.0160 0.8674 -0.4974
vn -0.9842 0.1697 -0.0510
vn -0.0340 0.1692 -0.9850
vn -0.0334 -0.2321 -0.9721
vn -0.9714 -0.2323 -0.0501
vn -0.0064 -0.9787 -0.2051
vn -0.0124 -0.9999 -0.0007
vn 0.0064 -0.9787 -0.2050
vn 0.0124 -0.9999 -0.0007
vn 0.0123 -0.9999 0.0007
vn -0.0123 -0.9999 0.0007
vn 0.0064 -0.9787 0.2050
vn -0.0064 -0.9787 0.2050
vn -0.9714 -0.2323 0.0502
vn -0.0334 -0.2322 0.9721
vn 0.9713 -0.2323 0.0502
vn 0.0334 -0.2322 0.9721
vn 0.9714 -0.2323 -0.0501
vn 0.0334 -0.2322 -0.9721
vn 0.0340 0.1692 -0.9850
vn 0.9842 0.1697 -0.0510
vn 0.0160 0.8674 -0.4974
vn -0.0490 0.0251 -0.9985
vn -0.0771 -0.0410 -0.9962
vn -0.3565 0.0372 -0.9335
vn -0.2735 0.2254 -0.9351
vn 0.0448 0.0266 -0.9986
vn -0.5052 0.0205 -0.8628
vn 0.0603 -0.0372 -0.9975
vn -0.4230 0.1503 -0.8936
vn -0.3184 0.8685 0.3799
vn -0.0343 0.7635 0.6449
vn -0.3026 0.8725 -0.3837
vn 0.7592 -0.0000 -0.6509
vn 0.7155 0.0011 -0.6986
vn 0.8791 0.2272 0.4191
vn 0.8535 0.2483 -0.4581
vn 0.6759 0.7369 0.0146
vn 0.6755 0.7373 -0.0146
vn 0.8410 0.0245 -0.5404
vn -0.4229 0.1505 -0.8936
vn -0.5053 0.0205 -0.8627
vn -0.8801 0.2009 -0.4301
vn -0.8459 -0.0027 -0.5334
vn -0.6473 0.7617 -0.0281
vn -0.8888 0.1935 0.4154
vn -0.6473 0.7617 0.0281
vn -0.0344 0.7636 0.6448
vn -0.4393 0.1656 0.8829
vn -0.8577 -0.0022 0.5142
vn -0.5242 0.0048 0.8516
vn -0.2300 0.2549 0.9392
vn -0.3185 0.8685 0.3799
vn -0.8960 0.4436 0.0178
vn -0.8379 0.0184 0.5455
vn -0.3031 0.0081 0.9529
vn -0.7263 -0.0000 0.6873
vn -0.7856 -0.0000 0.6187
vn -0.7857 -0.0000 0.6186
vn -0.6219 -0.0000 0.7831
vn -0.8839 0.2218 0.4118
vn -0.4617 0.2523 0.8504
vn -0.7562 -0.0000 -0.6543
vn -0.8530 0.0185 -0.5217
vn -0.8919 0.4520 -0.0171
vn -0.3027 0.8725 -0.3837
vn -0.2735 0.2256 -0.9350
vn -0.3567 0.0372 -0.9335
vn -0.0345 0.7762 -0.6296
vn -0.7380 0.0004 -0.6748
vn -0.7380 0.0005 -0.6748
vn -0.8632 0.2391 -0.4447
vn -0.6826 0.7306 -0.0144
vn -0.8839 0.2220 0.4116
vn -0.6833 0.7300 0.0145
vn -0.8839 0.2219 0.4116
vn -0.4393 0.1655 0.8830
vn 0.0105 -0.0065 0.9999
vn -0.2299 0.2547 0.9393
vn -0.0136 -0.0072 0.9999
vn -0.0156 0.0080 0.9998
vn -0.3029 0.0081 0.9530
vn -0.2301 0.2547 0.9392
vn 0.0135 0.0080 0.9999
vn -0.5241 0.0048 0.8516
vn 0.7768 -0.0000 0.6297
vn 0.7115 -0.0012 0.7027
vn 0.8401 0.0028 -0.5424
vn 0.8923 0.2342 -0.3860
vn 0.4679 0.2854 -0.8364
vn 0.6320 0.0031 -0.7750
vn 0.8623 0.0009 0.5064
vn 0.9028 0.2222 0.3682
vn 0.8923 0.2342 -0.3859
vn 0.6750 0.7374 -0.0222
vn 0.6747 0.7377 0.0222
vn 0.2811 -0.0000 0.9597
vn 0.6746 0.0009 0.7382
vn 0.3461 -0.0000 -0.9382
vn 0.6321 0.0030 -0.7749
vn 0.3462 -0.0000 -0.9382
vn 0.2124 0.3805 -0.9001
vn 0.8410 0.0244 -0.5405
vn 0.2123 0.3805 -0.9001
vn 0.4679 0.2855 -0.8364
vn 0.2910 0.8890 -0.3535
vn 0.0278 0.8030 -0.5953
vn 0.1703 0.3996 0.9007
vn 0.5067 0.2903 0.8118
vn 0.0281 0.8145 0.5794
vn 0.2830 0.8932 0.3494
vn 0.1704 0.3995 0.9007
vn 0.2813 -0.0012 0.9596
vn 0.8141 0.0266 0.5801
vn 0.7115 -0.0000 0.7027
vn 0.5067 0.2902 0.8118
vn 0.6744 -0.0000 0.7384
vn 0.8623 0.0009 0.5065
vn 0.9028 0.2222 0.3683
vn 0.5098 0.0010 -0.8603
vn -0.5281 0.0004 -0.8492
vn -0.3854 0.2002 -0.9008
vn -0.8631 0.2392 -0.4448
vn -0.7381 0.0004 -0.6747
vn -0.0144 0.6972 -0.7167
vn -0.6826 0.7307 -0.0144
vn 0.0144 0.6976 -0.7164
vn 0.3676 0.1987 -0.9085
vn 0.3676 0.1986 -0.9085
vn 0.8535 0.2482 -0.4582
vn 0.7156 0.0011 -0.6985
vn 0.6180 -0.0000 0.7861
vn -0.6220 -0.0000 0.7831
vn -0.4617 0.2525 0.8504
vn 0.4554 0.2493 0.8547
vn -0.0158 0.7689 0.6392
vn -0.6832 0.7301 0.0144
vn -0.8840 0.2218 0.4116
vn 0.0158 0.7689 0.6392
vn 0.6758 0.7369 0.0147
vn 0.8791 0.2271 0.4191
vn 0.0250 -0.9667 0.2547
vn 0.9672 -0.0466 0.2496
vn -0.0000 -0.0001 1.0000
vn -0.0001 -0.0000 1.0000
vn -0.0249 -0.9667 0.2547
vn -0.9672 -0.0466 0.2496
vn 0.8535 0.2484 -0.4580
vn 0.8410 0.0247 -0.5404
vn 0.8930 0.4496 -0.0176
vn 0.2909 0.8890 -0.3536
vn 0.2125 0.3806 -0.9000
vn 0.8141 0.0266 0.5802
vn 0.8910 0.4536 0.0182
vn 0.8141 0.0267 0.5802
vn 0.7115 -0.0013 0.7027
vn 0.8930 0.4497 -0.0175
vn 0.2829 0.8932 0.3495
vn 0.8141 0.0265 0.5801
vn 0.1705 0.3996 0.9007
vn 0.8911 0.4535 0.0181
vn -0.3026 0.8725 -0.3836
vn -0.0344 0.7762 -0.6296
vn -0.6473 0.7617 -0.0280
vn -0.6473 0.7617 0.0280
vn -0.0343 0.7635 0.6448
vn -0.0344 0.7761 -0.6296
vn 0.0281 0.8145 0.5795
vn 0.0283 0.8145 0.5794
vn 0.6747 0.7378 0.0222
vn 0.0278 0.8031 -0.5953
vn 0.6751 0.7374 -0.0222
vn 0.0277 0.8031 -0.5952
vn 0.6750 0.7375 -0.0222
vn 0.0281 0.8146 0.5794
vn 0.0144 0.6974 -0.7165
vn -0.0143 0.6972 -0.7168
vn 0.6755 0.7373 -0.0147
vn -0.6827 0.7305 -0.0144
vn 0.6755 0.7373 -0.0145
vn -0.6827 0.7306 -0.0144
vn -0.6833 0.7300 0.0144
vn 0.0157 0.7688 0.6393
vn -0.0157 0.7688 0.6392
vn 0.8536 0.2483 -0.4581
vn 0.3676 0.1985 -0.9086
vn 0.6754 0.7373 -0.0146
vn 0.0143 0.6976 -0.7164
vn 0.3399 0.0202 0.9402
vn 0.0200 0.3400 0.9402
vn 0.3414 -0.0158 0.9398
vn 0.3400 0.0202 0.9402
vn 0.9896 -0.0620 0.1298
vn 0.9911 0.0666 0.1156
vn 0.0152 -0.3418 0.9396
vn -0.0152 -0.3418 0.9396
vn -0.0200 0.3400 0.9402
vn -0.3399 0.0202 0.9402
vn -0.3414 -0.0158 0.9398
vn -0.3414 -0.0159 0.9398
vn 0.9896 -0.0620 0.1299
vn 0.0496 -0.9747 0.2180
vn 0.3415 -0.0158 0.9398
vn 0.0152 -0.3419 0.9396
vn 0.0200 0.3401 0.9402
vn 0.9910 0.0667 0.1157
vn 0.0763 0.9968 0.0243
vn 0.0498 -0.9747 0.2179
vn -0.0498 -0.9747 0.2179
vn 0.0152 -0.3420 0.9396
vn -0.0152 -0.3420 0.9396
vn 0.0200 0.3402 0.9401
vn -0.0200 0.3402 0.9401
vn 0.0763 0.9968 0.0242
vn -0.0762 0.9968 0.0242
vn -0.0200 0.3402 0.9402
vn -0.3400 0.0202 0.9402
vn -0.0761 0.9968 0.0244
vn -0.9910 0.0667 0.1157
vn -0.0497 -0.9747 0.2179
vn -0.9896 -0.0621 0.1299
vn -0.0153 -0.3420 0.9396
vn -0.3415 -0.0158 0.9397
vn -0.3401 0.0203 0.9402
vn -0.9910 0.0667 0.1156
vn -0.9896 -0.0620 0.1298
vn 0.0311 0.9644 0.2626
vn 0.9691 0.0461 0.2424
vn -0.0311 0.9644 0.2625
vn 0.0311 0.9644 0.2625
vn -0.9691 0.0461 0.2424
vn -0.0311 0.9644 0.2626
vn 0.9691 0.0461 0.2423
vn 0.9672 -0.0467 0.2496
vn -0.9672 -0.0467 0.2496
vn -0.9691 0.0461 0.2423
vn 0.9672 -0.0467 0.2497
vn 0.9691 0.0462 0.2424
vn 0.0312 0.9644 0.2627
vn -0.0312 0.9644 0.2627
vn -0.9691 0.0462 0.2424
vn -0.9672 -0.0466 0.2497
vn 0.3691 0.0420 -0.9285
vn 0.0410 0.3697 -0.9283
vn 0.9930 0.0732 0.0924
vn 0.0626 0.9980 -0.0018
vn 0.3691 0.0420 -0.9284
vn 0.3718 -0.0334 -0.9277
vn 0.9930 0.0734 0.0924
vn 0.9937 -0.0452 0.1027
vn 0.3718 -0.0335 -0.9277
vn 0.0311 -0.3735 -0.9271
vn 0.9937 -0.0454 0.1026
vn 0.0486 -0.9794 0.1962
vn 0.0409 0.3698 -0.9282
vn -0.0409 0.3697 -0.9283
vn 0.0625 0.9980 -0.0016
vn -0.0626 0.9980 -0.0016
vn -0.0410 0.3697 -0.9282
vn -0.3691 0.0421 -0.9284
vn -0.0626 0.9980 -0.0017
vn -0.9930 0.0733 0.0923
vn -0.0311 -0.3735 -0.9271
vn -0.3717 -0.0335 -0.9277
vn -0.0487 -0.9794 0.1961
vn -0.9937 -0.0454 0.1025
vn -0.3691 0.0420 -0.9284
vn -0.3718 -0.0334 -0.9277
vn -0.9930 0.0733 0.0924
vn -0.9937 -0.0453 0.1028
vn -0.0310 -0.3736 -0.9271
vn 0.0310 -0.3736 -0.9271
vn -0.0486 -0.9794 0.1962
vn 0.9937 -0.0453 0.1026
vn 0.0485 -0.9794 0.1962
vn 0.0497 -0.9747 0.2180
vn 0.9896 -0.0619 0.1299
vn 0.0761 0.9968 0.0242
vn 0.0625 0.9980 -0.0017
vn 0.9910 0.0666 0.1157
vn 0.9930 0.0731 0.0924
vn 0.0626 0.9980 -0.0017
vn -0.0761 0.9968 0.0243
vn 0.0761 0.9968 0.0243
vn -0.0497 -0.9747 0.2180
vn -0.9910 0.0666 0.1157
vn -0.9930 0.0731 0.0924
vn -0.0625 0.9980 -0.0017
vn -0.9937 -0.0452 0.1027
vn -0.9896 -0.0619 0.1299
vn -0.0485 -0.9794 0.1962
vn -0.9937 -0.0453 0.1026
vn -0.9930 0.0732 0.0923
vn -0.9896 -0.0620 0.1299
vn -1.0000 -0.0016 -0.0024
vn -1.0000 0.0017 -0.0022
vn -1.0000 -0.0024 0.0031
vn -0.8459 -0.0027 -0.5333
vn -0.8577 -0.0023 0.5141
vn -0.8802 0.2008 -0.4300
vn -0.8888 0.1934 0.4154
vn -1.0000 0.0028 0.0034
vt 0.165000 0.832500
vt 0.167500 0.832500
vt 0.167500 0.835000
vt 0.085000 0.917500
vt 0.082500 0.917500
vt 0.082500 0.915000
vt 0.085000 0.667500
vt 0.082500 0.667500
vt 0.082500 0.665000
vt 0.165000 0.582500
vt 0.167500 0.582500
vt 0.167500 0.585000
vt 0.415000 0.582500
vt 0.417500 0.582500
vt 0.417500 0.585000
vt 0.335000 0.667500
vt 0.332500 0.667500
vt 0.332500 0.665000
vt 0.665000 0.582500
vt 0.667500 0.582500
vt 0.667500 0.585000
vt 0.585000 0.667500
vt 0.582500 0.667500
vt 0.582500 0.665000
vt 0.415000 0.832500
vt 0.417500 0.832500
vt 0.417500 0.835000
vt 0.335000 0.917500
vt 0.332500 0.917500
vt 0.332500 0.915000
vt 0.415000 0.082500
vt 0.417500 0.082500
vt 0.417500 0.085000
vt 0.335000 0.167500
vt 0.332500 0.167500
vt 0.332500 0.165000
vt 0.165000 0.082500
vt 0.167500 0.082500
vt 0.167500 0.085000
vt 0.085000 0.167500
vt 0.082500 0.167500
vt 0.082500 0.165000
vt 0.915000 0.582500
vt 0.917500 0.582500
vt 0.917500 0.585000
vt 0.835000 0.667500
vt 0.832500 0.667500
vt 0.832500 0.665000
vt 0.665000 0.832500
vt 0.667500 0.832500
vt 0.667500 0.835000
vt 0.585000 0.917500
vt 0.582500 0.917500
vt 0.582500 0.915000
vt 0.915000 0.832500
vt 0.917500 0.832500
vt 0.917500 0.835000
vt 0.835000 0.917500
vt 0.832500 0.917500
vt 0.832500 0.915000
s 1
f 2/1/1 3/2/1 1/3/2
f 3/1/1 4/2/3 1/3/2
f 1/1/2 4/2/3 5/3/4
f 6/1/5 1/2/2 5/3/4
f 9/4/6 8/5/6 7/6/6
f 11/1/1 12/2/1 10/3/1
f 14/1/1 15/2/1 13/3/1
f 17/1/6 18/2/6 16/3/6
f 20/1/6 21/2/6 19/3/6
f 23/1/1 24/2/1 22/3/1
f 26/1/1 27/2/1 25/3/1
f 29/1/6 30/2/6 28/3/6
f 32/1/1 33/2/1 31/3/1
f 35/1/7 36/2/7 34/3/7
f 37/1/7 34/2/7 38/3/7
f 39/1/7 38/2/7 40/3/7
f 38/1/7 41/2/7 40/3/7
f 41/1/7 42/2/7 40/3/7
f 42/1/7 43/2/7 40/3/7
f 45/1/1 46/2/1 44/3/1
f 48/1/7 49/2/7 47/3/7
f 47/1/7 51/2/7 50/3/7
f 50/1/7 51/2/7 52/3/7
f 53/1/7 52/2/7 51/3/7
f 54/1/7 55/2/7 53/3/7
f 56/1/7 54/2/7 57/3/7
f 57/1/7 58/2/7 56/3/7
f 58/1/7 59/2/7 56/3/7
f 61/1/1 62/2/1 60/3/1
f 64/1/1 65/2/1 63/3/1
f 67/1/1 68/2/1 66/3/1
f 70/1/1 71/2/1 69/3/1
f 73/1/1 74/2/1 72/3/1
f 76/1/6 77/2/6 75/3/6
f 79/1/6 80/2/6 78/3/6
f 82/1/1 83/2/1 81/3/1
f 85/1/1 86/2/1 84/3/1
f 88/1/1 89/2/1 87/3/1
f 91/1/1 92/2/1 90/3/1
f 94/1/1 95/2/1 93/3/1
f 97/1/1 98/2/1 96/3/1
f 100/1/8 101/2/8 99/3/8
f 103/1/8 104/2/8 102/3/8
f 106/1/7 107/2/7 105/3/7
f 109/7/9 110/8/10 108/9/11
f 110/10/10 111/11/12 108/12/11
f 112/10/13 113/11/14 111/12/12
f 110/10/10 112/11/13 111/12/12
f 114/10/15 112/11/13 110/12/10
f 115/10/16 114/11/15 110/12/10
f 115/10/16 110/11/10 116/12/17
f 116/10/17 117/11/18 118/12/19
f 110/10/10 117/11/18 116/12/17
f 119/10/20 116/11/17 118/12/19
f 120/10/21 118/11/19 117/12/18
f 121/10/22 120/11/21 117/12/18
f 123/10/23 124/11/24 122/12/25
f 124/10/24 125/11/26 122/12/25
f 125/10/26 126/11/27 122/12/25
f 126/10/27 127/11/28 122/12/25
f 127/10/28 126/11/27 128/12/29
f 127/10/28 128/11/29 129/12/30
f 130/10/31 127/11/28 129/12/30
f 130/10/31 129/11/30 132/12/32
f 131/10/33 130/11/31 132/12/32
f 133/10/34 132/11/32 128/12/29
f 133/10/34 134/11/35 132/12/32
f 134/10/35 135/11/36 132/12/32
f 132/10/32 129/11/30 128/12/29
f 132/10/32 135/11/36 131/12/33
f 135/10/36 136/11/37 131/12/33
f 137/10/38 134/11/35 133/12/34
f 138/10/39 137/11/38 126/12/27
f 126/10/27 137/11/38 133/12/34
f 125/10/26 138/11/39 126/12/27
f 139/10/40 138/11/39 125/12/26
f 124/10/24 139/11/40 125/12/26
f 126/10/27 133/11/34 128/12/29
f 143/13/41 141/14/42 140/15/11
f 141/16/42 142/17/23 140/18/11
f 143/13/41 144/14/43 141/15/42
f 144/13/43 145/14/44 141/15/42
f 149/10/45 147/11/46 146/12/47
f 147/10/46 148/11/48 146/12/47
f 150/10/49 147/11/46 149/12/45
f 151/10/50 150/11/49 149/12/45
f 153/10/51 152/11/52 151/12/50
f 152/10/52 150/11/49 151/12/50
f 150/10/49 154/11/53 147/12/46
f 150/10/49 155/11/54 154/12/53
f 155/10/54 156/11/55 154/12/53
f 157/10/56 156/11/55 155/12/54
f 158/10/57 157/11/56 155/12/54
f 158/10/57 155/11/54 159/12/51
f 160/10/58 158/11/57 159/12/51
f 154/10/53 161/11/59 147/12/46
f 147/10/46 161/11/59 162/12/60
f 163/10/61 162/11/60 164/12/62
f 163/10/61 147/11/46 162/12/60
f 162/10/60 165/11/63 164/12/62
f 164/10/62 166/11/64 163/12/61
f 166/10/64 167/11/65 163/12/61
f 171/10/66 169/11/67 168/12/68
f 169/10/67 170/11/64 168/12/68
f 172/10/69 171/11/66 168/12/68
f 173/10/70 172/11/69 168/12/68
f 174/10/71 171/11/66 172/12/69
f 175/10/72 174/11/71 172/12/69
f 175/10/72 176/11/73 174/12/71
f 176/10/73 177/11/74 174/12/71
f 174/10/71 177/11/74 178/12/75
f 179/10/76 174/11/71 178/12/75
f 179/10/76 169/11/67 171/12/66
f 174/10/71 179/11/76 171/12/66
f 181/13/77 182/14/78 180/15/79
f 182/13/78 183/14/80 180/15/79
f 180/13/79 183/14/80 184/15/81
f 183/13/80 185/14/82 184/15/81
f 185/13/82 186/14/83 184/15/81
f 186/13/83 187/14/45 184/15/81
f 191/10/84 189/11/85 188/12/86
f 189/10/85 190/11/87 188/12/86
f 193/10/88 192/11/89 191/12/84
f 192/10/89 189/11/85 191/12/84
f 194/10/90 192/11/89 193/12/88
f 195/10/91 194/11/90 193/12/88
f 192/10/89 197/11/92 196/12/53
f 192/10/89 196/11/53 189/12/85
f 197/10/92 198/11/55 196/12/53
f 199/10/93 198/11/55 197/12/92
f 200/10/94 199/11/93 197/12/92
f 200/10/94 197/11/92 201/12/95
f 202/10/58 200/11/94 201/12/95
f 196/10/53 203/11/96 189/12/85
f 189/10/85 203/11/96 204/12/97
f 205/10/98 204/11/97 206/12/99
f 205/10/98 189/11/85 204/12/97
f 204/10/97 207/11/100 206/12/99
f 206/10/99 208/11/101 205/12/98
f 208/10/101 209/11/47 205/12/98
f 213/10/102 211/11/103 210/12/104
f 211/10/103 212/11/105 210/12/104
f 214/10/106 213/11/102 210/12/104
f 215/10/70 214/11/106 210/12/104
f 217/10/72 216/11/107 214/12/106
f 216/10/107 213/11/102 214/12/106
f 217/10/72 218/11/73 216/12/107
f 218/10/73 219/11/108 216/12/107
f 216/10/107 219/11/108 220/12/58
f 221/10/109 216/11/107 220/12/58
f 221/10/109 211/11/103 213/12/102
f 216/10/107 221/11/109 213/12/102
f 225/13/82 223/14/83 222/15/110
f 223/13/83 224/14/111 222/15/110
f 226/13/80 225/14/82 222/15/110
f 227/13/112 226/14/80 222/15/110
f 228/13/78 226/14/80 227/15/112
f 229/13/77 228/14/78 227/15/112
f 233/10/84 231/11/85 230/12/65
f 231/10/85 232/11/87 230/12/65
f 234/10/89 231/11/85 233/12/84
f 235/10/113 234/11/89 233/12/84
f 236/10/90 234/11/89 235/12/113
f 237/10/51 236/11/90 235/12/113
f 234/10/89 238/11/53 231/12/85
f 234/10/89 239/11/114 238/12/53
f 241/10/93 240/11/55 239/12/114
f 239/10/114 240/11/55 238/12/53
f 242/10/94 241/11/93 239/12/114
f 242/10/94 239/11/114 243/12/51
f 244/10/115 242/11/94 243/12/51
f 238/10/53 245/11/59 231/12/85
f 231/10/85 245/11/59 246/12/97
f 247/10/116 231/11/85 246/12/97
f 247/10/116 246/11/97 248/12/99
f 246/10/97 249/11/100 248/12/99
f 248/10/99 250/11/64 247/12/116
f 250/10/64 251/11/47 247/12/116
f 255/10/117 253/11/118 252/12/104
f 253/10/118 254/11/64 252/12/104
f 256/10/106 255/11/117 252/12/104
f 257/10/63 256/11/106 252/12/104
f 258/10/107 255/11/117 256/12/106
f 259/10/72 258/11/107 256/12/106
f 259/10/72 260/11/56 258/12/107
f 260/10/56 261/11/108 258/12/107
f 258/10/107 261/11/108 262/12/58
f 263/10/119 258/11/107 262/12/58
f 258/10/107 263/11/119 255/12/117
f 263/10/119 253/11/118 255/12/117
f 265/13/77 266/14/78 264/15/79
f 266/13/78 267/14/120 264/15/79
f 264/13/79 267/14/120 268/15/81
f 267/13/120 269/14/121 268/15/81
f 269/13/121 270/14/83 268/15/81
f 270/13/83 271/14/45 268/15/81
f 273/10/52 274/11/122 272/12/123
f 274/10/122 275/11/124 272/12/123
f 274/10/122 276/11/125 275/12/124
f 276/10/125 277/11/111 275/12/124
f 276/10/125 278/11/126 277/12/111
f 278/10/126 279/11/65 277/12/111
f 280/10/59 276/11/125 274/12/122
f 281/10/61 276/11/125 280/12/59
f 282/10/127 281/11/61 280/12/59
f 282/10/127 283/11/63 281/12/61
f 283/10/63 284/11/128 281/12/61
f 281/10/61 284/11/128 285/12/47
f 284/10/128 286/11/64 285/12/47
f 287/10/53 280/11/59 274/12/122
f 287/10/53 274/11/122 288/12/55
f 288/10/55 289/11/129 290/12/57
f 274/10/122 289/11/129 288/12/55
f 291/10/56 288/11/55 290/12/57
f 292/10/58 290/11/57 289/12/129
f 293/10/51 292/11/58 289/12/129
f 295/10/75 296/11/109 294/12/130
f 296/10/109 297/11/71 294/12/130
f 297/10/71 298/11/131 294/12/130
f 298/10/131 299/11/73 294/12/130
f 297/10/71 300/11/132 298/12/131
f 300/10/132 301/11/106 298/12/131
f 302/10/70 301/11/106 300/12/132
f 303/10/133 302/11/70 300/12/132
f 303/10/133 300/11/132 304/12/64
f 300/10/132 305/11/134 304/12/64
f 296/10/109 305/11/134 297/12/71
f 305/10/134 300/11/132 297/12/71
f 309/13/79 307/14/77 306/15/80
f 307/13/77 308/14/135 306/15/80
f 309/13/79 306/14/80 310/15/82
f 311/13/81 309/14/79 310/15/82
f 312/13/45 311/14/81 310/15/82
f 313/13/83 312/14/45 310/15/82
f 317/10/136 315/11/137 314/12/138
f 315/10/137 316/11/139 314/12/138
f 314/10/138 318/11/140 317/12/136
f 318/10/140 319/11/141 317/12/136
f 319/10/141 318/11/140 320/12/142
f 321/10/143 319/11/141 320/12/142
f 317/10/136 319/11/141 322/12/144
f 319/10/141 323/11/145 322/12/144
f 327/10/146 325/11/147 324/12/148
f 325/10/147 326/11/149 324/12/148
f 327/10/146 324/11/148 328/12/150
f 328/10/150 324/11/148 329/12/151
f 330/10/152 328/11/150 329/12/151
f 330/10/152 329/11/151 331/12/153
f 329/10/151 332/11/154 331/12/153
f 332/10/154 329/11/151 333/12/155
f 334/10/156 332/11/154 333/12/155
f 331/10/153 335/11/157 330/12/152
f 335/10/157 336/11/158 330/12/152
f 337/10/159 327/11/146 328/12/150
f 337/10/159 328/11/150 338/12/84
f 338/10/84 328/11/150 339/12/160
f 328/10/150 340/11/161 339/12/160
f 341/10/162 337/11/159 338/12/84
f 343/10/163 342/11/164 341/12/162
f 342/10/164 337/11/159 341/12/162
f 337/10/159 344/11/165 327/12/146
f 344/10/165 345/11/166 327/12/146
f 346/10/167 345/11/166 344/12/165
f 347/10/168 346/11/167 344/12/165
f 347/10/168 344/11/165 348/12/169
f 349/10/170 347/11/168 348/12/169
f 346/10/167 350/11/171 345/12/166
f 350/10/171 351/11/172 345/12/166
f 355/19/173 353/20/83 352/21/174
f 353/22/83 354/23/111 352/24/174
f 356/19/175 355/20/173 352/21/174
f 357/19/176 356/20/175 352/21/174
f 359/10/142 360/11/143 358/12/177
f 360/10/143 361/11/178 358/12/177
f 362/10/138 358/11/177 361/12/178
f 363/10/179 362/11/138 361/12/178
f 362/10/138 363/11/179 364/12/139
f 363/10/179 365/11/180 364/12/139
f 363/10/179 361/11/178 366/12/145
f 367/10/144 363/11/179 366/12/145
f 369/10/147 370/11/149 368/12/146
f 370/10/149 371/11/148 368/12/146
f 368/10/146 371/11/148 372/12/181
f 368/10/146 372/11/181 373/12/182
f 373/10/182 374/11/165 375/12/168
f 372/10/181 374/11/165 373/12/182
f 376/10/183 373/11/182 375/12/168
f 373/10/182 376/11/183 377/12/172
f 376/10/183 378/11/171 377/12/172
f 379/10/170 375/11/168 374/12/165
f 380/10/169 379/11/170 374/12/165
f 371/10/148 381/11/184 372/12/181
f 372/10/181 381/11/184 382/12/185
f 372/10/181 382/11/185 383/12/163
f 384/10/164 372/11/181 383/12/163
f 381/10/184 385/11/111 382/12/185
f 381/10/184 386/11/161 385/12/111
f 386/10/161 387/11/158 385/12/111
f 388/10/152 381/11/184 371/12/148
f 389/10/186 390/11/187 388/12/152
f 389/10/186 388/11/152 371/12/148
f 390/10/187 391/11/188 388/12/152
f 388/10/152 391/11/188 392/12/158
f 391/10/188 393/11/157 392/12/158
f 394/10/156 390/11/187 389/12/186
f 395/10/189 394/11/156 389/12/186
f 397/19/83 398/20/45 396/21/173
f 398/19/45 399/20/174 396/21/173
f 399/19/174 400/20/176 396/21/173
f 400/19/176 401/20/175 396/21/173
f 405/25/190 403/26/190 402/27/191
f 403/28/190 404/29/192 402/30/191
f 409/25/193 407/26/194 406/27/190
f 407/25/194 408/26/190 406/27/190
f 411/1/195 412/2/196 410/3/197
f 412/1/196 413/2/198 410/3/197
f 414/1/199 410/2/197 413/3/198
f 415/1/200 410/2/197 414/3/199
f 416/1/201 415/2/200 414/3/199
f 416/1/201 417/2/202 415/3/200
f 417/1/202 418/2/203 415/3/200
f 415/1/200 418/2/203 419/3/204
f 420/1/205 415/2/200 419/3/204
f 421/1/206 415/2/200 420/3/205
f 422/1/191 421/2/206 420/3/205
f 419/1/204 418/2/203 423/3/207
f 424/1/193 419/2/204 423/3/207
f 425/1/208 418/2/203 417/3/202
f 426/1/209 427/2/210 425/3/208
f 426/1/209 425/2/208 417/3/202
f 427/1/210 428/2/211 425/3/208
f 425/1/208 428/2/211 429/3/212
f 428/1/211 430/2/213 429/3/212
f 431/1/214 427/2/210 426/3/209
f 432/1/215 431/2/214 426/3/209
f 433/1/216 417/2/202 416/3/201
f 434/1/217 433/2/216 416/3/201
f 435/1/218 414/2/199 413/3/198
f 414/1/199 435/2/218 436/3/219
f 435/1/218 437/2/220 436/3/219
f 439/25/191 440/26/221 438/27/190
f 440/25/221 441/26/190 438/27/190
f 441/25/190 442/26/190 438/27/190
f 442/25/190 443/26/190 438/27/190
f 444/25/190 438/26/190 443/27/190
f 444/25/190 445/26/190 438/27/190
f 445/25/190 446/26/190 438/27/190
f 446/25/190 449/26/190 438/27/190
f 450/25/222 447/26/190 438/27/190
f 447/25/190 448/26/190 438/27/190
f 449/25/190 450/26/222 438/27/190
f 446/25/190 451/26/190 449/27/190
f 452/25/190 451/26/190 453/27/190
f 451/25/190 446/26/190 453/27/190
f 452/25/190 453/26/190 454/27/190
f 454/25/190 455/26/190 457/27/190
f 456/25/190 452/26/190 454/27/190
f 454/25/190 457/26/190 456/27/190
f 455/25/190 458/26/190 457/27/190
f 457/25/190 459/26/190 456/27/190
f 457/25/190 460/26/190 459/27/190
f 460/25/190 448/26/190 459/27/190
f 460/25/190 461/26/190 448/27/190
f 448/25/190 461/26/190 462/27/190
f 464/25/190 462/26/190 463/27/190
f 464/25/190 448/26/190 462/27/190
f 464/25/190 463/26/190 466/27/190
f 464/25/190 465/26/223 467/27/192
f 464/25/190 466/26/190 465/27/223
f 468/25/190 464/26/190 467/27/192
f 470/25/190 469/26/190 466/27/190
f 469/25/190 473/26/190 466/27/190
f 471/25/190 470/26/190 466/27/190
f 463/25/190 471/26/190 466/27/190
f 466/25/190 472/26/224 465/27/223
f 472/25/224 466/26/190 473/27/190
f 474/25/190 473/26/190 458/27/190
f 474/25/190 443/26/190 473/27/190
f 473/25/190 475/26/190 458/27/190
f 473/25/190 469/26/190 475/27/190
f 476/25/194 472/26/224 473/27/190
f 474/25/190 477/26/190 443/27/190
f 455/25/190 474/26/190 458/27/190
f 477/25/190 444/26/190 443/27/190
f 448/25/190 478/26/190 459/27/190
f 448/25/190 447/26/190 478/27/190
f 479/25/225 442/26/190 441/27/190
f 479/25/225 480/26/193 442/27/190
f 480/25/193 481/26/190 442/27/190
f 440/25/221 479/26/225 441/27/190
f 483/1/192 484/2/226 482/3/227
f 484/1/226 485/2/228 482/3/227
f 485/1/228 486/2/229 482/3/227
f 486/1/229 487/2/230 482/3/227
f 486/1/229 488/2/231 487/3/230
f 488/1/231 489/2/232 487/3/230
f 488/1/231 490/2/233 489/3/232
f 490/1/233 491/2/234 489/3/232
f 491/1/234 492/2/235 489/3/232
f 492/1/235 493/2/236 489/3/232
f 492/1/235 494/2/237 493/3/236
f 494/1/237 495/2/238 493/3/236
f 493/1/236 495/2/238 496/3/239
f 495/1/238 497/2/240 496/3/239
f 494/1/237 492/2/235 498/3/241
f 499/1/242 494/2/237 498/3/241
f 491/1/234 490/2/233 500/3/243
f 490/1/233 501/2/244 500/3/243
f 500/1/243 501/2/244 502/3/245
f 503/1/246 500/2/243 502/3/245
f 505/1/194 503/2/246 504/3/247
f 503/1/246 502/2/245 504/3/247
f 504/1/247 502/2/245 485/3/228
f 484/1/226 504/2/247 485/3/228
f 485/1/228 502/2/245 486/3/229
f 502/1/245 501/2/244 486/3/229
f 486/1/229 501/2/244 488/3/231
f 501/1/244 490/2/233 488/3/231
f 509/31/190 507/32/190 506/33/190
f 507/34/190 508/35/190 506/36/190
f 509/31/190 506/32/190 510/33/190
f 511/31/190 509/32/190 510/33/190
f 511/31/190 510/32/190 512/33/190
f 513/31/190 511/32/190 512/33/190
f 517/31/190 515/32/190 514/33/190
f 515/31/190 516/32/190 514/33/190
f 517/31/190 514/32/190 518/33/190
f 519/31/190 517/32/190 518/33/190
f 519/31/190 518/32/190 520/33/190
f 521/31/190 519/32/190 520/33/190
f 525/37/8 523/38/8 522/39/8
f 523/40/8 524/41/8 522/42/8
f 525/37/8 522/38/8 526/39/8
f 527/37/8 525/38/8 526/39/8
f 527/37/8 526/38/8 528/39/8
f 529/37/8 527/38/8 528/39/8
f 533/37/8 531/38/8 530/39/8
f 531/37/8 532/38/8 530/39/8
f 533/37/8 530/38/8 534/39/8
f 535/37/8 533/38/8 534/39/8
f 536/37/8 535/38/8 534/39/8
f 537/37/8 536/38/8 534/39/8
f 541/37/8 539/38/8 538/39/8
f 539/37/8 540/38/8 538/39/8
f 541/37/8 538/38/8 542/39/8
f 538/37/8 543/38/8 542/39/8
f 543/37/8 544/38/8 542/39/8
f 544/37/8 545/38/8 542/39/8
f 549/37/8 547/38/8 546/39/8
f 547/37/8 548/38/8 546/39/8
f 550/37/8 549/38/8 546/39/8
f 551/37/8 550/38/8 546/39/8
f 551/37/8 552/38/8 550/39/8
f 552/37/8 553/38/8 550/39/8
f 557/1/248 555/2/249 554/3/250
f 555/1/249 556/2/251 554/3/250
f 558/1/252 557/2/248 554/3/250
f 559/1/253 558/2/252 554/3/250
f 560/1/254 558/2/252 559/3/253
f 561/1/255 560/2/254 559/3/253
f 560/1/254 561/2/255 562/3/251
f 563/1/249 560/2/254 562/3/251
f 560/1/254 563/2/249 568/3/7
f 563/1/249 564/2/7 566/3/7
f 564/1/7 563/2/249 565/3/7
f 563/1/249 566/2/7 567/3/7
f 568/1/7 563/2/249 567/3/7
f 569/1/7 560/2/254 568/3/7
f 570/1/7 560/2/254 569/3/7
f 570/1/7 571/2/7 560/3/254
f 571/1/7 572/2/7 558/3/252
f 571/1/7 558/2/252 560/3/254
f 573/1/7 558/2/252 572/3/7
f 573/1/7 574/2/7 558/3/252
f 575/1/7 574/2/7 573/3/7
f 573/1/7 566/2/7 564/3/7
f 575/1/7 573/2/7 564/3/7
f 576/1/7 558/2/252 574/3/7
f 576/1/7 577/2/7 558/3/252
f 577/1/7 557/2/248 558/3/252
f 578/1/7 557/2/248 577/3/7
f 578/1/7 579/2/7 557/3/248
f 579/1/7 555/2/249 557/3/248
f 565/1/7 555/2/249 579/3/7
f 583/37/8 581/38/8 580/39/8
f 581/37/8 582/38/8 580/39/8
f 583/37/8 580/38/8 584/39/8
f 585/37/8 583/38/8 584/39/8
f 585/37/8 584/38/8 586/39/8
f 587/37/8 585/38/8 586/39/8
f 591/43/1 589/44/1 588/45/1
f 589/46/1 590/47/1 588/48/1
f 595/37/1 593/38/1 592/39/1
f 593/37/1 594/38/1 592/39/1
f 595/37/1 592/38/1 596/39/1
f 597/37/1 595/38/1 596/39/1
f 598/37/1 597/38/1 596/39/1
f 599/37/1 598/38/1 596/39/1
f 601/37/1 602/38/1 600/39/1
f 602/37/1 603/38/1 600/39/1
f 603/37/1 604/38/1 600/39/1
f 604/37/1 605/38/1 600/39/1
f 606/37/1 607/38/1 605/39/1
f 604/37/1 606/38/1 605/39/1
f 611/37/1 609/38/1 608/39/1
f 609/37/1 610/38/1 608/39/1
f 615/25/190 613/26/190 612/27/190
f 613/25/190 614/26/190 612/27/190
f 615/25/190 612/26/190 616/27/256
f 612/25/190 617/26/257 616/27/256
f 613/25/190 615/26/190 618/27/258
f 615/25/190 619/26/256 618/27/258
f 623/37/1 621/38/1 620/39/1
f 621/37/1 622/38/1 620/39/1
f 624/37/1 623/38/1 620/39/1
f 625/37/1 624/38/1 620/39/1
f 629/37/6 627/38/6 626/39/6
f 627/37/6 628/38/6 626/39/6
f 630/37/6 629/38/6 626/39/6
f 631/37/6 630/38/6 626/39/6
f 635/43/1 633/44/1 632/45/1
f 633/43/1 634/44/1 632/45/1
f 639/37/6 637/38/6 636/39/6
f 637/37/6 638/38/6 636/39/6
f 640/37/6 639/38/6 636/39/6
f 641/37/6 640/38/6 636/39/6
f 641/37/6 642/38/6 640/39/6
f 642/37/6 643/38/6 640/39/6
f 647/1/6 645/2/259 644/3/6
f 645/1/259 646/2/260 644/3/6
f 648/1/6 647/2/6 644/3/6
f 649/1/6 648/2/6 644/3/6
f 650/1/6 649/2/6 644/3/6
f 650/1/6 644/2/6 651/3/6
f 652/1/6 651/2/6 644/3/6
f 653/1/6 652/2/6 644/3/6
f 654/1/6 653/2/6 644/3/6
f 655/1/6 653/2/6 654/3/6
f 654/1/6 656/2/6 655/3/6
f 654/1/6 657/2/6 656/3/6
f 654/1/6 658/2/6 657/3/6
f 659/1/6 658/2/6 654/3/6
f 660/1/6 659/2/6 654/3/6
f 661/1/261 660/2/6 654/3/6
f 662/1/262 661/2/261 654/3/6
f 661/1/261 662/2/262 663/3/263
f 662/1/262 664/2/264 663/3/263
f 660/1/6 667/2/6 665/3/6
f 659/1/6 660/2/6 665/3/6
f 666/1/6 667/2/6 660/3/6
f 667/1/6 668/2/6 669/3/6
f 665/1/6 667/2/6 669/3/6
f 668/1/6 670/2/6 669/3/6
f 670/1/6 672/2/6 671/3/6
f 670/1/6 673/2/6 672/3/6
f 670/1/6 674/2/6 673/3/6
f 675/1/6 674/2/6 670/3/6
f 676/1/6 675/2/6 670/3/6
f 668/1/6 676/2/6 670/3/6
f 676/1/6 668/2/6 677/3/6
f 668/1/6 678/2/6 677/3/6
f 673/1/6 679/2/6 672/3/6
f 680/1/6 679/2/6 681/3/6
f 683/1/6 680/2/6 681/3/6
f 683/1/6 681/2/6 682/3/6
f 683/1/6 682/2/6 684/3/6
f 682/1/6 685/2/6 684/3/6
f 671/1/6 672/2/6 686/3/6
f 688/1/265 687/2/259 686/3/6
f 687/1/259 647/2/6 686/3/6
f 689/1/6 690/2/6 686/3/6
f 689/1/6 686/2/6 694/3/6
f 690/1/6 691/2/6 686/3/6
f 691/1/6 692/2/6 686/3/6
f 693/1/6 686/2/6 692/3/6
f 671/1/6 686/2/6 693/3/6
f 686/1/6 647/2/6 694/3/6
f 647/1/6 695/2/6 694/3/6
f 695/1/6 647/2/6 648/3/6
f 656/1/6 693/2/6 655/3/6
f 689/1/6 696/2/6 690/3/6
f 696/1/6 651/2/6 690/3/6
f 696/1/6 697/2/6 651/3/6
f 697/1/6 650/2/6 651/3/6
f 701/37/1 699/38/1 698/39/1
f 699/37/1 700/38/1 698/39/1
f 703/37/8 704/38/8 702/39/8
f 704/37/8 705/38/8 702/39/8
f 704/37/8 706/38/8 705/39/8
f 706/37/8 707/38/8 705/39/8
f 708/37/8 709/38/8 707/39/8
f 706/37/8 708/38/8 707/39/8
f 713/43/1 711/44/1 710/45/1
f 711/43/1 712/44/1 710/45/1
f 717/37/1 715/38/1 714/39/1
f 715/37/1 716/38/1 714/39/1
f 721/37/1 719/38/1 718/39/1
f 719/37/1 720/38/1 718/39/1
f 725/1/266 723/2/267 722/3/268
f 723/1/267 724/2/269 722/3/268
f 725/1/266 722/2/268 726/3/270
f 722/1/268 727/2/271 726/3/270
f 727/1/271 728/2/272 726/3/270
f 728/1/272 727/2/271 729/3/273
f 727/1/271 730/2/274 729/3/273
f 727/1/271 731/2/275 730/3/274
f 731/1/275 732/2/276 730/3/274
f 729/1/273 730/2/274 733/3/277
f 734/1/278 729/2/273 733/3/277
f 734/1/278 733/2/277 735/3/279
f 733/1/277 736/2/280 735/3/279
f 736/1/280 733/2/277 737/3/281
f 738/1/282 736/2/280 737/3/281
f 738/1/282 740/2/8 739/3/8
f 736/1/280 738/2/282 739/3/8
f 740/1/8 738/2/282 741/3/8
f 738/1/282 742/2/283 741/3/8
f 742/1/284 744/2/285 743/3/286
f 744/1/285 745/2/287 743/3/286
f 745/1/287 744/2/285 746/3/1
f 744/1/285 747/2/1 746/3/1
f 748/1/8 740/2/8 741/3/8
f 749/1/8 748/2/8 741/3/8
f 750/1/8 749/2/8 741/3/8
f 748/1/8 751/2/8 740/3/8
f 740/1/8 751/2/8 752/3/8
f 739/1/8 740/2/8 752/3/8
f 754/1/8 752/2/8 753/3/8
f 754/1/8 739/2/8 752/3/8
f 754/1/8 755/2/8 739/3/8
f 756/1/8 754/2/8 753/3/8
f 756/1/8 753/2/8 757/3/8
f 758/1/8 756/2/8 757/3/8
f 758/1/8 757/2/8 759/3/8
f 760/1/8 758/2/8 759/3/8
f 763/1/8 760/2/8 761/3/8
f 760/1/8 762/2/8 761/3/8
f 763/1/8 761/2/8 764/3/8
f 763/1/8 766/2/8 765/3/8
f 766/1/8 767/2/8 765/3/8
f 766/1/8 761/2/8 768/3/8
f 769/1/8 768/2/8 761/3/8
f 770/1/8 769/2/8 761/3/8
f 770/1/8 771/2/8 769/3/8
f 770/1/8 772/2/8 771/3/8
f 772/1/8 773/2/8 771/3/8
f 773/1/8 774/2/8 771/3/8
f 774/1/8 773/2/8 775/3/8
f 773/1/8 776/2/8 775/3/8
f 776/1/8 777/2/8 775/3/8
f 777/1/8 778/2/8 775/3/8
f 778/1/8 780/2/8 765/3/8
f 767/1/8 778/2/8 765/3/8
f 779/1/8 783/2/8 778/3/8
f 779/1/8 778/2/8 782/3/8
f 778/1/8 777/2/8 781/3/8
f 778/1/8 781/2/8 782/3/8
f 777/1/8 784/2/8 781/3/8
f 786/1/8 784/2/8 785/3/8
f 784/1/8 777/2/8 785/3/8
f 785/1/8 788/2/8 787/3/8
f 788/1/8 770/2/8 790/3/8
f 770/1/8 788/2/8 789/3/8
f 788/1/8 790/2/8 787/3/8
f 790/1/8 770/2/8 791/3/8
f 791/1/8 770/2/8 792/3/8
f 793/1/8 791/2/8 792/3/8
f 792/1/8 795/2/8 793/3/8
f 795/1/8 794/2/8 793/3/8
f 796/1/288 795/2/8 792/3/8
f 796/1/288 799/2/289 795/3/8
f 798/1/8 795/2/8 797/3/8
f 799/1/289 797/2/8 795/3/8
f 798/1/8 794/2/8 795/3/8
f 803/1/290 799/2/289 800/3/291
f 799/1/289 801/2/292 800/3/291
f 802/1/293 801/2/292 799/3/289
f 796/1/288 802/2/293 799/3/289
f 799/1/289 803/2/290 797/3/8
f 800/1/291 734/2/278 803/3/290
f 803/1/290 804/2/8 797/3/8
f 803/1/290 735/2/279 804/3/8
f 734/1/278 735/2/279 803/3/290
f 804/1/8 779/2/8 797/3/8
f 735/1/279 805/2/8 804/3/8
f 755/1/8 805/2/8 739/3/8
f 736/1/280 739/2/8 805/3/8
f 735/1/279 736/2/280 805/3/8
f 801/1/292 725/2/266 806/3/294
f 800/1/291 801/2/292 806/3/294
f 806/1/294 725/2/266 726/3/270
f 807/1/8 798/2/8 797/3/8
f 808/1/8 807/2/8 797/3/8
f 808/1/8 809/2/8 787/3/8
f 808/1/8 797/2/8 809/3/8
f 787/1/8 809/2/8 810/3/8
f 797/1/8 779/2/8 811/3/8
f 812/1/295 796/2/288 792/3/8
f 813/1/296 792/2/8 770/3/8
f 814/1/297 813/2/296 770/3/8
f 770/1/8 789/2/8 815/3/8
f 815/1/8 772/2/8 770/3/8
f 770/1/8 761/2/8 816/3/297
f 818/1/298 816/2/297 817/3/299
f 761/1/8 817/2/299 816/3/297
f 819/1/300 818/2/298 817/3/299
f 761/1/8 762/2/8 820/3/301
f 762/1/8 821/2/283 820/3/301
f 823/37/7 824/38/7 822/39/7
f 824/37/7 825/38/7 822/39/7
f 826/37/7 825/38/7 824/39/7
f 827/37/7 826/38/7 824/39/7
f 828/37/7 826/38/7 827/39/7
f 829/37/7 828/38/7 827/39/7
f 831/37/7 832/38/7 830/39/7
f 832/37/7 833/38/7 830/39/7
f 834/37/7 833/38/7 832/39/7
f 835/37/7 834/38/7 832/39/7
f 836/37/7 834/38/7 835/39/7
f 837/37/7 836/38/7 835/39/7
f 841/37/1 839/38/1 838/39/1
f 839/37/1 840/38/1 838/39/1
f 845/37/6 843/38/6 842/39/6
f 843/37/6 844/38/6 842/39/6
f 849/37/1 847/38/1 846/39/1
f 847/37/1 848/38/1 846/39/1
f 853/37/1 851/38/1 850/39/1
f 851/37/1 852/38/1 850/39/1
f 855/1/302 856/2/303 854/3/304
f 856/1/303 857/2/305 854/3/304
f 857/1/305 856/2/303 858/3/1
f 859/1/1 857/2/305 858/3/1
f 857/1/305 859/2/1 860/3/1
f 860/1/1 861/2/1 857/3/305
f 861/1/1 864/2/306 857/3/305
f 864/1/306 862/2/307 857/3/305
f 862/1/307 863/2/308 857/3/305
f 864/1/306 861/2/1 865/3/1
f 864/1/306 865/2/1 866/3/309
f 862/1/307 864/2/306 866/3/309
f 866/1/309 868/2/1 867/3/1
f 856/1/303 866/2/309 867/3/1
f 870/1/1 868/2/1 866/3/309
f 871/1/310 866/2/309 869/3/302
f 866/1/309 856/2/303 869/3/302
f 865/1/1 870/2/1 866/3/309
f 871/1/310 862/2/307 866/3/309
f 856/1/303 867/2/1 858/3/1
f 875/1/1 873/2/1 872/3/1
f 873/1/1 874/2/1 872/3/1
f 879/1/1 877/2/1 876/3/1
f 877/1/1 878/2/1 876/3/1
f 881/37/6 882/38/6 880/39/6
f 882/37/6 883/38/6 880/39/6
f 884/37/6 885/38/6 883/39/6
f 882/37/6 884/38/6 883/39/6
f 884/37/6 886/38/6 885/39/6
f 886/37/6 887/38/6 885/39/6
f 889/1/6 890/2/6 888/3/6
f 890/1/6 891/2/6 888/3/6
f 895/37/6 893/38/6 892/39/6
f 893/37/6 894/38/6 892/39/6
f 892/37/6 896/38/6 895/39/6
f 896/37/6 897/38/6 895/39/6
f 898/37/6 897/38/6 896/39/6
f 899/37/6 898/38/6 896/39/6
f 903/1/6 901/2/6 900/3/6
f 901/1/6 902/2/6 900/3/6
f 905/1/6 904/2/6 907/3/6
f 905/1/6 906/2/6 904/3/6
f 904/1/6 908/2/6 907/3/6
f 908/1/6 909/2/6 907/3/6
f 907/1/6 909/2/6 910/3/6
f 911/1/6 907/2/6 910/3/6
f 912/1/311 907/2/6 911/3/6
f 913/1/261 912/2/311 911/3/6
f 915/1/311 914/2/312 907/3/6
f 914/1/312 905/2/6 907/3/6
f 917/37/8 918/38/8 916/39/8
f 918/37/8 919/38/8 916/39/8
f 918/37/8 920/38/8 919/39/8
f 920/37/8 921/38/8 919/39/8
f 920/37/8 922/38/8 921/39/8
f 922/37/8 923/38/8 921/39/8
f 927/1/313 925/2/314 924/3/6
f 925/1/314 926/2/6 924/3/6
f 928/1/315 925/2/314 927/3/313
f 929/1/316 928/2/315 927/3/313
f 928/1/315 929/2/316 930/3/7
f 929/1/316 931/2/7 930/3/7
f 933/37/1 934/38/1 932/39/1
f 934/37/1 935/38/1 932/39/1
f 932/37/1 935/38/1 936/39/1
f 935/37/1 937/38/1 936/39/1
f 936/37/1 937/38/1 938/39/1
f 939/37/1 936/38/1 938/39/1
f 941/37/6 942/38/6 940/39/6
f 942/37/6 943/38/6 940/39/6
f 940/37/6 943/38/6 944/39/6
f 943/37/6 945/38/6 944/39/6
f 944/37/6 945/38/6 946/39/6
f 947/37/6 944/38/6 946/39/6
f 951/1/6 949/2/6 948/3/6
f 949/1/6 950/2/6 948/3/6
f 955/1/1 953/2/1 952/3/1
f 953/1/1 954/2/1 952/3/1
f 959/1/6 957/2/6 956/3/313
f 957/1/6 958/2/317 956/3/313
f 959/1/6 960/2/6 957/3/6
f 960/1/6 961/2/6 957/3/6
f 965/37/1 963/38/1 962/39/1
f 963/37/1 964/38/1 962/39/1
f 969/37/1 967/38/1 966/39/1
f 967/37/1 968/38/1 966/39/1
f 971/1/6 972/2/6 970/3/318
f 972/1/6 973/2/319 970/3/318
f 970/1/318 973/2/319 974/3/320
f 975/1/321 970/2/318 974/3/320
f 979/37/1 977/38/1 976/39/1
f 977/37/1 978/38/1 976/39/1
f 983/1/1 981/2/1 980/3/1
f 981/1/1 982/2/1 980/3/1
f 983/1/1 984/2/322 981/3/1
f 984/1/322 985/2/323 981/3/1
f 989/1/318 987/2/317 986/3/6
f 987/1/317 988/2/6 986/3/6
f 993/1/6 991/2/6 990/3/6
f 991/1/6 992/2/6 990/3/6
f 993/1/6 994/2/6 991/3/6
f 998/37/6 996/38/6 995/39/6
f 996/37/6 997/38/6 995/39/6
f 1002/1/6 1000/2/6 999/3/6
f 1000/1/6 1001/2/6 999/3/6
f 1004/1/6 1005/2/6 1003/3/6
f 1005/1/6 1004/2/6 1006/3/6
f 1004/1/6 1007/2/6 1006/3/6
f 1008/1/6 1006/2/6 1007/3/6
f 1012/37/6 1010/38/6 1009/39/6
f 1010/37/6 1011/38/6 1009/39/6
f 1016/37/6 1014/38/6 1013/39/6
f 1014/37/6 1015/38/6 1013/39/6
f 1020/37/7 1018/38/7 1017/39/7
f 1018/37/7 1019/38/7 1017/39/7
f 1020/37/7 1017/38/7 1021/39/7
f 1022/37/7 1020/38/7 1021/39/7
f 1022/37/7 1021/38/7 1023/39/7
f 1024/37/7 1022/38/7 1023/39/7
f 1028/37/7 1026/38/7 1025/39/7
f 1026/37/7 1027/38/7 1025/39/7
f 1028/37/7 1029/38/7 1026/39/7
f 1029/37/7 1030/38/7 1026/39/7
f 1029/37/7 1031/38/7 1030/39/7
f 1031/37/7 1032/38/7 1030/39/7
f 1036/37/7 1034/38/7 1033/39/7
f 1034/37/7 1035/38/7 1033/39/7
f 1036/37/7 1033/38/7 1037/39/7
f 1038/37/7 1036/38/7 1037/39/7
f 1039/37/7 1038/38/7 1037/39/7
f 1040/37/7 1039/38/7 1037/39/7
f 1044/37/7 1042/38/7 1041/39/7
f 1042/37/7 1043/38/7 1041/39/7
f 1045/37/7 1044/38/7 1041/39/7
f 1046/37/7 1045/38/7 1041/39/7
f 1046/37/7 1047/38/7 1045/39/7
f 1047/37/7 1048/38/7 1045/39/7
f 1052/37/7 1050/38/7 1049/39/7
f 1050/37/7 1051/38/7 1049/39/7
f 1053/37/7 1052/38/7 1049/39/7
f 1054/37/7 1053/38/7 1049/39/7
f 1054/37/7 1055/38/7 1053/39/7
f 1055/37/7 1056/38/7 1053/39/7
f 1060/1/7 1058/2/7 1057/3/7
f 1058/1/7 1059/2/7 1057/3/7
f 1060/1/7 1057/2/7 1061/3/7
f 1062/1/7 1060/2/7 1061/3/7
f 1062/1/7 1061/2/7 1063/3/7
f 1067/1/7 1065/2/7 1064/3/324
f 1065/1/7 1066/2/325 1064/3/324
f 1069/1/7 1068/2/7 1067/3/7
f 1067/1/7 1068/2/7 1065/3/7
f 1070/1/7 1069/2/7 1067/3/7
f 1071/1/7 1070/2/7 1067/3/7
f 1070/1/7 1071/2/7 1072/3/7
f 1071/1/7 1073/2/7 1072/3/7
f 1074/1/7 1075/2/7 1073/3/7
f 1076/1/7 1074/2/7 1073/3/7
f 1073/1/7 1075/2/7 1072/3/7
f 1065/1/7 1076/2/7 1073/3/7
f 1065/1/7 1077/2/7 1076/3/7
f 1068/1/7 1077/2/7 1065/3/7
f 1081/1/326 1079/2/327 1078/3/7
f 1079/1/327 1080/2/7 1078/3/7
f 1081/1/326 1082/2/259 1079/3/327
f 1082/1/259 1083/2/328 1079/3/327
f 1087/1/329 1085/2/330 1084/3/7
f 1085/1/330 1086/2/7 1084/3/7
f 1087/1/329 1088/2/331 1085/3/330
f 1088/1/331 1089/2/332 1085/3/330
f 1091/1/1 1092/2/1 1090/3/333
f 1092/1/1 1093/2/334 1090/3/333
f 1090/1/333 1093/2/334 1094/3/335
f 1095/1/336 1090/2/333 1094/3/335
f 1099/1/337 1097/2/338 1096/3/1
f 1097/1/338 1098/2/1 1096/3/1
f 1097/1/338 1099/2/337 1100/3/339
f 1101/1/340 1097/2/338 1100/3/339
f 1103/1/1 1104/2/1 1102/3/341
f 1104/1/1 1105/2/342 1102/3/341
f 1102/1/341 1105/2/342 1106/3/343
f 1107/1/344 1102/2/341 1106/3/343
f 1111/1/1 1109/2/1 1108/3/1
f 1109/1/1 1110/2/1 1108/3/1
f 1115/1/1 1113/2/1 1112/3/1
f 1113/1/1 1114/2/1 1112/3/1
f 1117/1/345 1118/2/346 1116/3/7
f 1118/1/346 1119/2/7 1116/3/7
f 1116/1/7 1119/2/7 1120/3/7
f 1121/1/7 1116/2/7 1120/3/7
f 1125/1/346 1123/2/347 1122/3/7
f 1123/1/347 1124/2/7 1122/3/7
f 1123/1/347 1125/2/346 1126/3/348
f 1125/1/346 1127/2/349 1126/3/348
f 1128/1/350 1123/2/347 1126/3/348
f 1129/1/351 1128/2/350 1126/3/348
f 1128/1/350 1130/2/352 1123/3/347
f 1130/1/352 1131/2/353 1123/3/347
f 1131/1/353 1133/2/7 1132/3/7
f 1123/1/347 1131/2/353 1132/3/7
f 1137/1/7 1135/2/7 1134/3/345
f 1135/1/7 1136/2/354 1134/3/345
f 1137/1/7 1138/2/7 1135/3/7
f 1139/1/7 1138/2/7 1137/3/7
f 1140/1/7 1139/2/7 1137/3/7
f 1140/1/7 1137/2/7 1141/3/7
f 1137/1/7 1142/2/7 1141/3/7
f 1143/1/7 1140/2/7 1141/3/7
f 1138/1/7 1144/2/7 1135/3/7
f 1148/1/355 1146/2/356 1145/3/354
f 1146/1/356 1147/2/345 1145/3/354
f 1150/1/7 1151/2/7 1149/3/7
f 1152/1/7 1149/2/7 1153/3/7
f 1149/1/7 1154/2/7 1153/3/7
f 1154/1/7 1155/2/7 1153/3/7
f 1153/1/7 1155/2/7 1156/3/7
f 1157/1/7 1159/2/7 1156/3/7
f 1157/1/7 1156/2/7 1158/3/7
f 1159/1/7 1153/2/7 1156/3/7
f 1157/1/7 1158/2/7 1160/3/7
f 1162/1/7 1160/2/7 1161/3/7
f 1162/1/7 1157/2/7 1160/3/7
f 1161/1/7 1151/2/7 1163/3/7
f 1167/1/7 1165/2/7 1164/3/7
f 1165/1/7 1166/2/7 1164/3/7
f 1171/1/1 1169/2/1 1168/3/1
f 1169/1/1 1170/2/1 1168/3/1
f 1171/1/1 1168/2/1 1172/3/357
f 1168/1/1 1173/2/358 1172/3/357
f 1175/1/1 1176/2/1 1174/3/359
f 1176/1/1 1177/2/360 1174/3/359
f 1174/1/359 1177/2/360 1178/3/361
f 1178/1/361 1179/2/362 1174/3/359
f 1179/1/362 1180/2/363 1174/3/359
f 1177/1/360 1181/2/364 1178/3/361
f 1183/1/365 1181/2/364 1182/3/366
f 1181/1/364 1177/2/360 1182/3/366
f 1184/1/1 1176/2/1 1185/3/1
f 1176/1/1 1186/2/1 1185/3/1
f 1188/1/1 1187/2/1 1186/3/1
f 1186/1/1 1187/2/1 1185/3/1
f 1190/1/1 1189/2/1 1187/3/1
f 1189/1/1 1185/2/1 1187/3/1
f 1190/1/1 1187/2/1 1191/3/1
f 1192/1/1 1190/2/1 1191/3/1
f 1193/1/367 1190/2/1 1192/3/1
f 1194/1/368 1193/2/367 1192/3/1
f 1194/1/368 1195/2/1 1193/3/367
f 1195/1/1 1196/2/369 1193/3/367
f 1196/1/369 1198/2/370 1197/3/371
f 1193/1/367 1196/2/369 1197/3/371
f 1197/1/371 1198/2/370 1199/3/372
f 1198/1/370 1200/2/1 1199/3/372
f 1189/1/1 1197/2/371 1199/3/372
f 1201/1/1 1189/2/1 1199/3/372
f 1185/1/1 1189/2/1 1201/3/1
f 1184/1/1 1185/2/1 1201/3/1
f 1193/1/367 1197/2/371 1190/3/1
f 1197/1/371 1189/2/1 1190/3/1
f 1203/1/1 1202/2/1 1205/3/1
f 1203/1/1 1204/2/1 1202/3/1
f 1207/1/1 1206/2/1 1209/3/1
f 1207/1/1 1208/2/1 1206/3/1
f 1213/1/1 1211/2/1 1210/3/1
f 1211/1/1 1212/2/1 1210/3/1
f 1217/1/6 1215/2/6 1214/3/373
f 1215/1/6 1216/2/260 1214/3/373
f 1219/1/6 1220/2/6 1218/3/374
f 1220/1/6 1221/2/375 1218/3/374
f 1218/1/374 1221/2/375 1222/3/376
f 1223/1/377 1218/2/374 1222/3/376
f 1225/1/378 1226/2/379 1224/3/6
f 1226/1/379 1227/2/6 1224/3/6
f 1224/1/6 1227/2/6 1228/3/6
f 1229/1/6 1224/2/6 1228/3/6
f 1233/1/6 1231/2/6 1230/3/380
f 1231/1/6 1232/2/381 1230/3/380
f 1234/1/6 1231/2/6 1233/3/6
f 1238/1/379 1236/2/382 1235/3/6
f 1236/1/382 1237/2/6 1235/3/6
f 1236/1/382 1238/2/379 1239/3/383
f 1240/1/376 1236/2/382 1239/3/383
f 1244/1/384 1242/2/385 1241/3/386
f 1242/1/385 1243/2/383 1241/3/386
f 1246/25/387 1247/26/388 1245/27/190
f 1247/25/388 1248/26/190 1245/27/190
f 1248/25/190 1250/26/190 1249/27/190
f 1252/25/389 1250/26/190 1251/27/190
f 1252/25/389 1253/26/390 1250/27/190
f 1250/25/190 1254/26/190 1249/27/190
f 1253/25/390 1254/26/190 1250/27/190
f 1255/25/391 1249/26/190 1254/27/190
f 1253/25/390 1255/26/391 1254/27/190
f 1247/25/392 1252/26/389 1251/27/190
f 1259/25/190 1257/26/190 1256/27/376
f 1257/25/190 1258/26/332 1256/27/376
f 1256/25/376 1260/26/383 1259/27/190
f 1260/25/383 1261/26/190 1259/27/190
f 1262/25/190 1257/26/190 1261/27/190
f 1257/25/190 1259/26/190 1261/27/190
f 1266/25/383 1264/26/393 1263/27/190
f 1264/25/393 1265/26/190 1263/27/190
f 1268/25/394 1269/26/395 1267/27/190
f 1269/25/395 1270/26/190 1267/27/190
f 1267/25/190 1270/26/190 1271/27/190
f 1271/25/190 1272/26/190 1273/27/396
f 1270/25/190 1272/26/190 1271/27/190
f 1272/25/190 1274/26/397 1273/27/396
f 1274/25/397 1272/26/190 1270/27/190
f 1269/25/395 1274/26/397 1270/27/190
f 1278/1/330 1276/2/398 1275/3/314
f 1276/1/398 1277/2/399 1275/3/314
f 1282/1/395 1280/2/400 1279/3/344
f 1280/1/400 1281/2/334 1279/3/344
f 1286/25/401 1284/26/402 1283/27/403
f 1284/25/402 1285/26/404 1283/27/403
f 1290/25/405 1288/26/406 1287/27/263
f 1288/25/406 1289/26/407 1287/27/263
f 1294/25/263 1292/26/300 1291/27/408
f 1292/25/300 1293/26/409 1291/27/408
f 1298/1/410 1296/2/411 1295/3/412
f 1296/1/411 1297/2/413 1295/3/412
f 1302/1/1 1300/2/1 1299/3/414
f 1300/1/1 1301/2/415 1299/3/414
f 1305/1/416 1299/2/417 1303/3/418
f 1299/1/417 1304/2/419 1303/3/418
f 1299/1/417 1305/2/416 1306/3/1
f 1305/1/416 1307/2/1 1306/3/1
f 1311/1/416 1309/2/420 1308/3/1
f 1309/1/420 1310/2/1 1308/3/1
f 1315/1/420 1313/2/421 1312/3/1
f 1313/1/421 1314/2/1 1312/3/1
f 1319/1/1 1317/2/1 1316/3/415
f 1317/1/1 1318/2/422 1316/3/415
f 1323/1/1 1321/2/1 1320/3/422
f 1321/1/1 1322/2/423 1320/3/422
f 1327/1/421 1325/2/424 1324/3/1
f 1325/1/424 1326/2/1 1324/3/1
f 1331/1/1 1329/2/1 1328/3/423
f 1329/1/1 1330/2/425 1328/3/423
f 1335/1/1 1333/2/1 1332/3/1
f 1333/1/1 1334/2/1 1332/3/1
f 1332/1/1 1336/2/1 1338/3/1
f 1332/1/1 1337/2/1 1336/3/1
f 1339/1/1 1332/2/1 1338/3/1
f 1338/1/1 1340/2/1 1339/3/1
f 1339/1/1 1340/2/1 1341/3/1
f 1342/1/1 1341/2/1 1340/3/1
f 1344/1/1 1342/2/1 1343/3/1
f 1343/1/1 1342/2/1 1340/3/1
f 1345/1/1 1344/2/1 1343/3/1
f 1346/1/1 1345/2/1 1343/3/1
f 1346/1/1 1347/2/1 1345/3/1
f 1347/1/1 1348/2/1 1345/3/1
f 1348/1/1 1349/2/1 1345/3/1
f 1350/1/1 1349/2/1 1348/3/1
f 1350/1/1 1351/2/1 1349/3/1
f 1350/1/1 1352/2/1 1351/3/1
f 1343/1/1 1354/2/1 1351/3/1
f 1351/1/1 1353/2/1 1343/3/1
f 1352/1/1 1353/2/1 1351/3/1
f 1355/1/1 1354/2/1 1343/3/1
f 1356/1/1 1355/2/1 1343/3/1
f 1353/1/1 1357/2/1 1343/3/1
f 1357/1/1 1358/2/1 1343/3/1
f 1358/1/1 1346/2/1 1343/3/1
f 1340/1/1 1338/2/1 1359/3/1
f 1359/1/1 1360/2/1 1340/3/1
f 1360/1/1 1361/2/1 1340/3/1
f 1361/1/1 1362/2/1 1340/3/1
f 1337/1/1 1363/2/1 1336/3/1
f 1366/1/1 1364/2/1 1363/3/1
f 1364/1/1 1365/2/1 1363/3/1
f 1365/1/1 1364/2/1 1367/3/1
f 1368/1/1 1365/2/1 1367/3/1
f 1372/1/1 1370/2/1 1369/3/1
f 1370/1/1 1371/2/1 1369/3/1
f 1376/1/1 1374/2/1 1373/3/1
f 1374/1/1 1375/2/1 1373/3/1
f 1380/1/1 1378/2/1 1377/3/1
f 1378/1/1 1379/2/1 1377/3/1
f 1384/1/1 1382/2/1 1381/3/1
f 1382/1/1 1383/2/1 1381/3/1
f 1388/1/426 1386/2/427 1385/3/428
f 1386/1/427 1387/2/429 1385/3/428
f 1392/1/417 1390/2/430 1389/3/431
f 1390/1/430 1391/2/432 1389/3/431
f 1396/1/433 1394/2/434 1393/3/435
f 1394/1/434 1395/2/436 1393/3/435
f 1400/1/437 1398/2/438 1397/3/439
f 1398/1/438 1399/2/440 1397/3/439
f 1404/1/441 1402/2/442 1401/3/443
f 1402/1/442 1403/2/444 1401/3/443
f 1408/1/445 1406/2/446 1405/3/447
f 1406/1/446 1407/2/448 1405/3/447
f 1412/1/449 1410/2/448 1409/3/450
f 1410/1/448 1411/2/451 1409/3/450
f 1416/1/452 1414/2/1 1413/3/453
f 1414/1/1 1415/2/1 1413/3/453
f 1420/25/454 1418/26/1 1417/27/455
f 1418/25/1 1419/26/1 1417/27/455
f 1424/1/456 1422/2/1 1421/3/457
f 1422/1/1 1423/2/1 1421/3/457
f 1428/1/458 1426/2/1 1425/3/459
f 1426/1/1 1427/2/1 1425/3/459
f 1432/1/460 1430/2/1 1429/3/461
f 1430/1/1 1431/2/1 1429/3/461
f 1436/1/1 1434/2/1 1433/3/1
f 1434/1/1 1435/2/1 1433/3/1
f 1440/1/1 1438/2/1 1437/3/1
f 1438/1/1 1439/2/1 1437/3/1
f 1441/1/462 1438/2/1 1440/3/1
f 1442/1/463 1441/2/462 1440/3/1
f 1444/1/1 1445/2/1 1443/3/1
f 1445/1/1 1446/2/1 1443/3/1
f 1443/1/1 1446/2/1 1447/3/464
f 1446/1/1 1448/2/465 1447/3/464
f 1450/1/1 1451/2/1 1449/3/1
f 1451/1/1 1452/2/1 1449/3/1
f 1449/1/1 1452/2/1 1453/3/465
f 1452/1/1 1454/2/456 1453/3/465
f 1456/1/1 1457/2/1 1455/3/1
f 1457/1/1 1458/2/1 1455/3/1
f 1455/1/1 1458/2/1 1459/3/466
f 1458/1/1 1460/2/467 1459/3/466
f 1464/1/1 1462/2/1 1461/3/453
f 1462/1/1 1463/2/464 1461/3/453
f 1468/1/1 1466/2/1 1465/3/1
f 1466/1/1 1467/2/1 1465/3/1
f 1472/1/1 1470/2/1 1469/3/1
f 1470/1/1 1471/2/1 1469/3/1
f 1476/1/1 1474/2/1 1473/3/1
f 1474/1/1 1475/2/1 1473/3/1
f 1480/1/1 1478/2/1 1477/3/1
f 1478/1/1 1479/2/1 1477/3/1
f 1484/37/6 1482/38/6 1481/39/6
f 1482/37/6 1483/38/6 1481/39/6
f 1484/37/6 1485/38/6 1482/39/6
f 1485/37/6 1486/38/6 1482/39/6
f 1485/37/6 1487/38/6 1486/39/6
f 1487/37/6 1488/38/6 1486/39/6
f 1492/1/8 1490/2/8 1489/3/8
f 1490/1/8 1491/2/8 1489/3/8
f 1494/1/8 1495/2/8 1493/3/8
f 1496/1/8 1493/2/8 1495/3/8
f 1500/1/8 1498/2/8 1497/3/8
f 1498/1/8 1499/2/8 1497/3/8
f 1502/31/190 1503/32/190 1501/33/190
f 1503/31/190 1504/32/190 1501/33/190
f 1505/31/190 1506/32/190 1504/33/190
f 1503/31/190 1505/32/190 1504/33/190
f 1507/31/190 1506/32/190 1505/33/190
f 1508/31/190 1507/32/190 1505/33/190
f 1508/31/190 1509/32/190 1507/33/190
f 1509/31/190 1510/32/190 1507/33/190
f 1514/1/468 1512/2/469 1511/3/7
f 1512/1/469 1513/2/7 1511/3/7
f 1514/1/468 1515/2/470 1512/3/469
f 1515/1/470 1516/2/471 1512/3/469
f 1520/1/472 1518/2/7 1517/3/473
f 1518/1/7 1519/2/7 1517/3/473
f 1520/1/472 1517/2/473 1521/3/474
f 1517/1/473 1522/2/475 1521/3/474
f 1526/1/476 1524/2/7 1523/3/477
f 1524/1/7 1525/2/7 1523/3/477
f 1526/1/476 1523/2/477 1527/3/478
f 1523/1/477 1528/2/479 1527/3/478
f 1532/1/480 1530/2/481 1529/3/7
f 1530/1/481 1531/2/7 1529/3/7
f 1532/1/480 1533/2/482 1530/3/481
f 1533/1/482 1534/2/483 1530/3/481
f 1538/1/484 1536/2/485 1535/3/7
f 1536/1/485 1537/2/7 1535/3/7
f 1538/1/484 1539/2/486 1536/3/485
f 1539/1/486 1540/2/487 1536/3/485
f 1544/1/488 1542/2/7 1541/3/489
f 1542/1/7 1543/2/7 1541/3/489
f 1544/1/488 1541/2/489 1545/3/490
f 1541/1/489 1546/2/491 1545/3/490
f 1550/1/492 1548/2/493 1547/3/7
f 1548/1/493 1549/2/7 1547/3/7
f 1550/1/492 1551/2/494 1548/3/493
f 1551/1/494 1552/2/495 1548/3/493
f 1556/1/7 1554/2/7 1553/3/7
f 1554/1/7 1555/2/7 1553/3/7
f 1554/1/7 1556/2/7 1557/3/496
f 1558/1/497 1554/2/7 1557/3/496
f 1558/1/497 1557/2/496 1559/3/479
f 1557/1/496 1560/2/498 1559/3/479
f 1564/49/426 1562/50/431 1561/51/499
f 1562/52/431 1563/53/470 1561/54/499
f 1568/49/500 1566/50/501 1565/51/475
f 1566/49/501 1567/50/502 1565/51/475
f 1572/49/503 1570/50/504 1569/51/505
f 1570/49/504 1571/50/506 1569/51/505
f 1576/55/486 1574/56/507 1573/57/508
f 1574/58/507 1575/59/509 1573/60/508
f 1580/49/510 1578/50/501 1577/51/498
f 1578/49/501 1579/50/479 1577/51/498
f 1584/49/511 1582/50/512 1581/51/508
f 1582/49/512 1583/50/513 1581/51/508
f 1588/49/514 1586/50/515 1585/51/516
f 1586/49/515 1587/50/510 1585/51/516
f 1592/49/517 1590/50/518 1589/51/519
f 1590/49/518 1591/50/444 1589/51/519
f 1596/1/7 1594/2/7 1593/3/7
f 1594/1/7 1595/2/7 1593/3/7
f 1598/1/7 1599/2/7 1597/3/7
f 1599/1/7 1600/2/7 1597/3/7
f 1600/1/7 1601/2/7 1597/3/7
f 1600/1/7 1602/2/7 1601/3/7
f 1602/1/7 1603/2/7 1601/3/7
f 1607/37/1 1605/38/1 1604/39/1
f 1605/37/1 1606/38/1 1604/39/1
f 1604/37/1 1608/38/1 1607/39/1
f 1608/37/1 1609/38/1 1607/39/1
f 1609/37/1 1608/38/1 1610/39/1
f 1608/37/1 1611/38/1 1610/39/1
f 1615/1/1 1613/2/1 1612/3/1
f 1613/1/1 1614/2/1 1612/3/1
f 1619/1/8 1617/2/8 1616/3/520
f 1617/1/8 1618/2/8 1616/3/520
f 1618/1/8 1620/2/521 1616/3/520
f 1616/1/520 1621/2/522 1619/3/8
f 1623/1/523 1616/2/520 1620/3/521
f 1622/1/524 1621/2/522 1616/3/520
f 1623/1/523 1622/2/524 1616/3/520
f 1624/1/525 1623/2/523 1620/3/521
f 1624/1/525 1620/2/521 1625/3/526
f 1620/1/521 1626/2/527 1625/3/526
f 1626/1/527 1621/2/522 1625/3/526
f 1621/1/522 1622/2/524 1625/3/526
f 1629/1/8 1627/2/8 1626/3/527
f 1627/1/8 1621/2/522 1626/3/527
f 1628/1/8 1629/2/8 1626/3/527
f 1630/1/8 1628/2/8 1626/3/527
f 1620/1/521 1630/2/8 1626/3/527
f 1620/1/521 1618/2/8 1630/3/8
f 1627/1/8 1631/2/8 1621/3/522
f 1621/1/522 1631/2/8 1619/3/8
