mtllib buil.mtl
v -2.0638 200.5642 477.4702
vt 0 0.1666667
vn -0.03961463 -0.9667384 0.2526805
v 1.403268 202.0516 477.7579
vt 0.1666667 0.3333334
vn 0.6940656 -0.6336871 0.3416339
v 0.004425613 200.7752 476.4947
vt 0.1666667 0.1666667
vn 0.377966 -0.9241402 0.05573666
v -2.179024 201.6861 479.4475
vt 0 0.3333334
vn -0.06562012 -0.7111779 0.6999428
v 1.924635 204.0148 478.5634
vt 0.1666667 0.5
vn 0.8266498 -0.1306212 0.5473465
v -2.211877 203.5928 480.5143
vt 0 0.5
vn -0.07397261 -0.2224867 0.9721254
v 1.428455 206.1387 478.6953
vt 0.1666667 0.6666667
vn 0.700518 0.4133277 0.5817515
v -2.153809 205.7733 480.3848
vt 0 0.6666667
vn -0.05916518 0.3358342 0.9400611
v 0.04805539 207.8543 478.1181
vt 0.1666667 0.8333334
vn 0.3886166 0.8030071 0.4518371
v -2.020177 207.6433 479.0937
vt 0 0.8333334
vn -0.02896597 0.7604179 0.6487878
v 1.697545 202.9366 473.8912
vt 0.3333333 0.3333334
vn 0.7564629 -0.4460186 -0.4783631
v 0.1743181 201.2861 474.2622
vt 0.3333333 0.1666667
vn 0.4122598 -0.8209865 -0.3949976
v 2.264358 205.0366 474.0984
vt 0.3333333 0.5
vn 0.900622 0.09186853 -0.4247826
v 1.72274 207.0236 474.8285
vt 0.3333333 0.6666667
vn 0.7629144 0.6009984 -0.238249
v 0.2179668 208.3652 475.8857
vt 0.3333333 0.8333334
vn 0.4229098 0.9061711 0.001101337
v -1.590523 203.4561 471.7141
vt 0.5 0.3333334
vn 0.05917173 -0.3358403 -0.9400585
v -1.72411 201.5861 473.0053
vt 0.5 0.1666667
vn 0.0289712 -0.7604278 -0.648776
v -1.53241 205.6366 471.5846
vt 0.5 0.5
vn 0.07396995 0.222491 -0.9721246
v -1.565308 207.5432 472.6514
vt 0.5 0.6666667
vn 0.06561846 0.7111747 -0.6999462
v -1.680488 208.6652 474.6288
vt 0.5 0.8333334
vn 0.03961606 0.9667366 -0.2526875
v -5.172851 203.0907 473.4037
vt 0.6666667 0.3333334
vn -0.7005183 -0.4133296 -0.5817498
v -3.792342 201.3751 473.9808
vt 0.6666667 0.1666667
vn -0.3886018 -0.8030204 -0.4518263
v -5.668896 205.2146 473.5356
vt 0.6666667 0.5
vn -0.8266515 0.1306254 -0.547343
v -5.147662 207.1778 474.341
vt 0.6666667 0.6666667
vn -0.6940678 0.6336831 -0.3416367
v -3.748713 208.4542 475.6042
vt 0.6666667 0.8333334
vn -0.3779611 0.9241423 -0.05573486
v -5.467074 202.2057 477.2704
vt 0.8333334 0.3333334
vn -0.7629152 -0.6009967 0.2382507
v -3.962254 200.8642 476.2132
vt 0.8333334 0.1666667
vn -0.4228966 -0.9061773 -0.001104222
v -6.008645 204.1928 478.0005
vt 0.8333334 0.5
vn -0.900623 -0.09186341 0.4247816
v -5.441885 206.2929 478.2077
vt 0.8333334 0.6666667
vn -0.7564616 0.4460129 0.4783705
v -3.918605 207.9433 477.8367
vt 0.8333334 0.8333334
vn -0.4122535 0.8209861 0.395005
vt 1 0.3333334
vt 1 0.1666667
vt 1 0.5
vt 1 0.6666667
vt 1 0.8333334
v -1.897348 200.5276 475.1122
vt 0.08333334 0
vn -0.006009759 -0.9746785 -0.2235301
vt 0.25 0
vt 0.4166667 0
vt 0.5833334 0
vt 0.75 0
vt 0.9166667 0
v -1.846939 208.7018 476.9868
vt 0.08333334 1
vn 0.006010201 0.9746777 0.2235337
vt 0.25 1
vt 0.4166667 1
vt 0.5833334 1
vt 0.75 1
vt 0.9166667 1
v -27.69136 200.5642 488.8053
vn 0.1506578 -0.9667392 0.2066822
v -25.0363 202.0516 486.5571
vn 0.7323458 -0.6336918 -0.2492074
v -26.91866 200.7752 486.653
vn 0.3066691 -0.9241413 -0.2278529
v -26.37464 201.6861 490.2849
vn 0.4485327 -0.7111785 0.5413349
v -24.09809 204.0148 486.758
vn 0.9715623 -0.1306196 -0.1974974
v -25.64348 203.5928 491.0625
vn 0.6350922 -0.2224824 0.7397023
v -24.35569 206.1387 487.2021
vn 0.9067001 0.4133311 -0.08397727
v -25.69402 205.7733 490.9299
vn 0.622887 0.335834 0.7065601
v -25.73985 207.8543 487.7701
vn 0.5942882 0.8030088 0.04470457
v -26.51253 207.6433 489.9224
vn 0.4382818 0.7604151 0.4792471
v -27.56239 202.9366 483.6149
vn 0.1966407 -0.4460214 -0.8731536
v -28.37713 201.2861 484.9543
vn 0.01220302 -0.8209877 -0.5708154
v -27.01503 205.0366 483.3607
vn 0.3364719 0.09186982 -0.9372015
v -26.88179 207.0236 484.2599
vn 0.370997 0.6009974 -0.7079289
v -27.19828 208.3652 486.0714
vn 0.2998185 0.9061714 -0.2982655
v -31.42687 203.4561 484.4004
vn -0.622885 -0.3358395 -0.7065593
v -30.6083 201.5861 485.4079
vn -0.4382692 -0.7604266 -0.4792406
v -31.47735 205.6366 484.2678
vn -0.6350896 0.2224911 -0.7397019
v -30.74625 207.5432 485.0454
vn -0.4485335 0.7111754 -0.5413384
v -29.42947 208.6652 486.5251
vn -0.1506623 0.9667374 -0.2066876
v -32.7652 203.0907 488.1283
vn -0.9067008 -0.4133285 0.08398317
v -31.38098 201.3751 487.5602
vn -0.5942745 -0.8030186 -0.04470969
v -33.02272 205.2146 488.5723
vn -0.9715605 0.1306233 0.1975036
v -32.0846 207.1778 488.7733
vn -0.7323542 0.6336824 0.2492066
v -30.20217 208.4542 488.6773
vn -0.3066696 0.9241414 0.2278519
v -30.23908 202.2057 491.0705
vn -0.3709933 -0.6009969 0.7079313
v -29.92255 200.8642 489.2589
vn -0.299815 -0.9061772 0.2982514
v -30.1058 204.1928 491.9697
vn -0.3364656 -0.09186158 0.9372045
v -29.55848 206.2929 491.7155
vn -0.1966376 0.4460125 0.8731589
v -28.7437 207.9433 490.376
vn -0.01219609 0.8209851 0.5708194
v -29.24102 200.5276 487.0202
vn -0.1623089 -0.974678 -0.1538139
v -27.87981 208.7018 488.3101
vn 0.1623129 0.9746775 0.1538125
v -39.70384 200.5642 514.6042
vn 0.2526795 -0.9667388 0.03961236
v -39.41609 202.0516 511.1371
vn 0.3416339 -0.6336886 -0.6940641
v -40.67931 200.7752 512.5359
vn 0.05573218 -0.9241413 -0.3779638
v -37.7265 201.6861 514.7194
vn 0.6999416 -0.7111791 0.06562082
v -38.61062 204.0148 510.6158
vn 0.5473501 -0.1306173 -0.8266481
v -36.65963 203.5928 514.7523
vn 0.9721256 -0.2224849 0.07397401
v -38.47874 206.1387 511.1119
vn 0.581752 0.4133303 -0.700516
v -36.78917 205.7733 514.6942
vn 0.9400612 0.3358339 0.05916492
v -39.05585 207.8543 512.4923
vn 0.4518354 0.8030087 -0.3886151
v -38.08035 207.6433 514.5605
vn 0.6487888 0.760417 0.02896719
v -43.28279 202.9366 510.8428
vn -0.4783649 -0.4460203 -0.7564607
v -42.91179 201.2861 512.3661
vn -0.3950004 -0.8209879 -0.4122543
v -43.07552 205.0366 510.276
vn -0.4247786 0.09187042 -0.9006237
v -42.34549 207.0236 510.8177
vn -0.2382462 0.6009984 -0.7629153
v -41.28829 208.3652 512.3224
vn 0.001095418 0.9061692 -0.4229138
v -45.45993 203.4561 514.1309
vn -0.9400588 -0.3358403 -0.05916644
v -44.16872 201.5861 514.2645
vn -0.6487777 -0.7604265 -0.02896764
v -45.58943 205.6366 514.0728
vn -0.972125 0.2224895 -0.07396914
v -44.5226 207.5432 514.1057
vn -0.699944 0.7111766 -0.06562205
v -42.54522 208.6652 514.2209
vn -0.2526854 0.9667369 -0.03962119
v -43.77029 203.0907 517.7133
vn -0.5817475 -0.413331 0.7005193
v -43.19321 201.3751 516.3327
vn -0.4518296 -0.8030185 0.3886019
v -43.63844 205.2146 518.2093
vn -0.5473393 0.1306209 0.8266546
v -42.83297 207.1778 517.688
vn -0.3416376 0.6336822 0.6940682
v -41.56975 208.4542 516.2891
vn -0.05573586 0.924143 0.3779593
v -39.90359 202.2057 518.0074
vn 0.2382526 -0.6009974 0.762914
v -40.96077 200.8642 516.5026
vn -0.001104688 -0.9061786 0.4228938
v -39.17354 204.1928 518.549
vn 0.424784 -0.09186602 0.9006216
v -38.96627 206.2929 517.9823
vn 0.4783699 0.4460105 0.7564634
v -39.33728 207.9433 516.459
vn 0.3950008 0.8209893 0.412251
v -42.06185 200.5276 514.4377
vn -0.2235312 -0.9746782 0.006010192
v -40.18721 208.7018 514.3873
vn 0.2235297 0.9746786 -0.0060121
v -28.48347 200.5642 541.3101
vn 0.2066842 -0.9667386 -0.1506587
v -30.73159 202.0516 538.655
vn -0.2492066 -0.6336886 -0.7323489
v -30.63569 200.7752 540.5374
vn -0.2278485 -0.9241416 -0.3066713
v -27.00381 201.6861 539.9934
vn 0.5413334 -0.7111809 -0.4485308
v -30.5307 204.0148 537.7169
vn -0.1975004 -0.1306225 -0.9715613
v -26.22619 203.5928 539.2622
vn 0.739702 -0.222487 -0.6350909
v -30.0866 206.1387 537.9744
vn -0.08398424 0.4133269 -0.9067014
v -26.35884 205.7733 539.3127
vn 0.7065591 0.3358349 -0.6228877
v -29.51858 207.8543 539.3586
vn 0.04470453 0.8030052 -0.594293
v -27.36633 207.6433 540.1313
vn 0.479245 0.7604148 -0.4382848
v -33.67385 202.9366 541.1812
vn -0.873154 -0.4460188 -0.1966451
v -32.33442 201.2861 541.9958
vn -0.5708174 -0.8209863 -0.01220434
v -33.92808 205.0366 540.6338
vn -0.9372026 0.09186684 -0.3364695
v -33.02888 207.0236 540.5005
vn -0.7079322 0.6009929 -0.370998
v -31.2173 208.3652 540.817
vn -0.2982685 0.9061689 -0.299823
v -32.88829 203.4561 545.0456
vn -0.706562 -0.3358411 0.6228812
v -31.88081 201.5861 544.2271
vn -0.4792396 -0.7604263 0.4382707
v -33.02096 205.6366 545.0961
vn -0.7397043 0.2224874 0.6350882
v -32.24334 207.5432 544.365
vn -0.5413414 0.7111738 0.4485325
v -30.76367 208.6652 543.0482
vn -0.2066897 0.966737 0.1506618
v -29.16045 203.0907 546.384
vn 0.08397636 -0.41333 0.9067008
v -29.72857 201.3751 544.9997
vn -0.0447125 -0.803017 0.5942764
v -28.71646 205.2146 546.6415
vn 0.1974969 0.1306238 0.9715618
v -28.51548 207.1778 545.7034
vn 0.2492033 0.6336833 0.7323546
v -28.61146 208.4542 543.8209
vn 0.2278474 0.9241426 0.3066693
v -26.21824 202.2057 543.8578
vn 0.7079275 -0.6009994 0.3709964
v -28.02985 200.8642 543.5413
vn 0.2982448 -0.9061785 0.2998174
v -25.31906 204.1928 543.7245
vn 0.9372025 -0.0918621 0.3364711
v -25.57327 206.2929 543.1772
vn 0.8731579 0.4460127 0.1966415
v -26.91273 207.9433 542.3624
vn 0.5708144 0.8209885 0.01219457
v -30.26854 200.5276 542.8597
vn -0.1538118 -0.9746777 0.1623127
v -28.97861 208.7018 541.4985
vn 0.1538107 0.9746776 -0.1623143
v 80.43148 103.5689 480.1421
vn 0.1855386 -0.9765204 -0.1094685
v 81.27904 105.2338 484.744
vn 0.2920958 -0.7045829 0.6467171
v 82.51155 104.4563 482.1353
vn 0.5054682 -0.8400291 0.1971119
v 77.6762 103.6967 481.2916
vn -0.2899472 -0.9528974 0.08897791
v 79.65166 107.0625 486.2392
vn -0.02546966 -0.3473262 0.9373984
v 75.49142 105.2876 482.2526
vn -0.7154965 -0.6417056 0.2761861
v 78.06533 109.4522 486.2197
vn -0.3350599 0.1186315 0.9346986
v 74.46252 107.9151 482.7673
vn -0.9171063 -0.1296825 0.3769597
v 76.94534 111.7627 484.6913
vn -0.5290862 0.517935 0.6721689
v 74.8652 110.8753 482.698
vn -0.8490208 0.3814518 0.3655929
v 85.01491 108.5844 483.302
vn 0.8956233 -0.1632974 0.4137546
v 84.6685 106.3908 481.3028
vn 0.8372127 -0.5425009 0.06904835
v 83.96546 110.9314 484.574
vn 0.6900256 0.294382 0.661214
v 81.80126 112.8027 484.7777
vn 0.2684713 0.6599165 0.701736
v 79.10223 113.6972 483.8588
vn -0.1973427 0.8154743 0.5441117
v 85.14793 110.3979 478.4075
vn 0.917108 0.1296786 -0.3769568
v 84.74521 107.4378 478.4769
vn 0.8490195 -0.3814588 -0.3655887
v 84.11899 113.0255 478.9223
vn 0.7154937 0.6417091 -0.276185
v 81.93424 114.6163 479.8832
vn 0.2899562 0.9528947 -0.08897729
v 79.17892 114.7442 481.0328
vn -0.1855355 0.976521 0.1094683
v 81.54501 108.8608 474.9551
vn 0.3350587 -0.1186342 -0.9346986
v 82.66507 106.5504 476.4836
vn 0.5290894 -0.5179462 -0.6721578
v 79.95875 111.2506 474.9358
vn 0.02546358 0.3473296 -0.9373974
v 78.33131 113.0792 476.4308
vn -0.2920907 0.7045808 -0.6467217
v 77.09885 113.8568 479.0396
vn -0.5054669 0.8400311 -0.1971065
v 77.80917 105.5103 476.3972
vn -0.2684704 -0.6599207 -0.7017324
v 80.50817 104.6159 477.3162
vn 0.1973495 -0.8154782 -0.5441034
v 75.64494 107.3817 476.6009
vn -0.6900308 -0.2943765 -0.661211
v 74.59547 109.7286 477.8728
vn -0.8956253 0.1632919 -0.4137524
v 74.9419 111.9223 479.8722
vn -0.8372126 0.5425018 -0.06904187
v 83.01887 104.9382 479.1118
vn 0.5838261 -0.7663381 -0.2680915
v 76.59154 113.3749 482.0631
vn -0.583828 0.7663375 0.2680891
v 61.05273 103.5689 451.2605
vn 0.1295242 -0.97652 -0.1721398
v 63.59686 105.2338 455.1877
vn 0.51735 -0.7045835 0.4857067
v 63.73726 104.4563 452.306
vn 0.542424 -0.8400285 -0.01132634
v 58.94708 103.6967 453.3769
vn -0.2338242 -0.9528979 0.1931627
v 62.66553 107.0625 457.1919
vn 0.3351937 -0.3473281 0.8757901
v 57.29638 105.2876 455.1008
vn -0.5553433 -0.6417044 0.5289699
v 61.1925 109.4522 457.7809
vn 0.04813146 0.1186325 0.991771
v 56.54276 107.9151 455.9701
vn -0.7030433 -0.1296827 0.6992229
v 59.57285 111.7627 456.7975
vn -0.2315844 0.5179347 0.8234757
v 56.88828 110.8753 455.752
vn -0.6444899 0.3814489 0.6626685
v 66.49653 108.5844 452.4259
vn 0.9857848 -0.163299 0.03951826
v 65.41141 106.3908 450.7114
vn 0.7999104 -0.5424978 -0.256592
v 66.01373 110.9314 454.0026
vn 0.8905367 0.2943807 0.3468203
v 64.09222 112.8027 455.019
vn 0.5165757 0.6599175 0.5455808
v 61.24697 113.6972 455.2029
vn 0.02590369 0.8154743 0.5782134
v 64.74638 110.3979 447.853
vn 0.7030413 0.1296781 -0.6992257
v 64.40086 107.4378 448.0712
vn 0.6444879 -0.3814585 -0.6626649
v 63.99275 113.0255 448.7224
vn 0.5553384 0.641709 -0.5289695
v 62.34205 114.6163 450.4463
vn 0.233834 0.9528948 -0.1931659
v 60.2364 114.7442 452.5627
vn -0.1295207 0.9765209 0.1721374
v 60.09652 108.8608 446.0422
vn -0.04813834 -0.1186341 -0.9917704
v 61.71628 106.5504 447.0258
vn 0.2315888 -0.5179467 -0.823467
v 58.62362 111.2506 446.6314
vn -0.3351989 0.3473275 -0.8757883
v 57.69217 113.0792 448.6353
vn -0.5173469 0.7045799 -0.4857154
v 57.55188 113.8568 451.5172
vn -0.5424219 0.8400298 0.01133157
v 57.19691 105.5103 448.8041
vn -0.5165721 -0.6599212 -0.5455798
v 60.04216 104.6159 448.6203
vn -0.02589072 -0.8154772 -0.5782098
v 55.27541 107.3817 449.8206
vn -0.8905384 -0.2943777 -0.3468187
v 54.79256 109.7286 451.3973
vn -0.9857864 0.1632899 -0.03951614
v 55.87773 111.9223 453.1118
vn -0.799907 0.5424993 0.2565994
v 63.04888 104.9382 449.3184
vn 0.436792 -0.7663373 -0.4711049
v 58.24025 113.3749 454.5048
vn -0.4367935 0.766337 0.4711039
v 24.32484 200.5642 487.8368
vn -0.206681 -0.9667393 0.1506591
v 26.57296 202.0516 490.4918
vn 0.2492042 -0.633689 0.7323493
v 26.47706 200.7752 488.6094
vn 0.227852 -0.9241416 0.3066687
v 22.84517 201.6861 489.1535
vn -0.5413348 -0.7111791 0.448532
v 26.37207 204.0148 491.43
vn 0.1974932 -0.1306174 0.9715635
v 22.06756 203.5928 489.8846
vn -0.7397043 -0.222483 0.6350896
v 25.92797 206.1387 491.1724
vn 0.08397622 0.413328 0.9067017
v 22.20021 205.7733 489.8341
vn -0.7065602 0.3358331 0.6228875
v 25.35995 207.8543 489.7883
vn -0.04470783 0.8030053 0.5942926
v 23.2077 207.6433 489.0156
vn -0.4792444 0.7604158 0.4382837
v 29.51522 202.9366 487.9657
vn 0.8731529 -0.4460208 0.1966453
v 28.17579 201.2861 487.151
vn 0.5708156 -0.8209877 0.01219993
v 29.76945 205.0366 488.5131
vn 0.937201 0.09186814 0.3364736
v 28.87025 207.0236 488.6463
vn 0.7079278 0.6009968 0.3710001
v 27.05867 208.3652 488.3298
vn 0.2982649 0.9061702 0.2998225
v 28.72967 203.4561 484.1012
vn 0.7065589 -0.3358419 -0.6228842
v 27.72218 201.5861 484.9198
vn 0.4792385 -0.7604253 -0.4382737
v 28.86233 205.6366 484.0508
vn 0.7397016 0.2224891 -0.6350906
v 28.08471 207.5432 484.7819
vn 0.541338 0.7111759 -0.4485332
v 26.60504 208.6652 486.0986
vn 0.2066896 0.9667367 -0.150664
v 25.00182 203.0907 482.7629
vn -0.08398578 -0.4133302 -0.9066998
v 25.56994 201.3751 484.1471
vn 0.04470699 -0.8030159 -0.5942783
v 24.55783 205.2146 482.5054
vn -0.1975061 0.1306244 -0.9715599
v 24.35685 207.1778 483.4435
vn -0.2492092 0.6336832 -0.7323526
v 24.45283 208.4542 485.3259
vn -0.2278493 0.9241406 -0.3066737
v 22.05961 202.2057 485.289
vn -0.7079309 -0.6009971 -0.3709937
v 23.87122 200.8642 485.6056
vn -0.2982516 -0.9061768 -0.299816
v 21.16043 204.1928 485.4223
vn -0.9372039 -0.09186259 -0.3364671
v 21.41463 206.2929 485.9696
vn -0.8731589 0.4460117 -0.1966396
v 22.7541 207.9433 486.7844
vn -0.570815 0.8209881 -0.01219733
v 26.10991 200.5276 486.2871
vn 0.1538114 -0.9746774 -0.1623144
v 24.81998 208.7018 487.6483
vn -0.1538098 0.9746782 0.1623113
v 35.44517 200.5642 514.2122
vn -0.2526798 -0.9667388 -0.03961159
v 35.15741 202.0516 517.6793
vn -0.3416352 -0.6336855 0.6940663
v 36.42064 200.7752 516.2805
vn -0.05573421 -0.92414 0.3779669
v 33.46782 201.6861 514.097
vn -0.6999419 -0.7111789 -0.06561973
v 34.35195 204.0148 518.2006
vn -0.547345 -0.1306186 0.8266512
v 32.40096 203.5928 514.0641
vn -0.9721258 -0.2224853 -0.07397209
v 34.22007 206.1387 517.7045
vn -0.581751 0.4133313 0.7005162
v 32.5305 205.7733 514.1222
vn -0.9400607 0.3358347 -0.05916766
v 34.79717 207.8543 516.324
vn -0.4518357 0.8030095 0.3886133
v 33.82167 207.6433 514.2558
vn -0.6487841 0.7604209 -0.02897014
v 39.02412 202.9366 517.9736
vn 0.4783642 -0.4460174 0.7564629
v 38.65311 201.2861 516.4503
vn 0.3950028 -0.8209855 0.4122566
v 38.81685 205.0366 518.5403
vn 0.4247817 0.09187043 0.9006222
v 38.08681 207.0236 517.9987
vn 0.238251 0.6009952 0.7629162
v 37.02961 208.3652 516.494
vn -0.001100206 0.9061688 0.4229147
v 41.20125 203.4561 514.6855
vn 0.9400597 -0.3358379 0.05916701
v 39.91004 201.5861 514.5519
vn 0.6487811 -0.7604235 0.02896848
v 41.33075 205.6366 514.7436
vn 0.9721249 0.2224893 0.07397067
v 40.26393 207.5432 514.7107
vn 0.6999472 0.7111732 0.065624
v 38.28654 208.6652 514.5955
vn 0.2526875 0.9667363 0.03962214
v 39.51162 203.0907 511.1031
vn 0.5817524 -0.4133255 -0.7005185
v 38.93454 201.3751 512.4836
vn 0.4518319 -0.8030174 -0.3886012
v 39.37976 205.2146 510.6071
vn 0.5473427 0.1306199 -0.8266525
v 38.5743 207.1778 511.1283
vn 0.3416368 0.633683 -0.6940678
v 37.31108 208.4542 512.5273
vn 0.0557349 0.9241436 -0.3779579
v 35.64492 202.2057 510.8089
vn -0.2382478 -0.6009954 -0.762917
v 36.7021 200.8642 512.3137
vn 0.001106289 -0.9061783 -0.4228944
v 34.91486 204.1928 510.2674
vn -0.4247816 -0.09186575 -0.9006227
v 34.7076 206.2929 510.8341
vn -0.4783716 0.4460107 -0.7564622
v 35.0786 207.9433 512.3574
vn -0.395001 0.8209887 -0.4122521
v 37.80317 200.5276 514.3787
vn 0.2235343 -0.9746776 -0.006006726
v 35.92854 208.7018 514.4291
vn -0.2235297 0.9746786 0.00601255
v 24.01655 200.5642 539.972
vn -0.1506574 -0.9667394 -0.206682
v 21.36149 202.0516 542.2201
vn -0.7323496 -0.6336882 0.2492054
v 23.24386 200.7752 542.1242
vn -0.3066743 -0.9241394 0.2278536
v 22.69984 201.6861 538.4923
vn -0.4485325 -0.7111767 -0.5413375
v 20.42328 204.0148 542.0192
vn -0.9715627 -0.1306203 0.1974947
v 21.96868 203.5928 537.7147
vn -0.6350884 -0.2224849 -0.7397047
v 20.68088 206.1387 541.5751
vn -0.9067027 0.413326 0.08397485
v 22.01922 205.7733 537.8474
vn -0.6228867 0.335831 -0.7065619
v 22.06504 207.8543 541.0071
vn -0.5942887 0.8030083 -0.04470628
v 22.83772 207.6433 538.8549
vn -0.4382805 0.7604182 -0.4792434
v 23.88758 202.9366 545.1624
vn -0.1966448 -0.4460223 0.8731523
v 24.70232 201.2861 543.8229
vn -0.01220397 -0.8209848 0.5708197
v 23.34022 205.0366 545.4166
vn -0.3364708 0.09186571 0.9372023
v 23.20699 207.0236 544.5174
vn -0.3710001 0.6009983 0.7079266
v 23.52347 208.3652 542.7058
vn -0.2998216 0.9061707 0.2982644
v 27.75206 203.4561 544.3768
vn 0.622884 -0.3358403 0.7065598
v 26.9335 201.5861 543.3693
vn 0.4382748 -0.7604223 0.4792423
v 27.80254 205.6366 544.5095
vn 0.6350914 0.2224884 0.7397012
v 27.07144 207.5432 543.7319
vn 0.4485346 0.7111748 0.5413382
v 25.75467 208.6652 542.2522
vn 0.1506614 0.9667374 0.2066879
v 29.0904 203.0907 540.649
vn 0.9067008 -0.4133286 -0.08398254
v 27.70618 201.3751 541.2171
vn 0.5942767 -0.803017 0.0447094
v 29.34792 205.2146 540.205
vn 0.9715617 0.1306213 -0.1974995
v 28.4098 207.1778 540.004
vn 0.7323572 0.6336809 -0.2492017
v 26.52736 208.4542 540.1
vn 0.3066703 0.9241419 -0.2278489
v 26.56428 202.2057 537.7068
vn 0.3709959 -0.6009929 -0.7079333
v 26.24775 200.8642 539.5184
vn 0.2998162 -0.9061766 -0.2982519
v 26.431 204.1928 536.8076
vn 0.3364735 -0.09186655 -0.9372012
v 25.88368 206.2929 537.0618
vn 0.1966478 0.4460097 -0.873158
v 25.0689 207.9433 538.4012
vn 0.01219617 0.8209893 -0.5708134
v 25.56622 200.5276 541.7571
vn 0.1623132 -0.974677 0.1538156
v 24.205 208.7018 540.4672
vn -0.1623112 0.974678 -0.153811
v -1.617566 200.5642 551.5379
vn 0.03961204 -0.9667393 -0.2526778
v -5.084634 202.0516 551.2502
vn -0.6940663 -0.6336861 -0.3416342
v -3.685791 200.7752 552.5134
vn -0.3779686 -0.9241392 -0.05573637
v -1.502342 201.6861 549.5605
vn 0.06561824 -0.7111781 -0.6999429
v -5.606001 204.0148 550.4447
vn -0.8266498 -0.1306209 -0.5473467
v -1.469489 203.5928 548.4937
vn 0.07397357 -0.2224851 -0.9721256
v -5.109821 206.1387 550.3128
vn -0.7005177 0.4133262 -0.5817529
v -1.527557 205.7733 548.6232
vn 0.05917095 0.3358321 -0.9400615
v -3.729421 207.8543 550.8899
vn -0.3886158 0.8030077 -0.4518367
v -1.661189 207.6433 549.9144
vn 0.02896613 0.7604175 -0.6487883
v -5.378911 202.9366 555.1169
vn -0.7564612 -0.4460205 0.4783641
v -3.855684 201.2861 554.7458
vn -0.4122596 -0.820987 0.3949966
v -5.945724 205.0366 554.9096
vn -0.9006232 0.09186776 0.4247801
v -5.404106 207.0236 554.1796
vn -0.7629178 0.6009957 0.2382448
v -3.899333 208.3652 553.1224
vn -0.4229118 0.9061702 -0.001099868
v -2.090843 203.4561 557.294
vn -0.05916923 -0.3358423 0.940058
v -1.957256 201.5861 556.0028
vn -0.02896827 -0.7604276 0.6487763
v -2.148956 205.6366 557.4235
vn -0.07397176 0.222487 0.9721254
v -2.116058 207.5432 556.3567
vn -0.06562439 0.7111795 0.6999408
v -2.000879 208.6652 554.3793
vn -0.0396176 0.9667376 0.2526834
v 1.491485 203.0907 555.6044
vn 0.7005159 -0.4133308 0.5817518
v 0.1109764 201.3751 555.0273
vn 0.3886045 -0.8030175 0.451829
v 1.98753 205.2146 555.4725
vn 0.8266525 0.130621 0.5473425
v 1.466296 207.1778 554.6671
vn 0.6940665 0.633685 0.3416358
v 0.06734664 208.4542 553.4038
vn 0.3779577 0.9241436 0.05573659
v 1.785708 202.2057 551.7377
vn 0.7629156 -0.6009972 -0.2382481
v 0.2808878 200.8642 552.7949
vn 0.4228968 -0.9061772 0.001108304
v 2.327279 204.1928 551.0076
vn 0.9006227 -0.09186257 -0.4247822
v 1.760519 206.2929 550.8004
vn 0.7564645 0.4460109 -0.4783677
v 0.2372391 207.9433 551.1713
vn 0.4122494 0.8209896 -0.395002
v -1.784018 200.5276 553.8959
vn 0.00601106 -0.9746786 0.2235298
v -1.834427 208.7018 552.0213
vn -0.006014579 0.9746784 -0.2235304
v -35.8102 103.5689 596.8327
vn -0.0537901 -0.9765199 0.2086034
v -39.66357 105.2338 594.178
vn -0.6638402 -0.7045833 -0.2507562
v -38.69048 104.4563 596.8941
vn -0.4967991 -0.8400291 0.2180408
v -34.67474 103.6967 594.0716
vn 0.1421095 -0.9528962 -0.2679434
v -39.57008 107.0625 591.97
vn -0.6448315 -0.3473286 -0.6808488
v -33.80942 105.2876 591.8472
vn 0.3106388 -0.6417039 -0.7012272
v -38.43461 109.4522 590.8621
vn -0.4240054 0.1186288 -0.8978567
v -33.44582 107.9151 590.7557
vn 0.3819453 -0.1296864 -0.9150406
v -36.56188 111.7627 591.1509
vn -0.101176 0.517938 -0.8494137
v -33.68157 110.8753 591.0894
vn 0.3418364 0.3814549 -0.8588598
v -41.28559 108.5844 597.8393
vn -0.9258683 -0.1633003 0.3407359
v -39.62695 106.3908 599.008
vn -0.6408274 -0.5425007 0.5431696
v -41.44293 110.9314 596.1978
vn -0.9554712 0.2943801 0.02037607
v -40.05665 112.8027 594.5234
vn -0.6860387 0.6599181 -0.3063641
v -37.49836 113.6972 593.2647
vn -0.245199 0.8154758 -0.5242869
v -37.91871 110.3979 601.3943
vn -0.3819409 0.1296791 0.9150434
v -37.68299 107.4378 601.0605
vn -0.3418408 -0.3814634 0.8588542
v -37.55514 113.0255 600.3027
vn -0.310637 0.6417087 0.7012237
v -36.68979 114.6163 598.0784
vn -0.1421124 0.9528945 0.2679479
v -35.55437 114.7442 595.3172
vn 0.05379266 0.9765208 -0.208599
v -32.92982 108.8608 601.2878
vn 0.4240123 -0.1186309 0.8978531
v -34.80268 106.5504 600.999
vn 0.1011636 -0.5179486 0.8494087
v -31.79452 111.2506 600.1799
vn 0.6448341 0.3473267 0.6808473
v -31.70086 113.0792 597.972
vn 0.6638418 0.7045798 0.2507617
v -32.67409 113.8568 595.2558
vn 0.4967954 0.8400301 -0.2180454
v -31.30787 105.5103 597.6265
vn 0.6860397 -0.6599176 0.306363
v -33.86621 104.6159 598.8852
vn 0.2451876 -0.8154782 0.5242884
v -29.92163 107.3817 595.9521
vn 0.9554719 -0.2943774 -0.02037836
v -30.07892 109.7286 594.3107
vn 0.9258703 0.1632895 -0.3407356
v -31.73761 111.9223 593.1419
vn 0.6408199 0.5425023 -0.5431768
v -36.91121 104.9382 599.3908
vn -0.2232668 -0.7663391 0.6023921
v -34.45335 113.3749 592.7591
vn 0.2232586 0.76634 -0.6023942
v -1.684946 103.5689 603.5522
vn 0.03013555 -0.9765196 0.2133103
v -6.260926 105.2338 602.5742
vn -0.7092674 -0.7045844 0.02237351
v -4.322482 104.4563 604.7112
vn -0.3755385 -0.8400295 0.3915626
v -1.692554 103.6967 600.5668
vn 0.02875393 -0.952897 -0.3019283
v -7.019498 107.0625 600.4985
vn -0.8562937 -0.3473307 -0.3822597
v -1.744349 105.2876 598.1806
vn 0.01865036 -0.641706 -0.7667239
v -6.394454 109.4522 599.0404
vn -0.7353231 0.1186327 -0.6672528
v -1.826116 107.9151 597.033
vn 0.002702088 -0.1296829 -0.9915519
v -4.553759 111.7627 598.5906
vn -0.4185279 0.5179409 -0.7460373
v -1.916216 110.8753 597.4316
vn -0.01285468 0.3814525 -0.9242991
v -6.358351 108.5844 606.5776
vn -0.7249974 -0.1632978 0.6691133
v -4.378716 106.3908 607.0226
vn -0.3841811 -0.5425003 0.7470598
v -7.131891 110.9314 605.1212
vn -0.8749421 0.2943835 0.3844668
v -6.491885 112.8027 603.0438
vn -0.7510576 0.6599181 -0.02050777
v -4.610021 113.6972 600.9019
vn -0.4271734 0.8154768 -0.3905388
v -1.887333 110.3979 608.5735
vn -0.002694894 0.1296798 0.9915522
v -1.797296 107.4378 608.1749
vn 0.01285079 -0.3814607 0.9242957
v -1.969162 113.0255 607.4258
vn -0.01864451 0.6417097 0.7667209
v -2.020896 114.6163 605.0397
vn -0.02875527 0.9528948 0.3019348
v -2.028566 114.7442 602.0542
vn -0.03013709 0.976521 -0.2133038
v 2.681082 108.8608 606.566
vn 0.7353273 -0.1186338 0.667248
v 0.8402467 106.5504 607.0159
vn 0.4185179 -0.5179495 0.7460369
v 3.305952 111.2506 605.1079
vn 0.8562974 0.3473286 0.3822533
v 2.547554 113.0792 603.0322
vn 0.7092723 0.7045796 -0.02236835
v 0.6089697 113.8568 600.8952
vn 0.3755336 0.8400307 -0.3915647
v 2.778436 105.5103 602.5627
vn 0.7510547 -0.6599213 0.02050813
v 0.8965092 104.6159 604.7045
vn 0.4271615 -0.8154789 0.3905473
v 3.418379 107.3817 600.4852
vn 0.8749428 -0.2943771 -0.38447
v 2.644909 109.7286 599.0289
vn 0.7249985 0.1632894 -0.6691142
v 0.6652045 111.9223 598.5839
vn 0.3841727 0.5424995 -0.7470647
v -1.723207 104.9382 606.337
vn 0.02426238 -0.7663378 0.6419795
v -1.990304 113.3749 599.2695
vn -0.02426544 0.7663383 -0.6419789
v 32.41407 103.5689 596.7012
vn 0.1094688 -0.9765196 0.1855428
v 27.81214 105.2338 597.5488
vn -0.6467137 -0.704585 0.2920985
v 30.42082 104.4563 598.7813
vn -0.1971141 -0.8400297 0.5054663
v 31.26456 103.6967 593.946
vn -0.088975 -0.9528974 -0.2899483
v 26.31698 107.0625 595.9214
vn -0.9373968 -0.3473307 -0.02546977
v 30.30353 105.2876 591.7612
vn -0.2761812 -0.6417059 -0.7154981
v 26.33645 109.4522 594.3351
vn -0.934697 0.1186321 -0.3350641
v 29.78885 107.9151 590.7323
vn -0.376956 -0.1296857 -0.9171073
v 27.86488 111.7627 593.2151
vn -0.6721689 0.5179387 -0.5290826
v 29.85812 110.8753 591.1349
vn -0.3655933 0.3814534 -0.8490199
v 29.25413 108.5844 601.2847
vn -0.413751 -0.163298 0.8956248
v 31.25339 106.3908 600.9383
vn -0.06904332 -0.5425027 0.837212
v 27.98216 110.9314 600.2352
vn -0.661211 0.2943804 0.6900291
v 27.77846 112.8027 598.071
vn -0.7017342 0.6599182 0.2684717
v 28.6974 113.6972 595.372
vn -0.5441141 0.8154739 -0.1973379
v 34.14862 110.3979 601.4177
vn 0.3769587 0.12968 0.917107
v 34.07927 107.4378 601.015
vn 0.365594 -0.381457 0.849018
v 33.63385 113.0255 600.3887
vn 0.2761855 0.6417093 0.7154933
v 32.67291 114.6163 598.204
vn 0.08897821 0.9528941 0.289958
v 31.52332 114.7442 595.4487
vn -0.1094714 0.9765209 -0.1855343
v 37.60106 108.8608 597.8148
vn 0.934699 -0.1186329 0.3350581
v 36.0725 106.5504 598.9349
vn 0.6721545 -0.5179486 0.5290914
v 37.62037 111.2506 596.2285
vn 0.9373977 0.3473285 0.02546347
v 36.12538 113.0792 594.6011
vn 0.6467199 0.7045819 -0.292092
v 33.51657 113.8568 593.3687
vn 0.1971025 0.8400325 -0.5054661
v 36.159 105.5103 594.0789
vn 0.7017339 -0.6599193 -0.2684698
v 35.23999 104.6159 596.778
vn 0.5441009 -0.815479 0.1973531
v 35.95522 107.3817 591.9147
vn 0.6612127 -0.294377 -0.6900289
v 34.68332 109.7286 590.8652
vn 0.4137517 0.1632894 -0.8956261
v 32.684 111.9223 591.2117
vn 0.06903747 0.5425044 -0.8372113
v 33.44439 104.9382 599.2886
vn 0.2680898 -0.7663378 0.5838273
v 30.493 113.3749 592.8613
vn -0.268093 0.7663406 -0.5838221
v 61.29573 103.5689 577.3225
vn 0.1721389 -0.9765196 0.1295282
v 57.36845 105.2338 579.8666
vn -0.4857072 -0.704584 0.5173489
v 60.25022 104.4563 580.007
vn 0.01132249 -0.8400278 0.5424252
v 59.17933 103.6967 575.2169
vn -0.1931649 -0.9528968 -0.2338267
v 55.36434 107.0625 578.9353
vn -0.8757895 -0.3473282 0.3351951
v 57.45538 105.2876 573.5662
vn -0.5289738 -0.641704 -0.5553403
v 54.77526 109.4522 577.4623
vn -0.991771 0.1186312 0.04813552
v 56.58612 107.9151 572.8126
vn -0.6992279 -0.1296809 -0.7030386
v 55.75874 111.7627 575.8427
vn -0.8234755 0.517935 -0.2315843
v 56.80422 110.8753 573.1581
vn -0.6626702 0.3814481 -0.6444887
v 60.13034 108.5844 582.7663
vn -0.03951942 -0.1632994 0.9857848
v 61.84484 106.3908 581.6812
vn 0.2565824 -0.5425029 0.79991
v 58.55359 110.9314 582.2835
vn -0.3468181 0.2943819 0.8905372
v 57.53719 112.8027 580.362
vn -0.5455815 0.6599163 0.5165765
v 57.3533 113.6972 577.5167
vn -0.5782146 0.8154734 0.02590276
v 64.70316 110.3979 581.0162
vn 0.6992252 0.1296783 0.7030417
v 64.48497 107.4378 580.6707
vn 0.6626599 -0.3814633 0.6444902
v 63.83382 113.0255 580.2625
vn 0.5289712 0.6417096 0.5553362
v 62.10995 114.6163 578.6118
vn 0.1931653 0.952895 0.2338338
v 59.99345 114.7442 576.5062
vn -0.1721395 0.9765205 -0.1295209
v 66.51402 108.8608 576.3663
vn 0.9917704 -0.118634 -0.04814057
v 65.53045 106.5504 577.9861
vn 0.8234656 -0.5179483 0.2315901
v 65.92482 111.2506 574.8934
vn 0.8757867 0.3473294 -0.3352012
v 63.92084 113.0792 573.962
vn 0.485713 0.7045824 -0.5173457
v 61.03897 113.8568 573.8217
vn -0.01132975 0.8400297 -0.5424222
v 63.75209 105.5103 573.4667
vn 0.5455767 -0.6599221 -0.5165743
v 63.93589 104.6159 576.312
vn 0.5782075 -0.8154789 -0.02588779
v 62.7356 107.3817 571.5452
vn 0.3468131 -0.294377 -0.8905408
v 61.15891 109.7286 571.0623
vn 0.03951211 0.1632949 -0.9857858
v 59.44435 111.9223 572.1475
vn -0.2565993 0.5424985 -0.7999076
v 63.23777 104.9382 579.3187
vn 0.4710971 -0.7663401 0.4367957
v 58.05141 113.3749 574.51
vn -0.4711033 0.7663358 -0.4367964
v 87.28252 103.5689 514.2411
vn 0.2133101 -0.9765198 -0.03013183
v 86.30448 105.2338 518.8171
vn 0.02237146 -0.7045826 0.7092692
v 88.44147 104.4563 516.8787
vn 0.3915554 -0.8400305 0.3755438
v 84.29708 103.6967 514.2487
vn -0.3019284 -0.9528968 -0.0287551
v 84.22881 107.0625 519.5756
vn -0.3822581 -0.3473301 0.8562946
v 81.91084 105.2876 514.3005
vn -0.7667248 -0.6417049 -0.01864982
v 82.77068 109.4522 518.9506
vn -0.6672513 0.1186291 0.7353249
v 80.76329 107.9151 514.3823
vn -0.9915519 -0.1296822 -0.002699796
v 82.32085 111.7627 517.1099
vn -0.7460398 0.5179361 0.4185294
v 81.16183 110.8753 514.4724
vn -0.9242986 0.3814536 0.01285602
v 90.30781 108.5844 518.9145
vn 0.6691112 -0.1632987 0.7249991
v 90.75285 106.3908 516.9349
vn 0.7470592 -0.5424994 0.3841835
v 88.85149 110.9314 519.688
vn 0.3844676 0.2943785 0.8749434
v 86.77407 112.8027 519.048
vn -0.02051013 0.6599162 0.7510592
v 84.63215 113.6972 517.1662
vn -0.3905438 0.8154738 0.4271745
v 92.30374 110.3979 514.4435
vn 0.9915525 0.1296778 0.002697241
v 91.90514 107.4378 514.3535
vn 0.9242969 -0.3814577 -0.01285532
v 91.15613 113.0255 514.5253
vn 0.7667218 0.6417087 0.01864376
v 88.76995 114.6163 514.577
vn 0.3019334 0.9528953 0.02875566
v 85.78444 114.7442 514.5847
vn -0.2133032 0.9765212 0.03013527
v 90.29626 108.8608 509.8751
vn 0.6672467 -0.1186322 -0.7353287
v 90.74612 106.5504 511.7159
vn 0.7460381 -0.5179467 -0.4185192
v 88.83814 111.2506 509.2502
vn 0.38225 0.3473294 -0.8562986
v 86.76247 113.0792 510.0086
vn -0.02236751 0.7045785 -0.7092735
v 84.62549 113.8568 511.9472
vn -0.3915615 0.8400303 -0.3755379
v 86.29295 105.5103 509.7777
vn 0.02050734 -0.6599195 -0.7510564
v 88.43481 104.6159 511.6596
vn 0.3905532 -0.8154766 -0.4271606
v 84.21548 107.3817 509.1378
vn -0.3844696 -0.2943744 -0.8749439
v 82.75916 109.7286 509.9113
vn -0.6691126 0.1632906 -0.7249997
v 82.31412 111.9223 511.891
vn -0.7470621 0.5425007 -0.3841759
v 90.06725 104.9382 514.2794
vn 0.6419806 -0.7663369 -0.02426196
v 82.99972 113.3749 514.5464
vn -0.6419786 0.7663386 0.02426104
v 80.563 103.5689 548.3663
vn 0.2086065 -0.9765192 0.05379074
v 77.90825 105.2338 552.2197
vn -0.2507564 -0.7045824 0.663841
v 80.62439 104.4563 551.2466
vn 0.2180422 -0.8400289 0.4967989
v 77.8019 103.6967 547.2309
vn -0.2679416 -0.952897 -0.1421081
v 75.70029 107.0625 552.1262
vn -0.6808499 -0.3473277 0.6448309
v 75.57747 105.2876 546.3656
vn -0.7012257 -0.6417047 -0.3106406
v 74.59235 109.4522 550.9908
vn -0.8978565 0.118632 0.4240049
v 74.48598 107.9151 546.002
vn -0.9150423 -0.129682 -0.3819425
v 74.88116 111.7627 549.118
vn -0.849413 0.5179394 0.1011741
v 74.81971 110.8753 546.2377
vn -0.858859 0.3814566 -0.3418363
v 81.56956 108.5844 553.8417
vn 0.3407339 -0.1632972 0.9258696
v 82.7383 106.3908 552.1831
vn 0.5431761 -0.5424993 0.6408231
v 79.92807 110.9314 553.9991
vn 0.02037637 0.2943816 0.9554707
v 78.25371 112.8027 552.6128
vn -0.3063659 0.6599172 0.6860387
v 76.995 113.6972 550.0545
vn -0.5242865 0.8154743 0.2452045
v 85.12454 110.3979 550.4749
vn 0.9150431 0.1296778 0.3819421
v 84.79073 107.4378 550.2391
vn 0.858858 -0.3814595 0.3418355
v 84.03297 113.0255 550.1113
vn 0.7012241 0.6417086 0.3106361
v 81.80864 114.6163 549.2459
vn 0.2679459 0.9528949 0.1421136
v 79.04745 114.7442 548.1105
vn -0.2085999 0.976521 -0.05378539
v 85.01814 108.8608 545.486
vn 0.8978544 -0.1186348 -0.4240084
v 84.72929 106.5504 547.3588
vn 0.8494092 -0.5179476 -0.101165
v 83.91013 111.2506 544.3506
vn 0.6808453 0.3473282 -0.6448355
v 81.70225 113.0792 544.257
vn 0.2507593 0.7045799 -0.6638425
v 78.98605 113.8568 545.2302
vn -0.2180492 0.8400298 -0.4967942
v 81.3568 105.5103 543.864
vn 0.3063636 -0.6599204 -0.6860368
v 82.61545 104.6159 546.4224
vn 0.5242907 -0.8154762 -0.2451894
v 79.68237 107.3817 542.4778
vn -0.02037998 -0.2943771 -0.9554721
v 78.04092 109.7286 542.6351
vn -0.3407368 0.1632901 -0.9258698
v 76.87215 111.9223 544.2938
vn -0.543181 0.542501 -0.6408175
v 83.1211 104.9382 549.4673
vn 0.6023995 -0.7663363 0.2232569
v 76.48934 113.3749 547.0095
vn -0.6023957 0.7663391 -0.2232575
v 32.09663 103.5689 431.9932
vn 0.05379149 -0.9765199 -0.2086035
v 35.95001 105.2338 434.6479
vn 0.6638406 -0.7045836 0.250754
v 34.97691 104.4563 431.9318
vn 0.4967995 -0.8400294 -0.2180387
v 30.96118 103.6967 434.7543
vn -0.142109 -0.9528969 0.2679414
v 35.85651 107.0625 436.8559
vn 0.6448296 -0.3473277 0.6808511
v 30.09586 105.2876 436.9787
vn -0.3106416 -0.6417047 0.7012253
v 34.72105 109.4522 437.9638
vn 0.4240066 0.1186307 0.8978558
v 29.73226 107.9151 438.0702
vn -0.3819419 -0.1296817 0.9150426
v 32.84832 111.7627 437.675
vn 0.1011783 0.5179343 0.8494157
v 29.96801 110.8753 437.7365
vn -0.3418338 0.3814496 0.8588631
v 37.57203 108.5844 430.9866
vn 0.9258685 -0.1632989 -0.3407358
v 35.91339 106.3908 429.8179
vn 0.6408219 -0.542502 -0.5431748
v 37.72937 110.9314 432.6281
vn 0.9554704 0.2943825 -0.02037507
v 36.34309 112.8027 434.3025
vn 0.6860396 0.6599164 0.3063657
v 33.7848 113.6972 435.5612
vn 0.2452062 0.8154732 0.5242875
v 34.20515 110.3979 427.4316
vn 0.3819423 0.1296769 -0.9150431
v 33.96943 107.4378 427.7654
vn 0.3418325 -0.3814596 -0.8588592
v 33.84158 113.0255 428.5232
vn 0.3106356 0.6417096 -0.7012235
v 32.97623 114.6163 430.7475
vn 0.1421134 0.9528949 -0.2679462
v 31.84081 114.7442 433.5087
vn -0.05378963 0.9765208 0.2085995
v 29.21626 108.8608 427.538
vn -0.4240106 -0.1186345 -0.8978534
v 31.08912 106.5504 427.8269
vn -0.1011662 -0.517946 -0.84941
v 28.08096 111.2506 428.646
vn -0.6448346 0.347328 -0.6808462
v 27.9873 113.0792 430.8539
vn -0.6638412 0.7045804 -0.2507614
v 28.96053 113.8568 433.5701
vn -0.4967968 0.84003 0.2180427
v 27.59431 105.5103 431.1994
vn -0.6860383 -0.6599192 -0.3063628
v 30.15264 104.6159 429.9407
vn -0.2451899 -0.8154769 -0.5242894
v 26.20807 107.3817 432.8738
vn -0.9554721 -0.2943771 0.02037751
v 26.36535 109.7286 434.5153
vn -0.9258695 0.163291 0.340737
v 28.02405 111.9223 435.684
vn -0.6408184 0.5425006 0.5431802
v 33.19765 104.9382 429.4351
vn 0.223259 -0.7663368 -0.602398
v 30.73979 113.3749 436.0668
vn -0.2232615 0.7663366 0.6023973
v -2.028616 103.5689 425.2736
vn -0.0301313 -0.9765195 -0.2133117
v 2.547364 105.2338 426.2517
vn 0.7092666 -0.7045852 -0.02237502
v 0.6089195 104.4563 424.1147
vn 0.3755456 -0.8400277 -0.3915596
v -2.021008 103.6967 428.2591
vn -0.02875458 -0.9528971 0.3019277
v 3.305936 107.0625 428.3273
vn 0.8562954 -0.3473276 0.3822587
v -1.969213 105.2876 430.6453
vn -0.01864732 -0.6417038 0.7667258
v 2.680892 109.4522 429.7855
vn 0.7353247 0.1186318 0.6672511
v -1.887446 107.9151 431.7928
vn -0.002695826 -0.1296825 0.9915519
v 0.8401966 111.7627 430.2353
vn 0.4185289 0.5179369 0.7460395
v -1.797346 110.8753 431.3943
vn 0.01285639 0.3814496 0.9243003
v 2.644789 108.5844 422.2484
vn 0.7249972 -0.1633003 -0.6691129
v 0.6651543 106.3908 421.8033
vn 0.3841818 -0.5425017 -0.7470584
v 3.418329 110.9314 423.7047
vn 0.8749436 0.2943791 -0.3844667
v 2.778323 112.8027 425.7821
vn 0.7510597 0.6599157 0.02050832
v 0.8964591 113.6972 427.924
vn 0.4271759 0.8154741 0.3905416
v -1.826229 110.3979 420.2524
vn 0.002700383 0.1296775 -0.9915525
v -1.916266 107.4378 420.651
vn -0.01285455 -0.3814606 -0.9242957
v -1.7444 113.0255 421.4
vn 0.01864778 0.6417075 -0.7667228
v -1.692666 114.6163 423.7862
vn 0.02875849 0.9528943 -0.3019363
v -1.684996 114.7442 426.7717
vn 0.0301362 0.9765206 0.2133057
v -6.394644 108.8608 422.2599
vn -0.7353257 -0.1186342 -0.6672496
v -4.553809 106.5504 421.81
vn -0.4185182 -0.5179493 -0.7460369
v -7.019514 111.2506 423.718
vn -0.8562971 0.3473287 -0.382254
v -6.261116 113.0792 425.7937
vn -0.7092724 0.7045796 0.02236668
v -4.322532 113.8568 427.9307
vn -0.375535 0.8400312 0.3915623
v -6.491999 105.5103 426.2632
vn -0.7510552 -0.6599208 -0.02050841
v -4.610071 104.6159 424.1213
vn -0.427162 -0.815478 -0.3905487
v -7.131941 107.3817 428.3407
vn -0.8749429 -0.2943767 0.3844702
v -6.35847 109.7286 429.797
vn -0.7249976 0.1632902 0.6691149
v -4.378767 111.9223 430.242
vn -0.384171 0.542501 0.7470645
v -1.990355 104.9382 422.4889
vn -0.02426008 -0.7663383 -0.6419789
v -1.723258 113.3749 429.5564
vn 0.02426302 0.7663376 0.6419797
v -36.12763 103.5689 432.1247
vn -0.1094698 -0.9765194 -0.185543
v -31.5257 105.2338 431.2771
vn 0.6467155 -0.7045844 -0.2920958
v -34.13438 104.4563 430.0446
vn 0.1971108 -0.8400297 -0.5054675
v -34.97812 103.6967 434.88
vn 0.08897545 -0.9528971 0.289949
v -30.03054 107.0625 432.9045
vn 0.9373974 -0.347329 0.02547016
v -34.01709 105.2876 437.0648
vn 0.2761824 -0.6417053 0.7154981
v -30.05001 109.4522 434.4908
vn 0.9346977 0.1186331 0.3350616
v -33.50241 107.9151 438.0937
vn 0.3769574 -0.129682 0.9171073
v -31.57844 111.7627 435.6108
vn 0.6721697 0.5179372 0.5290831
v -33.57168 110.8753 437.691
vn 0.365595 0.3814522 0.8490198
v -32.9677 108.5844 427.5413
vn 0.4137509 -0.1632981 -0.8956249
v -34.96695 106.3908 427.8877
vn 0.06904673 -0.5425009 -0.8372129
v -31.69573 110.9314 428.5907
vn 0.661211 0.2943807 -0.6900291
v -31.49202 112.8027 430.7549
vn 0.7017354 0.6599178 -0.2684697
v -32.41096 113.6972 433.4539
vn 0.5441127 0.8154741 0.1973408
v -37.86219 110.3979 427.4083
vn -0.3769609 0.129678 -0.9171063
v -37.79283 107.4378 427.811
vn -0.3655905 -0.3814591 -0.8490186
v -37.34741 113.0255 428.4372
vn -0.2761886 0.6417072 -0.715494
v -36.38647 114.6163 430.6219
vn -0.08897781 0.9528948 -0.2899559
v -35.23688 114.7442 433.3773
vn 0.109473 0.9765204 0.1855359
v -41.31462 108.8608 431.0112
vn -0.9346986 -0.1186344 -0.3350587
v -39.78606 106.5504 429.8911
vn -0.6721581 -0.5179473 -0.5290881
v -41.33393 111.2506 432.5974
vn -0.9373981 0.3473274 -0.02546479
v -39.83894 113.0792 434.2249
vn -0.6467234 0.7045789 0.2920913
v -37.23013 113.8568 435.4573
vn -0.1971027 0.8400299 0.5054705
v -39.87256 105.5103 434.747
vn -0.7017338 -0.6599196 0.2684693
v -38.95355 104.6159 432.048
vn -0.5441042 -0.8154766 -0.1973541
v -39.66878 107.3817 436.9112
vn -0.6612133 -0.2943761 0.6900288
v -38.39688 109.7286 437.9607
vn -0.4137551 0.1632896 0.8956245
v -36.39756 111.9223 437.6143
vn -0.06903977 0.5424994 0.8372144
v -37.15795 104.9382 429.5373
vn -0.2680924 -0.7663371 -0.583827
v -34.20656 113.3749 435.9646
vn 0.2680956 0.7663363 0.5838266
v -65.0093 103.5689 451.5034
vn -0.1721402 -0.9765195 -0.1295274
v -61.08201 105.2338 448.9593
vn 0.4857043 -0.7045845 -0.5173509
v -63.96378 104.4563 448.8189
vn -0.01132523 -0.8400288 -0.5424235
v -62.89289 103.6967 453.6091
vn 0.1931629 -0.9528969 0.2338282
v -59.0779 107.0625 449.8906
vn 0.8757885 -0.3473296 -0.3351966
v -61.16894 105.2876 455.2598
vn 0.5289707 -0.6417045 0.5553426
v -58.48882 109.4522 451.3636
vn 0.991771 0.118631 -0.04813568
v -60.29968 107.9151 456.0134
vn 0.6992264 -0.1296842 0.7030395
v -59.47231 111.7627 452.9833
vn 0.8234755 0.517936 0.2315823
v -60.51778 110.8753 455.6679
vn 0.6626704 0.3814518 0.6444862
v -63.8439 108.5844 446.0596
vn 0.03951304 -0.1632997 -0.9857849
v -65.5584 106.3908 447.1447
vn -0.2565972 -0.5424997 -0.7999075
v -62.26715 110.9314 446.5424
vn 0.3468176 0.2943792 -0.8905383
v -61.25075 112.8027 448.4639
vn 0.5455822 0.6599167 -0.5165752
v -61.06686 113.6972 451.3092
vn 0.5782129 0.8154746 -0.02590371
v -68.41673 110.3979 447.8098
vn -0.6992254 0.1296771 -0.7030417
v -68.19853 107.4378 448.1553
vn -0.662668 -0.381457 -0.6444856
v -67.54738 113.0255 448.5634
vn -0.5289701 0.6417087 -0.5553382
v -65.82352 114.6163 450.2141
vn -0.1931641 0.9528953 -0.2338334
v -63.70702 114.7442 452.3198
vn 0.1721368 0.976521 0.1295207
v -70.22758 108.8608 452.4596
vn -0.9917705 -0.1186331 0.04813964
v -69.24401 106.5504 450.8399
vn -0.8234665 -0.517947 -0.2315899
v -69.63838 111.2506 453.9325
vn -0.8757871 0.3473282 0.3352014
v -67.6344 113.0792 454.864
vn -0.4857146 0.7045797 0.5173478
v -64.75253 113.8568 455.0043
vn 0.01133286 0.8400303 0.5424211
v -67.46565 105.5103 455.3593
vn -0.5455779 -0.659919 0.5165769
v -67.64945 104.6159 452.514
vn -0.5782109 -0.8154765 0.02588976
v -66.44917 107.3817 457.2807
vn -0.346816 -0.2943766 0.8905398
v -64.87247 109.7286 457.7636
vn -0.03951526 0.1632881 0.9857867
v -63.15791 111.9223 456.6784
vn 0.2566021 0.5425012 0.7999048
v -66.95134 104.9382 449.5073
vn -0.471106 -0.7663371 -0.4367913
v -61.76498 113.3749 454.3159
vn 0.4711032 0.7663387 0.4367915
v -84.27655 103.5689 480.4595
vn -0.2086035 -0.9765198 -0.05379346
v -81.6218 105.2338 476.6061
vn 0.2507528 -0.704584 -0.6638407
v -84.33794 104.4563 477.5793
vn -0.2180398 -0.8400289 -0.4967999
v -81.51545 103.6967 481.595
vn 0.2679407 -0.9528974 0.1421067
v -79.41385 107.0625 476.6996
vn 0.6808499 -0.3473285 -0.6448304
v -79.29102 105.2876 482.4603
vn 0.7012253 -0.6417053 0.3106403
v -78.3059 109.4522 477.8351
vn 0.8978558 0.1186317 -0.4240065
v -78.19954 107.9151 482.8239
vn 0.9150433 -0.1296829 0.38194
v -78.59471 111.7627 479.7078
vn 0.8494145 0.5179367 -0.1011755
v -78.53326 110.8753 482.5881
vn 0.8588619 0.3814519 0.3418345
v -85.28311 108.5844 474.9841
vn -0.3407369 -0.1632996 -0.925868
v -86.45185 106.3908 476.6428
vn -0.543173 -0.5425014 -0.640824
v -83.64162 110.9314 474.8268
vn -0.02037359 0.2943804 -0.9554711
v -81.96726 112.8027 476.2131
vn 0.3063672 0.6599165 -0.6860389
v -80.70855 113.6972 478.7714
vn 0.5242887 0.8154725 -0.2452059
v -88.8381 110.3979 478.351
vn -0.9150426 0.1296778 -0.3819433
v -88.50429 107.4378 478.5867
vn -0.8588574 -0.3814593 -0.3418374
v -87.74653 113.0255 478.7146
vn -0.7012225 0.6417093 -0.3106383
v -85.52219 114.6163 479.5799
vn -0.2679432 0.9528955 -0.1421147
v -82.761 114.7442 480.7153
vn 0.2086015 0.9765206 0.0537864
v -88.73169 108.8608 483.3399
vn -0.897854 -0.118633 0.42401
v -88.44284 106.5504 481.467
vn -0.849408 -0.5179492 0.1011661
v -87.62369 111.2506 484.4752
vn -0.6808464 0.3473301 0.6448333
v -85.4158 113.0792 484.5688
vn -0.2507622 0.7045807 0.6638407
v -82.69961 113.8568 483.5956
vn 0.2180444 0.8400305 0.4967951
v -85.07036 105.5103 484.9619
vn -0.3063637 -0.6599203 0.6860368
v -86.329 104.6159 482.4035
vn -0.5242863 -0.815479 0.2451895
v -83.39593 107.3817 486.3481
vn 0.02037704 -0.2943752 0.9554726
v -81.75447 109.7286 486.1908
vn 0.3407369 0.1632914 0.9258695
v -80.5857 111.9223 484.5321
vn 0.5431803 0.5425007 0.6408183
v -86.83466 104.9382 479.3585
vn -0.6023945 -0.7663392 -0.2232601
v -80.2029 113.3749 481.8164
vn 0.6023968 0.7663376 0.2232597
v -90.99609 103.5689 514.5848
vn -0.2133102 -0.9765198 0.03013079
v -90.01804 105.2338 510.0088
vn -0.02237298 -0.7045826 -0.7092692
v -92.15504 104.4563 511.9472
vn -0.3915609 -0.8400286 -0.3755423
v -88.01064 103.6967 514.5771
vn 0.3019288 -0.9528967 0.0287545
v -87.94238 107.0625 509.2502
vn 0.3822625 -0.3473263 -0.8562943
v -85.6244 105.2876 514.5254
vn 0.7667264 -0.6417031 0.018649
v -86.48425 109.4522 509.8753
vn 0.6672523 0.118631 -0.7353237
v -84.47685 107.9151 514.4436
vn 0.9915521 -0.1296814 0.002699297
v -86.03441 111.7627 511.716
vn 0.746039 0.5179362 -0.4185307
v -84.87539 110.8753 514.3535
vn 0.9242994 0.3814516 -0.01285705
v -94.02137 108.5844 509.9114
vn -0.669111 -0.1632981 -0.7249995
v -94.46641 106.3908 511.891
vn -0.7470604 -0.5424984 -0.3841826
v -92.56505 110.9314 509.1378
vn -0.3844654 0.2943798 -0.8749439
v -90.48763 112.8027 509.7778
vn 0.02050924 0.659916 -0.7510594
v -88.34571 113.6972 511.6597
vn 0.390543 0.8154736 -0.4271756
v -96.0173 110.3979 514.3824
vn -0.9915525 0.1296781 -0.002700352
v -95.6187 107.4378 514.4724
vn -0.9242966 -0.3814586 0.01285252
v -94.86969 113.0255 514.3005
vn -0.7667224 0.641708 -0.01864517
v -92.48351 114.6163 514.2488
vn -0.3019366 0.9528942 -0.02875668
v -89.498 114.7442 514.2411
vn 0.2133047 0.9765208 -0.03013653
v -94.00983 108.8608 518.9508
vn -0.6672477 -0.1186328 0.7353276
v -94.45968 106.5504 517.11
vn -0.7460369 -0.5179476 0.4185203
v -92.5517 111.2506 519.5757
vn -0.3822531 0.3473296 0.8562971
v -90.47604 113.0792 518.8173
vn 0.02236902 0.7045788 0.709273
v -88.33905 113.8568 516.8787
vn 0.3915652 0.8400286 0.3755377
v -90.00651 105.5103 519.0482
vn -0.0205079 -0.6599202 0.7510558
v -92.14838 104.6159 517.1663
vn -0.3905486 -0.8154781 0.427162
v -87.92904 107.3817 519.6881
vn 0.3844686 -0.2943759 0.8749438
v -86.47272 109.7286 518.9146
vn 0.6691141 0.1632901 0.7249984
v -86.02768 111.9223 516.9349
vn 0.7470648 0.5424972 0.3841758
v -93.78081 104.9382 514.5465
vn -0.6419807 -0.7663369 0.02426063
v -86.71328 113.3749 514.2794
vn 0.6419811 0.7663365 -0.02426335
v -84.14504 103.5689 548.6838
vn -0.1855398 -0.9765201 0.109469
v -84.9926 105.2338 544.0818
vn -0.2920952 -0.7045835 -0.6467167
v -86.22511 104.4563 546.6906
vn -0.5054672 -0.8400297 -0.1971118
v -81.38976 103.6967 547.5343
vn 0.2899487 -0.952897 -0.08897747
v -83.36523 107.0625 542.5867
vn 0.02546989 -0.3473241 -0.9373992
v -79.20498 105.2876 546.5732
vn 0.7154965 -0.6417049 -0.2761876
v -81.77889 109.4522 542.6062
vn 0.3350619 0.118635 -0.9346974
v -78.17608 107.9151 546.0586
vn 0.917105 -0.1296814 -0.3769631
v -80.6589 111.7627 544.1346
vn 0.5290863 0.5179352 -0.6721687
v -78.57876 110.8753 546.1279
vn 0.8490192 0.3814527 -0.3655957
v -88.72847 108.5844 545.5239
vn -0.8956239 -0.163298 -0.413753
v -88.38206 106.3908 547.5231
vn -0.837212 -0.542502 -0.06904837
v -87.67902 110.9314 544.2519
vn -0.690026 0.294382 -0.6612136
v -85.51482 112.8027 544.0482
vn -0.2684646 0.6599183 -0.7017368
v -82.81579 113.6972 544.9672
vn 0.197347 0.8154724 -0.544113
v -88.86149 110.3979 550.4183
vn -0.9171072 0.1296794 0.3769585
v -88.45877 107.4378 550.349
vn -0.8490177 -0.3814604 0.365591
v -87.83255 113.0255 549.9036
vn -0.7154943 0.6417083 0.2761855
v -85.6478 114.6163 548.9426
vn -0.2899565 0.9528949 0.08897515
v -82.89249 114.7442 547.793
vn 0.1855371 0.9765202 -0.1094722
v -85.25857 108.8608 553.8708
vn -0.335059 -0.1186337 0.9346986
v -86.37863 106.5504 552.3422
vn -0.5290877 -0.5179467 0.6721588
v -83.67231 111.2506 553.8901
vn -0.02546619 0.3473263 0.9373985
v -82.04488 113.0792 552.3951
vn 0.2920916 0.7045804 0.6467217
v -80.81242 113.8568 549.7863
vn 0.5054702 0.8400297 0.1971039
v -81.52273 105.5103 552.4287
vn 0.2684667 -0.6599216 0.701733
v -84.22173 104.6159 551.5097
vn -0.1973523 -0.8154776 0.5441033
v -79.3585 107.3817 552.225
vn 0.6900281 -0.2943798 0.6612124
v -78.30904 109.7286 550.9531
vn 0.8956262 0.1632891 0.4137516
v -78.65546 111.9223 548.9537
vn 0.8372142 0.5424995 0.06904061
v -86.73243 104.9382 549.7141
vn -0.5838252 -0.7663386 0.2680917
v -80.3051 113.3749 546.7628
vn 0.5838287 0.766336 -0.2680918
v -64.76629 103.5689 577.5655
vn -0.1295239 -0.9765198 0.1721414
v -67.31042 105.2338 573.6382
vn -0.5173507 -0.7045826 -0.4857073
v -67.45081 104.4563 576.52
vn -0.5424201 -0.840031 0.01132782
v -62.66064 103.6967 575.449
vn 0.233828 -0.9528967 -0.193164
v -66.3791 107.0625 571.6341
vn -0.3351959 -0.3473268 -0.8757898
v -61.00994 105.2876 573.7251
vn 0.555339 -0.6417058 -0.5289729
v -64.90607 109.4522 571.045
vn -0.04813666 0.1186328 -0.9917707
v -60.25632 107.9151 572.8558
vn 0.7030393 -0.1296837 -0.6992266
v -63.28641 111.7627 572.0284
vn 0.2315841 0.5179412 -0.8234718
v -60.60184 110.8753 573.074
vn 0.6444891 0.3814508 -0.6626682
v -70.21009 108.5844 576.4001
vn -0.9857852 -0.1632974 -0.0395161
v -69.12497 106.3908 578.1146
vn -0.7999077 -0.5425009 0.2565939
v -69.72729 110.9314 574.8233
vn -0.8905356 0.2943835 -0.3468209
v -67.80578 112.8027 573.8069
vn -0.5165737 0.6599187 -0.5455812
v -64.96053 113.6972 573.623
vn -0.0259088 0.8154758 -0.5782109
v -68.45994 110.3979 580.9729
vn -0.7030413 0.1296793 0.6992254
v -68.11442 107.4378 580.7547
vn -0.6444871 -0.3814594 0.6626651
v -67.70631 113.0255 580.1035
vn -0.5553383 0.64171 0.5289685
v -66.05562 114.6163 578.3797
vn -0.2338352 0.9528944 0.1931663
v -63.94996 114.7442 576.2632
vn 0.1295168 0.9765211 -0.1721392
v -63.81008 108.8608 582.7838
vn 0.0481419 -0.1186352 0.9917701
v -65.42984 106.5504 581.8002
vn -0.2315852 -0.5179477 0.8234673
v -62.33718 111.2506 582.1946
vn 0.3352002 0.3473278 0.8757878
v -61.40574 113.0792 580.1906
vn 0.5173451 0.7045807 0.4857159
v -61.26544 113.8568 577.3087
vn 0.5424178 0.8400325 -0.01133077
v -60.91047 105.5103 580.0218
vn 0.5165777 -0.65992 0.5455758
v -63.75572 104.6159 580.2056
vn 0.025894 -0.8154764 0.5782109
v -58.98897 107.3817 579.0053
vn 0.8905393 -0.2943783 0.3468157
v -58.50612 109.7286 577.4286
vn 0.9857863 0.1632911 0.03951561
v -59.59129 111.9223 575.7141
vn 0.7999038 0.5425026 -0.2566026
v -66.76244 104.9382 579.5075
vn -0.4367894 -0.7663382 0.4711058
v -61.95382 113.3749 574.3212
vn 0.4367892 0.7663399 -0.4711033
o buill_maru_0
g polygon_0
usemtl light_s1
f 3/3/3 2/2/2 1/1/1
f 1/1/1 2/2/2 4/4/4
f 2/2/2 5/5/5 4/4/4
f 4/4/4 5/5/5 6/6/6
f 5/5/5 7/7/7 6/6/6
f 6/6/6 7/7/7 8/8/8
f 7/7/7 9/9/9 8/8/8
f 8/8/8 9/9/9 10/10/10
f 12/12/12 11/11/11 3/3/3
f 3/3/3 11/11/11 2/2/2
f 11/11/11 13/13/13 2/2/2
f 2/2/2 13/13/13 5/5/5
f 13/13/13 14/14/14 5/5/5
f 5/5/5 14/14/14 7/7/7
f 14/14/14 15/15/15 7/7/7
f 7/7/7 15/15/15 9/9/9
f 17/17/17 16/16/16 12/12/12
f 12/12/12 16/16/16 11/11/11
f 16/16/16 18/18/18 11/11/11
f 11/11/11 18/18/18 13/13/13
f 18/18/18 19/19/19 13/13/13
f 13/13/13 19/19/19 14/14/14
f 19/19/19 20/20/20 14/14/14
f 14/14/14 20/20/20 15/15/15
f 22/22/22 21/21/21 17/17/17
f 17/17/17 21/21/21 16/16/16
f 21/21/21 23/23/23 16/16/16
f 16/16/16 23/23/23 18/18/18
f 23/23/23 24/24/24 18/18/18
f 18/18/18 24/24/24 19/19/19
f 24/24/24 25/25/25 19/19/19
f 19/19/19 25/25/25 20/20/20
f 27/27/27 26/26/26 22/22/22
f 22/22/22 26/26/26 21/21/21
f 26/26/26 28/28/28 21/21/21
f 21/21/21 28/28/28 23/23/23
f 28/28/28 29/29/29 23/23/23
f 23/23/23 29/29/29 24/24/24
f 29/29/29 30/30/30 24/24/24
f 24/24/24 30/30/30 25/25/25
f 1/32/1 4/31/4 27/27/27
f 27/27/27 4/31/4 26/26/26
f 4/31/4 6/33/6 26/26/26
f 26/26/26 6/33/6 28/28/28
f 6/33/6 8/34/8 28/28/28
f 28/28/28 8/34/8 29/29/29
f 8/34/8 10/35/10 29/29/29
f 29/29/29 10/35/10 30/30/30
f 3/3/3 1/1/1 31/36/31
f 12/12/12 3/3/3 31/37/31
f 17/17/17 12/12/12 31/38/31
f 22/22/22 17/17/17 31/39/31
f 27/27/27 22/22/22 31/40/31
f 1/32/1 27/27/27 31/41/31
f 10/10/10 9/9/9 32/42/32
f 9/9/9 15/15/15 32/43/32
f 15/15/15 20/20/20 32/44/32
f 20/20/20 25/25/25 32/45/32
f 25/25/25 30/30/30 32/46/32
f 30/30/30 10/35/10 32/47/32
f 35/3/35 34/2/34 33/1/33
f 33/1/33 34/2/34 36/4/36
f 34/2/34 37/5/37 36/4/36
f 36/4/36 37/5/37 38/6/38
f 37/5/37 39/7/39 38/6/38
f 38/6/38 39/7/39 40/8/40
f 39/7/39 41/9/41 40/8/40
f 40/8/40 41/9/41 42/10/42
f 44/12/44 43/11/43 35/3/35
f 35/3/35 43/11/43 34/2/34
f 43/11/43 45/13/45 34/2/34
f 34/2/34 45/13/45 37/5/37
f 45/13/45 46/14/46 37/5/37
f 37/5/37 46/14/46 39/7/39
f 46/14/46 47/15/47 39/7/39
f 39/7/39 47/15/47 41/9/41
f 49/17/49 48/16/48 44/12/44
f 44/12/44 48/16/48 43/11/43
f 48/16/48 50/18/50 43/11/43
f 43/11/43 50/18/50 45/13/45
f 50/18/50 51/19/51 45/13/45
f 45/13/45 51/19/51 46/14/46
f 51/19/51 52/20/52 46/14/46
f 46/14/46 52/20/52 47/15/47
f 54/22/54 53/21/53 49/17/49
f 49/17/49 53/21/53 48/16/48
f 53/21/53 55/23/55 48/16/48
f 48/16/48 55/23/55 50/18/50
f 55/23/55 56/24/56 50/18/50
f 50/18/50 56/24/56 51/19/51
f 56/24/56 57/25/57 51/19/51
f 51/19/51 57/25/57 52/20/52
f 59/27/59 58/26/58 54/22/54
f 54/22/54 58/26/58 53/21/53
f 58/26/58 60/28/60 53/21/53
f 53/21/53 60/28/60 55/23/55
f 60/28/60 61/29/61 55/23/55
f 55/23/55 61/29/61 56/24/56
f 61/29/61 62/30/62 56/24/56
f 56/24/56 62/30/62 57/25/57
f 33/32/33 36/31/36 59/27/59
f 59/27/59 36/31/36 58/26/58
f 36/31/36 38/33/38 58/26/58
f 58/26/58 38/33/38 60/28/60
f 38/33/38 40/34/40 60/28/60
f 60/28/60 40/34/40 61/29/61
f 40/34/40 42/35/42 61/29/61
f 61/29/61 42/35/42 62/30/62
f 35/3/35 33/1/33 63/36/63
f 44/12/44 35/3/35 63/37/63
f 49/17/49 44/12/44 63/38/63
f 54/22/54 49/17/49 63/39/63
f 59/27/59 54/22/54 63/40/63
f 33/32/33 59/27/59 63/41/63
f 42/10/42 41/9/41 64/42/64
f 41/9/41 47/15/47 64/43/64
f 47/15/47 52/20/52 64/44/64
f 52/20/52 57/25/57 64/45/64
f 57/25/57 62/30/62 64/46/64
f 62/30/62 42/35/42 64/47/64
f 67/3/67 66/2/66 65/1/65
f 65/1/65 66/2/66 68/4/68
f 66/2/66 69/5/69 68/4/68
f 68/4/68 69/5/69 70/6/70
f 69/5/69 71/7/71 70/6/70
f 70/6/70 71/7/71 72/8/72
f 71/7/71 73/9/73 72/8/72
f 72/8/72 73/9/73 74/10/74
f 76/12/76 75/11/75 67/3/67
f 67/3/67 75/11/75 66/2/66
f 75/11/75 77/13/77 66/2/66
f 66/2/66 77/13/77 69/5/69
f 77/13/77 78/14/78 69/5/69
f 69/5/69 78/14/78 71/7/71
f 78/14/78 79/15/79 71/7/71
f 71/7/71 79/15/79 73/9/73
f 81/17/81 80/16/80 76/12/76
f 76/12/76 80/16/80 75/11/75
f 80/16/80 82/18/82 75/11/75
f 75/11/75 82/18/82 77/13/77
f 82/18/82 83/19/83 77/13/77
f 77/13/77 83/19/83 78/14/78
f 83/19/83 84/20/84 78/14/78
f 78/14/78 84/20/84 79/15/79
f 86/22/86 85/21/85 81/17/81
f 81/17/81 85/21/85 80/16/80
f 85/21/85 87/23/87 80/16/80
f 80/16/80 87/23/87 82/18/82
f 87/23/87 88/24/88 82/18/82
f 82/18/82 88/24/88 83/19/83
f 88/24/88 89/25/89 83/19/83
f 83/19/83 89/25/89 84/20/84
f 91/27/91 90/26/90 86/22/86
f 86/22/86 90/26/90 85/21/85
f 90/26/90 92/28/92 85/21/85
f 85/21/85 92/28/92 87/23/87
f 92/28/92 93/29/93 87/23/87
f 87/23/87 93/29/93 88/24/88
f 93/29/93 94/30/94 88/24/88
f 88/24/88 94/30/94 89/25/89
f 65/32/65 68/31/68 91/27/91
f 91/27/91 68/31/68 90/26/90
f 68/31/68 70/33/70 90/26/90
f 90/26/90 70/33/70 92/28/92
f 70/33/70 72/34/72 92/28/92
f 92/28/92 72/34/72 93/29/93
f 72/34/72 74/35/74 93/29/93
f 93/29/93 74/35/74 94/30/94
f 67/3/67 65/1/65 95/36/95
f 76/12/76 67/3/67 95/37/95
f 81/17/81 76/12/76 95/38/95
f 86/22/86 81/17/81 95/39/95
f 91/27/91 86/22/86 95/40/95
f 65/32/65 91/27/91 95/41/95
f 74/10/74 73/9/73 96/42/96
f 73/9/73 79/15/79 96/43/96
f 79/15/79 84/20/84 96/44/96
f 84/20/84 89/25/89 96/45/96
f 89/25/89 94/30/94 96/46/96
f 94/30/94 74/35/74 96/47/96
f 99/3/99 98/2/98 97/1/97
f 97/1/97 98/2/98 100/4/100
f 98/2/98 101/5/101 100/4/100
f 100/4/100 101/5/101 102/6/102
f 101/5/101 103/7/103 102/6/102
f 102/6/102 103/7/103 104/8/104
f 103/7/103 105/9/105 104/8/104
f 104/8/104 105/9/105 106/10/106
f 108/12/108 107/11/107 99/3/99
f 99/3/99 107/11/107 98/2/98
f 107/11/107 109/13/109 98/2/98
f 98/2/98 109/13/109 101/5/101
f 109/13/109 110/14/110 101/5/101
f 101/5/101 110/14/110 103/7/103
f 110/14/110 111/15/111 103/7/103
f 103/7/103 111/15/111 105/9/105
f 113/17/113 112/16/112 108/12/108
f 108/12/108 112/16/112 107/11/107
f 112/16/112 114/18/114 107/11/107
f 107/11/107 114/18/114 109/13/109
f 114/18/114 115/19/115 109/13/109
f 109/13/109 115/19/115 110/14/110
f 115/19/115 116/20/116 110/14/110
f 110/14/110 116/20/116 111/15/111
f 118/22/118 117/21/117 113/17/113
f 113/17/113 117/21/117 112/16/112
f 117/21/117 119/23/119 112/16/112
f 112/16/112 119/23/119 114/18/114
f 119/23/119 120/24/120 114/18/114
f 114/18/114 120/24/120 115/19/115
f 120/24/120 121/25/121 115/19/115
f 115/19/115 121/25/121 116/20/116
f 123/27/123 122/26/122 118/22/118
f 118/22/118 122/26/122 117/21/117
f 122/26/122 124/28/124 117/21/117
f 117/21/117 124/28/124 119/23/119
f 124/28/124 125/29/125 119/23/119
f 119/23/119 125/29/125 120/24/120
f 125/29/125 126/30/126 120/24/120
f 120/24/120 126/30/126 121/25/121
f 97/32/97 100/31/100 123/27/123
f 123/27/123 100/31/100 122/26/122
f 100/31/100 102/33/102 122/26/122
f 122/26/122 102/33/102 124/28/124
f 102/33/102 104/34/104 124/28/124
f 124/28/124 104/34/104 125/29/125
f 104/34/104 106/35/106 125/29/125
f 125/29/125 106/35/106 126/30/126
f 99/3/99 97/1/97 127/36/127
f 108/12/108 99/3/99 127/37/127
f 113/17/113 108/12/108 127/38/127
f 118/22/118 113/17/113 127/39/127
f 123/27/123 118/22/118 127/40/127
f 97/32/97 123/27/123 127/41/127
f 106/10/106 105/9/105 128/42/128
f 105/9/105 111/15/111 128/43/128
f 111/15/111 116/20/116 128/44/128
f 116/20/116 121/25/121 128/45/128
f 121/25/121 126/30/126 128/46/128
f 126/30/126 106/35/106 128/47/128
f 131/3/131 130/2/130 129/1/129
f 129/1/129 130/2/130 132/4/132
f 130/2/130 133/5/133 132/4/132
f 132/4/132 133/5/133 134/6/134
f 133/5/133 135/7/135 134/6/134
f 134/6/134 135/7/135 136/8/136
f 135/7/135 137/9/137 136/8/136
f 136/8/136 137/9/137 138/10/138
f 140/12/140 139/11/139 131/3/131
f 131/3/131 139/11/139 130/2/130
f 139/11/139 141/13/141 130/2/130
f 130/2/130 141/13/141 133/5/133
f 141/13/141 142/14/142 133/5/133
f 133/5/133 142/14/142 135/7/135
f 142/14/142 143/15/143 135/7/135
f 135/7/135 143/15/143 137/9/137
f 145/17/145 144/16/144 140/12/140
f 140/12/140 144/16/144 139/11/139
f 144/16/144 146/18/146 139/11/139
f 139/11/139 146/18/146 141/13/141
f 146/18/146 147/19/147 141/13/141
f 141/13/141 147/19/147 142/14/142
f 147/19/147 148/20/148 142/14/142
f 142/14/142 148/20/148 143/15/143
f 150/22/150 149/21/149 145/17/145
f 145/17/145 149/21/149 144/16/144
f 149/21/149 151/23/151 144/16/144
f 144/16/144 151/23/151 146/18/146
f 151/23/151 152/24/152 146/18/146
f 146/18/146 152/24/152 147/19/147
f 152/24/152 153/25/153 147/19/147
f 147/19/147 153/25/153 148/20/148
f 155/27/155 154/26/154 150/22/150
f 150/22/150 154/26/154 149/21/149
f 154/26/154 156/28/156 149/21/149
f 149/21/149 156/28/156 151/23/151
f 156/28/156 157/29/157 151/23/151
f 151/23/151 157/29/157 152/24/152
f 157/29/157 158/30/158 152/24/152
f 152/24/152 158/30/158 153/25/153
f 129/32/129 132/31/132 155/27/155
f 155/27/155 132/31/132 154/26/154
f 132/31/132 134/33/134 154/26/154
f 154/26/154 134/33/134 156/28/156
f 134/33/134 136/34/136 156/28/156
f 156/28/156 136/34/136 157/29/157
f 136/34/136 138/35/138 157/29/157
f 157/29/157 138/35/138 158/30/158
f 131/3/131 129/1/129 159/36/159
f 140/12/140 131/3/131 159/37/159
f 145/17/145 140/12/140 159/38/159
f 150/22/150 145/17/145 159/39/159
f 155/27/155 150/22/150 159/40/159
f 129/32/129 155/27/155 159/41/159
f 138/10/138 137/9/137 160/42/160
f 137/9/137 143/15/143 160/43/160
f 143/15/143 148/20/148 160/44/160
f 148/20/148 153/25/153 160/45/160
f 153/25/153 158/30/158 160/46/160
f 158/30/158 138/35/138 160/47/160
f 163/3/163 162/2/162 161/1/161
f 161/1/161 162/2/162 164/4/164
f 162/2/162 165/5/165 164/4/164
f 164/4/164 165/5/165 166/6/166
f 165/5/165 167/7/167 166/6/166
f 166/6/166 167/7/167 168/8/168
f 167/7/167 169/9/169 168/8/168
f 168/8/168 169/9/169 170/10/170
f 172/12/172 171/11/171 163/3/163
f 163/3/163 171/11/171 162/2/162
f 171/11/171 173/13/173 162/2/162
f 162/2/162 173/13/173 165/5/165
f 173/13/173 174/14/174 165/5/165
f 165/5/165 174/14/174 167/7/167
f 174/14/174 175/15/175 167/7/167
f 167/7/167 175/15/175 169/9/169
f 177/17/177 176/16/176 172/12/172
f 172/12/172 176/16/176 171/11/171
f 176/16/176 178/18/178 171/11/171
f 171/11/171 178/18/178 173/13/173
f 178/18/178 179/19/179 173/13/173
f 173/13/173 179/19/179 174/14/174
f 179/19/179 180/20/180 174/14/174
f 174/14/174 180/20/180 175/15/175
f 182/22/182 181/21/181 177/17/177
f 177/17/177 181/21/181 176/16/176
f 181/21/181 183/23/183 176/16/176
f 176/16/176 183/23/183 178/18/178
f 183/23/183 184/24/184 178/18/178
f 178/18/178 184/24/184 179/19/179
f 184/24/184 185/25/185 179/19/179
f 179/19/179 185/25/185 180/20/180
f 187/27/187 186/26/186 182/22/182
f 182/22/182 186/26/186 181/21/181
f 186/26/186 188/28/188 181/21/181
f 181/21/181 188/28/188 183/23/183
f 188/28/188 189/29/189 183/23/183
f 183/23/183 189/29/189 184/24/184
f 189/29/189 190/30/190 184/24/184
f 184/24/184 190/30/190 185/25/185
f 161/32/161 164/31/164 187/27/187
f 187/27/187 164/31/164 186/26/186
f 164/31/164 166/33/166 186/26/186
f 186/26/186 166/33/166 188/28/188
f 166/33/166 168/34/168 188/28/188
f 188/28/188 168/34/168 189/29/189
f 168/34/168 170/35/170 189/29/189
f 189/29/189 170/35/170 190/30/190
f 163/3/163 161/1/161 191/36/191
f 172/12/172 163/3/163 191/37/191
f 177/17/177 172/12/172 191/38/191
f 182/22/182 177/17/177 191/39/191
f 187/27/187 182/22/182 191/40/191
f 161/32/161 187/27/187 191/41/191
f 170/10/170 169/9/169 192/42/192
f 169/9/169 175/15/175 192/43/192
f 175/15/175 180/20/180 192/44/192
f 180/20/180 185/25/185 192/45/192
f 185/25/185 190/30/190 192/46/192
f 190/30/190 170/35/170 192/47/192
f 195/3/195 194/2/194 193/1/193
f 193/1/193 194/2/194 196/4/196
f 194/2/194 197/5/197 196/4/196
f 196/4/196 197/5/197 198/6/198
f 197/5/197 199/7/199 198/6/198
f 198/6/198 199/7/199 200/8/200
f 199/7/199 201/9/201 200/8/200
f 200/8/200 201/9/201 202/10/202
f 204/12/204 203/11/203 195/3/195
f 195/3/195 203/11/203 194/2/194
f 203/11/203 205/13/205 194/2/194
f 194/2/194 205/13/205 197/5/197
f 205/13/205 206/14/206 197/5/197
f 197/5/197 206/14/206 199/7/199
f 206/14/206 207/15/207 199/7/199
f 199/7/199 207/15/207 201/9/201
f 209/17/209 208/16/208 204/12/204
f 204/12/204 208/16/208 203/11/203
f 208/16/208 210/18/210 203/11/203
f 203/11/203 210/18/210 205/13/205
f 210/18/210 211/19/211 205/13/205
f 205/13/205 211/19/211 206/14/206
f 211/19/211 212/20/212 206/14/206
f 206/14/206 212/20/212 207/15/207
f 214/22/214 213/21/213 209/17/209
f 209/17/209 213/21/213 208/16/208
f 213/21/213 215/23/215 208/16/208
f 208/16/208 215/23/215 210/18/210
f 215/23/215 216/24/216 210/18/210
f 210/18/210 216/24/216 211/19/211
f 216/24/216 217/25/217 211/19/211
f 211/19/211 217/25/217 212/20/212
f 219/27/219 218/26/218 214/22/214
f 214/22/214 218/26/218 213/21/213
f 218/26/218 220/28/220 213/21/213
f 213/21/213 220/28/220 215/23/215
f 220/28/220 221/29/221 215/23/215
f 215/23/215 221/29/221 216/24/216
f 221/29/221 222/30/222 216/24/216
f 216/24/216 222/30/222 217/25/217
f 193/32/193 196/31/196 219/27/219
f 219/27/219 196/31/196 218/26/218
f 196/31/196 198/33/198 218/26/218
f 218/26/218 198/33/198 220/28/220
f 198/33/198 200/34/200 220/28/220
f 220/28/220 200/34/200 221/29/221
f 200/34/200 202/35/202 221/29/221
f 221/29/221 202/35/202 222/30/222
f 195/3/195 193/1/193 223/36/223
f 204/12/204 195/3/195 223/37/223
f 209/17/209 204/12/204 223/38/223
f 214/22/214 209/17/209 223/39/223
f 219/27/219 214/22/214 223/40/223
f 193/32/193 219/27/219 223/41/223
f 202/10/202 201/9/201 224/42/224
f 201/9/201 207/15/207 224/43/224
f 207/15/207 212/20/212 224/44/224
f 212/20/212 217/25/217 224/45/224
f 217/25/217 222/30/222 224/46/224
f 222/30/222 202/35/202 224/47/224
f 227/3/227 226/2/226 225/1/225
f 225/1/225 226/2/226 228/4/228
f 226/2/226 229/5/229 228/4/228
f 228/4/228 229/5/229 230/6/230
f 229/5/229 231/7/231 230/6/230
f 230/6/230 231/7/231 232/8/232
f 231/7/231 233/9/233 232/8/232
f 232/8/232 233/9/233 234/10/234
f 236/12/236 235/11/235 227/3/227
f 227/3/227 235/11/235 226/2/226
f 235/11/235 237/13/237 226/2/226
f 226/2/226 237/13/237 229/5/229
f 237/13/237 238/14/238 229/5/229
f 229/5/229 238/14/238 231/7/231
f 238/14/238 239/15/239 231/7/231
f 231/7/231 239/15/239 233/9/233
f 241/17/241 240/16/240 236/12/236
f 236/12/236 240/16/240 235/11/235
f 240/16/240 242/18/242 235/11/235
f 235/11/235 242/18/242 237/13/237
f 242/18/242 243/19/243 237/13/237
f 237/13/237 243/19/243 238/14/238
f 243/19/243 244/20/244 238/14/238
f 238/14/238 244/20/244 239/15/239
f 246/22/246 245/21/245 241/17/241
f 241/17/241 245/21/245 240/16/240
f 245/21/245 247/23/247 240/16/240
f 240/16/240 247/23/247 242/18/242
f 247/23/247 248/24/248 242/18/242
f 242/18/242 248/24/248 243/19/243
f 248/24/248 249/25/249 243/19/243
f 243/19/243 249/25/249 244/20/244
f 251/27/251 250/26/250 246/22/246
f 246/22/246 250/26/250 245/21/245
f 250/26/250 252/28/252 245/21/245
f 245/21/245 252/28/252 247/23/247
f 252/28/252 253/29/253 247/23/247
f 247/23/247 253/29/253 248/24/248
f 253/29/253 254/30/254 248/24/248
f 248/24/248 254/30/254 249/25/249
f 225/32/225 228/31/228 251/27/251
f 251/27/251 228/31/228 250/26/250
f 228/31/228 230/33/230 250/26/250
f 250/26/250 230/33/230 252/28/252
f 230/33/230 232/34/232 252/28/252
f 252/28/252 232/34/232 253/29/253
f 232/34/232 234/35/234 253/29/253
f 253/29/253 234/35/234 254/30/254
f 227/3/227 225/1/225 255/36/255
f 236/12/236 227/3/227 255/37/255
f 241/17/241 236/12/236 255/38/255
f 246/22/246 241/17/241 255/39/255
f 251/27/251 246/22/246 255/40/255
f 225/32/225 251/27/251 255/41/255
f 234/10/234 233/9/233 256/42/256
f 233/9/233 239/15/239 256/43/256
f 239/15/239 244/20/244 256/44/256
f 244/20/244 249/25/249 256/45/256
f 249/25/249 254/30/254 256/46/256
f 254/30/254 234/35/234 256/47/256
f 259/3/259 258/2/258 257/1/257
f 257/1/257 258/2/258 260/4/260
f 258/2/258 261/5/261 260/4/260
f 260/4/260 261/5/261 262/6/262
f 261/5/261 263/7/263 262/6/262
f 262/6/262 263/7/263 264/8/264
f 263/7/263 265/9/265 264/8/264
f 264/8/264 265/9/265 266/10/266
f 268/12/268 267/11/267 259/3/259
f 259/3/259 267/11/267 258/2/258
f 267/11/267 269/13/269 258/2/258
f 258/2/258 269/13/269 261/5/261
f 269/13/269 270/14/270 261/5/261
f 261/5/261 270/14/270 263/7/263
f 270/14/270 271/15/271 263/7/263
f 263/7/263 271/15/271 265/9/265
f 273/17/273 272/16/272 268/12/268
f 268/12/268 272/16/272 267/11/267
f 272/16/272 274/18/274 267/11/267
f 267/11/267 274/18/274 269/13/269
f 274/18/274 275/19/275 269/13/269
f 269/13/269 275/19/275 270/14/270
f 275/19/275 276/20/276 270/14/270
f 270/14/270 276/20/276 271/15/271
f 278/22/278 277/21/277 273/17/273
f 273/17/273 277/21/277 272/16/272
f 277/21/277 279/23/279 272/16/272
f 272/16/272 279/23/279 274/18/274
f 279/23/279 280/24/280 274/18/274
f 274/18/274 280/24/280 275/19/275
f 280/24/280 281/25/281 275/19/275
f 275/19/275 281/25/281 276/20/276
f 283/27/283 282/26/282 278/22/278
f 278/22/278 282/26/282 277/21/277
f 282/26/282 284/28/284 277/21/277
f 277/21/277 284/28/284 279/23/279
f 284/28/284 285/29/285 279/23/279
f 279/23/279 285/29/285 280/24/280
f 285/29/285 286/30/286 280/24/280
f 280/24/280 286/30/286 281/25/281
f 257/32/257 260/31/260 283/27/283
f 283/27/283 260/31/260 282/26/282
f 260/31/260 262/33/262 282/26/282
f 282/26/282 262/33/262 284/28/284
f 262/33/262 264/34/264 284/28/284
f 284/28/284 264/34/264 285/29/285
f 264/34/264 266/35/266 285/29/285
f 285/29/285 266/35/266 286/30/286
f 259/3/259 257/1/257 287/36/287
f 268/12/268 259/3/259 287/37/287
f 273/17/273 268/12/268 287/38/287
f 278/22/278 273/17/273 287/39/287
f 283/27/283 278/22/278 287/40/287
f 257/32/257 283/27/283 287/41/287
f 266/10/266 265/9/265 288/42/288
f 265/9/265 271/15/271 288/43/288
f 271/15/271 276/20/276 288/44/288
f 276/20/276 281/25/281 288/45/288
f 281/25/281 286/30/286 288/46/288
f 286/30/286 266/35/266 288/47/288
f 291/3/291 290/2/290 289/1/289
f 289/1/289 290/2/290 292/4/292
f 290/2/290 293/5/293 292/4/292
f 292/4/292 293/5/293 294/6/294
f 293/5/293 295/7/295 294/6/294
f 294/6/294 295/7/295 296/8/296
f 295/7/295 297/9/297 296/8/296
f 296/8/296 297/9/297 298/10/298
f 300/12/300 299/11/299 291/3/291
f 291/3/291 299/11/299 290/2/290
f 299/11/299 301/13/301 290/2/290
f 290/2/290 301/13/301 293/5/293
f 301/13/301 302/14/302 293/5/293
f 293/5/293 302/14/302 295/7/295
f 302/14/302 303/15/303 295/7/295
f 295/7/295 303/15/303 297/9/297
f 305/17/305 304/16/304 300/12/300
f 300/12/300 304/16/304 299/11/299
f 304/16/304 306/18/306 299/11/299
f 299/11/299 306/18/306 301/13/301
f 306/18/306 307/19/307 301/13/301
f 301/13/301 307/19/307 302/14/302
f 307/19/307 308/20/308 302/14/302
f 302/14/302 308/20/308 303/15/303
f 310/22/310 309/21/309 305/17/305
f 305/17/305 309/21/309 304/16/304
f 309/21/309 311/23/311 304/16/304
f 304/16/304 311/23/311 306/18/306
f 311/23/311 312/24/312 306/18/306
f 306/18/306 312/24/312 307/19/307
f 312/24/312 313/25/313 307/19/307
f 307/19/307 313/25/313 308/20/308
f 315/27/315 314/26/314 310/22/310
f 310/22/310 314/26/314 309/21/309
f 314/26/314 316/28/316 309/21/309
f 309/21/309 316/28/316 311/23/311
f 316/28/316 317/29/317 311/23/311
f 311/23/311 317/29/317 312/24/312
f 317/29/317 318/30/318 312/24/312
f 312/24/312 318/30/318 313/25/313
f 289/32/289 292/31/292 315/27/315
f 315/27/315 292/31/292 314/26/314
f 292/31/292 294/33/294 314/26/314
f 314/26/314 294/33/294 316/28/316
f 294/33/294 296/34/296 316/28/316
f 316/28/316 296/34/296 317/29/317
f 296/34/296 298/35/298 317/29/317
f 317/29/317 298/35/298 318/30/318
f 291/3/291 289/1/289 319/36/319
f 300/12/300 291/3/291 319/37/319
f 305/17/305 300/12/300 319/38/319
f 310/22/310 305/17/305 319/39/319
f 315/27/315 310/22/310 319/40/319
f 289/32/289 315/27/315 319/41/319
f 298/10/298 297/9/297 320/42/320
f 297/9/297 303/15/303 320/43/320
f 303/15/303 308/20/308 320/44/320
f 308/20/308 313/25/313 320/45/320
f 313/25/313 318/30/318 320/46/320
f 318/30/318 298/35/298 320/47/320
f 323/3/323 322/2/322 321/1/321
f 321/1/321 322/2/322 324/4/324
f 322/2/322 325/5/325 324/4/324
f 324/4/324 325/5/325 326/6/326
f 325/5/325 327/7/327 326/6/326
f 326/6/326 327/7/327 328/8/328
f 327/7/327 329/9/329 328/8/328
f 328/8/328 329/9/329 330/10/330
f 332/12/332 331/11/331 323/3/323
f 323/3/323 331/11/331 322/2/322
f 331/11/331 333/13/333 322/2/322
f 322/2/322 333/13/333 325/5/325
f 333/13/333 334/14/334 325/5/325
f 325/5/325 334/14/334 327/7/327
f 334/14/334 335/15/335 327/7/327
f 327/7/327 335/15/335 329/9/329
f 337/17/337 336/16/336 332/12/332
f 332/12/332 336/16/336 331/11/331
f 336/16/336 338/18/338 331/11/331
f 331/11/331 338/18/338 333/13/333
f 338/18/338 339/19/339 333/13/333
f 333/13/333 339/19/339 334/14/334
f 339/19/339 340/20/340 334/14/334
f 334/14/334 340/20/340 335/15/335
f 342/22/342 341/21/341 337/17/337
f 337/17/337 341/21/341 336/16/336
f 341/21/341 343/23/343 336/16/336
f 336/16/336 343/23/343 338/18/338
f 343/23/343 344/24/344 338/18/338
f 338/18/338 344/24/344 339/19/339
f 344/24/344 345/25/345 339/19/339
f 339/19/339 345/25/345 340/20/340
f 347/27/347 346/26/346 342/22/342
f 342/22/342 346/26/346 341/21/341
f 346/26/346 348/28/348 341/21/341
f 341/21/341 348/28/348 343/23/343
f 348/28/348 349/29/349 343/23/343
f 343/23/343 349/29/349 344/24/344
f 349/29/349 350/30/350 344/24/344
f 344/24/344 350/30/350 345/25/345
f 321/32/321 324/31/324 347/27/347
f 347/27/347 324/31/324 346/26/346
f 324/31/324 326/33/326 346/26/346
f 346/26/346 326/33/326 348/28/348
f 326/33/326 328/34/328 348/28/348
f 348/28/348 328/34/328 349/29/349
f 328/34/328 330/35/330 349/29/349
f 349/29/349 330/35/330 350/30/350
f 323/3/323 321/1/321 351/36/351
f 332/12/332 323/3/323 351/37/351
f 337/17/337 332/12/332 351/38/351
f 342/22/342 337/17/337 351/39/351
f 347/27/347 342/22/342 351/40/351
f 321/32/321 347/27/347 351/41/351
f 330/10/330 329/9/329 352/42/352
f 329/9/329 335/15/335 352/43/352
f 335/15/335 340/20/340 352/44/352
f 340/20/340 345/25/345 352/45/352
f 345/25/345 350/30/350 352/46/352
f 350/30/350 330/35/330 352/47/352
f 355/3/355 354/2/354 353/1/353
f 353/1/353 354/2/354 356/4/356
f 354/2/354 357/5/357 356/4/356
f 356/4/356 357/5/357 358/6/358
f 357/5/357 359/7/359 358/6/358
f 358/6/358 359/7/359 360/8/360
f 359/7/359 361/9/361 360/8/360
f 360/8/360 361/9/361 362/10/362
f 364/12/364 363/11/363 355/3/355
f 355/3/355 363/11/363 354/2/354
f 363/11/363 365/13/365 354/2/354
f 354/2/354 365/13/365 357/5/357
f 365/13/365 366/14/366 357/5/357
f 357/5/357 366/14/366 359/7/359
f 366/14/366 367/15/367 359/7/359
f 359/7/359 367/15/367 361/9/361
f 369/17/369 368/16/368 364/12/364
f 364/12/364 368/16/368 363/11/363
f 368/16/368 370/18/370 363/11/363
f 363/11/363 370/18/370 365/13/365
f 370/18/370 371/19/371 365/13/365
f 365/13/365 371/19/371 366/14/366
f 371/19/371 372/20/372 366/14/366
f 366/14/366 372/20/372 367/15/367
f 374/22/374 373/21/373 369/17/369
f 369/17/369 373/21/373 368/16/368
f 373/21/373 375/23/375 368/16/368
f 368/16/368 375/23/375 370/18/370
f 375/23/375 376/24/376 370/18/370
f 370/18/370 376/24/376 371/19/371
f 376/24/376 377/25/377 371/19/371
f 371/19/371 377/25/377 372/20/372
f 379/27/379 378/26/378 374/22/374
f 374/22/374 378/26/378 373/21/373
f 378/26/378 380/28/380 373/21/373
f 373/21/373 380/28/380 375/23/375
f 380/28/380 381/29/381 375/23/375
f 375/23/375 381/29/381 376/24/376
f 381/29/381 382/30/382 376/24/376
f 376/24/376 382/30/382 377/25/377
f 353/32/353 356/31/356 379/27/379
f 379/27/379 356/31/356 378/26/378
f 356/31/356 358/33/358 378/26/378
f 378/26/378 358/33/358 380/28/380
f 358/33/358 360/34/360 380/28/380
f 380/28/380 360/34/360 381/29/381
f 360/34/360 362/35/362 381/29/381
f 381/29/381 362/35/362 382/30/382
f 355/3/355 353/1/353 383/36/383
f 364/12/364 355/3/355 383/37/383
f 369/17/369 364/12/364 383/38/383
f 374/22/374 369/17/369 383/39/383
f 379/27/379 374/22/374 383/40/383
f 353/32/353 379/27/379 383/41/383
f 362/10/362 361/9/361 384/42/384
f 361/9/361 367/15/367 384/43/384
f 367/15/367 372/20/372 384/44/384
f 372/20/372 377/25/377 384/45/384
f 377/25/377 382/30/382 384/46/384
f 382/30/382 362/35/362 384/47/384
f 387/3/387 386/2/386 385/1/385
f 385/1/385 386/2/386 388/4/388
f 386/2/386 389/5/389 388/4/388
f 388/4/388 389/5/389 390/6/390
f 389/5/389 391/7/391 390/6/390
f 390/6/390 391/7/391 392/8/392
f 391/7/391 393/9/393 392/8/392
f 392/8/392 393/9/393 394/10/394
f 396/12/396 395/11/395 387/3/387
f 387/3/387 395/11/395 386/2/386
f 395/11/395 397/13/397 386/2/386
f 386/2/386 397/13/397 389/5/389
f 397/13/397 398/14/398 389/5/389
f 389/5/389 398/14/398 391/7/391
f 398/14/398 399/15/399 391/7/391
f 391/7/391 399/15/399 393/9/393
f 401/17/401 400/16/400 396/12/396
f 396/12/396 400/16/400 395/11/395
f 400/16/400 402/18/402 395/11/395
f 395/11/395 402/18/402 397/13/397
f 402/18/402 403/19/403 397/13/397
f 397/13/397 403/19/403 398/14/398
f 403/19/403 404/20/404 398/14/398
f 398/14/398 404/20/404 399/15/399
f 406/22/406 405/21/405 401/17/401
f 401/17/401 405/21/405 400/16/400
f 405/21/405 407/23/407 400/16/400
f 400/16/400 407/23/407 402/18/402
f 407/23/407 408/24/408 402/18/402
f 402/18/402 408/24/408 403/19/403
f 408/24/408 409/25/409 403/19/403
f 403/19/403 409/25/409 404/20/404
f 411/27/411 410/26/410 406/22/406
f 406/22/406 410/26/410 405/21/405
f 410/26/410 412/28/412 405/21/405
f 405/21/405 412/28/412 407/23/407
f 412/28/412 413/29/413 407/23/407
f 407/23/407 413/29/413 408/24/408
f 413/29/413 414/30/414 408/24/408
f 408/24/408 414/30/414 409/25/409
f 385/32/385 388/31/388 411/27/411
f 411/27/411 388/31/388 410/26/410
f 388/31/388 390/33/390 410/26/410
f 410/26/410 390/33/390 412/28/412
f 390/33/390 392/34/392 412/28/412
f 412/28/412 392/34/392 413/29/413
f 392/34/392 394/35/394 413/29/413
f 413/29/413 394/35/394 414/30/414
f 387/3/387 385/1/385 415/36/415
f 396/12/396 387/3/387 415/37/415
f 401/17/401 396/12/396 415/38/415
f 406/22/406 401/17/401 415/39/415
f 411/27/411 406/22/406 415/40/415
f 385/32/385 411/27/411 415/41/415
f 394/10/394 393/9/393 416/42/416
f 393/9/393 399/15/399 416/43/416
f 399/15/399 404/20/404 416/44/416
f 404/20/404 409/25/409 416/45/416
f 409/25/409 414/30/414 416/46/416
f 414/30/414 394/35/394 416/47/416
f 419/3/419 418/2/418 417/1/417
f 417/1/417 418/2/418 420/4/420
f 418/2/418 421/5/421 420/4/420
f 420/4/420 421/5/421 422/6/422
f 421/5/421 423/7/423 422/6/422
f 422/6/422 423/7/423 424/8/424
f 423/7/423 425/9/425 424/8/424
f 424/8/424 425/9/425 426/10/426
f 428/12/428 427/11/427 419/3/419
f 419/3/419 427/11/427 418/2/418
f 427/11/427 429/13/429 418/2/418
f 418/2/418 429/13/429 421/5/421
f 429/13/429 430/14/430 421/5/421
f 421/5/421 430/14/430 423/7/423
f 430/14/430 431/15/431 423/7/423
f 423/7/423 431/15/431 425/9/425
f 433/17/433 432/16/432 428/12/428
f 428/12/428 432/16/432 427/11/427
f 432/16/432 434/18/434 427/11/427
f 427/11/427 434/18/434 429/13/429
f 434/18/434 435/19/435 429/13/429
f 429/13/429 435/19/435 430/14/430
f 435/19/435 436/20/436 430/14/430
f 430/14/430 436/20/436 431/15/431
f 438/22/438 437/21/437 433/17/433
f 433/17/433 437/21/437 432/16/432
f 437/21/437 439/23/439 432/16/432
f 432/16/432 439/23/439 434/18/434
f 439/23/439 440/24/440 434/18/434
f 434/18/434 440/24/440 435/19/435
f 440/24/440 441/25/441 435/19/435
f 435/19/435 441/25/441 436/20/436
f 443/27/443 442/26/442 438/22/438
f 438/22/438 442/26/442 437/21/437
f 442/26/442 444/28/444 437/21/437
f 437/21/437 444/28/444 439/23/439
f 444/28/444 445/29/445 439/23/439
f 439/23/439 445/29/445 440/24/440
f 445/29/445 446/30/446 440/24/440
f 440/24/440 446/30/446 441/25/441
f 417/32/417 420/31/420 443/27/443
f 443/27/443 420/31/420 442/26/442
f 420/31/420 422/33/422 442/26/442
f 442/26/442 422/33/422 444/28/444
f 422/33/422 424/34/424 444/28/444
f 444/28/444 424/34/424 445/29/445
f 424/34/424 426/35/426 445/29/445
f 445/29/445 426/35/426 446/30/446
f 419/3/419 417/1/417 447/36/447
f 428/12/428 419/3/419 447/37/447
f 433/17/433 428/12/428 447/38/447
f 438/22/438 433/17/433 447/39/447
f 443/27/443 438/22/438 447/40/447
f 417/32/417 443/27/443 447/41/447
f 426/10/426 425/9/425 448/42/448
f 425/9/425 431/15/431 448/43/448
f 431/15/431 436/20/436 448/44/448
f 436/20/436 441/25/441 448/45/448
f 441/25/441 446/30/446 448/46/448
f 446/30/446 426/35/426 448/47/448
f 451/3/451 450/2/450 449/1/449
f 449/1/449 450/2/450 452/4/452
f 450/2/450 453/5/453 452/4/452
f 452/4/452 453/5/453 454/6/454
f 453/5/453 455/7/455 454/6/454
f 454/6/454 455/7/455 456/8/456
f 455/7/455 457/9/457 456/8/456
f 456/8/456 457/9/457 458/10/458
f 460/12/460 459/11/459 451/3/451
f 451/3/451 459/11/459 450/2/450
f 459/11/459 461/13/461 450/2/450
f 450/2/450 461/13/461 453/5/453
f 461/13/461 462/14/462 453/5/453
f 453/5/453 462/14/462 455/7/455
f 462/14/462 463/15/463 455/7/455
f 455/7/455 463/15/463 457/9/457
f 465/17/465 464/16/464 460/12/460
f 460/12/460 464/16/464 459/11/459
f 464/16/464 466/18/466 459/11/459
f 459/11/459 466/18/466 461/13/461
f 466/18/466 467/19/467 461/13/461
f 461/13/461 467/19/467 462/14/462
f 467/19/467 468/20/468 462/14/462
f 462/14/462 468/20/468 463/15/463
f 470/22/470 469/21/469 465/17/465
f 465/17/465 469/21/469 464/16/464
f 469/21/469 471/23/471 464/16/464
f 464/16/464 471/23/471 466/18/466
f 471/23/471 472/24/472 466/18/466
f 466/18/466 472/24/472 467/19/467
f 472/24/472 473/25/473 467/19/467
f 467/19/467 473/25/473 468/20/468
f 475/27/475 474/26/474 470/22/470
f 470/22/470 474/26/474 469/21/469
f 474/26/474 476/28/476 469/21/469
f 469/21/469 476/28/476 471/23/471
f 476/28/476 477/29/477 471/23/471
f 471/23/471 477/29/477 472/24/472
f 477/29/477 478/30/478 472/24/472
f 472/24/472 478/30/478 473/25/473
f 449/32/449 452/31/452 475/27/475
f 475/27/475 452/31/452 474/26/474
f 452/31/452 454/33/454 474/26/474
f 474/26/474 454/33/454 476/28/476
f 454/33/454 456/34/456 476/28/476
f 476/28/476 456/34/456 477/29/477
f 456/34/456 458/35/458 477/29/477
f 477/29/477 458/35/458 478/30/478
f 451/3/451 449/1/449 479/36/479
f 460/12/460 451/3/451 479/37/479
f 465/17/465 460/12/460 479/38/479
f 470/22/470 465/17/465 479/39/479
f 475/27/475 470/22/470 479/40/479
f 449/32/449 475/27/475 479/41/479
f 458/10/458 457/9/457 480/42/480
f 457/9/457 463/15/463 480/43/480
f 463/15/463 468/20/468 480/44/480
f 468/20/468 473/25/473 480/45/480
f 473/25/473 478/30/478 480/46/480
f 478/30/478 458/35/458 480/47/480
f 483/3/483 482/2/482 481/1/481
f 481/1/481 482/2/482 484/4/484
f 482/2/482 485/5/485 484/4/484
f 484/4/484 485/5/485 486/6/486
f 485/5/485 487/7/487 486/6/486
f 486/6/486 487/7/487 488/8/488
f 487/7/487 489/9/489 488/8/488
f 488/8/488 489/9/489 490/10/490
f 492/12/492 491/11/491 483/3/483
f 483/3/483 491/11/491 482/2/482
f 491/11/491 493/13/493 482/2/482
f 482/2/482 493/13/493 485/5/485
f 493/13/493 494/14/494 485/5/485
f 485/5/485 494/14/494 487/7/487
f 494/14/494 495/15/495 487/7/487
f 487/7/487 495/15/495 489/9/489
f 497/17/497 496/16/496 492/12/492
f 492/12/492 496/16/496 491/11/491
f 496/16/496 498/18/498 491/11/491
f 491/11/491 498/18/498 493/13/493
f 498/18/498 499/19/499 493/13/493
f 493/13/493 499/19/499 494/14/494
f 499/19/499 500/20/500 494/14/494
f 494/14/494 500/20/500 495/15/495
f 502/22/502 501/21/501 497/17/497
f 497/17/497 501/21/501 496/16/496
f 501/21/501 503/23/503 496/16/496
f 496/16/496 503/23/503 498/18/498
f 503/23/503 504/24/504 498/18/498
f 498/18/498 504/24/504 499/19/499
f 504/24/504 505/25/505 499/19/499
f 499/19/499 505/25/505 500/20/500
f 507/27/507 506/26/506 502/22/502
f 502/22/502 506/26/506 501/21/501
f 506/26/506 508/28/508 501/21/501
f 501/21/501 508/28/508 503/23/503
f 508/28/508 509/29/509 503/23/503
f 503/23/503 509/29/509 504/24/504
f 509/29/509 510/30/510 504/24/504
f 504/24/504 510/30/510 505/25/505
f 481/32/481 484/31/484 507/27/507
f 507/27/507 484/31/484 506/26/506
f 484/31/484 486/33/486 506/26/506
f 506/26/506 486/33/486 508/28/508
f 486/33/486 488/34/488 508/28/508
f 508/28/508 488/34/488 509/29/509
f 488/34/488 490/35/490 509/29/509
f 509/29/509 490/35/490 510/30/510
f 483/3/483 481/1/481 511/36/511
f 492/12/492 483/3/483 511/37/511
f 497/17/497 492/12/492 511/38/511
f 502/22/502 497/17/497 511/39/511
f 507/27/507 502/22/502 511/40/511
f 481/32/481 507/27/507 511/41/511
f 490/10/490 489/9/489 512/42/512
f 489/9/489 495/15/495 512/43/512
f 495/15/495 500/20/500 512/44/512
f 500/20/500 505/25/505 512/45/512
f 505/25/505 510/30/510 512/46/512
f 510/30/510 490/35/490 512/47/512
f 515/3/515 514/2/514 513/1/513
f 513/1/513 514/2/514 516/4/516
f 514/2/514 517/5/517 516/4/516
f 516/4/516 517/5/517 518/6/518
f 517/5/517 519/7/519 518/6/518
f 518/6/518 519/7/519 520/8/520
f 519/7/519 521/9/521 520/8/520
f 520/8/520 521/9/521 522/10/522
f 524/12/524 523/11/523 515/3/515
f 515/3/515 523/11/523 514/2/514
f 523/11/523 525/13/525 514/2/514
f 514/2/514 525/13/525 517/5/517
f 525/13/525 526/14/526 517/5/517
f 517/5/517 526/14/526 519/7/519
f 526/14/526 527/15/527 519/7/519
f 519/7/519 527/15/527 521/9/521
f 529/17/529 528/16/528 524/12/524
f 524/12/524 528/16/528 523/11/523
f 528/16/528 530/18/530 523/11/523
f 523/11/523 530/18/530 525/13/525
f 530/18/530 531/19/531 525/13/525
f 525/13/525 531/19/531 526/14/526
f 531/19/531 532/20/532 526/14/526
f 526/14/526 532/20/532 527/15/527
f 534/22/534 533/21/533 529/17/529
f 529/17/529 533/21/533 528/16/528
f 533/21/533 535/23/535 528/16/528
f 528/16/528 535/23/535 530/18/530
f 535/23/535 536/24/536 530/18/530
f 530/18/530 536/24/536 531/19/531
f 536/24/536 537/25/537 531/19/531
f 531/19/531 537/25/537 532/20/532
f 539/27/539 538/26/538 534/22/534
f 534/22/534 538/26/538 533/21/533
f 538/26/538 540/28/540 533/21/533
f 533/21/533 540/28/540 535/23/535
f 540/28/540 541/29/541 535/23/535
f 535/23/535 541/29/541 536/24/536
f 541/29/541 542/30/542 536/24/536
f 536/24/536 542/30/542 537/25/537
f 513/32/513 516/31/516 539/27/539
f 539/27/539 516/31/516 538/26/538
f 516/31/516 518/33/518 538/26/538
f 538/26/538 518/33/518 540/28/540
f 518/33/518 520/34/520 540/28/540
f 540/28/540 520/34/520 541/29/541
f 520/34/520 522/35/522 541/29/541
f 541/29/541 522/35/522 542/30/542
f 515/3/515 513/1/513 543/36/543
f 524/12/524 515/3/515 543/37/543
f 529/17/529 524/12/524 543/38/543
f 534/22/534 529/17/529 543/39/543
f 539/27/539 534/22/534 543/40/543
f 513/32/513 539/27/539 543/41/543
f 522/10/522 521/9/521 544/42/544
f 521/9/521 527/15/527 544/43/544
f 527/15/527 532/20/532 544/44/544
f 532/20/532 537/25/537 544/45/544
f 537/25/537 542/30/542 544/46/544
f 542/30/542 522/35/522 544/47/544
f 547/3/547 546/2/546 545/1/545
f 545/1/545 546/2/546 548/4/548
f 546/2/546 549/5/549 548/4/548
f 548/4/548 549/5/549 550/6/550
f 549/5/549 551/7/551 550/6/550
f 550/6/550 551/7/551 552/8/552
f 551/7/551 553/9/553 552/8/552
f 552/8/552 553/9/553 554/10/554
f 556/12/556 555/11/555 547/3/547
f 547/3/547 555/11/555 546/2/546
f 555/11/555 557/13/557 546/2/546
f 546/2/546 557/13/557 549/5/549
f 557/13/557 558/14/558 549/5/549
f 549/5/549 558/14/558 551/7/551
f 558/14/558 559/15/559 551/7/551
f 551/7/551 559/15/559 553/9/553
f 561/17/561 560/16/560 556/12/556
f 556/12/556 560/16/560 555/11/555
f 560/16/560 562/18/562 555/11/555
f 555/11/555 562/18/562 557/13/557
f 562/18/562 563/19/563 557/13/557
f 557/13/557 563/19/563 558/14/558
f 563/19/563 564/20/564 558/14/558
f 558/14/558 564/20/564 559/15/559
f 566/22/566 565/21/565 561/17/561
f 561/17/561 565/21/565 560/16/560
f 565/21/565 567/23/567 560/16/560
f 560/16/560 567/23/567 562/18/562
f 567/23/567 568/24/568 562/18/562
f 562/18/562 568/24/568 563/19/563
f 568/24/568 569/25/569 563/19/563
f 563/19/563 569/25/569 564/20/564
f 571/27/571 570/26/570 566/22/566
f 566/22/566 570/26/570 565/21/565
f 570/26/570 572/28/572 565/21/565
f 565/21/565 572/28/572 567/23/567
f 572/28/572 573/29/573 567/23/567
f 567/23/567 573/29/573 568/24/568
f 573/29/573 574/30/574 568/24/568
f 568/24/568 574/30/574 569/25/569
f 545/32/545 548/31/548 571/27/571
f 571/27/571 548/31/548 570/26/570
f 548/31/548 550/33/550 570/26/570
f 570/26/570 550/33/550 572/28/572
f 550/33/550 552/34/552 572/28/572
f 572/28/572 552/34/552 573/29/573
f 552/34/552 554/35/554 573/29/573
f 573/29/573 554/35/554 574/30/574
f 547/3/547 545/1/545 575/36/575
f 556/12/556 547/3/547 575/37/575
f 561/17/561 556/12/556 575/38/575
f 566/22/566 561/17/561 575/39/575
f 571/27/571 566/22/566 575/40/575
f 545/32/545 571/27/571 575/41/575
f 554/10/554 553/9/553 576/42/576
f 553/9/553 559/15/559 576/43/576
f 559/15/559 564/20/564 576/44/576
f 564/20/564 569/25/569 576/45/576
f 569/25/569 574/30/574 576/46/576
f 574/30/574 554/35/554 576/47/576
f 579/3/579 578/2/578 577/1/577
f 577/1/577 578/2/578 580/4/580
f 578/2/578 581/5/581 580/4/580
f 580/4/580 581/5/581 582/6/582
f 581/5/581 583/7/583 582/6/582
f 582/6/582 583/7/583 584/8/584
f 583/7/583 585/9/585 584/8/584
f 584/8/584 585/9/585 586/10/586
f 588/12/588 587/11/587 579/3/579
f 579/3/579 587/11/587 578/2/578
f 587/11/587 589/13/589 578/2/578
f 578/2/578 589/13/589 581/5/581
f 589/13/589 590/14/590 581/5/581
f 581/5/581 590/14/590 583/7/583
f 590/14/590 591/15/591 583/7/583
f 583/7/583 591/15/591 585/9/585
f 593/17/593 592/16/592 588/12/588
f 588/12/588 592/16/592 587/11/587
f 592/16/592 594/18/594 587/11/587
f 587/11/587 594/18/594 589/13/589
f 594/18/594 595/19/595 589/13/589
f 589/13/589 595/19/595 590/14/590
f 595/19/595 596/20/596 590/14/590
f 590/14/590 596/20/596 591/15/591
f 598/22/598 597/21/597 593/17/593
f 593/17/593 597/21/597 592/16/592
f 597/21/597 599/23/599 592/16/592
f 592/16/592 599/23/599 594/18/594
f 599/23/599 600/24/600 594/18/594
f 594/18/594 600/24/600 595/19/595
f 600/24/600 601/25/601 595/19/595
f 595/19/595 601/25/601 596/20/596
f 603/27/603 602/26/602 598/22/598
f 598/22/598 602/26/602 597/21/597
f 602/26/602 604/28/604 597/21/597
f 597/21/597 604/28/604 599/23/599
f 604/28/604 605/29/605 599/23/599
f 599/23/599 605/29/605 600/24/600
f 605/29/605 606/30/606 600/24/600
f 600/24/600 606/30/606 601/25/601
f 577/32/577 580/31/580 603/27/603
f 603/27/603 580/31/580 602/26/602
f 580/31/580 582/33/582 602/26/602
f 602/26/602 582/33/582 604/28/604
f 582/33/582 584/34/584 604/28/604
f 604/28/604 584/34/584 605/29/605
f 584/34/584 586/35/586 605/29/605
f 605/29/605 586/35/586 606/30/606
f 579/3/579 577/1/577 607/36/607
f 588/12/588 579/3/579 607/37/607
f 593/17/593 588/12/588 607/38/607
f 598/22/598 593/17/593 607/39/607
f 603/27/603 598/22/598 607/40/607
f 577/32/577 603/27/603 607/41/607
f 586/10/586 585/9/585 608/42/608
f 585/9/585 591/15/591 608/43/608
f 591/15/591 596/20/596 608/44/608
f 596/20/596 601/25/601 608/45/608
f 601/25/601 606/30/606 608/46/608
f 606/30/606 586/35/586 608/47/608
f 611/3/611 610/2/610 609/1/609
f 609/1/609 610/2/610 612/4/612
f 610/2/610 613/5/613 612/4/612
f 612/4/612 613/5/613 614/6/614
f 613/5/613 615/7/615 614/6/614
f 614/6/614 615/7/615 616/8/616
f 615/7/615 617/9/617 616/8/616
f 616/8/616 617/9/617 618/10/618
f 620/12/620 619/11/619 611/3/611
f 611/3/611 619/11/619 610/2/610
f 619/11/619 621/13/621 610/2/610
f 610/2/610 621/13/621 613/5/613
f 621/13/621 622/14/622 613/5/613
f 613/5/613 622/14/622 615/7/615
f 622/14/622 623/15/623 615/7/615
f 615/7/615 623/15/623 617/9/617
f 625/17/625 624/16/624 620/12/620
f 620/12/620 624/16/624 619/11/619
f 624/16/624 626/18/626 619/11/619
f 619/11/619 626/18/626 621/13/621
f 626/18/626 627/19/627 621/13/621
f 621/13/621 627/19/627 622/14/622
f 627/19/627 628/20/628 622/14/622
f 622/14/622 628/20/628 623/15/623
f 630/22/630 629/21/629 625/17/625
f 625/17/625 629/21/629 624/16/624
f 629/21/629 631/23/631 624/16/624
f 624/16/624 631/23/631 626/18/626
f 631/23/631 632/24/632 626/18/626
f 626/18/626 632/24/632 627/19/627
f 632/24/632 633/25/633 627/19/627
f 627/19/627 633/25/633 628/20/628
f 635/27/635 634/26/634 630/22/630
f 630/22/630 634/26/634 629/21/629
f 634/26/634 636/28/636 629/21/629
f 629/21/629 636/28/636 631/23/631
f 636/28/636 637/29/637 631/23/631
f 631/23/631 637/29/637 632/24/632
f 637/29/637 638/30/638 632/24/632
f 632/24/632 638/30/638 633/25/633
f 609/32/609 612/31/612 635/27/635
f 635/27/635 612/31/612 634/26/634
f 612/31/612 614/33/614 634/26/634
f 634/26/634 614/33/614 636/28/636
f 614/33/614 616/34/616 636/28/636
f 636/28/636 616/34/616 637/29/637
f 616/34/616 618/35/618 637/29/637
f 637/29/637 618/35/618 638/30/638
f 611/3/611 609/1/609 639/36/639
f 620/12/620 611/3/611 639/37/639
f 625/17/625 620/12/620 639/38/639
f 630/22/630 625/17/625 639/39/639
f 635/27/635 630/22/630 639/40/639
f 609/32/609 635/27/635 639/41/639
f 618/10/618 617/9/617 640/42/640
f 617/9/617 623/15/623 640/43/640
f 623/15/623 628/20/628 640/44/640
f 628/20/628 633/25/633 640/45/640
f 633/25/633 638/30/638 640/46/640
f 638/30/638 618/35/618 640/47/640
f 643/3/643 642/2/642 641/1/641
f 641/1/641 642/2/642 644/4/644
f 642/2/642 645/5/645 644/4/644
f 644/4/644 645/5/645 646/6/646
f 645/5/645 647/7/647 646/6/646
f 646/6/646 647/7/647 648/8/648
f 647/7/647 649/9/649 648/8/648
f 648/8/648 649/9/649 650/10/650
f 652/12/652 651/11/651 643/3/643
f 643/3/643 651/11/651 642/2/642
f 651/11/651 653/13/653 642/2/642
f 642/2/642 653/13/653 645/5/645
f 653/13/653 654/14/654 645/5/645
f 645/5/645 654/14/654 647/7/647
f 654/14/654 655/15/655 647/7/647
f 647/7/647 655/15/655 649/9/649
f 657/17/657 656/16/656 652/12/652
f 652/12/652 656/16/656 651/11/651
f 656/16/656 658/18/658 651/11/651
f 651/11/651 658/18/658 653/13/653
f 658/18/658 659/19/659 653/13/653
f 653/13/653 659/19/659 654/14/654
f 659/19/659 660/20/660 654/14/654
f 654/14/654 660/20/660 655/15/655
f 662/22/662 661/21/661 657/17/657
f 657/17/657 661/21/661 656/16/656
f 661/21/661 663/23/663 656/16/656
f 656/16/656 663/23/663 658/18/658
f 663/23/663 664/24/664 658/18/658
f 658/18/658 664/24/664 659/19/659
f 664/24/664 665/25/665 659/19/659
f 659/19/659 665/25/665 660/20/660
f 667/27/667 666/26/666 662/22/662
f 662/22/662 666/26/666 661/21/661
f 666/26/666 668/28/668 661/21/661
f 661/21/661 668/28/668 663/23/663
f 668/28/668 669/29/669 663/23/663
f 663/23/663 669/29/669 664/24/664
f 669/29/669 670/30/670 664/24/664
f 664/24/664 670/30/670 665/25/665
f 641/32/641 644/31/644 667/27/667
f 667/27/667 644/31/644 666/26/666
f 644/31/644 646/33/646 666/26/666
f 666/26/666 646/33/646 668/28/668
f 646/33/646 648/34/648 668/28/668
f 668/28/668 648/34/648 669/29/669
f 648/34/648 650/35/650 669/29/669
f 669/29/669 650/35/650 670/30/670
f 643/3/643 641/1/641 671/36/671
f 652/12/652 643/3/643 671/37/671
f 657/17/657 652/12/652 671/38/671
f 662/22/662 657/17/657 671/39/671
f 667/27/667 662/22/662 671/40/671
f 641/32/641 667/27/667 671/41/671
f 650/10/650 649/9/649 672/42/672
f 649/9/649 655/15/655 672/43/672
f 655/15/655 660/20/660 672/44/672
f 660/20/660 665/25/665 672/45/672
f 665/25/665 670/30/670 672/46/672
f 670/30/670 650/35/650 672/47/672
f 675/3/675 674/2/674 673/1/673
f 673/1/673 674/2/674 676/4/676
f 674/2/674 677/5/677 676/4/676
f 676/4/676 677/5/677 678/6/678
f 677/5/677 679/7/679 678/6/678
f 678/6/678 679/7/679 680/8/680
f 679/7/679 681/9/681 680/8/680
f 680/8/680 681/9/681 682/10/682
f 684/12/684 683/11/683 675/3/675
f 675/3/675 683/11/683 674/2/674
f 683/11/683 685/13/685 674/2/674
f 674/2/674 685/13/685 677/5/677
f 685/13/685 686/14/686 677/5/677
f 677/5/677 686/14/686 679/7/679
f 686/14/686 687/15/687 679/7/679
f 679/7/679 687/15/687 681/9/681
f 689/17/689 688/16/688 684/12/684
f 684/12/684 688/16/688 683/11/683
f 688/16/688 690/18/690 683/11/683
f 683/11/683 690/18/690 685/13/685
f 690/18/690 691/19/691 685/13/685
f 685/13/685 691/19/691 686/14/686
f 691/19/691 692/20/692 686/14/686
f 686/14/686 692/20/692 687/15/687
f 694/22/694 693/21/693 689/17/689
f 689/17/689 693/21/693 688/16/688
f 693/21/693 695/23/695 688/16/688
f 688/16/688 695/23/695 690/18/690
f 695/23/695 696/24/696 690/18/690
f 690/18/690 696/24/696 691/19/691
f 696/24/696 697/25/697 691/19/691
f 691/19/691 697/25/697 692/20/692
f 699/27/699 698/26/698 694/22/694
f 694/22/694 698/26/698 693/21/693
f 698/26/698 700/28/700 693/21/693
f 693/21/693 700/28/700 695/23/695
f 700/28/700 701/29/701 695/23/695
f 695/23/695 701/29/701 696/24/696
f 701/29/701 702/30/702 696/24/696
f 696/24/696 702/30/702 697/25/697
f 673/32/673 676/31/676 699/27/699
f 699/27/699 676/31/676 698/26/698
f 676/31/676 678/33/678 698/26/698
f 698/26/698 678/33/678 700/28/700
f 678/33/678 680/34/680 700/28/700
f 700/28/700 680/34/680 701/29/701
f 680/34/680 682/35/682 701/29/701
f 701/29/701 682/35/682 702/30/702
f 675/3/675 673/1/673 703/36/703
f 684/12/684 675/3/675 703/37/703
f 689/17/689 684/12/684 703/38/703
f 694/22/694 689/17/689 703/39/703
f 699/27/699 694/22/694 703/40/703
f 673/32/673 699/27/699 703/41/703
f 682/10/682 681/9/681 704/42/704
f 681/9/681 687/15/687 704/43/704
f 687/15/687 692/20/692 704/44/704
f 692/20/692 697/25/697 704/45/704
f 697/25/697 702/30/702 704/46/704
f 702/30/702 682/35/682 704/47/704
f 707/3/707 706/2/706 705/1/705
f 705/1/705 706/2/706 708/4/708
f 706/2/706 709/5/709 708/4/708
f 708/4/708 709/5/709 710/6/710
f 709/5/709 711/7/711 710/6/710
f 710/6/710 711/7/711 712/8/712
f 711/7/711 713/9/713 712/8/712
f 712/8/712 713/9/713 714/10/714
f 716/12/716 715/11/715 707/3/707
f 707/3/707 715/11/715 706/2/706
f 715/11/715 717/13/717 706/2/706
f 706/2/706 717/13/717 709/5/709
f 717/13/717 718/14/718 709/5/709
f 709/5/709 718/14/718 711/7/711
f 718/14/718 719/15/719 711/7/711
f 711/7/711 719/15/719 713/9/713
f 721/17/721 720/16/720 716/12/716
f 716/12/716 720/16/720 715/11/715
f 720/16/720 722/18/722 715/11/715
f 715/11/715 722/18/722 717/13/717
f 722/18/722 723/19/723 717/13/717
f 717/13/717 723/19/723 718/14/718
f 723/19/723 724/20/724 718/14/718
f 718/14/718 724/20/724 719/15/719
f 726/22/726 725/21/725 721/17/721
f 721/17/721 725/21/725 720/16/720
f 725/21/725 727/23/727 720/16/720
f 720/16/720 727/23/727 722/18/722
f 727/23/727 728/24/728 722/18/722
f 722/18/722 728/24/728 723/19/723
f 728/24/728 729/25/729 723/19/723
f 723/19/723 729/25/729 724/20/724
f 731/27/731 730/26/730 726/22/726
f 726/22/726 730/26/730 725/21/725
f 730/26/730 732/28/732 725/21/725
f 725/21/725 732/28/732 727/23/727
f 732/28/732 733/29/733 727/23/727
f 727/23/727 733/29/733 728/24/728
f 733/29/733 734/30/734 728/24/728
f 728/24/728 734/30/734 729/25/729
f 705/32/705 708/31/708 731/27/731
f 731/27/731 708/31/708 730/26/730
f 708/31/708 710/33/710 730/26/730
f 730/26/730 710/33/710 732/28/732
f 710/33/710 712/34/712 732/28/732
f 732/28/732 712/34/712 733/29/733
f 712/34/712 714/35/714 733/29/733
f 733/29/733 714/35/714 734/30/734
f 707/3/707 705/1/705 735/36/735
f 716/12/716 707/3/707 735/37/735
f 721/17/721 716/12/716 735/38/735
f 726/22/726 721/17/721 735/39/735
f 731/27/731 726/22/726 735/40/735
f 705/32/705 731/27/731 735/41/735
f 714/10/714 713/9/713 736/42/736
f 713/9/713 719/15/719 736/43/736
f 719/15/719 724/20/724 736/44/736
f 724/20/724 729/25/729 736/45/736
f 729/25/729 734/30/734 736/46/736
f 734/30/734 714/35/714 736/47/736
f 739/3/739 738/2/738 737/1/737
f 737/1/737 738/2/738 740/4/740
f 738/2/738 741/5/741 740/4/740
f 740/4/740 741/5/741 742/6/742
f 741/5/741 743/7/743 742/6/742
f 742/6/742 743/7/743 744/8/744
f 743/7/743 745/9/745 744/8/744
f 744/8/744 745/9/745 746/10/746
f 748/12/748 747/11/747 739/3/739
f 739/3/739 747/11/747 738/2/738
f 747/11/747 749/13/749 738/2/738
f 738/2/738 749/13/749 741/5/741
f 749/13/749 750/14/750 741/5/741
f 741/5/741 750/14/750 743/7/743
f 750/14/750 751/15/751 743/7/743
f 743/7/743 751/15/751 745/9/745
f 753/17/753 752/16/752 748/12/748
f 748/12/748 752/16/752 747/11/747
f 752/16/752 754/18/754 747/11/747
f 747/11/747 754/18/754 749/13/749
f 754/18/754 755/19/755 749/13/749
f 749/13/749 755/19/755 750/14/750
f 755/19/755 756/20/756 750/14/750
f 750/14/750 756/20/756 751/15/751
f 758/22/758 757/21/757 753/17/753
f 753/17/753 757/21/757 752/16/752
f 757/21/757 759/23/759 752/16/752
f 752/16/752 759/23/759 754/18/754
f 759/23/759 760/24/760 754/18/754
f 754/18/754 760/24/760 755/19/755
f 760/24/760 761/25/761 755/19/755
f 755/19/755 761/25/761 756/20/756
f 763/27/763 762/26/762 758/22/758
f 758/22/758 762/26/762 757/21/757
f 762/26/762 764/28/764 757/21/757
f 757/21/757 764/28/764 759/23/759
f 764/28/764 765/29/765 759/23/759
f 759/23/759 765/29/765 760/24/760
f 765/29/765 766/30/766 760/24/760
f 760/24/760 766/30/766 761/25/761
f 737/32/737 740/31/740 763/27/763
f 763/27/763 740/31/740 762/26/762
f 740/31/740 742/33/742 762/26/762
f 762/26/762 742/33/742 764/28/764
f 742/33/742 744/34/744 764/28/764
f 764/28/764 744/34/744 765/29/765
f 744/34/744 746/35/746 765/29/765
f 765/29/765 746/35/746 766/30/766
f 739/3/739 737/1/737 767/36/767
f 748/12/748 739/3/739 767/37/767
f 753/17/753 748/12/748 767/38/767
f 758/22/758 753/17/753 767/39/767
f 763/27/763 758/22/758 767/40/767
f 737/32/737 763/27/763 767/41/767
f 746/10/746 745/9/745 768/42/768
f 745/9/745 751/15/751 768/43/768
f 751/15/751 756/20/756 768/44/768
f 756/20/756 761/25/761 768/45/768
f 761/25/761 766/30/766 768/46/768
f 766/30/766 746/35/746 768/47/768
v -94.45432 -43.49825 552.7231
vt -7.537153E-09 -1.192093E-07
vn 0.7521807 0.03837761 -0.6578383
v -101.6424 -15.49317 546.1379
vn 0.7524431 0.02782842 -0.6580691
v -101.1911 -43.49825 545.0202
vt 1 -1.192093E-07
v -95.94484 -15.49317 552.6526
vt -7.508788E-09 0.5
v -101.3383 12.51191 547.2207
vt 1 0.9859543
vn 0.7526216 0.01727612 -0.6582266
v -96.6547 12.51191 552.5759
vt -7.450581E-09 0.9859543
v -108.8939 -43.49824 551.757
vn -0.752613 0.01795832 0.6582181
v -102.4594 -15.49316 558.3502
vn -0.752442 0.02782765 0.6580704
v -102.1571 -43.49824 559.4599
v -108.157 -15.49316 551.8355
vt -7.450581E-09 0.5
v -102.0099 12.51191 557.2595
vn -0.7521976 0.03769427 0.6578585
v -106.6935 12.51191 551.9042
v -85.33965 -43.49825 374.5992
vn 0.7224328 0.03837667 -0.6903753
v -92.81117 -15.49317 368.3375
vn 0.7226849 0.02782704 -0.6906173
v -92.40959 -43.49825 367.2009
v -86.83183 -15.49317 374.5945
v -92.45963 12.51191 369.4057
vn 0.7228564 0.0172743 -0.6907823
v -87.54439 12.51191 374.5491
v -99.80782 -43.49825 374.2709
vn -0.722848 0.01795865 0.6907737
v -93.08878 -15.49317 380.5739
vn -0.7226843 0.02782835 0.6906179
v -92.73787 -43.49825 381.6692
v -99.06818 -15.49317 374.3168
v -92.68783 12.51191 379.4644
vn -0.7224502 0.03769533 0.6903947
v -97.60306 12.51191 374.3209
v 108.2067 -43.49825 382.5906
vn 0.735656 0.03837721 -0.6762673
v 100.8577 -15.49316 376.1855
vn 0.7359114 0.02782774 -0.6765057
v 101.2812 -43.49825 375.0569
v 106.7149 -15.49316 382.557
v 101.1885 12.51191 377.2603
vn 0.7360848 0.01727516 -0.6766688
v 106.0033 12.51191 382.4979
v 93.7476 -43.49824 381.9825
vn -0.7360749 0.01795811 0.6766618
v 100.3434 -15.49317 388.4142
vn -0.7359079 0.02782759 0.6765096
v 100.6731 -43.49824 389.5161
v 94.4862 -15.49317 382.0427
v 100.7658 12.51191 387.3127
vn -0.7356692 0.03769436 0.6762913
v 95.95097 12.51191 382.0752
v 100.2583 -43.49824 562.1938
vn 0.7521809 0.03837784 -0.6578382
v 93.07019 -15.49317 555.6087
vn 0.7524436 0.02782791 -0.6580687
v 93.52153 -43.49824 554.491
v 98.76775 -15.49317 562.1234
v 93.37428 12.51191 556.6914
vn 0.7526223 0.01727488 -0.6582258
v 98.05787 12.51191 562.0466
v 85.81867 -43.49824 561.2278
vn -0.752613 0.01796007 0.6582181
v 92.25314 -15.49317 567.8209
vn -0.7524422 0.02782863 0.6580701
v 92.55542 -43.49824 568.9307
v 86.55554 -15.49317 561.3063
v 92.70264 12.51191 566.7302
vn -0.752198 0.03769447 0.6578581
v 88.01906 12.51191 561.375
vt 0.007023061 0.9929774
vn 0 1 -5.494985E-08
v 88.01907 12.51191 561.375
vt 0.9929774 0.9929774
v 93.37429 12.51191 556.6914
vt 0.9929774 -0.007023096
v 98.05788 12.51191 562.0466
vt 0.007023096 -0.007023096
vn 0 1 4.595309E-08
v -101.3383 12.51191 547.2206
vn 0 1 -1.20834E-07
v 95.95097 12.51191 382.0751
v -92.68784 12.51191 379.4644
vn 0 1 -1.480142E-07
v -97.60307 12.51191 374.3209
v -87.5444 12.51191 374.5491
v -92.73786 -43.49825 381.6691
vn 0.6904168 0.03690802 0.7224697
vn 0.6906193 0.02782818 0.7226828
v -93.08878 -15.49317 380.5738
vt -7.537153E-09 0.5
vn 0.6907649 0.01874604 0.7228364
vt -7.537153E-09 0.9859543
vn -0.6907552 0.01942977 -0.7228275
vn -0.6906176 0.027829 -0.7226845
v -99.80781 -43.49825 374.2709
v -92.81118 -15.49317 368.3375
vn -0.6904312 0.03622627 -0.7224904
v 100.6731 -43.49825 389.5161
vn 0.6763082 0.03690806 0.7356936
v 106.7149 -15.49317 382.557
vn 0.6765071 0.02782839 0.7359101
vn 0.6766502 0.01874643 0.7360659
vn -0.6766424 0.01942928 -0.7360554
v 94.48621 -15.49317 382.0427
vn -0.6765075 0.02782886 -0.7359097
v 93.74761 -43.49825 381.9825
v 100.8577 -15.49317 376.1855
vn -0.676325 0.03622647 -0.7357121
v -102.1572 -43.49825 559.4599
vn 0.6578802 0.0369081 0.7522177
v -95.94483 -15.49317 552.6526
vn 0.6580734 0.02782825 0.7524393
v -94.45431 -43.49825 552.7231
v -102.4594 -15.49317 558.3502
vn 0.6582124 0.01874611 0.7525989
v -101.191 -43.49825 545.0202
vn -0.6582021 0.01942909 -0.7525906
v -108.157 -15.49317 551.8355
vn -0.6580712 0.02782875 -0.7524413
v -108.8939 -43.49825 551.757
vn -0.6578938 0.03622646 -0.7522389
v 92.55542 -43.49825 568.9307
vn 0.6578801 0.03690846 0.7522177
vn 0.6580734 0.02782841 0.7524393
v 100.2583 -43.49825 562.1938
vn 0.6582124 0.01874607 0.7525988
v 93.52153 -43.49825 554.491
vn -0.6582021 0.01942889 -0.7525906
v 86.55555 -15.49317 561.3063
vn -0.6580712 0.02782868 -0.7524413
v 85.81867 -43.49825 561.2278
v 93.0702 -15.49317 555.6087
vn -0.6578938 0.03622651 -0.7522389
o base_s_0
g polygon_0
usemtl su_s
f 771/49/769 770/33/770 769/48/769
f 769/48/769 770/33/770 772/50/770
f 770/33/770 773/51/771 772/50/770
f 772/50/770 773/51/771 774/52/771
f 777/49/772 776/33/773 775/48/772
f 775/48/772 776/33/773 778/53/773
f 776/33/773 779/51/774 778/53/773
f 778/53/773 779/51/774 780/52/774
f 783/49/775 782/33/776 781/48/775
f 781/48/775 782/33/776 784/50/776
f 782/33/776 785/51/777 784/50/776
f 784/50/776 785/51/777 786/52/777
f 789/49/778 788/33/779 787/48/778
f 787/48/778 788/33/779 790/53/779
f 788/33/779 791/51/780 790/53/779
f 790/53/779 791/51/780 792/52/780
f 795/49/781 794/33/782 793/48/781
f 793/48/781 794/33/782 796/50/782
f 794/33/782 797/51/783 796/50/782
f 796/50/782 797/51/783 798/52/783
f 801/49/784 800/33/785 799/48/784
f 799/48/784 800/33/785 802/53/785
f 800/33/785 803/51/786 802/53/785
f 802/53/785 803/51/786 804/52/786
f 807/49/787 806/33/788 805/48/787
f 805/48/787 806/33/788 808/50/788
f 806/33/788 809/51/789 808/50/788
f 808/50/788 809/51/789 810/52/789
f 813/49/790 812/33/791 811/48/790
f 811/48/790 812/33/791 814/53/791
f 812/33/791 815/51/792 814/53/791
f 814/53/791 815/51/792 816/52/792
f 818/56/793 817/55/793 815/54/793
f 819/57/793 818/56/793 815/54/793
f 820/56/794 780/55/794 779/54/794
f 774/57/794 820/56/794 779/54/794
f 797/56/795 821/55/795 803/54/795
f 798/57/795 797/56/795 803/54/795
f 785/56/796 823/55/796 822/54/796
f 824/57/796 785/56/796 822/54/796
f 781/49/797 784/33/798 825/48/797
f 825/48/797 784/33/798 826/58/798
f 784/33/798 824/51/799 826/58/798
f 826/58/798 824/51/799 822/59/799
f 827/59/800 790/58/801 783/51/800
f 783/51/800 790/58/801 828/33/801
f 790/58/801 823/48/802 828/33/801
f 828/33/801 823/48/802 785/49/802
f 793/49/803 830/33/804 829/48/803
f 829/48/803 830/33/804 800/58/804
f 830/33/804 798/51/805 800/58/804
f 800/58/804 798/51/805 803/59/805
f 832/59/806 831/58/807 795/51/806
f 795/51/806 831/58/807 833/33/807
f 831/58/807 821/48/808 833/33/807
f 833/33/807 821/48/808 797/49/808
f 836/49/809 835/33/810 834/48/809
f 834/48/809 835/33/810 837/58/810
f 835/33/810 774/51/811 837/58/810
f 837/58/810 774/51/811 779/59/811
f 840/59/812 839/58/813 838/51/812
f 838/51/812 839/58/813 770/33/813
f 839/58/813 780/48/814 770/33/813
f 770/33/813 780/48/814 820/49/814
f 842/49/815 808/33/816 841/48/815
f 841/48/815 808/33/816 812/58/816
f 808/33/816 819/51/817 812/58/816
f 812/58/816 819/51/817 815/59/817
f 845/59/818 844/58/819 843/51/818
f 843/51/818 844/58/819 846/33/819
f 844/58/819 817/48/820 846/33/819
f 846/33/819 817/48/820 818/49/820
v 127.0801 -2.741131 451.0584
vt 0.67122 0.07346082
vn 0 1 3.794362E-09
v -123.7938 -2.741131 434.5374
vt 0.5050447 0.9595952
vn 0 1 4.618271E-09
v -114.9359 -2.741131 411.0245
vt 0.5946099 0.9497802
v 127.8946 -2.741131 476.1712
vt 0.5847126 0.04825151
v -127.8944 -2.741131 459.3265
vt 0.4152855 0.9517484
vn 0 1 3.758275E-09
v 123.794 -2.741131 500.9603
vt 0.4949528 0.04040527
v -127.08 -2.741131 484.4393
vt 0.3287819 0.9265413
vn 0 1 -2.099443E-11
v 114.9361 -2.741131 524.4732
vt 0.405387 0.05022103
v -121.3821 -2.741131 508.9107
vt 0.2488581 0.8849428
vn 0 1 -4.986246E-09
v 101.6613 -2.741131 545.8062
vt 0.3194574 0.07732159
v -56.72424 -2.741131 582.6849
vt 0.05022073 0.594613
vn 0 1 1.632113E-08
v 64.05153 -2.741131 578.7684
vt 0.1714481 0.1785868
vn 0 1 1.086348E-08
v 41.16196 -2.741131 589.131
vt 0.1150564 0.2488601
v -78.0572 -2.741131 569.4101
vt 0.07732092 0.6805423
v 84.47964 -2.741131 564.1395
vt 0.2404658 0.1206654
vn 0 1 3.806444E-10
v -96.39046 -2.741131 552.2285
vt 0.1206645 0.7595335
v 121.3822 -2.741131 426.587
vt 0.7511439 0.1150601
vn 0 1 -1.68536E-09
v -101.6611 -2.741131 389.6916
vt 0.6805394 0.9226804
v 111.0196 -2.741131 403.6974
vt 0.8214165 0.1714523
vn 0 1 -1.667613E-09
v -84.47946 -2.741131 371.3583
vt 0.7595308 0.8793374
v 96.39056 -2.741131 383.2694
vt 0.8793373 0.2404705
vn 0 1 1.237896E-10
v -64.05135 -2.741131 356.7293
vt 0.828549 0.8214169
v 78.05732 -2.741131 366.0877
vt 0.9226804 0.3194623
vn 0 1 -7.689405E-13
v -41.16177 -2.741131 346.3667
vt 0.884941 0.7511445
v 56.72437 -2.741131 352.8129
vt 0.94978 0.4053921
vn 0 1 1.093145E-08
v -16.69038 -2.741131 340.6688
vt 0.9265401 0.6712207
v 33.21154 -2.741131 343.955
vt 0.9595948 0.4949577
vn 0 1 1.857325E-08
v 8.422412 -2.741131 339.8545
vt 0.9517477 0.584717
v -111.0195 -2.741131 531.8003
vt 0.1785855 0.8285511
vn 0 1 -7.56505E-09
v 16.69055 -2.741131 594.829
vt 0.07345799 0.3287844
vn 0 1 4.169485E-08
v -33.21139 -2.741131 591.5427
vt 0.04040507 0.5050477
v -8.422256 -2.741131 595.6434
vt 0.0482512 0.4152884
vn 0 1 6.414805E-08
o base_q_0
g polygon_0
usemtl th_s9
f 849/62/821 848/61/822 847/60/821
f 847/60/821 848/61/822 850/63/822
f 848/61/822 851/64/823 850/63/822
f 850/63/822 851/64/823 852/65/823
f 851/64/823 853/66/824 852/65/823
f 852/65/823 853/66/824 854/67/824
f 853/66/824 855/68/825 854/67/824
f 854/67/824 855/68/825 856/69/825
f 859/72/826 858/71/827 857/70/826
f 857/70/826 858/71/827 860/73/827
f 858/71/827 861/74/828 860/73/827
f 860/73/827 861/74/828 862/75/828
f 847/60/821 863/76/829 849/62/821
f 849/62/821 863/76/829 864/77/829
f 863/76/829 865/78/830 864/77/829
f 864/77/829 865/78/830 866/79/830
f 865/78/830 867/80/831 866/79/830
f 866/79/830 867/80/831 868/81/831
f 867/80/831 869/82/832 868/81/831
f 868/81/831 869/82/832 870/83/832
f 869/82/832 871/84/833 870/83/832
f 870/83/832 871/84/833 872/85/833
f 871/84/833 873/86/834 872/85/833
f 872/85/833 873/86/834 874/87/834
f 856/69/825 855/68/825 861/74/828
f 861/74/828 855/68/825 862/75/828
f 855/68/825 875/88/835 862/75/828
f 857/70/826 877/90/836 876/89/836
f 859/72/826 857/70/826 876/89/836
f 876/89/836 877/90/836 878/91/837
v 127.0801 -2.741131 451.0583
vt -0.8936846 0.9859738
vn 0.9914848 1.375251E-07 -0.1302224
vt -0.8103567 0.9859738
vn 0.9470294 2.306888E-07 -0.321147
v 121.3822 -14.05158 426.587
vt -0.8103567 0.03370792
v 127.0801 -14.05158 451.0583
vt -0.8936846 0.03370792
vt -0.9338234 0.9775413
vt -0.8672824 0.9775407
vn 0.8661797 6.59379E-08 -0.4997327
v 111.0196 -14.05158 403.6974
vt -0.8672823 0.02527481
vt -0.9338233 0.02527481
vt -0.8352987 0.9785214
vt -0.7755812 0.9785212
vn 0.7520437 -8.495841E-09 -0.6591133
v 96.39056 -14.05158 383.2694
vt -0.7755811 0.02625567
vt -0.8352987 0.02625543
vt -0.7481387 0.9933398
vt -0.7002648 0.9933398
vn 0.6090077 -3.392578E-08 -0.7931644
v 78.05732 -14.05159 366.0877
vt -0.7002649 0.0410741
vt -0.7481387 0.04107398
vt -0.6551856 0.9835683
vt -0.5984957 0.9835683
vn 0.4425652 7.519978E-09 -0.8967363
v 56.72437 -14.05159 352.8129
vt -0.5984955 0.03130287
vt -0.6551855 0.03130233
vt -0.5616742 0.9862854
v 33.21154 -2.74113 343.955
vt -0.5346208 0.9862852
vn 0.2591164 -1.073934E-08 -0.9658461
v 33.21154 -14.05159 343.955
vt -0.5346208 0.03401941
vt -0.561674 0.03401953
vt -0.4929506 0.9684117
v 8.422412 -2.741131 339.8544
vt -0.4726338 0.9684119
vn 0.0657115 3.145339E-09 -0.9978387
v 8.422412 -14.05159 339.8544
vt -0.4726335 0.01614624
vt -0.4929508 0.01614624
vt -0.4675035 0.9722213
vt -0.4172324 0.9722215
vn -0.1302195 -9.341757E-09 -0.9914852
v -16.69038 -14.05159 340.6688
vt -0.4172326 0.01995593
vt -0.4675034 0.01995593
vt -0.4051359 0.9692327
vt -0.3453193 0.9692327
vn -0.3211467 -4.397484E-08 -0.9470295
v -41.16177 -14.05159 346.3667
vt -0.3453193 0.01696712
vt -0.4051357 0.01696688
vt -0.3305469 0.9716159
vt -0.2636115 0.9716158
vn -0.4997328 -8.875394E-08 -0.8661796
v -64.05135 -14.05159 356.7293
vt -0.2636113 0.01935095
vt -0.330547 0.01935095
vt -0.2671173 0.9699255
v -84.47946 -2.74113 371.3583
vt -0.1973931 0.9699255
vn -0.6591137 -7.092972E-08 -0.7520433
v -84.47946 -14.05159 371.3583
vt -0.1973931 0.01765984
vt -0.2671172 0.0176596
vt -0.1689972 0.963563
vt -0.08715659 0.9635631
vn -0.7931651 1.871179E-07 -0.6090066
v -101.6611 -14.05159 389.6916
vt -0.08715653 0.01129764
vt -0.1689973 0.01129764
vt -0.9957399 0.9879879
vt -0.9079956 0.9879879
vn -0.8967361 3.099609E-07 -0.4425656
v -114.9359 -14.05159 411.0245
vt -0.9079956 0.03572136
vt -0.9957399 0.03572136
vt -0.970874 0.9975372
vt -0.8810949 0.9975372
vn -0.9658459 5.692747E-09 -0.2591173
v -123.7938 -14.05159 434.5374
vt -0.8810949 0.04527104
vt -0.9708738 0.04527086
vt -0.7562459 0.9877807
v -127.8944 -2.741131 459.3266
vt -0.6651531 0.9877807
vn -0.9978387 7.046364E-08 -0.0657116
v -127.8944 -14.05159 459.3266
vt -0.6651531 0.03551495
vt -0.7562459 0.03551519
vt -0.9153113 0.9877807
vt -0.8305368 0.9877807
vn -0.9914852 2.127306E-09 0.1302198
v -127.08 -14.05159 484.4393
vt -0.8305366 0.03551495
vt -0.9153112 0.03551519
vt -0.6449406 0.9877807
vt -0.5614976 0.9877807
vn -0.9470295 -1.749395E-07 0.3211467
v -121.3821 -14.05159 508.9107
vt -0.5614976 0.03551519
vt -0.6449407 0.03551495
vt -0.5309479 0.9877807
vt -0.4601328 0.9877807
vn -0.8661802 -7.65146E-08 0.4997317
v -111.0195 -14.05159 531.8003
vt -0.4601328 0.03551519
vt -0.5309479 0.03551519
vt -0.4366848 0.9877807
v -96.39046 -2.741132 552.2285
vt -0.3717196 0.9877807
vn -0.7520442 -2.385331E-09 0.6591127
v -96.39046 -14.05159 552.2285
vt -0.3717197 0.03551507
vt -0.4366848 0.03551519
vt -0.3392521 0.9877807
vt -0.2972791 0.9877807
vn -0.6090058 3.159711E-08 0.7931657
v -78.0572 -14.05159 569.4101
vt -0.2972791 0.03551507
vt -0.3392522 0.03551507
vt -0.2803071 0.9877807
vt -0.2254966 0.9877807
vn -0.4425637 -2.782207E-08 0.896737
v -56.72424 -14.05159 582.6849
vt -0.2254965 0.03551507
vt -0.2803072 0.03551507
vt -0.1877111 0.9877807
vt -0.06927075 0.9877807
vn -0.2591175 1.457239E-08 0.9658458
v -33.21139 -14.05159 591.5427
vt -0.06927075 0.03551507
vt -0.1877111 0.03551507
vn -0.06571103 6.35242E-09 0.9978387
v -8.422256 -14.05159 595.6434
vt -0.123763 0.9877807
vt -0.07017694 0.9877807
vn 0.1302213 -7.785079E-09 0.9914849
v 16.69055 -14.05159 594.829
vt -0.07017697 0.03551507
vt -0.123763 0.03551507
vt -0.7770972 0.9822837
vt -0.7197419 0.9822837
vn 0.3211465 -1.410478E-08 0.9470295
v 41.16196 -14.05159 589.131
vt -0.7197419 0.03001791
vt -0.7770972 0.03001791
vt -0.698882 0.9816161
vt -0.6410514 0.9816161
vn 0.4997314 -1.936991E-08 0.8661805
v 64.05153 -14.05159 578.7684
vt -0.6410514 0.02935141
vt -0.698882 0.02935201
vt -0.6458775 0.9786095
vt -0.569904 0.9786095
vn 0.659113 -6.913502E-08 0.7520439
v 84.47964 -14.05158 564.1395
vt -0.569904 0.02634305
vt -0.6458775 0.02634341
vt -0.5423122 0.9761373
vt -0.4618028 0.9761373
vn 0.7931659 -1.717755E-07 0.6090056
v 101.6613 -14.05158 545.8062
vt -0.4618028 0.02387136
vt -0.5423122 0.0238716
vt -0.4635239 0.9797441
v 114.9361 -2.741131 524.4731
vt -0.3751152 0.9797441
vn 0.8967362 -2.476851E-07 0.4425654
v 114.9361 -14.05158 524.4731
vt -0.3751153 0.02747804
vt -0.4635237 0.02747768
vt -0.3761915 0.9828855
vt -0.2859232 0.9828855
vn 0.9658457 -2.148428E-07 0.2591178
v 123.794 -14.05158 500.9603
vt -0.2859231 0.03061944
vt -0.3761915 0.03061968
vt -0.2557204 0.9843645
vt -0.1646277 0.9843645
vn 0.9978388 -1.571372E-07 0.06570932
v 127.8946 -14.05158 476.1712
vt -0.1646276 0.03209895
vt -0.2557203 0.03209859
vt -0.1344737 0.9876987
vt -0.0474025 0.9876987
vt -0.0474025 0.03543276
vt -0.1344738 0.03543288
o base_q_1
g polygon_0
usemtl th_s50
f 880/94/839 863/93/839 879/92/838
f 881/95/838 880/94/839 879/92/838
f 882/98/840 865/97/840 863/96/839
f 880/99/839 882/98/840 863/96/839
f 883/102/841 867/101/841 865/100/840
f 882/103/840 883/102/841 865/100/840
f 884/106/842 869/105/842 867/104/841
f 883/107/841 884/106/842 867/104/841
f 885/110/843 871/109/843 869/108/842
f 884/111/842 885/110/843 869/108/842
f 887/114/844 886/113/844 871/112/843
f 885/115/843 887/114/844 871/112/843
f 889/118/845 888/117/845 886/116/844
f 887/119/844 889/118/845 886/116/844
f 890/122/846 872/121/846 888/120/845
f 889/123/845 890/122/846 888/120/845
f 891/126/847 870/125/847 872/124/846
f 890/127/846 891/126/847 872/124/846
f 892/130/848 868/129/848 870/128/847
f 891/131/847 892/130/848 870/128/847
f 894/134/849 893/133/849 868/132/848
f 892/135/848 894/134/849 868/132/848
f 895/138/850 864/137/850 893/136/849
f 894/139/849 895/138/850 893/136/849
f 896/142/851 849/141/851 864/140/850
f 895/143/850 896/142/851 864/140/850
f 897/146/852 848/145/852 849/144/851
f 896/147/851 897/146/852 849/144/851
f 899/150/853 898/149/853 848/148/852
f 897/151/852 899/150/853 848/148/852
f 900/154/854 853/153/854 898/152/853
f 899/155/853 900/154/854 898/152/853
f 901/158/855 855/157/855 853/156/854
f 900/159/854 901/158/855 853/156/854
f 902/162/856 875/161/856 855/160/855
f 901/163/855 902/162/856 855/160/855
f 904/166/857 903/165/857 875/164/856
f 902/167/856 904/166/857 875/164/856
f 905/170/858 860/169/858 903/168/857
f 904/171/857 905/170/858 903/168/857
f 906/174/859 857/173/859 860/172/858
f 905/175/858 906/174/859 860/172/858
f 907/178/860 877/177/860 857/176/859
f 906/179/859 907/178/860 857/176/859
f 908/178/861 878/177/861 877/176/860
f 907/179/860 908/178/861 877/176/860
f 909/182/862 876/181/862 878/180/861
f 908/183/861 909/182/862 878/180/861
f 910/186/863 859/185/863 876/184/862
f 909/187/862 910/186/863 876/184/862
f 911/190/864 858/189/864 859/188/863
f 910/191/863 911/190/864 859/188/863
f 912/194/865 861/193/865 858/192/864
f 911/195/864 912/194/865 858/192/864
f 913/198/866 856/197/866 861/196/865
f 912/199/865 913/198/866 861/196/865
f 915/202/867 914/201/867 856/200/866
f 913/203/866 915/202/867 856/200/866
f 916/206/868 852/205/868 914/204/867
f 915/207/867 916/206/868 914/204/867
f 917/210/869 850/209/869 852/208/868
f 916/211/868 917/210/869 852/208/868
f 881/214/838 879/213/838 850/212/869
f 917/215/869 881/214/838 850/212/869
