<?xml version="1.0" encoding="utf-8"?>
<COLLADA xmlns:xsi="http://www.w3.org/2001/XMLSchema-instance" xmlns:xsd="http://www.w3.org/2001/XMLSchema" version="1.4.1" xmlns="http://www.collada.org/2005/11/COLLADASchema">
    <asset>
        <created>2022-10-28T08:36:19.7618556-05:00</created>
        <modified>2022-10-28T08:36:19.7618556-05:00</modified>
        <unit name="Meter" />
        <contributor>
            <authoring_tool>IONET Exporter</authoring_tool>
        </contributor>
    </asset>
    <library_images>
        <image id="Texture_28_CMP-image" name="Texture_28_CMP">
            <init_from>Texture_28_CMP.png</init_from>
        </image>
        <image id="Texture_29_CMP-image" name="Texture_29_CMP">
            <init_from>Texture_29_CMP.png</init_from>
        </image>
        <image id="Texture_5_CMP-image" name="Texture_5_CMP">
            <init_from>Texture_5_CMP.png</init_from>
        </image>
        <image id="Texture_3_CMP-image" name="Texture_3_CMP">
            <init_from>Texture_3_CMP.png</init_from>
        </image>
        <image id="Texture_30_I4-image" name="Texture_30_I4">
            <init_from>Texture_30_I4.png</init_from>
        </image>
    </library_images>
    <library_materials>
        <material id="light_s1" name="light_s1">
            <instance_effect url="#light_s1-effect" />
        </material>
        <material id="su_s" name="su_s">
            <instance_effect url="#su_s-effect" />
        </material>
        <material id="th_s9" name="th_s9">
            <instance_effect url="#th_s9-effect" />
        </material>
        <material id="th_s50" name="th_s50">
            <instance_effect url="#th_s50-effect" />
        </material>
        <material id="th_s9_1" name="th_s9_1">
            <instance_effect url="#th_s9_1-effect" />
        </material>
    </library_materials>
    <library_effects>
        <effect id="light_s1-effect" name="light_s1">
            <profile_COMMON>
                <newparam sid="Texture_28_CMP-image_surface">
                    <surface type="2D">
                        <init_from>Texture_28_CMP-image</init_from>
                    </surface>
                </newparam>
                <newparam sid="Texture_28_CMP-image_sampler">
                    <sampler2D>
                        <source>Texture_28_CMP-image_surface</source>
                        <wrap_s>CLAMP</wrap_s>
                        <wrap_t>CLAMP</wrap_t>
                    </sampler2D>
                </newparam>
                <technique sid="standard">
                    <phong>
                        <emission>
                            <color sid="emission">0 0 0 1</color>
                        </emission>
                        <ambient>
                            <color sid="ambient">0 0 0 1</color>
                        </ambient>
                        <diffuse>
                            <texture texture="Texture_28_CMP-image_sampler" texcoord="CHANNEL0" />
                        </diffuse>
                        <specular>
                            <color sid="specular">0.2352941 0.4588235 0.7607843 0.5607843</color>
                        </specular>
                        <reflective>
                            <color sid="reflective">1 1 1 1</color>
                        </reflective>
                        <shininess>
                            <float sid="shininess">64.444</float>
                        </shininess>
                        <reflectivity>
                            <float sid="reflectivity">1</float>
                        </reflectivity>
                        <transparency>
                            <float sid="transparency">1</float>
                        </transparency>
                    </phong>
                </technique>
            </profile_COMMON>
        </effect>
        <effect id="su_s-effect" name="su_s">
            <profile_COMMON>
                <newparam sid="Texture_29_CMP-image_surface">
                    <surface type="2D">
                        <init_from>Texture_29_CMP-image</init_from>
                    </surface>
                </newparam>
                <newparam sid="Texture_29_CMP-image_sampler">
                    <sampler2D>
                        <source>Texture_29_CMP-image_surface</source>
                        <wrap_s>CLAMP</wrap_s>
                        <wrap_t>CLAMP</wrap_t>
                    </sampler2D>
                </newparam>
                <technique sid="standard">
                    <phong>
                        <emission>
                            <color sid="emission">0 0 0 1</color>
                        </emission>
                        <ambient>
                            <color sid="ambient">0 0 0 1</color>
                        </ambient>
                        <diffuse>
                            <texture texture="Texture_29_CMP-image_sampler" texcoord="CHANNEL0" />
                        </diffuse>
                        <specular>
                            <color sid="specular">0.2352941 0.4588235 0.7607843 0.5607843</color>
                        </specular>
                        <reflective>
                            <color sid="reflective">1 1 1 1</color>
                        </reflective>
                        <shininess>
                            <float sid="shininess">50</float>
                        </shininess>
                        <reflectivity>
                            <float sid="reflectivity">1</float>
                        </reflectivity>
                        <transparency>
                            <float sid="transparency">1</float>
                        </transparency>
                    </phong>
                </technique>
            </profile_COMMON>
        </effect>
        <effect id="th_s9-effect" name="th_s9">
            <profile_COMMON>
                <newparam sid="Texture_5_CMP-image_surface">
                    <surface type="2D">
                        <init_from>Texture_5_CMP-image</init_from>
                    </surface>
                </newparam>
                <newparam sid="Texture_5_CMP-image_sampler">
                    <sampler2D>
                        <source>Texture_5_CMP-image_surface</source>
                        <wrap_s>CLAMP</wrap_s>
                        <wrap_t>CLAMP</wrap_t>
                    </sampler2D>
                </newparam>
                <technique sid="standard">
                    <phong>
                        <emission>
                            <color sid="emission">0 0 0 1</color>
                        </emission>
                        <ambient>
                            <color sid="ambient">0 0 0 1</color>
                        </ambient>
                        <diffuse>
                            <texture texture="Texture_5_CMP-image_sampler" texcoord="CHANNEL0" />
                        </diffuse>
                        <specular>
                            <color sid="specular">0.2352941 0.4588235 0.7607843 0.5607843</color>
                        </specular>
                        <reflective>
                            <color sid="reflective">1 1 1 1</color>
                        </reflective>
                        <shininess>
                            <float sid="shininess">50</float>
                        </shininess>
                        <reflectivity>
                            <float sid="reflectivity">1</float>
                        </reflectivity>
                        <transparency>
                            <float sid="transparency">1</float>
                        </transparency>
                    </phong>
                </technique>
            </profile_COMMON>
        </effect>
        <effect id="th_s50-effect" name="th_s50">
            <profile_COMMON>
                <newparam sid="Texture_3_CMP-image_surface">
                    <surface type="2D">
                        <init_from>Texture_3_CMP-image</init_from>
                    </surface>
                </newparam>
                <newparam sid="Texture_3_CMP-image_sampler">
                    <sampler2D>
                        <source>Texture_3_CMP-image_surface</source>
                        <wrap_s>CLAMP</wrap_s>
                        <wrap_t>CLAMP</wrap_t>
                    </sampler2D>
                </newparam>
                <technique sid="standard">
                    <phong>
                        <emission>
                            <color sid="emission">0 0 0 1</color>
                        </emission>
                        <ambient>
                            <color sid="ambient">0 0 0 1</color>
                        </ambient>
                        <diffuse>
                            <texture texture="Texture_3_CMP-image_sampler" texcoord="CHANNEL0" />
                        </diffuse>
                        <specular>
                            <color sid="specular">0.227451 0.5137255 0.07058824 0.4352941</color>
                        </specular>
                        <reflective>
                            <color sid="reflective">1 1 1 1</color>
                        </reflective>
                        <shininess>
                            <float sid="shininess">50</float>
                        </shininess>
                        <reflectivity>
                            <float sid="reflectivity">1</float>
                        </reflectivity>
                        <transparency>
                            <float sid="transparency">1</float>
                        </transparency>
                    </phong>
                </technique>
            </profile_COMMON>
        </effect>
        <effect id="th_s9_1-effect" name="th_s9_1">
            <profile_COMMON>
                <newparam sid="Texture_30_I4-image_surface">
                    <surface type="2D">
                        <init_from>Texture_30_I4-image</init_from>
                    </surface>
                </newparam>
                <newparam sid="Texture_30_I4-image_sampler">
                    <sampler2D>
                        <source>Texture_30_I4-image_surface</source>
                        <wrap_s>CLAMP</wrap_s>
                        <wrap_t>CLAMP</wrap_t>
                    </sampler2D>
                </newparam>
                <technique sid="standard">
                    <phong>
                        <emission>
                            <color sid="emission">0 0 0 1</color>
                        </emission>
                        <ambient>
                            <color sid="ambient">0 0 0 1</color>
                        </ambient>
                        <diffuse>
                            <texture texture="Texture_30_I4-image_sampler" texcoord="CHANNEL0" />
                        </diffuse>
                        <specular>
                            <color sid="specular">0.2352941 0.4588235 0.7607843 0.5607843</color>
                        </specular>
                        <reflective>
                            <color sid="reflective">1 1 1 1</color>
                        </reflective>
                        <shininess>
                            <float sid="shininess">50</float>
                        </shininess>
                        <reflectivity>
                            <float sid="reflectivity">1</float>
                        </reflectivity>
                        <transparency>
                            <float sid="transparency">1</float>
                        </transparency>
                    </phong>
                </technique>
            </profile_COMMON>
        </effect>
    </library_effects>
    <library_geometries>
        <geometry id="buill_maru_0-geometry" name="buill_maru_0">
            <mesh>
                <source id="buill_maru_0-geometry-POSITION">
                    <float_array id="buill_maru_0-geometry-POSITION-array" count="12960">-2.0638 200.5642 477.4702 1.403268 202.0516 477.7579 0.004425613 200.7752 476.4947 -2.179024 201.6861 479.4475 1.403268 202.0516 477.7579 -2.0638 200.5642 477.4702 -2.179024 201.6861 479.4475 1.924635 204.0148 478.5634 1.403268 202.0516 477.7579 -2.211877 203.5928 480.5143 1.924635 204.0148 478.5634 -2.179024 201.6861 479.4475 -2.211877 203.5928 480.5143 1.428455 206.1387 478.6953 1.924635 204.0148 478.5634 -2.153809 205.7733 480.3848 1.428455 206.1387 478.6953 -2.211877 203.5928 480.5143 -2.153809 205.7733 480.3848 0.04805539 207.8543 478.1181 1.428455 206.1387 478.6953 -2.020177 207.6433 479.0937 0.04805539 207.8543 478.1181 -2.153809 205.7733 480.3848 0.004425613 200.7752 476.4947 1.697545 202.9366 473.8912 0.1743181 201.2861 474.2622 1.403268 202.0516 477.7579 1.697545 202.9366 473.8912 0.004425613 200.7752 476.4947 1.403268 202.0516 477.7579 2.264358 205.0366 474.0984 1.697545 202.9366 473.8912 1.924635 204.0148 478.5634 2.264358 205.0366 474.0984 1.403268 202.0516 477.7579 1.924635 204.0148 478.5634 1.72274 207.0236 474.8285 2.264358 205.0366 474.0984 1.428455 206.1387 478.6953 1.72274 207.0236 474.8285 1.924635 204.0148 478.5634 1.428455 206.1387 478.6953 0.2179668 208.3652 475.8857 1.72274 207.0236 474.8285 0.04805539 207.8543 478.1181 0.2179668 208.3652 475.8857 1.428455 206.1387 478.6953 0.1743181 201.2861 474.2622 -1.590523 203.4561 471.7141 -1.72411 201.5861 473.0053 1.697545 202.9366 473.8912 -1.590523 203.4561 471.7141 0.1743181 201.2861 474.2622 1.697545 202.9366 473.8912 -1.53241 205.6366 471.5846 -1.590523 203.4561 471.7141 2.264358 205.0366 474.0984 -1.53241 205.6366 471.5846 1.697545 202.9366 473.8912 2.264358 205.0366 474.0984 -1.565308 207.5432 472.6514 -1.53241 205.6366 471.5846 1.72274 207.0236 474.8285 -1.565308 207.5432 472.6514 2.264358 205.0366 474.0984 1.72274 207.0236 474.8285 -1.680488 208.6652 474.6288 -1.565308 207.5432 472.6514 0.2179668 208.3652 475.8857 -1.680488 208.6652 474.6288 1.72274 207.0236 474.8285 -1.72411 201.5861 473.0053 -5.172851 203.0907 473.4037 -3.792342 201.3751 473.9808 -1.590523 203.4561 471.7141 -5.172851 203.0907 473.4037 -1.72411 201.5861 473.0053 -1.590523 203.4561 471.7141 -5.668896 205.2146 473.5356 -5.172851 203.0907 473.4037 -1.53241 205.6366 471.5846 -5.668896 205.2146 473.5356 -1.590523 203.4561 471.7141 -1.53241 205.6366 471.5846 -5.147662 207.1778 474.341 -5.668896 205.2146 473.5356 -1.565308 207.5432 472.6514 -5.147662 207.1778 474.341 -1.53241 205.6366 471.5846 -1.565308 207.5432 472.6514 -3.748713 208.4542 475.6042 -5.147662 207.1778 474.341 -1.680488 208.6652 474.6288 -3.748713 208.4542 475.6042 -1.565308 207.5432 472.6514 -3.792342 201.3751 473.9808 -5.467074 202.2057 477.2704 -3.962254 200.8642 476.2132 -5.172851 203.0907 473.4037 -5.467074 202.2057 477.2704 -3.792342 201.3751 473.9808 -5.172851 203.0907 473.4037 -6.008645 204.1928 478.0005 -5.467074 202.2057 477.2704 -5.668896 205.2146 473.5356 -6.008645 204.1928 478.0005 -5.172851 203.0907 473.4037 -5.668896 205.2146 473.5356 -5.441885 206.2929 478.2077 -6.008645 204.1928 478.0005 -5.147662 207.1778 474.341 -5.441885 206.2929 478.2077 -5.668896 205.2146 473.5356 -5.147662 207.1778 474.341 -3.918605 207.9433 477.8367 -5.441885 206.2929 478.2077 -3.748713 208.4542 475.6042 -3.918605 207.9433 477.8367 -5.147662 207.1778 474.341 -3.962254 200.8642 476.2132 -2.179024 201.6861 479.4475 -2.0638 200.5642 477.4702 -5.467074 202.2057 477.2704 -2.179024 201.6861 479.4475 -3.962254 200.8642 476.2132 -5.467074 202.2057 477.2704 -2.211877 203.5928 480.5143 -2.179024 201.6861 479.4475 -6.008645 204.1928 478.0005 -2.211877 203.5928 480.5143 -5.467074 202.2057 477.2704 -6.008645 204.1928 478.0005 -2.153809 205.7733 480.3848 -2.211877 203.5928 480.5143 -5.441885 206.2929 478.2077 -2.153809 205.7733 480.3848 -6.008645 204.1928 478.0005 -5.441885 206.2929 478.2077 -2.020177 207.6433 479.0937 -2.153809 205.7733 480.3848 -3.918605 207.9433 477.8367 -2.020177 207.6433 479.0937 -5.441885 206.2929 478.2077 -1.897348 200.5276 475.1122 -2.0638 200.5642 477.4702 0.004425613 200.7752 476.4947 -1.897348 200.5276 475.1122 0.004425613 200.7752 476.4947 0.1743181 201.2861 474.2622 -1.897348 200.5276 475.1122 0.1743181 201.2861 474.2622 -1.72411 201.5861 473.0053 -1.897348 200.5276 475.1122 -1.72411 201.5861 473.0053 -3.792342 201.3751 473.9808 -1.897348 200.5276 475.1122 -3.792342 201.3751 473.9808 -3.962254 200.8642 476.2132 -1.897348 200.5276 475.1122 -3.962254 200.8642 476.2132 -2.0638 200.5642 477.4702 -1.846939 208.7018 476.9868 0.04805539 207.8543 478.1181 -2.020177 207.6433 479.0937 -1.846939 208.7018 476.9868 0.2179668 208.3652 475.8857 0.04805539 207.8543 478.1181 -1.846939 208.7018 476.9868 -1.680488 208.6652 474.6288 0.2179668 208.3652 475.8857 -1.846939 208.7018 476.9868 -3.748713 208.4542 475.6042 -1.680488 208.6652 474.6288 -1.846939 208.7018 476.9868 -3.918605 207.9433 477.8367 -3.748713 208.4542 475.6042 -1.846939 208.7018 476.9868 -2.020177 207.6433 479.0937 -3.918605 207.9433 477.8367 -27.69136 200.5642 488.8053 -25.0363 202.0516 486.5571 -26.91866 200.7752 486.653 -26.37464 201.6861 490.2849 -25.0363 202.0516 486.5571 -27.69136 200.5642 488.8053 -26.37464 201.6861 490.2849 -24.09809 204.0148 486.758 -25.0363 202.0516 486.5571 -25.64348 203.5928 491.0625 -24.09809 204.0148 486.758 -26.37464 201.6861 490.2849 -25.64348 203.5928 491.0625 -24.35569 206.1387 487.2021 -24.09809 204.0148 486.758 -25.69402 205.7733 490.9299 -24.35569 206.1387 487.2021 -25.64348 203.5928 491.0625 -25.69402 205.7733 490.9299 -25.73985 207.8543 487.7701 -24.35569 206.1387 487.2021 -26.51253 207.6433 489.9224 -25.73985 207.8543 487.7701 -25.69402 205.7733 490.9299 -26.91866 200.7752 486.653 -27.56239 202.9366 483.6149 -28.37713 201.2861 484.9543 -25.0363 202.0516 486.5571 -27.56239 202.9366 483.6149 -26.91866 200.7752 486.653 -25.0363 202.0516 486.5571 -27.01503 205.0366 483.3607 -27.56239 202.9366 483.6149 -24.09809 204.0148 486.758 -27.01503 205.0366 483.3607 -25.0363 202.0516 486.5571 -24.09809 204.0148 486.758 -26.88179 207.0236 484.2599 -27.01503 205.0366 483.3607 -24.35569 206.1387 487.2021 -26.88179 207.0236 484.2599 -24.09809 204.0148 486.758 -24.35569 206.1387 487.2021 -27.19828 208.3652 486.0714 -26.88179 207.0236 484.2599 -25.73985 207.8543 487.7701 -27.19828 208.3652 486.0714 -24.35569 206.1387 487.2021 -28.37713 201.2861 484.9543 -31.42687 203.4561 484.4004 -30.6083 201.5861 485.4079 -27.56239 202.9366 483.6149 -31.42687 203.4561 484.4004 -28.37713 201.2861 484.9543 -27.56239 202.9366 483.6149 -31.47735 205.6366 484.2678 -31.42687 203.4561 484.4004 -27.01503 205.0366 483.3607 -31.47735 205.6366 484.2678 -27.56239 202.9366 483.6149 -27.01503 205.0366 483.3607 -30.74625 207.5432 485.0454 -31.47735 205.6366 484.2678 -26.88179 207.0236 484.2599 -30.74625 207.5432 485.0454 -27.01503 205.0366 483.3607 -26.88179 207.0236 484.2599 -29.42947 208.6652 486.5251 -30.74625 207.5432 485.0454 -27.19828 208.3652 486.0714 -29.42947 208.6652 486.5251 -26.88179 207.0236 484.2599 -30.6083 201.5861 485.4079 -32.7652 203.0907 488.1283 -31.38098 201.3751 487.5602 -31.42687 203.4561 484.4004 -32.7652 203.0907 488.1283 -30.6083 201.5861 485.4079 -31.42687 203.4561 484.4004 -33.02272 205.2146 488.5723 -32.7652 203.0907 488.1283 -31.47735 205.6366 484.2678 -33.02272 205.2146 488.5723 -31.42687 203.4561 484.4004 -31.47735 205.6366 484.2678 -32.0846 207.1778 488.7733 -33.02272 205.2146 488.5723 -30.74625 207.5432 485.0454 -32.0846 207.1778 488.7733 -31.47735 205.6366 484.2678 -30.74625 207.5432 485.0454 -30.20217 208.4542 488.6773 -32.0846 207.1778 488.7733 -29.42947 208.6652 486.5251 -30.20217 208.4542 488.6773 -30.74625 207.5432 485.0454 -31.38098 201.3751 487.5602 -30.23908 202.2057 491.0705 -29.92255 200.8642 489.2589 -32.7652 203.0907 488.1283 -30.23908 202.2057 491.0705 -31.38098 201.3751 487.5602 -32.7652 203.0907 488.1283 -30.1058 204.1928 491.9697 -30.23908 202.2057 491.0705 -33.02272 205.2146 488.5723 -30.1058 204.1928 491.9697 -32.7652 203.0907 488.1283 -33.02272 205.2146 488.5723 -29.55848 206.2929 491.7155 -30.1058 204.1928 491.9697 -32.0846 207.1778 488.7733 -29.55848 206.2929 491.7155 -33.02272 205.2146 488.5723 -32.0846 207.1778 488.7733 -28.7437 207.9433 490.376 -29.55848 206.2929 491.7155 -30.20217 208.4542 488.6773 -28.7437 207.9433 490.376 -32.0846 207.1778 488.7733 -29.92255 200.8642 489.2589 -26.37464 201.6861 490.2849 -27.69136 200.5642 488.8053 -30.23908 202.2057 491.0705 -26.37464 201.6861 490.2849 -29.92255 200.8642 489.2589 -30.23908 202.2057 491.0705 -25.64348 203.5928 491.0625 -26.37464 201.6861 490.2849 -30.1058 204.1928 491.9697 -25.64348 203.5928 491.0625 -30.23908 202.2057 491.0705 -30.1058 204.1928 491.9697 -25.69402 205.7733 490.9299 -25.64348 203.5928 491.0625 -29.55848 206.2929 491.7155 -25.69402 205.7733 490.9299 -30.1058 204.1928 491.9697 -29.55848 206.2929 491.7155 -26.51253 207.6433 489.9224 -25.69402 205.7733 490.9299 -28.7437 207.9433 490.376 -26.51253 207.6433 489.9224 -29.55848 206.2929 491.7155 -29.24102 200.5276 487.0202 -27.69136 200.5642 488.8053 -26.91866 200.7752 486.653 -29.24102 200.5276 487.0202 -26.91866 200.7752 486.653 -28.37713 201.2861 484.9543 -29.24102 200.5276 487.0202 -28.37713 201.2861 484.9543 -30.6083 201.5861 485.4079 -29.24102 200.5276 487.0202 -30.6083 201.5861 485.4079 -31.38098 201.3751 487.5602 -29.24102 200.5276 487.0202 -31.38098 201.3751 487.5602 -29.92255 200.8642 489.2589 -29.24102 200.5276 487.0202 -29.92255 200.8642 489.2589 -27.69136 200.5642 488.8053 -27.87981 208.7018 488.3101 -25.73985 207.8543 487.7701 -26.51253 207.6433 489.9224 -27.87981 208.7018 488.3101 -27.19828 208.3652 486.0714 -25.73985 207.8543 487.7701 -27.87981 208.7018 488.3101 -29.42947 208.6652 486.5251 -27.19828 208.3652 486.0714 -27.87981 208.7018 488.3101 -30.20217 208.4542 488.6773 -29.42947 208.6652 486.5251 -27.87981 208.7018 488.3101 -28.7437 207.9433 490.376 -30.20217 208.4542 488.6773 -27.87981 208.7018 488.3101 -26.51253 207.6433 489.9224 -28.7437 207.9433 490.376 -39.70384 200.5642 514.6042 -39.41609 202.0516 511.1371 -40.67931 200.7752 512.5359 -37.7265 201.6861 514.7194 -39.41609 202.0516 511.1371 -39.70384 200.5642 514.6042 -37.7265 201.6861 514.7194 -38.61062 204.0148 510.6158 -39.41609 202.0516 511.1371 -36.65963 203.5928 514.7523 -38.61062 204.0148 510.6158 -37.7265 201.6861 514.7194 -36.65963 203.5928 514.7523 -38.47874 206.1387 511.1119 -38.61062 204.0148 510.6158 -36.78917 205.7733 514.6942 -38.47874 206.1387 511.1119 -36.65963 203.5928 514.7523 -36.78917 205.7733 514.6942 -39.05585 207.8543 512.4923 -38.47874 206.1387 511.1119 -38.08035 207.6433 514.5605 -39.05585 207.8543 512.4923 -36.78917 205.7733 514.6942 -40.67931 200.7752 512.5359 -43.28279 202.9366 510.8428 -42.91179 201.2861 512.3661 -39.41609 202.0516 511.1371 -43.28279 202.9366 510.8428 -40.67931 200.7752 512.5359 -39.41609 202.0516 511.1371 -43.07552 205.0366 510.276 -43.28279 202.9366 510.8428 -38.61062 204.0148 510.6158 -43.07552 205.0366 510.276 -39.41609 202.0516 511.1371 -38.61062 204.0148 510.6158 -42.34549 207.0236 510.8177 -43.07552 205.0366 510.276 -38.47874 206.1387 511.1119 -42.34549 207.0236 510.8177 -38.61062 204.0148 510.6158 -38.47874 206.1387 511.1119 -41.28829 208.3652 512.3224 -42.34549 207.0236 510.8177 -39.05585 207.8543 512.4923 -41.28829 208.3652 512.3224 -38.47874 206.1387 511.1119 -42.91179 201.2861 512.3661 -45.45993 203.4561 514.1309 -44.16872 201.5861 514.2645 -43.28279 202.9366 510.8428 -45.45993 203.4561 514.1309 -42.91179 201.2861 512.3661 -43.28279 202.9366 510.8428 -45.58943 205.6366 514.0728 -45.45993 203.4561 514.1309 -43.07552 205.0366 510.276 -45.58943 205.6366 514.0728 -43.28279 202.9366 510.8428 -43.07552 205.0366 510.276 -44.5226 207.5432 514.1057 -45.58943 205.6366 514.0728 -42.34549 207.0236 510.8177 -44.5226 207.5432 514.1057 -43.07552 205.0366 510.276 -42.34549 207.0236 510.8177 -42.54522 208.6652 514.2209 -44.5226 207.5432 514.1057 -41.28829 208.3652 512.3224 -42.54522 208.6652 514.2209 -42.34549 207.0236 510.8177 -44.16872 201.5861 514.2645 -43.77029 203.0907 517.7133 -43.19321 201.3751 516.3327 -45.45993 203.4561 514.1309 -43.77029 203.0907 517.7133 -44.16872 201.5861 514.2645 -45.45993 203.4561 514.1309 -43.63844 205.2146 518.2093 -43.77029 203.0907 517.7133 -45.58943 205.6366 514.0728 -43.63844 205.2146 518.2093 -45.45993 203.4561 514.1309 -45.58943 205.6366 514.0728 -42.83297 207.1778 517.688 -43.63844 205.2146 518.2093 -44.5226 207.5432 514.1057 -42.83297 207.1778 517.688 -45.58943 205.6366 514.0728 -44.5226 207.5432 514.1057 -41.56975 208.4542 516.2891 -42.83297 207.1778 517.688 -42.54522 208.6652 514.2209 -41.56975 208.4542 516.2891 -44.5226 207.5432 514.1057 -43.19321 201.3751 516.3327 -39.90359 202.2057 518.0074 -40.96077 200.8642 516.5026 -43.77029 203.0907 517.7133 -39.90359 202.2057 518.0074 -43.19321 201.3751 516.3327 -43.77029 203.0907 517.7133 -39.17354 204.1928 518.549 -39.90359 202.2057 518.0074 -43.63844 205.2146 518.2093 -39.17354 204.1928 518.549 -43.77029 203.0907 517.7133 -43.63844 205.2146 518.2093 -38.96627 206.2929 517.9823 -39.17354 204.1928 518.549 -42.83297 207.1778 517.688 -38.96627 206.2929 517.9823 -43.63844 205.2146 518.2093 -42.83297 207.1778 517.688 -39.33728 207.9433 516.459 -38.96627 206.2929 517.9823 -41.56975 208.4542 516.2891 -39.33728 207.9433 516.459 -42.83297 207.1778 517.688 -40.96077 200.8642 516.5026 -37.7265 201.6861 514.7194 -39.70384 200.5642 514.6042 -39.90359 202.2057 518.0074 -37.7265 201.6861 514.7194 -40.96077 200.8642 516.5026 -39.90359 202.2057 518.0074 -36.65963 203.5928 514.7523 -37.7265 201.6861 514.7194 -39.17354 204.1928 518.549 -36.65963 203.5928 514.7523 -39.90359 202.2057 518.0074 -39.17354 204.1928 518.549 -36.78917 205.7733 514.6942 -36.65963 203.5928 514.7523 -38.96627 206.2929 517.9823 -36.78917 205.7733 514.6942 -39.17354 204.1928 518.549 -38.96627 206.2929 517.9823 -38.08035 207.6433 514.5605 -36.78917 205.7733 514.6942 -39.33728 207.9433 516.459 -38.08035 207.6433 514.5605 -38.96627 206.2929 517.9823 -42.06185 200.5276 514.4377 -39.70384 200.5642 514.6042 -40.67931 200.7752 512.5359 -42.06185 200.5276 514.4377 -40.67931 200.7752 512.5359 -42.91179 201.2861 512.3661 -42.06185 200.5276 514.4377 -42.91179 201.2861 512.3661 -44.16872 201.5861 514.2645 -42.06185 200.5276 514.4377 -44.16872 201.5861 514.2645 -43.19321 201.3751 516.3327 -42.06185 200.5276 514.4377 -43.19321 201.3751 516.3327 -40.96077 200.8642 516.5026 -42.06185 200.5276 514.4377 -40.96077 200.8642 516.5026 -39.70384 200.5642 514.6042 -40.18721 208.7018 514.3873 -39.05585 207.8543 512.4923 -38.08035 207.6433 514.5605 -40.18721 208.7018 514.3873 -41.28829 208.3652 512.3224 -39.05585 207.8543 512.4923 -40.18721 208.7018 514.3873 -42.54522 208.6652 514.2209 -41.28829 208.3652 512.3224 -40.18721 208.7018 514.3873 -41.56975 208.4542 516.2891 -42.54522 208.6652 514.2209 -40.18721 208.7018 514.3873 -39.33728 207.9433 516.459 -41.56975 208.4542 516.2891 -40.18721 208.7018 514.3873 -38.08035 207.6433 514.5605 -39.33728 207.9433 516.459 -28.48347 200.5642 541.3101 -30.73159 202.0516 538.655 -30.63569 200.7752 540.5374 -27.00381 201.6861 539.9934 -30.73159 202.0516 538.655 -28.48347 200.5642 541.3101 -27.00381 201.6861 539.9934 -30.5307 204.0148 537.7169 -30.73159 202.0516 538.655 -26.22619 203.5928 539.2622 -30.5307 204.0148 537.7169 -27.00381 201.6861 539.9934 -26.22619 203.5928 539.2622 -30.0866 206.1387 537.9744 -30.5307 204.0148 537.7169 -26.35884 205.7733 539.3127 -30.0866 206.1387 537.9744 -26.22619 203.5928 539.2622 -26.35884 205.7733 539.3127 -29.51858 207.8543 539.3586 -30.0866 206.1387 537.9744 -27.36633 207.6433 540.1313 -29.51858 207.8543 539.3586 -26.35884 205.7733 539.3127 -30.63569 200.7752 540.5374 -33.67385 202.9366 541.1812 -32.33442 201.2861 541.9958 -30.73159 202.0516 538.655 -33.67385 202.9366 541.1812 -30.63569 200.7752 540.5374 -30.73159 202.0516 538.655 -33.92808 205.0366 540.6338 -33.67385 202.9366 541.1812 -30.5307 204.0148 537.7169 -33.92808 205.0366 540.6338 -30.73159 202.0516 538.655 -30.5307 204.0148 537.7169 -33.02888 207.0236 540.5005 -33.92808 205.0366 540.6338 -30.0866 206.1387 537.9744 -33.02888 207.0236 540.5005 -30.5307 204.0148 537.7169 -30.0866 206.1387 537.9744 -31.2173 208.3652 540.817 -33.02888 207.0236 540.5005 -29.51858 207.8543 539.3586 -31.2173 208.3652 540.817 -30.0866 206.1387 537.9744 -32.33442 201.2861 541.9958 -32.88829 203.4561 545.0456 -31.88081 201.5861 544.2271 -33.67385 202.9366 541.1812 -32.88829 203.4561 545.0456 -32.33442 201.2861 541.9958 -33.67385 202.9366 541.1812 -33.02096 205.6366 545.0961 -32.88829 203.4561 545.0456 -33.92808 205.0366 540.6338 -33.02096 205.6366 545.0961 -33.67385 202.9366 541.1812 -33.92808 205.0366 540.6338 -32.24334 207.5432 544.365 -33.02096 205.6366 545.0961 -33.02888 207.0236 540.5005 -32.24334 207.5432 544.365 -33.92808 205.0366 540.6338 -33.02888 207.0236 540.5005 -30.76367 208.6652 543.0482 -32.24334 207.5432 544.365 -31.2173 208.3652 540.817 -30.76367 208.6652 543.0482 -33.02888 207.0236 540.5005 -31.88081 201.5861 544.2271 -29.16045 203.0907 546.384 -29.72857 201.3751 544.9997 -32.88829 203.4561 545.0456 -29.16045 203.0907 546.384 -31.88081 201.5861 544.2271 -32.88829 203.4561 545.0456 -28.71646 205.2146 546.6415 -29.16045 203.0907 546.384 -33.02096 205.6366 545.0961 -28.71646 205.2146 546.6415 -32.88829 203.4561 545.0456 -33.02096 205.6366 545.0961 -28.51548 207.1778 545.7034 -28.71646 205.2146 546.6415 -32.24334 207.5432 544.365 -28.51548 207.1778 545.7034 -33.02096 205.6366 545.0961 -32.24334 207.5432 544.365 -28.61146 208.4542 543.8209 -28.51548 207.1778 545.7034 -30.76367 208.6652 543.0482 -28.61146 208.4542 543.8209 -32.24334 207.5432 544.365 -29.72857 201.3751 544.9997 -26.21824 202.2057 543.8578 -28.02985 200.8642 543.5413 -29.16045 203.0907 546.384 -26.21824 202.2057 543.8578 -29.72857 201.3751 544.9997 -29.16045 203.0907 546.384 -25.31906 204.1928 543.7245 -26.21824 202.2057 543.8578 -28.71646 205.2146 546.6415 -25.31906 204.1928 543.7245 -29.16045 203.0907 546.384 -28.71646 205.2146 546.6415 -25.57327 206.2929 543.1772 -25.31906 204.1928 543.7245 -28.51548 207.1778 545.7034 -25.57327 206.2929 543.1772 -28.71646 205.2146 546.6415 -28.51548 207.1778 545.7034 -26.91273 207.9433 542.3624 -25.57327 206.2929 543.1772 -28.61146 208.4542 543.8209 -26.91273 207.9433 542.3624 -28.51548 207.1778 545.7034 -28.02985 200.8642 543.5413 -27.00381 201.6861 539.9934 -28.48347 200.5642 541.3101 -26.21824 202.2057 543.8578 -27.00381 201.6861 539.9934 -28.02985 200.8642 543.5413 -26.21824 202.2057 543.8578 -26.22619 203.5928 539.2622 -27.00381 201.6861 539.9934 -25.31906 204.1928 543.7245 -26.22619 203.5928 539.2622 -26.21824 202.2057 543.8578 -25.31906 204.1928 543.7245 -26.35884 205.7733 539.3127 -26.22619 203.5928 539.2622 -25.57327 206.2929 543.1772 -26.35884 205.7733 539.3127 -25.31906 204.1928 543.7245 -25.57327 206.2929 543.1772 -27.36633 207.6433 540.1313 -26.35884 205.7733 539.3127 -26.91273 207.9433 542.3624 -27.36633 207.6433 540.1313 -25.57327 206.2929 543.1772 -30.26854 200.5276 542.8597 -28.48347 200.5642 541.3101 -30.63569 200.7752 540.5374 -30.26854 200.5276 542.8597 -30.63569 200.7752 540.5374 -32.33442 201.2861 541.9958 -30.26854 200.5276 542.8597 -32.33442 201.2861 541.9958 -31.88081 201.5861 544.2271 -30.26854 200.5276 542.8597 -31.88081 201.5861 544.2271 -29.72857 201.3751 544.9997 -30.26854 200.5276 542.8597 -29.72857 201.3751 544.9997 -28.02985 200.8642 543.5413 -30.26854 200.5276 542.8597 -28.02985 200.8642 543.5413 -28.48347 200.5642 541.3101 -28.97861 208.7018 541.4985 -29.51858 207.8543 539.3586 -27.36633 207.6433 540.1313 -28.97861 208.7018 541.4985 -31.2173 208.3652 540.817 -29.51858 207.8543 539.3586 -28.97861 208.7018 541.4985 -30.76367 208.6652 543.0482 -31.2173 208.3652 540.817 -28.97861 208.7018 541.4985 -28.61146 208.4542 543.8209 -30.76367 208.6652 543.0482 -28.97861 208.7018 541.4985 -26.91273 207.9433 542.3624 -28.61146 208.4542 543.8209 -28.97861 208.7018 541.4985 -27.36633 207.6433 540.1313 -26.91273 207.9433 542.3624 80.43148 103.5689 480.1421 81.27904 105.2338 484.744 82.51155 104.4563 482.1353 77.6762 103.6967 481.2916 81.27904 105.2338 484.744 80.43148 103.5689 480.1421 77.6762 103.6967 481.2916 79.65166 107.0625 486.2392 81.27904 105.2338 484.744 75.49142 105.2876 482.2526 79.65166 107.0625 486.2392 77.6762 103.6967 481.2916 75.49142 105.2876 482.2526 78.06533 109.4522 486.2197 79.65166 107.0625 486.2392 74.46252 107.9151 482.7673 78.06533 109.4522 486.2197 75.49142 105.2876 482.2526 74.46252 107.9151 482.7673 76.94534 111.7627 484.6913 78.06533 109.4522 486.2197 74.8652 110.8753 482.698 76.94534 111.7627 484.6913 74.46252 107.9151 482.7673 82.51155 104.4563 482.1353 85.01491 108.5844 483.302 84.6685 106.3908 481.3028 81.27904 105.2338 484.744 85.01491 108.5844 483.302 82.51155 104.4563 482.1353 81.27904 105.2338 484.744 83.96546 110.9314 484.574 85.01491 108.5844 483.302 79.65166 107.0625 486.2392 83.96546 110.9314 484.574 81.27904 105.2338 484.744 79.65166 107.0625 486.2392 81.80126 112.8027 484.7777 83.96546 110.9314 484.574 78.06533 109.4522 486.2197 81.80126 112.8027 484.7777 79.65166 107.0625 486.2392 78.06533 109.4522 486.2197 79.10223 113.6972 483.8588 81.80126 112.8027 484.7777 76.94534 111.7627 484.6913 79.10223 113.6972 483.8588 78.06533 109.4522 486.2197 84.6685 106.3908 481.3028 85.14793 110.3979 478.4075 84.74521 107.4378 478.4769 85.01491 108.5844 483.302 85.14793 110.3979 478.4075 84.6685 106.3908 481.3028 85.01491 108.5844 483.302 84.11899 113.0255 478.9223 85.14793 110.3979 478.4075 83.96546 110.9314 484.574 84.11899 113.0255 478.9223 85.01491 108.5844 483.302 83.96546 110.9314 484.574 81.93424 114.6163 479.8832 84.11899 113.0255 478.9223 81.80126 112.8027 484.7777 81.93424 114.6163 479.8832 83.96546 110.9314 484.574 81.80126 112.8027 484.7777 79.17892 114.7442 481.0328 81.93424 114.6163 479.8832 79.10223 113.6972 483.8588 79.17892 114.7442 481.0328 81.80126 112.8027 484.7777 84.74521 107.4378 478.4769 81.54501 108.8608 474.9551 82.66507 106.5504 476.4836 85.14793 110.3979 478.4075 81.54501 108.8608 474.9551 84.74521 107.4378 478.4769 85.14793 110.3979 478.4075 79.95875 111.2506 474.9358 81.54501 108.8608 474.9551 84.11899 113.0255 478.9223 79.95875 111.2506 474.9358 85.14793 110.3979 478.4075 84.11899 113.0255 478.9223 78.33131 113.0792 476.4308 79.95875 111.2506 474.9358 81.93424 114.6163 479.8832 78.33131 113.0792 476.4308 84.11899 113.0255 478.9223 81.93424 114.6163 479.8832 77.09885 113.8568 479.0396 78.33131 113.0792 476.4308 79.17892 114.7442 481.0328 77.09885 113.8568 479.0396 81.93424 114.6163 479.8832 82.66507 106.5504 476.4836 77.80917 105.5103 476.3972 80.50817 104.6159 477.3162 81.54501 108.8608 474.9551 77.80917 105.5103 476.3972 82.66507 106.5504 476.4836 81.54501 108.8608 474.9551 75.64494 107.3817 476.6009 77.80917 105.5103 476.3972 79.95875 111.2506 474.9358 75.64494 107.3817 476.6009 81.54501 108.8608 474.9551 79.95875 111.2506 474.9358 74.59547 109.7286 477.8728 75.64494 107.3817 476.6009 78.33131 113.0792 476.4308 74.59547 109.7286 477.8728 79.95875 111.2506 474.9358 78.33131 113.0792 476.4308 74.9419 111.9223 479.8722 74.59547 109.7286 477.8728 77.09885 113.8568 479.0396 74.9419 111.9223 479.8722 78.33131 113.0792 476.4308 80.50817 104.6159 477.3162 77.6762 103.6967 481.2916 80.43148 103.5689 480.1421 77.80917 105.5103 476.3972 77.6762 103.6967 481.2916 80.50817 104.6159 477.3162 77.80917 105.5103 476.3972 75.49142 105.2876 482.2526 77.6762 103.6967 481.2916 75.64494 107.3817 476.6009 75.49142 105.2876 482.2526 77.80917 105.5103 476.3972 75.64494 107.3817 476.6009 74.46252 107.9151 482.7673 75.49142 105.2876 482.2526 74.59547 109.7286 477.8728 74.46252 107.9151 482.7673 75.64494 107.3817 476.6009 74.59547 109.7286 477.8728 74.8652 110.8753 482.698 74.46252 107.9151 482.7673 74.9419 111.9223 479.8722 74.8652 110.8753 482.698 74.59547 109.7286 477.8728 83.01887 104.9382 479.1118 80.43148 103.5689 480.1421 82.51155 104.4563 482.1353 83.01887 104.9382 479.1118 82.51155 104.4563 482.1353 84.6685 106.3908 481.3028 83.01887 104.9382 479.1118 84.6685 106.3908 481.3028 84.74521 107.4378 478.4769 83.01887 104.9382 479.1118 84.74521 107.4378 478.4769 82.66507 106.5504 476.4836 83.01887 104.9382 479.1118 82.66507 106.5504 476.4836 80.50817 104.6159 477.3162 83.01887 104.9382 479.1118 80.50817 104.6159 477.3162 80.43148 103.5689 480.1421 76.59154 113.3749 482.0631 76.94534 111.7627 484.6913 74.8652 110.8753 482.698 76.59154 113.3749 482.0631 79.10223 113.6972 483.8588 76.94534 111.7627 484.6913 76.59154 113.3749 482.0631 79.17892 114.7442 481.0328 79.10223 113.6972 483.8588 76.59154 113.3749 482.0631 77.09885 113.8568 479.0396 79.17892 114.7442 481.0328 76.59154 113.3749 482.0631 74.9419 111.9223 479.8722 77.09885 113.8568 479.0396 76.59154 113.3749 482.0631 74.8652 110.8753 482.698 74.9419 111.9223 479.8722 61.05273 103.5689 451.2605 63.59686 105.2338 455.1877 63.73726 104.4563 452.306 58.94708 103.6967 453.3769 63.59686 105.2338 455.1877 61.05273 103.5689 451.2605 58.94708 103.6967 453.3769 62.66553 107.0625 457.1919 63.59686 105.2338 455.1877 57.29638 105.2876 455.1008 62.66553 107.0625 457.1919 58.94708 103.6967 453.3769 57.29638 105.2876 455.1008 61.1925 109.4522 457.7809 62.66553 107.0625 457.1919 56.54276 107.9151 455.9701 61.1925 109.4522 457.7809 57.29638 105.2876 455.1008 56.54276 107.9151 455.9701 59.57285 111.7627 456.7975 61.1925 109.4522 457.7809 56.88828 110.8753 455.752 59.57285 111.7627 456.7975 56.54276 107.9151 455.9701 63.73726 104.4563 452.306 66.49653 108.5844 452.4259 65.41141 106.3908 450.7114 63.59686 105.2338 455.1877 66.49653 108.5844 452.4259 63.73726 104.4563 452.306 63.59686 105.2338 455.1877 66.01373 110.9314 454.0026 66.49653 108.5844 452.4259 62.66553 107.0625 457.1919 66.01373 110.9314 454.0026 63.59686 105.2338 455.1877 62.66553 107.0625 457.1919 64.09222 112.8027 455.019 66.01373 110.9314 454.0026 61.1925 109.4522 457.7809 64.09222 112.8027 455.019 62.66553 107.0625 457.1919 61.1925 109.4522 457.7809 61.24697 113.6972 455.2029 64.09222 112.8027 455.019 59.57285 111.7627 456.7975 61.24697 113.6972 455.2029 61.1925 109.4522 457.7809 65.41141 106.3908 450.7114 64.74638 110.3979 447.853 64.40086 107.4378 448.0712 66.49653 108.5844 452.4259 64.74638 110.3979 447.853 65.41141 106.3908 450.7114 66.49653 108.5844 452.4259 63.99275 113.0255 448.7224 64.74638 110.3979 447.853 66.01373 110.9314 454.0026 63.99275 113.0255 448.7224 66.49653 108.5844 452.4259 66.01373 110.9314 454.0026 62.34205 114.6163 450.4463 63.99275 113.0255 448.7224 64.09222 112.8027 455.019 62.34205 114.6163 450.4463 66.01373 110.9314 454.0026 64.09222 112.8027 455.019 60.2364 114.7442 452.5627 62.34205 114.6163 450.4463 61.24697 113.6972 455.2029 60.2364 114.7442 452.5627 64.09222 112.8027 455.019 64.40086 107.4378 448.0712 60.09652 108.8608 446.0422 61.71628 106.5504 447.0258 64.74638 110.3979 447.853 60.09652 108.8608 446.0422 64.40086 107.4378 448.0712 64.74638 110.3979 447.853 58.62362 111.2506 446.6314 60.09652 108.8608 446.0422 63.99275 113.0255 448.7224 58.62362 111.2506 446.6314 64.74638 110.3979 447.853 63.99275 113.0255 448.7224 57.69217 113.0792 448.6353 58.62362 111.2506 446.6314 62.34205 114.6163 450.4463 57.69217 113.0792 448.6353 63.99275 113.0255 448.7224 62.34205 114.6163 450.4463 57.55188 113.8568 451.5172 57.69217 113.0792 448.6353 60.2364 114.7442 452.5627 57.55188 113.8568 451.5172 62.34205 114.6163 450.4463 61.71628 106.5504 447.0258 57.19691 105.5103 448.8041 60.04216 104.6159 448.6203 60.09652 108.8608 446.0422 57.19691 105.5103 448.8041 61.71628 106.5504 447.0258 60.09652 108.8608 446.0422 55.27541 107.3817 449.8206 57.19691 105.5103 448.8041 58.62362 111.2506 446.6314 55.27541 107.3817 449.8206 60.09652 108.8608 446.0422 58.62362 111.2506 446.6314 54.79256 109.7286 451.3973 55.27541 107.3817 449.8206 57.69217 113.0792 448.6353 54.79256 109.7286 451.3973 58.62362 111.2506 446.6314 57.69217 113.0792 448.6353 55.87773 111.9223 453.1118 54.79256 109.7286 451.3973 57.55188 113.8568 451.5172 55.87773 111.9223 453.1118 57.69217 113.0792 448.6353 60.04216 104.6159 448.6203 58.94708 103.6967 453.3769 61.05273 103.5689 451.2605 57.19691 105.5103 448.8041 58.94708 103.6967 453.3769 60.04216 104.6159 448.6203 57.19691 105.5103 448.8041 57.29638 105.2876 455.1008 58.94708 103.6967 453.3769 55.27541 107.3817 449.8206 57.29638 105.2876 455.1008 57.19691 105.5103 448.8041 55.27541 107.3817 449.8206 56.54276 107.9151 455.9701 57.29638 105.2876 455.1008 54.79256 109.7286 451.3973 56.54276 107.9151 455.9701 55.27541 107.3817 449.8206 54.79256 109.7286 451.3973 56.88828 110.8753 455.752 56.54276 107.9151 455.9701 55.87773 111.9223 453.1118 56.88828 110.8753 455.752 54.79256 109.7286 451.3973 63.04888 104.9382 449.3184 61.05273 103.5689 451.2605 63.73726 104.4563 452.306 63.04888 104.9382 449.3184 63.73726 104.4563 452.306 65.41141 106.3908 450.7114 63.04888 104.9382 449.3184 65.41141 106.3908 450.7114 64.40086 107.4378 448.0712 63.04888 104.9382 449.3184 64.40086 107.4378 448.0712 61.71628 106.5504 447.0258 63.04888 104.9382 449.3184 61.71628 106.5504 447.0258 60.04216 104.6159 448.6203 63.04888 104.9382 449.3184 60.04216 104.6159 448.6203 61.05273 103.5689 451.2605 58.24025 113.3749 454.5048 59.57285 111.7627 456.7975 56.88828 110.8753 455.752 58.24025 113.3749 454.5048 61.24697 113.6972 455.2029 59.57285 111.7627 456.7975 58.24025 113.3749 454.5048 60.2364 114.7442 452.5627 61.24697 113.6972 455.2029 58.24025 113.3749 454.5048 57.55188 113.8568 451.5172 60.2364 114.7442 452.5627 58.24025 113.3749 454.5048 55.87773 111.9223 453.1118 57.55188 113.8568 451.5172 58.24025 113.3749 454.5048 56.88828 110.8753 455.752 55.87773 111.9223 453.1118 24.32484 200.5642 487.8368 26.57296 202.0516 490.4918 26.47706 200.7752 488.6094 22.84517 201.6861 489.1535 26.57296 202.0516 490.4918 24.32484 200.5642 487.8368 22.84517 201.6861 489.1535 26.37207 204.0148 491.43 26.57296 202.0516 490.4918 22.06756 203.5928 489.8846 26.37207 204.0148 491.43 22.84517 201.6861 489.1535 22.06756 203.5928 489.8846 25.92797 206.1387 491.1724 26.37207 204.0148 491.43 22.20021 205.7733 489.8341 25.92797 206.1387 491.1724 22.06756 203.5928 489.8846 22.20021 205.7733 489.8341 25.35995 207.8543 489.7883 25.92797 206.1387 491.1724 23.2077 207.6433 489.0156 25.35995 207.8543 489.7883 22.20021 205.7733 489.8341 26.47706 200.7752 488.6094 29.51522 202.9366 487.9657 28.17579 201.2861 487.151 26.57296 202.0516 490.4918 29.51522 202.9366 487.9657 26.47706 200.7752 488.6094 26.57296 202.0516 490.4918 29.76945 205.0366 488.5131 29.51522 202.9366 487.9657 26.37207 204.0148 491.43 29.76945 205.0366 488.5131 26.57296 202.0516 490.4918 26.37207 204.0148 491.43 28.87025 207.0236 488.6463 29.76945 205.0366 488.5131 25.92797 206.1387 491.1724 28.87025 207.0236 488.6463 26.37207 204.0148 491.43 25.92797 206.1387 491.1724 27.05867 208.3652 488.3298 28.87025 207.0236 488.6463 25.35995 207.8543 489.7883 27.05867 208.3652 488.3298 25.92797 206.1387 491.1724 28.17579 201.2861 487.151 28.72967 203.4561 484.1012 27.72218 201.5861 484.9198 29.51522 202.9366 487.9657 28.72967 203.4561 484.1012 28.17579 201.2861 487.151 29.51522 202.9366 487.9657 28.86233 205.6366 484.0508 28.72967 203.4561 484.1012 29.76945 205.0366 488.5131 28.86233 205.6366 484.0508 29.51522 202.9366 487.9657 29.76945 205.0366 488.5131 28.08471 207.5432 484.7819 28.86233 205.6366 484.0508 28.87025 207.0236 488.6463 28.08471 207.5432 484.7819 29.76945 205.0366 488.5131 28.87025 207.0236 488.6463 26.60504 208.6652 486.0986 28.08471 207.5432 484.7819 27.05867 208.3652 488.3298 26.60504 208.6652 486.0986 28.87025 207.0236 488.6463 27.72218 201.5861 484.9198 25.00182 203.0907 482.7629 25.56994 201.3751 484.1471 28.72967 203.4561 484.1012 25.00182 203.0907 482.7629 27.72218 201.5861 484.9198 28.72967 203.4561 484.1012 24.55783 205.2146 482.5054 25.00182 203.0907 482.7629 28.86233 205.6366 484.0508 24.55783 205.2146 482.5054 28.72967 203.4561 484.1012 28.86233 205.6366 484.0508 24.35685 207.1778 483.4435 24.55783 205.2146 482.5054 28.08471 207.5432 484.7819 24.35685 207.1778 483.4435 28.86233 205.6366 484.0508 28.08471 207.5432 484.7819 24.45283 208.4542 485.3259 24.35685 207.1778 483.4435 26.60504 208.6652 486.0986 24.45283 208.4542 485.3259 28.08471 207.5432 484.7819 25.56994 201.3751 484.1471 22.05961 202.2057 485.289 23.87122 200.8642 485.6056 25.00182 203.0907 482.7629 22.05961 202.2057 485.289 25.56994 201.3751 484.1471 25.00182 203.0907 482.7629 21.16043 204.1928 485.4223 22.05961 202.2057 485.289 24.55783 205.2146 482.5054 21.16043 204.1928 485.4223 25.00182 203.0907 482.7629 24.55783 205.2146 482.5054 21.41463 206.2929 485.9696 21.16043 204.1928 485.4223 24.35685 207.1778 483.4435 21.41463 206.2929 485.9696 24.55783 205.2146 482.5054 24.35685 207.1778 483.4435 22.7541 207.9433 486.7844 21.41463 206.2929 485.9696 24.45283 208.4542 485.3259 22.7541 207.9433 486.7844 24.35685 207.1778 483.4435 23.87122 200.8642 485.6056 22.84517 201.6861 489.1535 24.32484 200.5642 487.8368 22.05961 202.2057 485.289 22.84517 201.6861 489.1535 23.87122 200.8642 485.6056 22.05961 202.2057 485.289 22.06756 203.5928 489.8846 22.84517 201.6861 489.1535 21.16043 204.1928 485.4223 22.06756 203.5928 489.8846 22.05961 202.2057 485.289 21.16043 204.1928 485.4223 22.20021 205.7733 489.8341 22.06756 203.5928 489.8846 21.41463 206.2929 485.9696 22.20021 205.7733 489.8341 21.16043 204.1928 485.4223 21.41463 206.2929 485.9696 23.2077 207.6433 489.0156 22.20021 205.7733 489.8341 22.7541 207.9433 486.7844 23.2077 207.6433 489.0156 21.41463 206.2929 485.9696 26.10991 200.5276 486.2871 24.32484 200.5642 487.8368 26.47706 200.7752 488.6094 26.10991 200.5276 486.2871 26.47706 200.7752 488.6094 28.17579 201.2861 487.151 26.10991 200.5276 486.2871 28.17579 201.2861 487.151 27.72218 201.5861 484.9198 26.10991 200.5276 486.2871 27.72218 201.5861 484.9198 25.56994 201.3751 484.1471 26.10991 200.5276 486.2871 25.56994 201.3751 484.1471 23.87122 200.8642 485.6056 26.10991 200.5276 486.2871 23.87122 200.8642 485.6056 24.32484 200.5642 487.8368 24.81998 208.7018 487.6483 25.35995 207.8543 489.7883 23.2077 207.6433 489.0156 24.81998 208.7018 487.6483 27.05867 208.3652 488.3298 25.35995 207.8543 489.7883 24.81998 208.7018 487.6483 26.60504 208.6652 486.0986 27.05867 208.3652 488.3298 24.81998 208.7018 487.6483 24.45283 208.4542 485.3259 26.60504 208.6652 486.0986 24.81998 208.7018 487.6483 22.7541 207.9433 486.7844 24.45283 208.4542 485.3259 24.81998 208.7018 487.6483 23.2077 207.6433 489.0156 22.7541 207.9433 486.7844 35.44517 200.5642 514.2122 35.15741 202.0516 517.6793 36.42064 200.7752 516.2805 33.46782 201.6861 514.097 35.15741 202.0516 517.6793 35.44517 200.5642 514.2122 33.46782 201.6861 514.097 34.35195 204.0148 518.2006 35.15741 202.0516 517.6793 32.40096 203.5928 514.0641 34.35195 204.0148 518.2006 33.46782 201.6861 514.097 32.40096 203.5928 514.0641 34.22007 206.1387 517.7045 34.35195 204.0148 518.2006 32.5305 205.7733 514.1222 34.22007 206.1387 517.7045 32.40096 203.5928 514.0641 32.5305 205.7733 514.1222 34.79717 207.8543 516.324 34.22007 206.1387 517.7045 33.82167 207.6433 514.2558 34.79717 207.8543 516.324 32.5305 205.7733 514.1222 36.42064 200.7752 516.2805 39.02412 202.9366 517.9736 38.65311 201.2861 516.4503 35.15741 202.0516 517.6793 39.02412 202.9366 517.9736 36.42064 200.7752 516.2805 35.15741 202.0516 517.6793 38.81685 205.0366 518.5403 39.02412 202.9366 517.9736 34.35195 204.0148 518.2006 38.81685 205.0366 518.5403 35.15741 202.0516 517.6793 34.35195 204.0148 518.2006 38.08681 207.0236 517.9987 38.81685 205.0366 518.5403 34.22007 206.1387 517.7045 38.08681 207.0236 517.9987 34.35195 204.0148 518.2006 34.22007 206.1387 517.7045 37.02961 208.3652 516.494 38.08681 207.0236 517.9987 34.79717 207.8543 516.324 37.02961 208.3652 516.494 34.22007 206.1387 517.7045 38.65311 201.2861 516.4503 41.20125 203.4561 514.6855 39.91004 201.5861 514.5519 39.02412 202.9366 517.9736 41.20125 203.4561 514.6855 38.65311 201.2861 516.4503 39.02412 202.9366 517.9736 41.33075 205.6366 514.7436 41.20125 203.4561 514.6855 38.81685 205.0366 518.5403 41.33075 205.6366 514.7436 39.02412 202.9366 517.9736 38.81685 205.0366 518.5403 40.26393 207.5432 514.7107 41.33075 205.6366 514.7436 38.08681 207.0236 517.9987 40.26393 207.5432 514.7107 38.81685 205.0366 518.5403 38.08681 207.0236 517.9987 38.28654 208.6652 514.5955 40.26393 207.5432 514.7107 37.02961 208.3652 516.494 38.28654 208.6652 514.5955 38.08681 207.0236 517.9987 39.91004 201.5861 514.5519 39.51162 203.0907 511.1031 38.93454 201.3751 512.4836 41.20125 203.4561 514.6855 39.51162 203.0907 511.1031 39.91004 201.5861 514.5519 41.20125 203.4561 514.6855 39.37976 205.2146 510.6071 39.51162 203.0907 511.1031 41.33075 205.6366 514.7436 39.37976 205.2146 510.6071 41.20125 203.4561 514.6855 41.33075 205.6366 514.7436 38.5743 207.1778 511.1283 39.37976 205.2146 510.6071 40.26393 207.5432 514.7107 38.5743 207.1778 511.1283 41.33075 205.6366 514.7436 40.26393 207.5432 514.7107 37.31108 208.4542 512.5273 38.5743 207.1778 511.1283 38.28654 208.6652 514.5955 37.31108 208.4542 512.5273 40.26393 207.5432 514.7107 38.93454 201.3751 512.4836 35.64492 202.2057 510.8089 36.7021 200.8642 512.3137 39.51162 203.0907 511.1031 35.64492 202.2057 510.8089 38.93454 201.3751 512.4836 39.51162 203.0907 511.1031 34.91486 204.1928 510.2674 35.64492 202.2057 510.8089 39.37976 205.2146 510.6071 34.91486 204.1928 510.2674 39.51162 203.0907 511.1031 39.37976 205.2146 510.6071 34.7076 206.2929 510.8341 34.91486 204.1928 510.2674 38.5743 207.1778 511.1283 34.7076 206.2929 510.8341 39.37976 205.2146 510.6071 38.5743 207.1778 511.1283 35.0786 207.9433 512.3574 34.7076 206.2929 510.8341 37.31108 208.4542 512.5273 35.0786 207.9433 512.3574 38.5743 207.1778 511.1283 36.7021 200.8642 512.3137 33.46782 201.6861 514.097 35.44517 200.5642 514.2122 35.64492 202.2057 510.8089 33.46782 201.6861 514.097 36.7021 200.8642 512.3137 35.64492 202.2057 510.8089 32.40096 203.5928 514.0641 33.46782 201.6861 514.097 34.91486 204.1928 510.2674 32.40096 203.5928 514.0641 35.64492 202.2057 510.8089 34.91486 204.1928 510.2674 32.5305 205.7733 514.1222 32.40096 203.5928 514.0641 34.7076 206.2929 510.8341 32.5305 205.7733 514.1222 34.91486 204.1928 510.2674 34.7076 206.2929 510.8341 33.82167 207.6433 514.2558 32.5305 205.7733 514.1222 35.0786 207.9433 512.3574 33.82167 207.6433 514.2558 34.7076 206.2929 510.8341 37.80317 200.5276 514.3787 35.44517 200.5642 514.2122 36.42064 200.7752 516.2805 37.80317 200.5276 514.3787 36.42064 200.7752 516.2805 38.65311 201.2861 516.4503 37.80317 200.5276 514.3787 38.65311 201.2861 516.4503 39.91004 201.5861 514.5519 37.80317 200.5276 514.3787 39.91004 201.5861 514.5519 38.93454 201.3751 512.4836 37.80317 200.5276 514.3787 38.93454 201.3751 512.4836 36.7021 200.8642 512.3137 37.80317 200.5276 514.3787 36.7021 200.8642 512.3137 35.44517 200.5642 514.2122 35.92854 208.7018 514.4291 34.79717 207.8543 516.324 33.82167 207.6433 514.2558 35.92854 208.7018 514.4291 37.02961 208.3652 516.494 34.79717 207.8543 516.324 35.92854 208.7018 514.4291 38.28654 208.6652 514.5955 37.02961 208.3652 516.494 35.92854 208.7018 514.4291 37.31108 208.4542 512.5273 38.28654 208.6652 514.5955 35.92854 208.7018 514.4291 35.0786 207.9433 512.3574 37.31108 208.4542 512.5273 35.92854 208.7018 514.4291 33.82167 207.6433 514.2558 35.0786 207.9433 512.3574 24.01655 200.5642 539.972 21.36149 202.0516 542.2201 23.24386 200.7752 542.1242 22.69984 201.6861 538.4923 21.36149 202.0516 542.2201 24.01655 200.5642 539.972 22.69984 201.6861 538.4923 20.42328 204.0148 542.0192 21.36149 202.0516 542.2201 21.96868 203.5928 537.7147 20.42328 204.0148 542.0192 22.69984 201.6861 538.4923 21.96868 203.5928 537.7147 20.68088 206.1387 541.5751 20.42328 204.0148 542.0192 22.01922 205.7733 537.8474 20.68088 206.1387 541.5751 21.96868 203.5928 537.7147 22.01922 205.7733 537.8474 22.06504 207.8543 541.0071 20.68088 206.1387 541.5751 22.83772 207.6433 538.8549 22.06504 207.8543 541.0071 22.01922 205.7733 537.8474 23.24386 200.7752 542.1242 23.88758 202.9366 545.1624 24.70232 201.2861 543.8229 21.36149 202.0516 542.2201 23.88758 202.9366 545.1624 23.24386 200.7752 542.1242 21.36149 202.0516 542.2201 23.34022 205.0366 545.4166 23.88758 202.9366 545.1624 20.42328 204.0148 542.0192 23.34022 205.0366 545.4166 21.36149 202.0516 542.2201 20.42328 204.0148 542.0192 23.20699 207.0236 544.5174 23.34022 205.0366 545.4166 20.68088 206.1387 541.5751 23.20699 207.0236 544.5174 20.42328 204.0148 542.0192 20.68088 206.1387 541.5751 23.52347 208.3652 542.7058 23.20699 207.0236 544.5174 22.06504 207.8543 541.0071 23.52347 208.3652 542.7058 20.68088 206.1387 541.5751 24.70232 201.2861 543.8229 27.75206 203.4561 544.3768 26.9335 201.5861 543.3693 23.88758 202.9366 545.1624 27.75206 203.4561 544.3768 24.70232 201.2861 543.8229 23.88758 202.9366 545.1624 27.80254 205.6366 544.5095 27.75206 203.4561 544.3768 23.34022 205.0366 545.4166 27.80254 205.6366 544.5095 23.88758 202.9366 545.1624 23.34022 205.0366 545.4166 27.07144 207.5432 543.7319 27.80254 205.6366 544.5095 23.20699 207.0236 544.5174 27.07144 207.5432 543.7319 23.34022 205.0366 545.4166 23.20699 207.0236 544.5174 25.75467 208.6652 542.2522 27.07144 207.5432 543.7319 23.52347 208.3652 542.7058 25.75467 208.6652 542.2522 23.20699 207.0236 544.5174 26.9335 201.5861 543.3693 29.0904 203.0907 540.649 27.70618 201.3751 541.2171 27.75206 203.4561 544.3768 29.0904 203.0907 540.649 26.9335 201.5861 543.3693 27.75206 203.4561 544.3768 29.34792 205.2146 540.205 29.0904 203.0907 540.649 27.80254 205.6366 544.5095 29.34792 205.2146 540.205 27.75206 203.4561 544.3768 27.80254 205.6366 544.5095 28.4098 207.1778 540.004 29.34792 205.2146 540.205 27.07144 207.5432 543.7319 28.4098 207.1778 540.004 27.80254 205.6366 544.5095 27.07144 207.5432 543.7319 26.52736 208.4542 540.1 28.4098 207.1778 540.004 25.75467 208.6652 542.2522 26.52736 208.4542 540.1 27.07144 207.5432 543.7319 27.70618 201.3751 541.2171 26.56428 202.2057 537.7068 26.24775 200.8642 539.5184 29.0904 203.0907 540.649 26.56428 202.2057 537.7068 27.70618 201.3751 541.2171 29.0904 203.0907 540.649 26.431 204.1928 536.8076 26.56428 202.2057 537.7068 29.34792 205.2146 540.205 26.431 204.1928 536.8076 29.0904 203.0907 540.649 29.34792 205.2146 540.205 25.88368 206.2929 537.0618 26.431 204.1928 536.8076 28.4098 207.1778 540.004 25.88368 206.2929 537.0618 29.34792 205.2146 540.205 28.4098 207.1778 540.004 25.0689 207.9433 538.4012 25.88368 206.2929 537.0618 26.52736 208.4542 540.1 25.0689 207.9433 538.4012 28.4098 207.1778 540.004 26.24775 200.8642 539.5184 22.69984 201.6861 538.4923 24.01655 200.5642 539.972 26.56428 202.2057 537.7068 22.69984 201.6861 538.4923 26.24775 200.8642 539.5184 26.56428 202.2057 537.7068 21.96868 203.5928 537.7147 22.69984 201.6861 538.4923 26.431 204.1928 536.8076 21.96868 203.5928 537.7147 26.56428 202.2057 537.7068 26.431 204.1928 536.8076 22.01922 205.7733 537.8474 21.96868 203.5928 537.7147 25.88368 206.2929 537.0618 22.01922 205.7733 537.8474 26.431 204.1928 536.8076 25.88368 206.2929 537.0618 22.83772 207.6433 538.8549 22.01922 205.7733 537.8474 25.0689 207.9433 538.4012 22.83772 207.6433 538.8549 25.88368 206.2929 537.0618 25.56622 200.5276 541.7571 24.01655 200.5642 539.972 23.24386 200.7752 542.1242 25.56622 200.5276 541.7571 23.24386 200.7752 542.1242 24.70232 201.2861 543.8229 25.56622 200.5276 541.7571 24.70232 201.2861 543.8229 26.9335 201.5861 543.3693 25.56622 200.5276 541.7571 26.9335 201.5861 543.3693 27.70618 201.3751 541.2171 25.56622 200.5276 541.7571 27.70618 201.3751 541.2171 26.24775 200.8642 539.5184 25.56622 200.5276 541.7571 26.24775 200.8642 539.5184 24.01655 200.5642 539.972 24.205 208.7018 540.4672 22.06504 207.8543 541.0071 22.83772 207.6433 538.8549 24.205 208.7018 540.4672 23.52347 208.3652 542.7058 22.06504 207.8543 541.0071 24.205 208.7018 540.4672 25.75467 208.6652 542.2522 23.52347 208.3652 542.7058 24.205 208.7018 540.4672 26.52736 208.4542 540.1 25.75467 208.6652 542.2522 24.205 208.7018 540.4672 25.0689 207.9433 538.4012 26.52736 208.4542 540.1 24.205 208.7018 540.4672 22.83772 207.6433 538.8549 25.0689 207.9433 538.4012 -1.617566 200.5642 551.5379 -5.084634 202.0516 551.2502 -3.685791 200.7752 552.5134 -1.502342 201.6861 549.5605 -5.084634 202.0516 551.2502 -1.617566 200.5642 551.5379 -1.502342 201.6861 549.5605 -5.606001 204.0148 550.4447 -5.084634 202.0516 551.2502 -1.469489 203.5928 548.4937 -5.606001 204.0148 550.4447 -1.502342 201.6861 549.5605 -1.469489 203.5928 548.4937 -5.109821 206.1387 550.3128 -5.606001 204.0148 550.4447 -1.527557 205.7733 548.6232 -5.109821 206.1387 550.3128 -1.469489 203.5928 548.4937 -1.527557 205.7733 548.6232 -3.729421 207.8543 550.8899 -5.109821 206.1387 550.3128 -1.661189 207.6433 549.9144 -3.729421 207.8543 550.8899 -1.527557 205.7733 548.6232 -3.685791 200.7752 552.5134 -5.378911 202.9366 555.1169 -3.855684 201.2861 554.7458 -5.084634 202.0516 551.2502 -5.378911 202.9366 555.1169 -3.685791 200.7752 552.5134 -5.084634 202.0516 551.2502 -5.945724 205.0366 554.9096 -5.378911 202.9366 555.1169 -5.606001 204.0148 550.4447 -5.945724 205.0366 554.9096 -5.084634 202.0516 551.2502 -5.606001 204.0148 550.4447 -5.404106 207.0236 554.1796 -5.945724 205.0366 554.9096 -5.109821 206.1387 550.3128 -5.404106 207.0236 554.1796 -5.606001 204.0148 550.4447 -5.109821 206.1387 550.3128 -3.899333 208.3652 553.1224 -5.404106 207.0236 554.1796 -3.729421 207.8543 550.8899 -3.899333 208.3652 553.1224 -5.109821 206.1387 550.3128 -3.855684 201.2861 554.7458 -2.090843 203.4561 557.294 -1.957256 201.5861 556.0028 -5.378911 202.9366 555.1169 -2.090843 203.4561 557.294 -3.855684 201.2861 554.7458 -5.378911 202.9366 555.1169 -2.148956 205.6366 557.4235 -2.090843 203.4561 557.294 -5.945724 205.0366 554.9096 -2.148956 205.6366 557.4235 -5.378911 202.9366 555.1169 -5.945724 205.0366 554.9096 -2.116058 207.5432 556.3567 -2.148956 205.6366 557.4235 -5.404106 207.0236 554.1796 -2.116058 207.5432 556.3567 -5.945724 205.0366 554.9096 -5.404106 207.0236 554.1796 -2.000879 208.6652 554.3793 -2.116058 207.5432 556.3567 -3.899333 208.3652 553.1224 -2.000879 208.6652 554.3793 -5.404106 207.0236 554.1796 -1.957256 201.5861 556.0028 1.491485 203.0907 555.6044 0.1109764 201.3751 555.0273 -2.090843 203.4561 557.294 1.491485 203.0907 555.6044 -1.957256 201.5861 556.0028 -2.090843 203.4561 557.294 1.98753 205.2146 555.4725 1.491485 203.0907 555.6044 -2.148956 205.6366 557.4235 1.98753 205.2146 555.4725 -2.090843 203.4561 557.294 -2.148956 205.6366 557.4235 1.466296 207.1778 554.6671 1.98753 205.2146 555.4725 -2.116058 207.5432 556.3567 1.466296 207.1778 554.6671 -2.148956 205.6366 557.4235 -2.116058 207.5432 556.3567 0.06734664 208.4542 553.4038 1.466296 207.1778 554.6671 -2.000879 208.6652 554.3793 0.06734664 208.4542 553.4038 -2.116058 207.5432 556.3567 0.1109764 201.3751 555.0273 1.785708 202.2057 551.7377 0.2808878 200.8642 552.7949 1.491485 203.0907 555.6044 1.785708 202.2057 551.7377 0.1109764 201.3751 555.0273 1.491485 203.0907 555.6044 2.327279 204.1928 551.0076 1.785708 202.2057 551.7377 1.98753 205.2146 555.4725 2.327279 204.1928 551.0076 1.491485 203.0907 555.6044 1.98753 205.2146 555.4725 1.760519 206.2929 550.8004 2.327279 204.1928 551.0076 1.466296 207.1778 554.6671 1.760519 206.2929 550.8004 1.98753 205.2146 555.4725 1.466296 207.1778 554.6671 0.2372391 207.9433 551.1713 1.760519 206.2929 550.8004 0.06734664 208.4542 553.4038 0.2372391 207.9433 551.1713 1.466296 207.1778 554.6671 0.2808878 200.8642 552.7949 -1.502342 201.6861 549.5605 -1.617566 200.5642 551.5379 1.785708 202.2057 551.7377 -1.502342 201.6861 549.5605 0.2808878 200.8642 552.7949 1.785708 202.2057 551.7377 -1.469489 203.5928 548.4937 -1.502342 201.6861 549.5605 2.327279 204.1928 551.0076 -1.469489 203.5928 548.4937 1.785708 202.2057 551.7377 2.327279 204.1928 551.0076 -1.527557 205.7733 548.6232 -1.469489 203.5928 548.4937 1.760519 206.2929 550.8004 -1.527557 205.7733 548.6232 2.327279 204.1928 551.0076 1.760519 206.2929 550.8004 -1.661189 207.6433 549.9144 -1.527557 205.7733 548.6232 0.2372391 207.9433 551.1713 -1.661189 207.6433 549.9144 1.760519 206.2929 550.8004 -1.784018 200.5276 553.8959 -1.617566 200.5642 551.5379 -3.685791 200.7752 552.5134 -1.784018 200.5276 553.8959 -3.685791 200.7752 552.5134 -3.855684 201.2861 554.7458 -1.784018 200.5276 553.8959 -3.855684 201.2861 554.7458 -1.957256 201.5861 556.0028 -1.784018 200.5276 553.8959 -1.957256 201.5861 556.0028 0.1109764 201.3751 555.0273 -1.784018 200.5276 553.8959 0.1109764 201.3751 555.0273 0.2808878 200.8642 552.7949 -1.784018 200.5276 553.8959 0.2808878 200.8642 552.7949 -1.617566 200.5642 551.5379 -1.834427 208.7018 552.0213 -3.729421 207.8543 550.8899 -1.661189 207.6433 549.9144 -1.834427 208.7018 552.0213 -3.899333 208.3652 553.1224 -3.729421 207.8543 550.8899 -1.834427 208.7018 552.0213 -2.000879 208.6652 554.3793 -3.899333 208.3652 553.1224 -1.834427 208.7018 552.0213 0.06734664 208.4542 553.4038 -2.000879 208.6652 554.3793 -1.834427 208.7018 552.0213 0.2372391 207.9433 551.1713 0.06734664 208.4542 553.4038 -1.834427 208.7018 552.0213 -1.661189 207.6433 549.9144 0.2372391 207.9433 551.1713 -35.8102 103.5689 596.8327 -39.66357 105.2338 594.178 -38.69048 104.4563 596.8941 -34.67474 103.6967 594.0716 -39.66357 105.2338 594.178 -35.8102 103.5689 596.8327 -34.67474 103.6967 594.0716 -39.57008 107.0625 591.97 -39.66357 105.2338 594.178 -33.80942 105.2876 591.8472 -39.57008 107.0625 591.97 -34.67474 103.6967 594.0716 -33.80942 105.2876 591.8472 -38.43461 109.4522 590.8621 -39.57008 107.0625 591.97 -33.44582 107.9151 590.7557 -38.43461 109.4522 590.8621 -33.80942 105.2876 591.8472 -33.44582 107.9151 590.7557 -36.56188 111.7627 591.1509 -38.43461 109.4522 590.8621 -33.68157 110.8753 591.0894 -36.56188 111.7627 591.1509 -33.44582 107.9151 590.7557 -38.69048 104.4563 596.8941 -41.28559 108.5844 597.8393 -39.62695 106.3908 599.008 -39.66357 105.2338 594.178 -41.28559 108.5844 597.8393 -38.69048 104.4563 596.8941 -39.66357 105.2338 594.178 -41.44293 110.9314 596.1978 -41.28559 108.5844 597.8393 -39.57008 107.0625 591.97 -41.44293 110.9314 596.1978 -39.66357 105.2338 594.178 -39.57008 107.0625 591.97 -40.05665 112.8027 594.5234 -41.44293 110.9314 596.1978 -38.43461 109.4522 590.8621 -40.05665 112.8027 594.5234 -39.57008 107.0625 591.97 -38.43461 109.4522 590.8621 -37.49836 113.6972 593.2647 -40.05665 112.8027 594.5234 -36.56188 111.7627 591.1509 -37.49836 113.6972 593.2647 -38.43461 109.4522 590.8621 -39.62695 106.3908 599.008 -37.91871 110.3979 601.3943 -37.68299 107.4378 601.0605 -41.28559 108.5844 597.8393 -37.91871 110.3979 601.3943 -39.62695 106.3908 599.008 -41.28559 108.5844 597.8393 -37.55514 113.0255 600.3027 -37.91871 110.3979 601.3943 -41.44293 110.9314 596.1978 -37.55514 113.0255 600.3027 -41.28559 108.5844 597.8393 -41.44293 110.9314 596.1978 -36.68979 114.6163 598.0784 -37.55514 113.0255 600.3027 -40.05665 112.8027 594.5234 -36.68979 114.6163 598.0784 -41.44293 110.9314 596.1978 -40.05665 112.8027 594.5234 -35.55437 114.7442 595.3172 -36.68979 114.6163 598.0784 -37.49836 113.6972 593.2647 -35.55437 114.7442 595.3172 -40.05665 112.8027 594.5234 -37.68299 107.4378 601.0605 -32.92982 108.8608 601.2878 -34.80268 106.5504 600.999 -37.91871 110.3979 601.3943 -32.92982 108.8608 601.2878 -37.68299 107.4378 601.0605 -37.91871 110.3979 601.3943 -31.79452 111.2506 600.1799 -32.92982 108.8608 601.2878 -37.55514 113.0255 600.3027 -31.79452 111.2506 600.1799 -37.91871 110.3979 601.3943 -37.55514 113.0255 600.3027 -31.70086 113.0792 597.972 -31.79452 111.2506 600.1799 -36.68979 114.6163 598.0784 -31.70086 113.0792 597.972 -37.55514 113.0255 600.3027 -36.68979 114.6163 598.0784 -32.67409 113.8568 595.2558 -31.70086 113.0792 597.972 -35.55437 114.7442 595.3172 -32.67409 113.8568 595.2558 -36.68979 114.6163 598.0784 -34.80268 106.5504 600.999 -31.30787 105.5103 597.6265 -33.86621 104.6159 598.8852 -32.92982 108.8608 601.2878 -31.30787 105.5103 597.6265 -34.80268 106.5504 600.999 -32.92982 108.8608 601.2878 -29.92163 107.3817 595.9521 -31.30787 105.5103 597.6265 -31.79452 111.2506 600.1799 -29.92163 107.3817 595.9521 -32.92982 108.8608 601.2878 -31.79452 111.2506 600.1799 -30.07892 109.7286 594.3107 -29.92163 107.3817 595.9521 -31.70086 113.0792 597.972 -30.07892 109.7286 594.3107 -31.79452 111.2506 600.1799 -31.70086 113.0792 597.972 -31.73761 111.9223 593.1419 -30.07892 109.7286 594.3107 -32.67409 113.8568 595.2558 -31.73761 111.9223 593.1419 -31.70086 113.0792 597.972 -33.86621 104.6159 598.8852 -34.67474 103.6967 594.0716 -35.8102 103.5689 596.8327 -31.30787 105.5103 597.6265 -34.67474 103.6967 594.0716 -33.86621 104.6159 598.8852 -31.30787 105.5103 597.6265 -33.80942 105.2876 591.8472 -34.67474 103.6967 594.0716 -29.92163 107.3817 595.9521 -33.80942 105.2876 591.8472 -31.30787 105.5103 597.6265 -29.92163 107.3817 595.9521 -33.44582 107.9151 590.7557 -33.80942 105.2876 591.8472 -30.07892 109.7286 594.3107 -33.44582 107.9151 590.7557 -29.92163 107.3817 595.9521 -30.07892 109.7286 594.3107 -33.68157 110.8753 591.0894 -33.44582 107.9151 590.7557 -31.73761 111.9223 593.1419 -33.68157 110.8753 591.0894 -30.07892 109.7286 594.3107 -36.91121 104.9382 599.3908 -35.8102 103.5689 596.8327 -38.69048 104.4563 596.8941 -36.91121 104.9382 599.3908 -38.69048 104.4563 596.8941 -39.62695 106.3908 599.008 -36.91121 104.9382 599.3908 -39.62695 106.3908 599.008 -37.68299 107.4378 601.0605 -36.91121 104.9382 599.3908 -37.68299 107.4378 601.0605 -34.80268 106.5504 600.999 -36.91121 104.9382 599.3908 -34.80268 106.5504 600.999 -33.86621 104.6159 598.8852 -36.91121 104.9382 599.3908 -33.86621 104.6159 598.8852 -35.8102 103.5689 596.8327 -34.45335 113.3749 592.7591 -36.56188 111.7627 591.1509 -33.68157 110.8753 591.0894 -34.45335 113.3749 592.7591 -37.49836 113.6972 593.2647 -36.56188 111.7627 591.1509 -34.45335 113.3749 592.7591 -35.55437 114.7442 595.3172 -37.49836 113.6972 593.2647 -34.45335 113.3749 592.7591 -32.67409 113.8568 595.2558 -35.55437 114.7442 595.3172 -34.45335 113.3749 592.7591 -31.73761 111.9223 593.1419 -32.67409 113.8568 595.2558 -34.45335 113.3749 592.7591 -33.68157 110.8753 591.0894 -31.73761 111.9223 593.1419 -1.684946 103.5689 603.5522 -6.260926 105.2338 602.5742 -4.322482 104.4563 604.7112 -1.692554 103.6967 600.5668 -6.260926 105.2338 602.5742 -1.684946 103.5689 603.5522 -1.692554 103.6967 600.5668 -7.019498 107.0625 600.4985 -6.260926 105.2338 602.5742 -1.744349 105.2876 598.1806 -7.019498 107.0625 600.4985 -1.692554 103.6967 600.5668 -1.744349 105.2876 598.1806 -6.394454 109.4522 599.0404 -7.019498 107.0625 600.4985 -1.826116 107.9151 597.033 -6.394454 109.4522 599.0404 -1.744349 105.2876 598.1806 -1.826116 107.9151 597.033 -4.553759 111.7627 598.5906 -6.394454 109.4522 599.0404 -1.916216 110.8753 597.4316 -4.553759 111.7627 598.5906 -1.826116 107.9151 597.033 -4.322482 104.4563 604.7112 -6.358351 108.5844 606.5776 -4.378716 106.3908 607.0226 -6.260926 105.2338 602.5742 -6.358351 108.5844 606.5776 -4.322482 104.4563 604.7112 -6.260926 105.2338 602.5742 -7.131891 110.9314 605.1212 -6.358351 108.5844 606.5776 -7.019498 107.0625 600.4985 -7.131891 110.9314 605.1212 -6.260926 105.2338 602.5742 -7.019498 107.0625 600.4985 -6.491885 112.8027 603.0438 -7.131891 110.9314 605.1212 -6.394454 109.4522 599.0404 -6.491885 112.8027 603.0438 -7.019498 107.0625 600.4985 -6.394454 109.4522 599.0404 -4.610021 113.6972 600.9019 -6.491885 112.8027 603.0438 -4.553759 111.7627 598.5906 -4.610021 113.6972 600.9019 -6.394454 109.4522 599.0404 -4.378716 106.3908 607.0226 -1.887333 110.3979 608.5735 -1.797296 107.4378 608.1749 -6.358351 108.5844 606.5776 -1.887333 110.3979 608.5735 -4.378716 106.3908 607.0226 -6.358351 108.5844 606.5776 -1.969162 113.0255 607.4258 -1.887333 110.3979 608.5735 -7.131891 110.9314 605.1212 -1.969162 113.0255 607.4258 -6.358351 108.5844 606.5776 -7.131891 110.9314 605.1212 -2.020896 114.6163 605.0397 -1.969162 113.0255 607.4258 -6.491885 112.8027 603.0438 -2.020896 114.6163 605.0397 -7.131891 110.9314 605.1212 -6.491885 112.8027 603.0438 -2.028566 114.7442 602.0542 -2.020896 114.6163 605.0397 -4.610021 113.6972 600.9019 -2.028566 114.7442 602.0542 -6.491885 112.8027 603.0438 -1.797296 107.4378 608.1749 2.681082 108.8608 606.566 0.8402467 106.5504 607.0159 -1.887333 110.3979 608.5735 2.681082 108.8608 606.566 -1.797296 107.4378 608.1749 -1.887333 110.3979 608.5735 3.305952 111.2506 605.1079 2.681082 108.8608 606.566 -1.969162 113.0255 607.4258 3.305952 111.2506 605.1079 -1.887333 110.3979 608.5735 -1.969162 113.0255 607.4258 2.547554 113.0792 603.0322 3.305952 111.2506 605.1079 -2.020896 114.6163 605.0397 2.547554 113.0792 603.0322 -1.969162 113.0255 607.4258 -2.020896 114.6163 605.0397 0.6089697 113.8568 600.8952 2.547554 113.0792 603.0322 -2.028566 114.7442 602.0542 0.6089697 113.8568 600.8952 -2.020896 114.6163 605.0397 0.8402467 106.5504 607.0159 2.778436 105.5103 602.5627 0.8965092 104.6159 604.7045 2.681082 108.8608 606.566 2.778436 105.5103 602.5627 0.8402467 106.5504 607.0159 2.681082 108.8608 606.566 3.418379 107.3817 600.4852 2.778436 105.5103 602.5627 3.305952 111.2506 605.1079 3.418379 107.3817 600.4852 2.681082 108.8608 606.566 3.305952 111.2506 605.1079 2.644909 109.7286 599.0289 3.418379 107.3817 600.4852 2.547554 113.0792 603.0322 2.644909 109.7286 599.0289 3.305952 111.2506 605.1079 2.547554 113.0792 603.0322 0.6652045 111.9223 598.5839 2.644909 109.7286 599.0289 0.6089697 113.8568 600.8952 0.6652045 111.9223 598.5839 2.547554 113.0792 603.0322 0.8965092 104.6159 604.7045 -1.692554 103.6967 600.5668 -1.684946 103.5689 603.5522 2.778436 105.5103 602.5627 -1.692554 103.6967 600.5668 0.8965092 104.6159 604.7045 2.778436 105.5103 602.5627 -1.744349 105.2876 598.1806 -1.692554 103.6967 600.5668 3.418379 107.3817 600.4852 -1.744349 105.2876 598.1806 2.778436 105.5103 602.5627 3.418379 107.3817 600.4852 -1.826116 107.9151 597.033 -1.744349 105.2876 598.1806 2.644909 109.7286 599.0289 -1.826116 107.9151 597.033 3.418379 107.3817 600.4852 2.644909 109.7286 599.0289 -1.916216 110.8753 597.4316 -1.826116 107.9151 597.033 0.6652045 111.9223 598.5839 -1.916216 110.8753 597.4316 2.644909 109.7286 599.0289 -1.723207 104.9382 606.337 -1.684946 103.5689 603.5522 -4.322482 104.4563 604.7112 -1.723207 104.9382 606.337 -4.322482 104.4563 604.7112 -4.378716 106.3908 607.0226 -1.723207 104.9382 606.337 -4.378716 106.3908 607.0226 -1.797296 107.4378 608.1749 -1.723207 104.9382 606.337 -1.797296 107.4378 608.1749 0.8402467 106.5504 607.0159 -1.723207 104.9382 606.337 0.8402467 106.5504 607.0159 0.8965092 104.6159 604.7045 -1.723207 104.9382 606.337 0.8965092 104.6159 604.7045 -1.684946 103.5689 603.5522 -1.990304 113.3749 599.2695 -4.553759 111.7627 598.5906 -1.916216 110.8753 597.4316 -1.990304 113.3749 599.2695 -4.610021 113.6972 600.9019 -4.553759 111.7627 598.5906 -1.990304 113.3749 599.2695 -2.028566 114.7442 602.0542 -4.610021 113.6972 600.9019 -1.990304 113.3749 599.2695 0.6089697 113.8568 600.8952 -2.028566 114.7442 602.0542 -1.990304 113.3749 599.2695 0.6652045 111.9223 598.5839 0.6089697 113.8568 600.8952 -1.990304 113.3749 599.2695 -1.916216 110.8753 597.4316 0.6652045 111.9223 598.5839 32.41407 103.5689 596.7012 27.81214 105.2338 597.5488 30.42082 104.4563 598.7813 31.26456 103.6967 593.946 27.81214 105.2338 597.5488 32.41407 103.5689 596.7012 31.26456 103.6967 593.946 26.31698 107.0625 595.9214 27.81214 105.2338 597.5488 30.30353 105.2876 591.7612 26.31698 107.0625 595.9214 31.26456 103.6967 593.946 30.30353 105.2876 591.7612 26.33645 109.4522 594.3351 26.31698 107.0625 595.9214 29.78885 107.9151 590.7323 26.33645 109.4522 594.3351 30.30353 105.2876 591.7612 29.78885 107.9151 590.7323 27.86488 111.7627 593.2151 26.33645 109.4522 594.3351 29.85812 110.8753 591.1349 27.86488 111.7627 593.2151 29.78885 107.9151 590.7323 30.42082 104.4563 598.7813 29.25413 108.5844 601.2847 31.25339 106.3908 600.9383 27.81214 105.2338 597.5488 29.25413 108.5844 601.2847 30.42082 104.4563 598.7813 27.81214 105.2338 597.5488 27.98216 110.9314 600.2352 29.25413 108.5844 601.2847 26.31698 107.0625 595.9214 27.98216 110.9314 600.2352 27.81214 105.2338 597.5488 26.31698 107.0625 595.9214 27.77846 112.8027 598.071 27.98216 110.9314 600.2352 26.33645 109.4522 594.3351 27.77846 112.8027 598.071 26.31698 107.0625 595.9214 26.33645 109.4522 594.3351 28.6974 113.6972 595.372 27.77846 112.8027 598.071 27.86488 111.7627 593.2151 28.6974 113.6972 595.372 26.33645 109.4522 594.3351 31.25339 106.3908 600.9383 34.14862 110.3979 601.4177 34.07927 107.4378 601.015 29.25413 108.5844 601.2847 34.14862 110.3979 601.4177 31.25339 106.3908 600.9383 29.25413 108.5844 601.2847 33.63385 113.0255 600.3887 34.14862 110.3979 601.4177 27.98216 110.9314 600.2352 33.63385 113.0255 600.3887 29.25413 108.5844 601.2847 27.98216 110.9314 600.2352 32.67291 114.6163 598.204 33.63385 113.0255 600.3887 27.77846 112.8027 598.071 32.67291 114.6163 598.204 27.98216 110.9314 600.2352 27.77846 112.8027 598.071 31.52332 114.7442 595.4487 32.67291 114.6163 598.204 28.6974 113.6972 595.372 31.52332 114.7442 595.4487 27.77846 112.8027 598.071 34.07927 107.4378 601.015 37.60106 108.8608 597.8148 36.0725 106.5504 598.9349 34.14862 110.3979 601.4177 37.60106 108.8608 597.8148 34.07927 107.4378 601.015 34.14862 110.3979 601.4177 37.62037 111.2506 596.2285 37.60106 108.8608 597.8148 33.63385 113.0255 600.3887 37.62037 111.2506 596.2285 34.14862 110.3979 601.4177 33.63385 113.0255 600.3887 36.12538 113.0792 594.6011 37.62037 111.2506 596.2285 32.67291 114.6163 598.204 36.12538 113.0792 594.6011 33.63385 113.0255 600.3887 32.67291 114.6163 598.204 33.51657 113.8568 593.3687 36.12538 113.0792 594.6011 31.52332 114.7442 595.4487 33.51657 113.8568 593.3687 32.67291 114.6163 598.204 36.0725 106.5504 598.9349 36.159 105.5103 594.0789 35.23999 104.6159 596.778 37.60106 108.8608 597.8148 36.159 105.5103 594.0789 36.0725 106.5504 598.9349 37.60106 108.8608 597.8148 35.95522 107.3817 591.9147 36.159 105.5103 594.0789 37.62037 111.2506 596.2285 35.95522 107.3817 591.9147 37.60106 108.8608 597.8148 37.62037 111.2506 596.2285 34.68332 109.7286 590.8652 35.95522 107.3817 591.9147 36.12538 113.0792 594.6011 34.68332 109.7286 590.8652 37.62037 111.2506 596.2285 36.12538 113.0792 594.6011 32.684 111.9223 591.2117 34.68332 109.7286 590.8652 33.51657 113.8568 593.3687 32.684 111.9223 591.2117 36.12538 113.0792 594.6011 35.23999 104.6159 596.778 31.26456 103.6967 593.946 32.41407 103.5689 596.7012 36.159 105.5103 594.0789 31.26456 103.6967 593.946 35.23999 104.6159 596.778 36.159 105.5103 594.0789 30.30353 105.2876 591.7612 31.26456 103.6967 593.946 35.95522 107.3817 591.9147 30.30353 105.2876 591.7612 36.159 105.5103 594.0789 35.95522 107.3817 591.9147 29.78885 107.9151 590.7323 30.30353 105.2876 591.7612 34.68332 109.7286 590.8652 29.78885 107.9151 590.7323 35.95522 107.3817 591.9147 34.68332 109.7286 590.8652 29.85812 110.8753 591.1349 29.78885 107.9151 590.7323 32.684 111.9223 591.2117 29.85812 110.8753 591.1349 34.68332 109.7286 590.8652 33.44439 104.9382 599.2886 32.41407 103.5689 596.7012 30.42082 104.4563 598.7813 33.44439 104.9382 599.2886 30.42082 104.4563 598.7813 31.25339 106.3908 600.9383 33.44439 104.9382 599.2886 31.25339 106.3908 600.9383 34.07927 107.4378 601.015 33.44439 104.9382 599.2886 34.07927 107.4378 601.015 36.0725 106.5504 598.9349 33.44439 104.9382 599.2886 36.0725 106.5504 598.9349 35.23999 104.6159 596.778 33.44439 104.9382 599.2886 35.23999 104.6159 596.778 32.41407 103.5689 596.7012 30.493 113.3749 592.8613 27.86488 111.7627 593.2151 29.85812 110.8753 591.1349 30.493 113.3749 592.8613 28.6974 113.6972 595.372 27.86488 111.7627 593.2151 30.493 113.3749 592.8613 31.52332 114.7442 595.4487 28.6974 113.6972 595.372 30.493 113.3749 592.8613 33.51657 113.8568 593.3687 31.52332 114.7442 595.4487 30.493 113.3749 592.8613 32.684 111.9223 591.2117 33.51657 113.8568 593.3687 30.493 113.3749 592.8613 29.85812 110.8753 591.1349 32.684 111.9223 591.2117 61.29573 103.5689 577.3225 57.36845 105.2338 579.8666 60.25022 104.4563 580.007 59.17933 103.6967 575.2169 57.36845 105.2338 579.8666 61.29573 103.5689 577.3225 59.17933 103.6967 575.2169 55.36434 107.0625 578.9353 57.36845 105.2338 579.8666 57.45538 105.2876 573.5662 55.36434 107.0625 578.9353 59.17933 103.6967 575.2169 57.45538 105.2876 573.5662 54.77526 109.4522 577.4623 55.36434 107.0625 578.9353 56.58612 107.9151 572.8126 54.77526 109.4522 577.4623 57.45538 105.2876 573.5662 56.58612 107.9151 572.8126 55.75874 111.7627 575.8427 54.77526 109.4522 577.4623 56.80422 110.8753 573.1581 55.75874 111.7627 575.8427 56.58612 107.9151 572.8126 60.25022 104.4563 580.007 60.13034 108.5844 582.7663 61.84484 106.3908 581.6812 57.36845 105.2338 579.8666 60.13034 108.5844 582.7663 60.25022 104.4563 580.007 57.36845 105.2338 579.8666 58.55359 110.9314 582.2835 60.13034 108.5844 582.7663 55.36434 107.0625 578.9353 58.55359 110.9314 582.2835 57.36845 105.2338 579.8666 55.36434 107.0625 578.9353 57.53719 112.8027 580.362 58.55359 110.9314 582.2835 54.77526 109.4522 577.4623 57.53719 112.8027 580.362 55.36434 107.0625 578.9353 54.77526 109.4522 577.4623 57.3533 113.6972 577.5167 57.53719 112.8027 580.362 55.75874 111.7627 575.8427 57.3533 113.6972 577.5167 54.77526 109.4522 577.4623 61.84484 106.3908 581.6812 64.70316 110.3979 581.0162 64.48497 107.4378 580.6707 60.13034 108.5844 582.7663 64.70316 110.3979 581.0162 61.84484 106.3908 581.6812 60.13034 108.5844 582.7663 63.83382 113.0255 580.2625 64.70316 110.3979 581.0162 58.55359 110.9314 582.2835 63.83382 113.0255 580.2625 60.13034 108.5844 582.7663 58.55359 110.9314 582.2835 62.10995 114.6163 578.6118 63.83382 113.0255 580.2625 57.53719 112.8027 580.362 62.10995 114.6163 578.6118 58.55359 110.9314 582.2835 57.53719 112.8027 580.362 59.99345 114.7442 576.5062 62.10995 114.6163 578.6118 57.3533 113.6972 577.5167 59.99345 114.7442 576.5062 57.53719 112.8027 580.362 64.48497 107.4378 580.6707 66.51402 108.8608 576.3663 65.53045 106.5504 577.9861 64.70316 110.3979 581.0162 66.51402 108.8608 576.3663 64.48497 107.4378 580.6707 64.70316 110.3979 581.0162 65.92482 111.2506 574.8934 66.51402 108.8608 576.3663 63.83382 113.0255 580.2625 65.92482 111.2506 574.8934 64.70316 110.3979 581.0162 63.83382 113.0255 580.2625 63.92084 113.0792 573.962 65.92482 111.2506 574.8934 62.10995 114.6163 578.6118 63.92084 113.0792 573.962 63.83382 113.0255 580.2625 62.10995 114.6163 578.6118 61.03897 113.8568 573.8217 63.92084 113.0792 573.962 59.99345 114.7442 576.5062 61.03897 113.8568 573.8217 62.10995 114.6163 578.6118 65.53045 106.5504 577.9861 63.75209 105.5103 573.4667 63.93589 104.6159 576.312 66.51402 108.8608 576.3663 63.75209 105.5103 573.4667 65.53045 106.5504 577.9861 66.51402 108.8608 576.3663 62.7356 107.3817 571.5452 63.75209 105.5103 573.4667 65.92482 111.2506 574.8934 62.7356 107.3817 571.5452 66.51402 108.8608 576.3663 65.92482 111.2506 574.8934 61.15891 109.7286 571.0623 62.7356 107.3817 571.5452 63.92084 113.0792 573.962 61.15891 109.7286 571.0623 65.92482 111.2506 574.8934 63.92084 113.0792 573.962 59.44435 111.9223 572.1475 61.15891 109.7286 571.0623 61.03897 113.8568 573.8217 59.44435 111.9223 572.1475 63.92084 113.0792 573.962 63.93589 104.6159 576.312 59.17933 103.6967 575.2169 61.29573 103.5689 577.3225 63.75209 105.5103 573.4667 59.17933 103.6967 575.2169 63.93589 104.6159 576.312 63.75209 105.5103 573.4667 57.45538 105.2876 573.5662 59.17933 103.6967 575.2169 62.7356 107.3817 571.5452 57.45538 105.2876 573.5662 63.75209 105.5103 573.4667 62.7356 107.3817 571.5452 56.58612 107.9151 572.8126 57.45538 105.2876 573.5662 61.15891 109.7286 571.0623 56.58612 107.9151 572.8126 62.7356 107.3817 571.5452 61.15891 109.7286 571.0623 56.80422 110.8753 573.1581 56.58612 107.9151 572.8126 59.44435 111.9223 572.1475 56.80422 110.8753 573.1581 61.15891 109.7286 571.0623 63.23777 104.9382 579.3187 61.29573 103.5689 577.3225 60.25022 104.4563 580.007 63.23777 104.9382 579.3187 60.25022 104.4563 580.007 61.84484 106.3908 581.6812 63.23777 104.9382 579.3187 61.84484 106.3908 581.6812 64.48497 107.4378 580.6707 63.23777 104.9382 579.3187 64.48497 107.4378 580.6707 65.53045 106.5504 577.9861 63.23777 104.9382 579.3187 65.53045 106.5504 577.9861 63.93589 104.6159 576.312 63.23777 104.9382 579.3187 63.93589 104.6159 576.312 61.29573 103.5689 577.3225 58.05141 113.3749 574.51 55.75874 111.7627 575.8427 56.80422 110.8753 573.1581 58.05141 113.3749 574.51 57.3533 113.6972 577.5167 55.75874 111.7627 575.8427 58.05141 113.3749 574.51 59.99345 114.7442 576.5062 57.3533 113.6972 577.5167 58.05141 113.3749 574.51 61.03897 113.8568 573.8217 59.99345 114.7442 576.5062 58.05141 113.3749 574.51 59.44435 111.9223 572.1475 61.03897 113.8568 573.8217 58.05141 113.3749 574.51 56.80422 110.8753 573.1581 59.44435 111.9223 572.1475 87.28252 103.5689 514.2411 86.30448 105.2338 518.8171 88.44147 104.4563 516.8787 84.29708 103.6967 514.2487 86.30448 105.2338 518.8171 87.28252 103.5689 514.2411 84.29708 103.6967 514.2487 84.22881 107.0625 519.5756 86.30448 105.2338 518.8171 81.91084 105.2876 514.3005 84.22881 107.0625 519.5756 84.29708 103.6967 514.2487 81.91084 105.2876 514.3005 82.77068 109.4522 518.9506 84.22881 107.0625 519.5756 80.76329 107.9151 514.3823 82.77068 109.4522 518.9506 81.91084 105.2876 514.3005 80.76329 107.9151 514.3823 82.32085 111.7627 517.1099 82.77068 109.4522 518.9506 81.16183 110.8753 514.4724 82.32085 111.7627 517.1099 80.76329 107.9151 514.3823 88.44147 104.4563 516.8787 90.30781 108.5844 518.9145 90.75285 106.3908 516.9349 86.30448 105.2338 518.8171 90.30781 108.5844 518.9145 88.44147 104.4563 516.8787 86.30448 105.2338 518.8171 88.85149 110.9314 519.688 90.30781 108.5844 518.9145 84.22881 107.0625 519.5756 88.85149 110.9314 519.688 86.30448 105.2338 518.8171 84.22881 107.0625 519.5756 86.77407 112.8027 519.048 88.85149 110.9314 519.688 82.77068 109.4522 518.9506 86.77407 112.8027 519.048 84.22881 107.0625 519.5756 82.77068 109.4522 518.9506 84.63215 113.6972 517.1662 86.77407 112.8027 519.048 82.32085 111.7627 517.1099 84.63215 113.6972 517.1662 82.77068 109.4522 518.9506 90.75285 106.3908 516.9349 92.30374 110.3979 514.4435 91.90514 107.4378 514.3535 90.30781 108.5844 518.9145 92.30374 110.3979 514.4435 90.75285 106.3908 516.9349 90.30781 108.5844 518.9145 91.15613 113.0255 514.5253 92.30374 110.3979 514.4435 88.85149 110.9314 519.688 91.15613 113.0255 514.5253 90.30781 108.5844 518.9145 88.85149 110.9314 519.688 88.76995 114.6163 514.577 91.15613 113.0255 514.5253 86.77407 112.8027 519.048 88.76995 114.6163 514.577 88.85149 110.9314 519.688 86.77407 112.8027 519.048 85.78444 114.7442 514.5847 88.76995 114.6163 514.577 84.63215 113.6972 517.1662 85.78444 114.7442 514.5847 86.77407 112.8027 519.048 91.90514 107.4378 514.3535 90.29626 108.8608 509.8751 90.74612 106.5504 511.7159 92.30374 110.3979 514.4435 90.29626 108.8608 509.8751 91.90514 107.4378 514.3535 92.30374 110.3979 514.4435 88.83814 111.2506 509.2502 90.29626 108.8608 509.8751 91.15613 113.0255 514.5253 88.83814 111.2506 509.2502 92.30374 110.3979 514.4435 91.15613 113.0255 514.5253 86.76247 113.0792 510.0086 88.83814 111.2506 509.2502 88.76995 114.6163 514.577 86.76247 113.0792 510.0086 91.15613 113.0255 514.5253 88.76995 114.6163 514.577 84.62549 113.8568 511.9472 86.76247 113.0792 510.0086 85.78444 114.7442 514.5847 84.62549 113.8568 511.9472 88.76995 114.6163 514.577 90.74612 106.5504 511.7159 86.29295 105.5103 509.7777 88.43481 104.6159 511.6596 90.29626 108.8608 509.8751 86.29295 105.5103 509.7777 90.74612 106.5504 511.7159 90.29626 108.8608 509.8751 84.21548 107.3817 509.1378 86.29295 105.5103 509.7777 88.83814 111.2506 509.2502 84.21548 107.3817 509.1378 90.29626 108.8608 509.8751 88.83814 111.2506 509.2502 82.75916 109.7286 509.9113 84.21548 107.3817 509.1378 86.76247 113.0792 510.0086 82.75916 109.7286 509.9113 88.83814 111.2506 509.2502 86.76247 113.0792 510.0086 82.31412 111.9223 511.891 82.75916 109.7286 509.9113 84.62549 113.8568 511.9472 82.31412 111.9223 511.891 86.76247 113.0792 510.0086 88.43481 104.6159 511.6596 84.29708 103.6967 514.2487 87.28252 103.5689 514.2411 86.29295 105.5103 509.7777 84.29708 103.6967 514.2487 88.43481 104.6159 511.6596 86.29295 105.5103 509.7777 81.91084 105.2876 514.3005 84.29708 103.6967 514.2487 84.21548 107.3817 509.1378 81.91084 105.2876 514.3005 86.29295 105.5103 509.7777 84.21548 107.3817 509.1378 80.76329 107.9151 514.3823 81.91084 105.2876 514.3005 82.75916 109.7286 509.9113 80.76329 107.9151 514.3823 84.21548 107.3817 509.1378 82.75916 109.7286 509.9113 81.16183 110.8753 514.4724 80.76329 107.9151 514.3823 82.31412 111.9223 511.891 81.16183 110.8753 514.4724 82.75916 109.7286 509.9113 90.06725 104.9382 514.2794 87.28252 103.5689 514.2411 88.44147 104.4563 516.8787 90.06725 104.9382 514.2794 88.44147 104.4563 516.8787 90.75285 106.3908 516.9349 90.06725 104.9382 514.2794 90.75285 106.3908 516.9349 91.90514 107.4378 514.3535 90.06725 104.9382 514.2794 91.90514 107.4378 514.3535 90.74612 106.5504 511.7159 90.06725 104.9382 514.2794 90.74612 106.5504 511.7159 88.43481 104.6159 511.6596 90.06725 104.9382 514.2794 88.43481 104.6159 511.6596 87.28252 103.5689 514.2411 82.99972 113.3749 514.5464 82.32085 111.7627 517.1099 81.16183 110.8753 514.4724 82.99972 113.3749 514.5464 84.63215 113.6972 517.1662 82.32085 111.7627 517.1099 82.99972 113.3749 514.5464 85.78444 114.7442 514.5847 84.63215 113.6972 517.1662 82.99972 113.3749 514.5464 84.62549 113.8568 511.9472 85.78444 114.7442 514.5847 82.99972 113.3749 514.5464 82.31412 111.9223 511.891 84.62549 113.8568 511.9472 82.99972 113.3749 514.5464 81.16183 110.8753 514.4724 82.31412 111.9223 511.891 80.563 103.5689 548.3663 77.90825 105.2338 552.2197 80.62439 104.4563 551.2466 77.8019 103.6967 547.2309 77.90825 105.2338 552.2197 80.563 103.5689 548.3663 77.8019 103.6967 547.2309 75.70029 107.0625 552.1262 77.90825 105.2338 552.2197 75.57747 105.2876 546.3656 75.70029 107.0625 552.1262 77.8019 103.6967 547.2309 75.57747 105.2876 546.3656 74.59235 109.4522 550.9908 75.70029 107.0625 552.1262 74.48598 107.9151 546.002 74.59235 109.4522 550.9908 75.57747 105.2876 546.3656 74.48598 107.9151 546.002 74.88116 111.7627 549.118 74.59235 109.4522 550.9908 74.81971 110.8753 546.2377 74.88116 111.7627 549.118 74.48598 107.9151 546.002 80.62439 104.4563 551.2466 81.56956 108.5844 553.8417 82.7383 106.3908 552.1831 77.90825 105.2338 552.2197 81.56956 108.5844 553.8417 80.62439 104.4563 551.2466 77.90825 105.2338 552.2197 79.92807 110.9314 553.9991 81.56956 108.5844 553.8417 75.70029 107.0625 552.1262 79.92807 110.9314 553.9991 77.90825 105.2338 552.2197 75.70029 107.0625 552.1262 78.25371 112.8027 552.6128 79.92807 110.9314 553.9991 74.59235 109.4522 550.9908 78.25371 112.8027 552.6128 75.70029 107.0625 552.1262 74.59235 109.4522 550.9908 76.995 113.6972 550.0545 78.25371 112.8027 552.6128 74.88116 111.7627 549.118 76.995 113.6972 550.0545 74.59235 109.4522 550.9908 82.7383 106.3908 552.1831 85.12454 110.3979 550.4749 84.79073 107.4378 550.2391 81.56956 108.5844 553.8417 85.12454 110.3979 550.4749 82.7383 106.3908 552.1831 81.56956 108.5844 553.8417 84.03297 113.0255 550.1113 85.12454 110.3979 550.4749 79.92807 110.9314 553.9991 84.03297 113.0255 550.1113 81.56956 108.5844 553.8417 79.92807 110.9314 553.9991 81.80864 114.6163 549.2459 84.03297 113.0255 550.1113 78.25371 112.8027 552.6128 81.80864 114.6163 549.2459 79.92807 110.9314 553.9991 78.25371 112.8027 552.6128 79.04745 114.7442 548.1105 81.80864 114.6163 549.2459 76.995 113.6972 550.0545 79.04745 114.7442 548.1105 78.25371 112.8027 552.6128 84.79073 107.4378 550.2391 85.01814 108.8608 545.486 84.72929 106.5504 547.3588 85.12454 110.3979 550.4749 85.01814 108.8608 545.486 84.79073 107.4378 550.2391 85.12454 110.3979 550.4749 83.91013 111.2506 544.3506 85.01814 108.8608 545.486 84.03297 113.0255 550.1113 83.91013 111.2506 544.3506 85.12454 110.3979 550.4749 84.03297 113.0255 550.1113 81.70225 113.0792 544.257 83.91013 111.2506 544.3506 81.80864 114.6163 549.2459 81.70225 113.0792 544.257 84.03297 113.0255 550.1113 81.80864 114.6163 549.2459 78.98605 113.8568 545.2302 81.70225 113.0792 544.257 79.04745 114.7442 548.1105 78.98605 113.8568 545.2302 81.80864 114.6163 549.2459 84.72929 106.5504 547.3588 81.3568 105.5103 543.864 82.61545 104.6159 546.4224 85.01814 108.8608 545.486 81.3568 105.5103 543.864 84.72929 106.5504 547.3588 85.01814 108.8608 545.486 79.68237 107.3817 542.4778 81.3568 105.5103 543.864 83.91013 111.2506 544.3506 79.68237 107.3817 542.4778 85.01814 108.8608 545.486 83.91013 111.2506 544.3506 78.04092 109.7286 542.6351 79.68237 107.3817 542.4778 81.70225 113.0792 544.257 78.04092 109.7286 542.6351 83.91013 111.2506 544.3506 81.70225 113.0792 544.257 76.87215 111.9223 544.2938 78.04092 109.7286 542.6351 78.98605 113.8568 545.2302 76.87215 111.9223 544.2938 81.70225 113.0792 544.257 82.61545 104.6159 546.4224 77.8019 103.6967 547.2309 80.563 103.5689 548.3663 81.3568 105.5103 543.864 77.8019 103.6967 547.2309 82.61545 104.6159 546.4224 81.3568 105.5103 543.864 75.57747 105.2876 546.3656 77.8019 103.6967 547.2309 79.68237 107.3817 542.4778 75.57747 105.2876 546.3656 81.3568 105.5103 543.864 79.68237 107.3817 542.4778 74.48598 107.9151 546.002 75.57747 105.2876 546.3656 78.04092 109.7286 542.6351 74.48598 107.9151 546.002 79.68237 107.3817 542.4778 78.04092 109.7286 542.6351 74.81971 110.8753 546.2377 74.48598 107.9151 546.002 76.87215 111.9223 544.2938 74.81971 110.8753 546.2377 78.04092 109.7286 542.6351 83.1211 104.9382 549.4673 80.563 103.5689 548.3663 80.62439 104.4563 551.2466 83.1211 104.9382 549.4673 80.62439 104.4563 551.2466 82.7383 106.3908 552.1831 83.1211 104.9382 549.4673 82.7383 106.3908 552.1831 84.79073 107.4378 550.2391 83.1211 104.9382 549.4673 84.79073 107.4378 550.2391 84.72929 106.5504 547.3588 83.1211 104.9382 549.4673 84.72929 106.5504 547.3588 82.61545 104.6159 546.4224 83.1211 104.9382 549.4673 82.61545 104.6159 546.4224 80.563 103.5689 548.3663 76.48934 113.3749 547.0095 74.88116 111.7627 549.118 74.81971 110.8753 546.2377 76.48934 113.3749 547.0095 76.995 113.6972 550.0545 74.88116 111.7627 549.118 76.48934 113.3749 547.0095 79.04745 114.7442 548.1105 76.995 113.6972 550.0545 76.48934 113.3749 547.0095 78.98605 113.8568 545.2302 79.04745 114.7442 548.1105 76.48934 113.3749 547.0095 76.87215 111.9223 544.2938 78.98605 113.8568 545.2302 76.48934 113.3749 547.0095 74.81971 110.8753 546.2377 76.87215 111.9223 544.2938 32.09663 103.5689 431.9932 35.95001 105.2338 434.6479 34.97691 104.4563 431.9318 30.96118 103.6967 434.7543 35.95001 105.2338 434.6479 32.09663 103.5689 431.9932 30.96118 103.6967 434.7543 35.85651 107.0625 436.8559 35.95001 105.2338 434.6479 30.09586 105.2876 436.9787 35.85651 107.0625 436.8559 30.96118 103.6967 434.7543 30.09586 105.2876 436.9787 34.72105 109.4522 437.9638 35.85651 107.0625 436.8559 29.73226 107.9151 438.0702 34.72105 109.4522 437.9638 30.09586 105.2876 436.9787 29.73226 107.9151 438.0702 32.84832 111.7627 437.675 34.72105 109.4522 437.9638 29.96801 110.8753 437.7365 32.84832 111.7627 437.675 29.73226 107.9151 438.0702 34.97691 104.4563 431.9318 37.57203 108.5844 430.9866 35.91339 106.3908 429.8179 35.95001 105.2338 434.6479 37.57203 108.5844 430.9866 34.97691 104.4563 431.9318 35.95001 105.2338 434.6479 37.72937 110.9314 432.6281 37.57203 108.5844 430.9866 35.85651 107.0625 436.8559 37.72937 110.9314 432.6281 35.95001 105.2338 434.6479 35.85651 107.0625 436.8559 36.34309 112.8027 434.3025 37.72937 110.9314 432.6281 34.72105 109.4522 437.9638 36.34309 112.8027 434.3025 35.85651 107.0625 436.8559 34.72105 109.4522 437.9638 33.7848 113.6972 435.5612 36.34309 112.8027 434.3025 32.84832 111.7627 437.675 33.7848 113.6972 435.5612 34.72105 109.4522 437.9638 35.91339 106.3908 429.8179 34.20515 110.3979 427.4316 33.96943 107.4378 427.7654 37.57203 108.5844 430.9866 34.20515 110.3979 427.4316 35.91339 106.3908 429.8179 37.57203 108.5844 430.9866 33.84158 113.0255 428.5232 34.20515 110.3979 427.4316 37.72937 110.9314 432.6281 33.84158 113.0255 428.5232 37.57203 108.5844 430.9866 37.72937 110.9314 432.6281 32.97623 114.6163 430.7475 33.84158 113.0255 428.5232 36.34309 112.8027 434.3025 32.97623 114.6163 430.7475 37.72937 110.9314 432.6281 36.34309 112.8027 434.3025 31.84081 114.7442 433.5087 32.97623 114.6163 430.7475 33.7848 113.6972 435.5612 31.84081 114.7442 433.5087 36.34309 112.8027 434.3025 33.96943 107.4378 427.7654 29.21626 108.8608 427.538 31.08912 106.5504 427.8269 34.20515 110.3979 427.4316 29.21626 108.8608 427.538 33.96943 107.4378 427.7654 34.20515 110.3979 427.4316 28.08096 111.2506 428.646 29.21626 108.8608 427.538 33.84158 113.0255 428.5232 28.08096 111.2506 428.646 34.20515 110.3979 427.4316 33.84158 113.0255 428.5232 27.9873 113.0792 430.8539 28.08096 111.2506 428.646 32.97623 114.6163 430.7475 27.9873 113.0792 430.8539 33.84158 113.0255 428.5232 32.97623 114.6163 430.7475 28.96053 113.8568 433.5701 27.9873 113.0792 430.8539 31.84081 114.7442 433.5087 28.96053 113.8568 433.5701 32.97623 114.6163 430.7475 31.08912 106.5504 427.8269 27.59431 105.5103 431.1994 30.15264 104.6159 429.9407 29.21626 108.8608 427.538 27.59431 105.5103 431.1994 31.08912 106.5504 427.8269 29.21626 108.8608 427.538 26.20807 107.3817 432.8738 27.59431 105.5103 431.1994 28.08096 111.2506 428.646 26.20807 107.3817 432.8738 29.21626 108.8608 427.538 28.08096 111.2506 428.646 26.36535 109.7286 434.5153 26.20807 107.3817 432.8738 27.9873 113.0792 430.8539 26.36535 109.7286 434.5153 28.08096 111.2506 428.646 27.9873 113.0792 430.8539 28.02405 111.9223 435.684 26.36535 109.7286 434.5153 28.96053 113.8568 433.5701 28.02405 111.9223 435.684 27.9873 113.0792 430.8539 30.15264 104.6159 429.9407 30.96118 103.6967 434.7543 32.09663 103.5689 431.9932 27.59431 105.5103 431.1994 30.96118 103.6967 434.7543 30.15264 104.6159 429.9407 27.59431 105.5103 431.1994 30.09586 105.2876 436.9787 30.96118 103.6967 434.7543 26.20807 107.3817 432.8738 30.09586 105.2876 436.9787 27.59431 105.5103 431.1994 26.20807 107.3817 432.8738 29.73226 107.9151 438.0702 30.09586 105.2876 436.9787 26.36535 109.7286 434.5153 29.73226 107.9151 438.0702 26.20807 107.3817 432.8738 26.36535 109.7286 434.5153 29.96801 110.8753 437.7365 29.73226 107.9151 438.0702 28.02405 111.9223 435.684 29.96801 110.8753 437.7365 26.36535 109.7286 434.5153 33.19765 104.9382 429.4351 32.09663 103.5689 431.9932 34.97691 104.4563 431.9318 33.19765 104.9382 429.4351 34.97691 104.4563 431.9318 35.91339 106.3908 429.8179 33.19765 104.9382 429.4351 35.91339 106.3908 429.8179 33.96943 107.4378 427.7654 33.19765 104.9382 429.4351 33.96943 107.4378 427.7654 31.08912 106.5504 427.8269 33.19765 104.9382 429.4351 31.08912 106.5504 427.8269 30.15264 104.6159 429.9407 33.19765 104.9382 429.4351 30.15264 104.6159 429.9407 32.09663 103.5689 431.9932 30.73979 113.3749 436.0668 32.84832 111.7627 437.675 29.96801 110.8753 437.7365 30.73979 113.3749 436.0668 33.7848 113.6972 435.5612 32.84832 111.7627 437.675 30.73979 113.3749 436.0668 31.84081 114.7442 433.5087 33.7848 113.6972 435.5612 30.73979 113.3749 436.0668 28.96053 113.8568 433.5701 31.84081 114.7442 433.5087 30.73979 113.3749 436.0668 28.02405 111.9223 435.684 28.96053 113.8568 433.5701 30.73979 113.3749 436.0668 29.96801 110.8753 437.7365 28.02405 111.9223 435.684 -2.028616 103.5689 425.2736 2.547364 105.2338 426.2517 0.6089195 104.4563 424.1147 -2.021008 103.6967 428.2591 2.547364 105.2338 426.2517 -2.028616 103.5689 425.2736 -2.021008 103.6967 428.2591 3.305936 107.0625 428.3273 2.547364 105.2338 426.2517 -1.969213 105.2876 430.6453 3.305936 107.0625 428.3273 -2.021008 103.6967 428.2591 -1.969213 105.2876 430.6453 2.680892 109.4522 429.7855 3.305936 107.0625 428.3273 -1.887446 107.9151 431.7928 2.680892 109.4522 429.7855 -1.969213 105.2876 430.6453 -1.887446 107.9151 431.7928 0.8401966 111.7627 430.2353 2.680892 109.4522 429.7855 -1.797346 110.8753 431.3943 0.8401966 111.7627 430.2353 -1.887446 107.9151 431.7928 0.6089195 104.4563 424.1147 2.644789 108.5844 422.2484 0.6651543 106.3908 421.8033 2.547364 105.2338 426.2517 2.644789 108.5844 422.2484 0.6089195 104.4563 424.1147 2.547364 105.2338 426.2517 3.418329 110.9314 423.7047 2.644789 108.5844 422.2484 3.305936 107.0625 428.3273 3.418329 110.9314 423.7047 2.547364 105.2338 426.2517 3.305936 107.0625 428.3273 2.778323 112.8027 425.7821 3.418329 110.9314 423.7047 2.680892 109.4522 429.7855 2.778323 112.8027 425.7821 3.305936 107.0625 428.3273 2.680892 109.4522 429.7855 0.8964591 113.6972 427.924 2.778323 112.8027 425.7821 0.8401966 111.7627 430.2353 0.8964591 113.6972 427.924 2.680892 109.4522 429.7855 0.6651543 106.3908 421.8033 -1.826229 110.3979 420.2524 -1.916266 107.4378 420.651 2.644789 108.5844 422.2484 -1.826229 110.3979 420.2524 0.6651543 106.3908 421.8033 2.644789 108.5844 422.2484 -1.7444 113.0255 421.4 -1.826229 110.3979 420.2524 3.418329 110.9314 423.7047 -1.7444 113.0255 421.4 2.644789 108.5844 422.2484 3.418329 110.9314 423.7047 -1.692666 114.6163 423.7862 -1.7444 113.0255 421.4 2.778323 112.8027 425.7821 -1.692666 114.6163 423.7862 3.418329 110.9314 423.7047 2.778323 112.8027 425.7821 -1.684996 114.7442 426.7717 -1.692666 114.6163 423.7862 0.8964591 113.6972 427.924 -1.684996 114.7442 426.7717 2.778323 112.8027 425.7821 -1.916266 107.4378 420.651 -6.394644 108.8608 422.2599 -4.553809 106.5504 421.81 -1.826229 110.3979 420.2524 -6.394644 108.8608 422.2599 -1.916266 107.4378 420.651 -1.826229 110.3979 420.2524 -7.019514 111.2506 423.718 -6.394644 108.8608 422.2599 -1.7444 113.0255 421.4 -7.019514 111.2506 423.718 -1.826229 110.3979 420.2524 -1.7444 113.0255 421.4 -6.261116 113.0792 425.7937 -7.019514 111.2506 423.718 -1.692666 114.6163 423.7862 -6.261116 113.0792 425.7937 -1.7444 113.0255 421.4 -1.692666 114.6163 423.7862 -4.322532 113.8568 427.9307 -6.261116 113.0792 425.7937 -1.684996 114.7442 426.7717 -4.322532 113.8568 427.9307 -1.692666 114.6163 423.7862 -4.553809 106.5504 421.81 -6.491999 105.5103 426.2632 -4.610071 104.6159 424.1213 -6.394644 108.8608 422.2599 -6.491999 105.5103 426.2632 -4.553809 106.5504 421.81 -6.394644 108.8608 422.2599 -7.131941 107.3817 428.3407 -6.491999 105.5103 426.2632 -7.019514 111.2506 423.718 -7.131941 107.3817 428.3407 -6.394644 108.8608 422.2599 -7.019514 111.2506 423.718 -6.35847 109.7286 429.797 -7.131941 107.3817 428.3407 -6.261116 113.0792 425.7937 -6.35847 109.7286 429.797 -7.019514 111.2506 423.718 -6.261116 113.0792 425.7937 -4.378767 111.9223 430.242 -6.35847 109.7286 429.797 -4.322532 113.8568 427.9307 -4.378767 111.9223 430.242 -6.261116 113.0792 425.7937 -4.610071 104.6159 424.1213 -2.021008 103.6967 428.2591 -2.028616 103.5689 425.2736 -6.491999 105.5103 426.2632 -2.021008 103.6967 428.2591 -4.610071 104.6159 424.1213 -6.491999 105.5103 426.2632 -1.969213 105.2876 430.6453 -2.021008 103.6967 428.2591 -7.131941 107.3817 428.3407 -1.969213 105.2876 430.6453 -6.491999 105.5103 426.2632 -7.131941 107.3817 428.3407 -1.887446 107.9151 431.7928 -1.969213 105.2876 430.6453 -6.35847 109.7286 429.797 -1.887446 107.9151 431.7928 -7.131941 107.3817 428.3407 -6.35847 109.7286 429.797 -1.797346 110.8753 431.3943 -1.887446 107.9151 431.7928 -4.378767 111.9223 430.242 -1.797346 110.8753 431.3943 -6.35847 109.7286 429.797 -1.990355 104.9382 422.4889 -2.028616 103.5689 425.2736 0.6089195 104.4563 424.1147 -1.990355 104.9382 422.4889 0.6089195 104.4563 424.1147 0.6651543 106.3908 421.8033 -1.990355 104.9382 422.4889 0.6651543 106.3908 421.8033 -1.916266 107.4378 420.651 -1.990355 104.9382 422.4889 -1.916266 107.4378 420.651 -4.553809 106.5504 421.81 -1.990355 104.9382 422.4889 -4.553809 106.5504 421.81 -4.610071 104.6159 424.1213 -1.990355 104.9382 422.4889 -4.610071 104.6159 424.1213 -2.028616 103.5689 425.2736 -1.723258 113.3749 429.5564 0.8401966 111.7627 430.2353 -1.797346 110.8753 431.3943 -1.723258 113.3749 429.5564 0.8964591 113.6972 427.924 0.8401966 111.7627 430.2353 -1.723258 113.3749 429.5564 -1.684996 114.7442 426.7717 0.8964591 113.6972 427.924 -1.723258 113.3749 429.5564 -4.322532 113.8568 427.9307 -1.684996 114.7442 426.7717 -1.723258 113.3749 429.5564 -4.378767 111.9223 430.242 -4.322532 113.8568 427.9307 -1.723258 113.3749 429.5564 -1.797346 110.8753 431.3943 -4.378767 111.9223 430.242 -36.12763 103.5689 432.1247 -31.5257 105.2338 431.2771 -34.13438 104.4563 430.0446 -34.97812 103.6967 434.88 -31.5257 105.2338 431.2771 -36.12763 103.5689 432.1247 -34.97812 103.6967 434.88 -30.03054 107.0625 432.9045 -31.5257 105.2338 431.2771 -34.01709 105.2876 437.0648 -30.03054 107.0625 432.9045 -34.97812 103.6967 434.88 -34.01709 105.2876 437.0648 -30.05001 109.4522 434.4908 -30.03054 107.0625 432.9045 -33.50241 107.9151 438.0937 -30.05001 109.4522 434.4908 -34.01709 105.2876 437.0648 -33.50241 107.9151 438.0937 -31.57844 111.7627 435.6108 -30.05001 109.4522 434.4908 -33.57168 110.8753 437.691 -31.57844 111.7627 435.6108 -33.50241 107.9151 438.0937 -34.13438 104.4563 430.0446 -32.9677 108.5844 427.5413 -34.96695 106.3908 427.8877 -31.5257 105.2338 431.2771 -32.9677 108.5844 427.5413 -34.13438 104.4563 430.0446 -31.5257 105.2338 431.2771 -31.69573 110.9314 428.5907 -32.9677 108.5844 427.5413 -30.03054 107.0625 432.9045 -31.69573 110.9314 428.5907 -31.5257 105.2338 431.2771 -30.03054 107.0625 432.9045 -31.49202 112.8027 430.7549 -31.69573 110.9314 428.5907 -30.05001 109.4522 434.4908 -31.49202 112.8027 430.7549 -30.03054 107.0625 432.9045 -30.05001 109.4522 434.4908 -32.41096 113.6972 433.4539 -31.49202 112.8027 430.7549 -31.57844 111.7627 435.6108 -32.41096 113.6972 433.4539 -30.05001 109.4522 434.4908 -34.96695 106.3908 427.8877 -37.86219 110.3979 427.4083 -37.79283 107.4378 427.811 -32.9677 108.5844 427.5413 -37.86219 110.3979 427.4083 -34.96695 106.3908 427.8877 -32.9677 108.5844 427.5413 -37.34741 113.0255 428.4372 -37.86219 110.3979 427.4083 -31.69573 110.9314 428.5907 -37.34741 113.0255 428.4372 -32.9677 108.5844 427.5413 -31.69573 110.9314 428.5907 -36.38647 114.6163 430.6219 -37.34741 113.0255 428.4372 -31.49202 112.8027 430.7549 -36.38647 114.6163 430.6219 -31.69573 110.9314 428.5907 -31.49202 112.8027 430.7549 -35.23688 114.7442 433.3773 -36.38647 114.6163 430.6219 -32.41096 113.6972 433.4539 -35.23688 114.7442 433.3773 -31.49202 112.8027 430.7549 -37.79283 107.4378 427.811 -41.31462 108.8608 431.0112 -39.78606 106.5504 429.8911 -37.86219 110.3979 427.4083 -41.31462 108.8608 431.0112 -37.79283 107.4378 427.811 -37.86219 110.3979 427.4083 -41.33393 111.2506 432.5974 -41.31462 108.8608 431.0112 -37.34741 113.0255 428.4372 -41.33393 111.2506 432.5974 -37.86219 110.3979 427.4083 -37.34741 113.0255 428.4372 -39.83894 113.0792 434.2249 -41.33393 111.2506 432.5974 -36.38647 114.6163 430.6219 -39.83894 113.0792 434.2249 -37.34741 113.0255 428.4372 -36.38647 114.6163 430.6219 -37.23013 113.8568 435.4573 -39.83894 113.0792 434.2249 -35.23688 114.7442 433.3773 -37.23013 113.8568 435.4573 -36.38647 114.6163 430.6219 -39.78606 106.5504 429.8911 -39.87256 105.5103 434.747 -38.95355 104.6159 432.048 -41.31462 108.8608 431.0112 -39.87256 105.5103 434.747 -39.78606 106.5504 429.8911 -41.31462 108.8608 431.0112 -39.66878 107.3817 436.9112 -39.87256 105.5103 434.747 -41.33393 111.2506 432.5974 -39.66878 107.3817 436.9112 -41.31462 108.8608 431.0112 -41.33393 111.2506 432.5974 -38.39688 109.7286 437.9607 -39.66878 107.3817 436.9112 -39.83894 113.0792 434.2249 -38.39688 109.7286 437.9607 -41.33393 111.2506 432.5974 -39.83894 113.0792 434.2249 -36.39756 111.9223 437.6143 -38.39688 109.7286 437.9607 -37.23013 113.8568 435.4573 -36.39756 111.9223 437.6143 -39.83894 113.0792 434.2249 -38.95355 104.6159 432.048 -34.97812 103.6967 434.88 -36.12763 103.5689 432.1247 -39.87256 105.5103 434.747 -34.97812 103.6967 434.88 -38.95355 104.6159 432.048 -39.87256 105.5103 434.747 -34.01709 105.2876 437.0648 -34.97812 103.6967 434.88 -39.66878 107.3817 436.9112 -34.01709 105.2876 437.0648 -39.87256 105.5103 434.747 -39.66878 107.3817 436.9112 -33.50241 107.9151 438.0937 -34.01709 105.2876 437.0648 -38.39688 109.7286 437.9607 -33.50241 107.9151 438.0937 -39.66878 107.3817 436.9112 -38.39688 109.7286 437.9607 -33.57168 110.8753 437.691 -33.50241 107.9151 438.0937 -36.39756 111.9223 437.6143 -33.57168 110.8753 437.691 -38.39688 109.7286 437.9607 -37.15795 104.9382 429.5373 -36.12763 103.5689 432.1247 -34.13438 104.4563 430.0446 -37.15795 104.9382 429.5373 -34.13438 104.4563 430.0446 -34.96695 106.3908 427.8877 -37.15795 104.9382 429.5373 -34.96695 106.3908 427.8877 -37.79283 107.4378 427.811 -37.15795 104.9382 429.5373 -37.79283 107.4378 427.811 -39.78606 106.5504 429.8911 -37.15795 104.9382 429.5373 -39.78606 106.5504 429.8911 -38.95355 104.6159 432.048 -37.15795 104.9382 429.5373 -38.95355 104.6159 432.048 -36.12763 103.5689 432.1247 -34.20656 113.3749 435.9646 -31.57844 111.7627 435.6108 -33.57168 110.8753 437.691 -34.20656 113.3749 435.9646 -32.41096 113.6972 433.4539 -31.57844 111.7627 435.6108 -34.20656 113.3749 435.9646 -35.23688 114.7442 433.3773 -32.41096 113.6972 433.4539 -34.20656 113.3749 435.9646 -37.23013 113.8568 435.4573 -35.23688 114.7442 433.3773 -34.20656 113.3749 435.9646 -36.39756 111.9223 437.6143 -37.23013 113.8568 435.4573 -34.20656 113.3749 435.9646 -33.57168 110.8753 437.691 -36.39756 111.9223 437.6143 -65.0093 103.5689 451.5034 -61.08201 105.2338 448.9593 -63.96378 104.4563 448.8189 -62.89289 103.6967 453.6091 -61.08201 105.2338 448.9593 -65.0093 103.5689 451.5034 -62.89289 103.6967 453.6091 -59.0779 107.0625 449.8906 -61.08201 105.2338 448.9593 -61.16894 105.2876 455.2598 -59.0779 107.0625 449.8906 -62.89289 103.6967 453.6091 -61.16894 105.2876 455.2598 -58.48882 109.4522 451.3636 -59.0779 107.0625 449.8906 -60.29968 107.9151 456.0134 -58.48882 109.4522 451.3636 -61.16894 105.2876 455.2598 -60.29968 107.9151 456.0134 -59.47231 111.7627 452.9833 -58.48882 109.4522 451.3636 -60.51778 110.8753 455.6679 -59.47231 111.7627 452.9833 -60.29968 107.9151 456.0134 -63.96378 104.4563 448.8189 -63.8439 108.5844 446.0596 -65.5584 106.3908 447.1447 -61.08201 105.2338 448.9593 -63.8439 108.5844 446.0596 -63.96378 104.4563 448.8189 -61.08201 105.2338 448.9593 -62.26715 110.9314 446.5424 -63.8439 108.5844 446.0596 -59.0779 107.0625 449.8906 -62.26715 110.9314 446.5424 -61.08201 105.2338 448.9593 -59.0779 107.0625 449.8906 -61.25075 112.8027 448.4639 -62.26715 110.9314 446.5424 -58.48882 109.4522 451.3636 -61.25075 112.8027 448.4639 -59.0779 107.0625 449.8906 -58.48882 109.4522 451.3636 -61.06686 113.6972 451.3092 -61.25075 112.8027 448.4639 -59.47231 111.7627 452.9833 -61.06686 113.6972 451.3092 -58.48882 109.4522 451.3636 -65.5584 106.3908 447.1447 -68.41673 110.3979 447.8098 -68.19853 107.4378 448.1553 -63.8439 108.5844 446.0596 -68.41673 110.3979 447.8098 -65.5584 106.3908 447.1447 -63.8439 108.5844 446.0596 -67.54738 113.0255 448.5634 -68.41673 110.3979 447.8098 -62.26715 110.9314 446.5424 -67.54738 113.0255 448.5634 -63.8439 108.5844 446.0596 -62.26715 110.9314 446.5424 -65.82352 114.6163 450.2141 -67.54738 113.0255 448.5634 -61.25075 112.8027 448.4639 -65.82352 114.6163 450.2141 -62.26715 110.9314 446.5424 -61.25075 112.8027 448.4639 -63.70702 114.7442 452.3198 -65.82352 114.6163 450.2141 -61.06686 113.6972 451.3092 -63.70702 114.7442 452.3198 -61.25075 112.8027 448.4639 -68.19853 107.4378 448.1553 -70.22758 108.8608 452.4596 -69.24401 106.5504 450.8399 -68.41673 110.3979 447.8098 -70.22758 108.8608 452.4596 -68.19853 107.4378 448.1553 -68.41673 110.3979 447.8098 -69.63838 111.2506 453.9325 -70.22758 108.8608 452.4596 -67.54738 113.0255 448.5634 -69.63838 111.2506 453.9325 -68.41673 110.3979 447.8098 -67.54738 113.0255 448.5634 -67.6344 113.0792 454.864 -69.63838 111.2506 453.9325 -65.82352 114.6163 450.2141 -67.6344 113.0792 454.864 -67.54738 113.0255 448.5634 -65.82352 114.6163 450.2141 -64.75253 113.8568 455.0043 -67.6344 113.0792 454.864 -63.70702 114.7442 452.3198 -64.75253 113.8568 455.0043 -65.82352 114.6163 450.2141 -69.24401 106.5504 450.8399 -67.46565 105.5103 455.3593 -67.64945 104.6159 452.514 -70.22758 108.8608 452.4596 -67.46565 105.5103 455.3593 -69.24401 106.5504 450.8399 -70.22758 108.8608 452.4596 -66.44917 107.3817 457.2807 -67.46565 105.5103 455.3593 -69.63838 111.2506 453.9325 -66.44917 107.3817 457.2807 -70.22758 108.8608 452.4596 -69.63838 111.2506 453.9325 -64.87247 109.7286 457.7636 -66.44917 107.3817 457.2807 -67.6344 113.0792 454.864 -64.87247 109.7286 457.7636 -69.63838 111.2506 453.9325 -67.6344 113.0792 454.864 -63.15791 111.9223 456.6784 -64.87247 109.7286 457.7636 -64.75253 113.8568 455.0043 -63.15791 111.9223 456.6784 -67.6344 113.0792 454.864 -67.64945 104.6159 452.514 -62.89289 103.6967 453.6091 -65.0093 103.5689 451.5034 -67.46565 105.5103 455.3593 -62.89289 103.6967 453.6091 -67.64945 104.6159 452.514 -67.46565 105.5103 455.3593 -61.16894 105.2876 455.2598 -62.89289 103.6967 453.6091 -66.44917 107.3817 457.2807 -61.16894 105.2876 455.2598 -67.46565 105.5103 455.3593 -66.44917 107.3817 457.2807 -60.29968 107.9151 456.0134 -61.16894 105.2876 455.2598 -64.87247 109.7286 457.7636 -60.29968 107.9151 456.0134 -66.44917 107.3817 457.2807 -64.87247 109.7286 457.7636 -60.51778 110.8753 455.6679 -60.29968 107.9151 456.0134 -63.15791 111.9223 456.6784 -60.51778 110.8753 455.6679 -64.87247 109.7286 457.7636 -66.95134 104.9382 449.5073 -65.0093 103.5689 451.5034 -63.96378 104.4563 448.8189 -66.95134 104.9382 449.5073 -63.96378 104.4563 448.8189 -65.5584 106.3908 447.1447 -66.95134 104.9382 449.5073 -65.5584 106.3908 447.1447 -68.19853 107.4378 448.1553 -66.95134 104.9382 449.5073 -68.19853 107.4378 448.1553 -69.24401 106.5504 450.8399 -66.95134 104.9382 449.5073 -69.24401 106.5504 450.8399 -67.64945 104.6159 452.514 -66.95134 104.9382 449.5073 -67.64945 104.6159 452.514 -65.0093 103.5689 451.5034 -61.76498 113.3749 454.3159 -59.47231 111.7627 452.9833 -60.51778 110.8753 455.6679 -61.76498 113.3749 454.3159 -61.06686 113.6972 451.3092 -59.47231 111.7627 452.9833 -61.76498 113.3749 454.3159 -63.70702 114.7442 452.3198 -61.06686 113.6972 451.3092 -61.76498 113.3749 454.3159 -64.75253 113.8568 455.0043 -63.70702 114.7442 452.3198 -61.76498 113.3749 454.3159 -63.15791 111.9223 456.6784 -64.75253 113.8568 455.0043 -61.76498 113.3749 454.3159 -60.51778 110.8753 455.6679 -63.15791 111.9223 456.6784 -84.27655 103.5689 480.4595 -81.6218 105.2338 476.6061 -84.33794 104.4563 477.5793 -81.51545 103.6967 481.595 -81.6218 105.2338 476.6061 -84.27655 103.5689 480.4595 -81.51545 103.6967 481.595 -79.41385 107.0625 476.6996 -81.6218 105.2338 476.6061 -79.29102 105.2876 482.4603 -79.41385 107.0625 476.6996 -81.51545 103.6967 481.595 -79.29102 105.2876 482.4603 -78.3059 109.4522 477.8351 -79.41385 107.0625 476.6996 -78.19954 107.9151 482.8239 -78.3059 109.4522 477.8351 -79.29102 105.2876 482.4603 -78.19954 107.9151 482.8239 -78.59471 111.7627 479.7078 -78.3059 109.4522 477.8351 -78.53326 110.8753 482.5881 -78.59471 111.7627 479.7078 -78.19954 107.9151 482.8239 -84.33794 104.4563 477.5793 -85.28311 108.5844 474.9841 -86.45185 106.3908 476.6428 -81.6218 105.2338 476.6061 -85.28311 108.5844 474.9841 -84.33794 104.4563 477.5793 -81.6218 105.2338 476.6061 -83.64162 110.9314 474.8268 -85.28311 108.5844 474.9841 -79.41385 107.0625 476.6996 -83.64162 110.9314 474.8268 -81.6218 105.2338 476.6061 -79.41385 107.0625 476.6996 -81.96726 112.8027 476.2131 -83.64162 110.9314 474.8268 -78.3059 109.4522 477.8351 -81.96726 112.8027 476.2131 -79.41385 107.0625 476.6996 -78.3059 109.4522 477.8351 -80.70855 113.6972 478.7714 -81.96726 112.8027 476.2131 -78.59471 111.7627 479.7078 -80.70855 113.6972 478.7714 -78.3059 109.4522 477.8351 -86.45185 106.3908 476.6428 -88.8381 110.3979 478.351 -88.50429 107.4378 478.5867 -85.28311 108.5844 474.9841 -88.8381 110.3979 478.351 -86.45185 106.3908 476.6428 -85.28311 108.5844 474.9841 -87.74653 113.0255 478.7146 -88.8381 110.3979 478.351 -83.64162 110.9314 474.8268 -87.74653 113.0255 478.7146 -85.28311 108.5844 474.9841 -83.64162 110.9314 474.8268 -85.52219 114.6163 479.5799 -87.74653 113.0255 478.7146 -81.96726 112.8027 476.2131 -85.52219 114.6163 479.5799 -83.64162 110.9314 474.8268 -81.96726 112.8027 476.2131 -82.761 114.7442 480.7153 -85.52219 114.6163 479.5799 -80.70855 113.6972 478.7714 -82.761 114.7442 480.7153 -81.96726 112.8027 476.2131 -88.50429 107.4378 478.5867 -88.73169 108.8608 483.3399 -88.44284 106.5504 481.467 -88.8381 110.3979 478.351 -88.73169 108.8608 483.3399 -88.50429 107.4378 478.5867 -88.8381 110.3979 478.351 -87.62369 111.2506 484.4752 -88.73169 108.8608 483.3399 -87.74653 113.0255 478.7146 -87.62369 111.2506 484.4752 -88.8381 110.3979 478.351 -87.74653 113.0255 478.7146 -85.4158 113.0792 484.5688 -87.62369 111.2506 484.4752 -85.52219 114.6163 479.5799 -85.4158 113.0792 484.5688 -87.74653 113.0255 478.7146 -85.52219 114.6163 479.5799 -82.69961 113.8568 483.5956 -85.4158 113.0792 484.5688 -82.761 114.7442 480.7153 -82.69961 113.8568 483.5956 -85.52219 114.6163 479.5799 -88.44284 106.5504 481.467 -85.07036 105.5103 484.9619 -86.329 104.6159 482.4035 -88.73169 108.8608 483.3399 -85.07036 105.5103 484.9619 -88.44284 106.5504 481.467 -88.73169 108.8608 483.3399 -83.39593 107.3817 486.3481 -85.07036 105.5103 484.9619 -87.62369 111.2506 484.4752 -83.39593 107.3817 486.3481 -88.73169 108.8608 483.3399 -87.62369 111.2506 484.4752 -81.75447 109.7286 486.1908 -83.39593 107.3817 486.3481 -85.4158 113.0792 484.5688 -81.75447 109.7286 486.1908 -87.62369 111.2506 484.4752 -85.4158 113.0792 484.5688 -80.5857 111.9223 484.5321 -81.75447 109.7286 486.1908 -82.69961 113.8568 483.5956 -80.5857 111.9223 484.5321 -85.4158 113.0792 484.5688 -86.329 104.6159 482.4035 -81.51545 103.6967 481.595 -84.27655 103.5689 480.4595 -85.07036 105.5103 484.9619 -81.51545 103.6967 481.595 -86.329 104.6159 482.4035 -85.07036 105.5103 484.9619 -79.29102 105.2876 482.4603 -81.51545 103.6967 481.595 -83.39593 107.3817 486.3481 -79.29102 105.2876 482.4603 -85.07036 105.5103 484.9619 -83.39593 107.3817 486.3481 -78.19954 107.9151 482.8239 -79.29102 105.2876 482.4603 -81.75447 109.7286 486.1908 -78.19954 107.9151 482.8239 -83.39593 107.3817 486.3481 -81.75447 109.7286 486.1908 -78.53326 110.8753 482.5881 -78.19954 107.9151 482.8239 -80.5857 111.9223 484.5321 -78.53326 110.8753 482.5881 -81.75447 109.7286 486.1908 -86.83466 104.9382 479.3585 -84.27655 103.5689 480.4595 -84.33794 104.4563 477.5793 -86.83466 104.9382 479.3585 -84.33794 104.4563 477.5793 -86.45185 106.3908 476.6428 -86.83466 104.9382 479.3585 -86.45185 106.3908 476.6428 -88.50429 107.4378 478.5867 -86.83466 104.9382 479.3585 -88.50429 107.4378 478.5867 -88.44284 106.5504 481.467 -86.83466 104.9382 479.3585 -88.44284 106.5504 481.467 -86.329 104.6159 482.4035 -86.83466 104.9382 479.3585 -86.329 104.6159 482.4035 -84.27655 103.5689 480.4595 -80.2029 113.3749 481.8164 -78.59471 111.7627 479.7078 -78.53326 110.8753 482.5881 -80.2029 113.3749 481.8164 -80.70855 113.6972 478.7714 -78.59471 111.7627 479.7078 -80.2029 113.3749 481.8164 -82.761 114.7442 480.7153 -80.70855 113.6972 478.7714 -80.2029 113.3749 481.8164 -82.69961 113.8568 483.5956 -82.761 114.7442 480.7153 -80.2029 113.3749 481.8164 -80.5857 111.9223 484.5321 -82.69961 113.8568 483.5956 -80.2029 113.3749 481.8164 -78.53326 110.8753 482.5881 -80.5857 111.9223 484.5321 -90.99609 103.5689 514.5848 -90.01804 105.2338 510.0088 -92.15504 104.4563 511.9472 -88.01064 103.6967 514.5771 -90.01804 105.2338 510.0088 -90.99609 103.5689 514.5848 -88.01064 103.6967 514.5771 -87.94238 107.0625 509.2502 -90.01804 105.2338 510.0088 -85.6244 105.2876 514.5254 -87.94238 107.0625 509.2502 -88.01064 103.6967 514.5771 -85.6244 105.2876 514.5254 -86.48425 109.4522 509.8753 -87.94238 107.0625 509.2502 -84.47685 107.9151 514.4436 -86.48425 109.4522 509.8753 -85.6244 105.2876 514.5254 -84.47685 107.9151 514.4436 -86.03441 111.7627 511.716 -86.48425 109.4522 509.8753 -84.87539 110.8753 514.3535 -86.03441 111.7627 511.716 -84.47685 107.9151 514.4436 -92.15504 104.4563 511.9472 -94.02137 108.5844 509.9114 -94.46641 106.3908 511.891 -90.01804 105.2338 510.0088 -94.02137 108.5844 509.9114 -92.15504 104.4563 511.9472 -90.01804 105.2338 510.0088 -92.56505 110.9314 509.1378 -94.02137 108.5844 509.9114 -87.94238 107.0625 509.2502 -92.56505 110.9314 509.1378 -90.01804 105.2338 510.0088 -87.94238 107.0625 509.2502 -90.48763 112.8027 509.7778 -92.56505 110.9314 509.1378 -86.48425 109.4522 509.8753 -90.48763 112.8027 509.7778 -87.94238 107.0625 509.2502 -86.48425 109.4522 509.8753 -88.34571 113.6972 511.6597 -90.48763 112.8027 509.7778 -86.03441 111.7627 511.716 -88.34571 113.6972 511.6597 -86.48425 109.4522 509.8753 -94.46641 106.3908 511.891 -96.0173 110.3979 514.3824 -95.6187 107.4378 514.4724 -94.02137 108.5844 509.9114 -96.0173 110.3979 514.3824 -94.46641 106.3908 511.891 -94.02137 108.5844 509.9114 -94.86969 113.0255 514.3005 -96.0173 110.3979 514.3824 -92.56505 110.9314 509.1378 -94.86969 113.0255 514.3005 -94.02137 108.5844 509.9114 -92.56505 110.9314 509.1378 -92.48351 114.6163 514.2488 -94.86969 113.0255 514.3005 -90.48763 112.8027 509.7778 -92.48351 114.6163 514.2488 -92.56505 110.9314 509.1378 -90.48763 112.8027 509.7778 -89.498 114.7442 514.2411 -92.48351 114.6163 514.2488 -88.34571 113.6972 511.6597 -89.498 114.7442 514.2411 -90.48763 112.8027 509.7778 -95.6187 107.4378 514.4724 -94.00983 108.8608 518.9508 -94.45968 106.5504 517.11 -96.0173 110.3979 514.3824 -94.00983 108.8608 518.9508 -95.6187 107.4378 514.4724 -96.0173 110.3979 514.3824 -92.5517 111.2506 519.5757 -94.00983 108.8608 518.9508 -94.86969 113.0255 514.3005 -92.5517 111.2506 519.5757 -96.0173 110.3979 514.3824 -94.86969 113.0255 514.3005 -90.47604 113.0792 518.8173 -92.5517 111.2506 519.5757 -92.48351 114.6163 514.2488 -90.47604 113.0792 518.8173 -94.86969 113.0255 514.3005 -92.48351 114.6163 514.2488 -88.33905 113.8568 516.8787 -90.47604 113.0792 518.8173 -89.498 114.7442 514.2411 -88.33905 113.8568 516.8787 -92.48351 114.6163 514.2488 -94.45968 106.5504 517.11 -90.00651 105.5103 519.0482 -92.14838 104.6159 517.1663 -94.00983 108.8608 518.9508 -90.00651 105.5103 519.0482 -94.45968 106.5504 517.11 -94.00983 108.8608 518.9508 -87.92904 107.3817 519.6881 -90.00651 105.5103 519.0482 -92.5517 111.2506 519.5757 -87.92904 107.3817 519.6881 -94.00983 108.8608 518.9508 -92.5517 111.2506 519.5757 -86.47272 109.7286 518.9146 -87.92904 107.3817 519.6881 -90.47604 113.0792 518.8173 -86.47272 109.7286 518.9146 -92.5517 111.2506 519.5757 -90.47604 113.0792 518.8173 -86.02768 111.9223 516.9349 -86.47272 109.7286 518.9146 -88.33905 113.8568 516.8787 -86.02768 111.9223 516.9349 -90.47604 113.0792 518.8173 -92.14838 104.6159 517.1663 -88.01064 103.6967 514.5771 -90.99609 103.5689 514.5848 -90.00651 105.5103 519.0482 -88.01064 103.6967 514.5771 -92.14838 104.6159 517.1663 -90.00651 105.5103 519.0482 -85.6244 105.2876 514.5254 -88.01064 103.6967 514.5771 -87.92904 107.3817 519.6881 -85.6244 105.2876 514.5254 -90.00651 105.5103 519.0482 -87.92904 107.3817 519.6881 -84.47685 107.9151 514.4436 -85.6244 105.2876 514.5254 -86.47272 109.7286 518.9146 -84.47685 107.9151 514.4436 -87.92904 107.3817 519.6881 -86.47272 109.7286 518.9146 -84.87539 110.8753 514.3535 -84.47685 107.9151 514.4436 -86.02768 111.9223 516.9349 -84.87539 110.8753 514.3535 -86.47272 109.7286 518.9146 -93.78081 104.9382 514.5465 -90.99609 103.5689 514.5848 -92.15504 104.4563 511.9472 -93.78081 104.9382 514.5465 -92.15504 104.4563 511.9472 -94.46641 106.3908 511.891 -93.78081 104.9382 514.5465 -94.46641 106.3908 511.891 -95.6187 107.4378 514.4724 -93.78081 104.9382 514.5465 -95.6187 107.4378 514.4724 -94.45968 106.5504 517.11 -93.78081 104.9382 514.5465 -94.45968 106.5504 517.11 -92.14838 104.6159 517.1663 -93.78081 104.9382 514.5465 -92.14838 104.6159 517.1663 -90.99609 103.5689 514.5848 -86.71328 113.3749 514.2794 -86.03441 111.7627 511.716 -84.87539 110.8753 514.3535 -86.71328 113.3749 514.2794 -88.34571 113.6972 511.6597 -86.03441 111.7627 511.716 -86.71328 113.3749 514.2794 -89.498 114.7442 514.2411 -88.34571 113.6972 511.6597 -86.71328 113.3749 514.2794 -88.33905 113.8568 516.8787 -89.498 114.7442 514.2411 -86.71328 113.3749 514.2794 -86.02768 111.9223 516.9349 -88.33905 113.8568 516.8787 -86.71328 113.3749 514.2794 -84.87539 110.8753 514.3535 -86.02768 111.9223 516.9349 -84.14504 103.5689 548.6838 -84.9926 105.2338 544.0818 -86.22511 104.4563 546.6906 -81.38976 103.6967 547.5343 -84.9926 105.2338 544.0818 -84.14504 103.5689 548.6838 -81.38976 103.6967 547.5343 -83.36523 107.0625 542.5867 -84.9926 105.2338 544.0818 -79.20498 105.2876 546.5732 -83.36523 107.0625 542.5867 -81.38976 103.6967 547.5343 -79.20498 105.2876 546.5732 -81.77889 109.4522 542.6062 -83.36523 107.0625 542.5867 -78.17608 107.9151 546.0586 -81.77889 109.4522 542.6062 -79.20498 105.2876 546.5732 -78.17608 107.9151 546.0586 -80.6589 111.7627 544.1346 -81.77889 109.4522 542.6062 -78.57876 110.8753 546.1279 -80.6589 111.7627 544.1346 -78.17608 107.9151 546.0586 -86.22511 104.4563 546.6906 -88.72847 108.5844 545.5239 -88.38206 106.3908 547.5231 -84.9926 105.2338 544.0818 -88.72847 108.5844 545.5239 -86.22511 104.4563 546.6906 -84.9926 105.2338 544.0818 -87.67902 110.9314 544.2519 -88.72847 108.5844 545.5239 -83.36523 107.0625 542.5867 -87.67902 110.9314 544.2519 -84.9926 105.2338 544.0818 -83.36523 107.0625 542.5867 -85.51482 112.8027 544.0482 -87.67902 110.9314 544.2519 -81.77889 109.4522 542.6062 -85.51482 112.8027 544.0482 -83.36523 107.0625 542.5867 -81.77889 109.4522 542.6062 -82.81579 113.6972 544.9672 -85.51482 112.8027 544.0482 -80.6589 111.7627 544.1346 -82.81579 113.6972 544.9672 -81.77889 109.4522 542.6062 -88.38206 106.3908 547.5231 -88.86149 110.3979 550.4183 -88.45877 107.4378 550.349 -88.72847 108.5844 545.5239 -88.86149 110.3979 550.4183 -88.38206 106.3908 547.5231 -88.72847 108.5844 545.5239 -87.83255 113.0255 549.9036 -88.86149 110.3979 550.4183 -87.67902 110.9314 544.2519 -87.83255 113.0255 549.9036 -88.72847 108.5844 545.5239 -87.67902 110.9314 544.2519 -85.6478 114.6163 548.9426 -87.83255 113.0255 549.9036 -85.51482 112.8027 544.0482 -85.6478 114.6163 548.9426 -87.67902 110.9314 544.2519 -85.51482 112.8027 544.0482 -82.89249 114.7442 547.793 -85.6478 114.6163 548.9426 -82.81579 113.6972 544.9672 -82.89249 114.7442 547.793 -85.51482 112.8027 544.0482 -88.45877 107.4378 550.349 -85.25857 108.8608 553.8708 -86.37863 106.5504 552.3422 -88.86149 110.3979 550.4183 -85.25857 108.8608 553.8708 -88.45877 107.4378 550.349 -88.86149 110.3979 550.4183 -83.67231 111.2506 553.8901 -85.25857 108.8608 553.8708 -87.83255 113.0255 549.9036 -83.67231 111.2506 553.8901 -88.86149 110.3979 550.4183 -87.83255 113.0255 549.9036 -82.04488 113.0792 552.3951 -83.67231 111.2506 553.8901 -85.6478 114.6163 548.9426 -82.04488 113.0792 552.3951 -87.83255 113.0255 549.9036 -85.6478 114.6163 548.9426 -80.81242 113.8568 549.7863 -82.04488 113.0792 552.3951 -82.89249 114.7442 547.793 -80.81242 113.8568 549.7863 -85.6478 114.6163 548.9426 -86.37863 106.5504 552.3422 -81.52273 105.5103 552.4287 -84.22173 104.6159 551.5097 -85.25857 108.8608 553.8708 -81.52273 105.5103 552.4287 -86.37863 106.5504 552.3422 -85.25857 108.8608 553.8708 -79.3585 107.3817 552.225 -81.52273 105.5103 552.4287 -83.67231 111.2506 553.8901 -79.3585 107.3817 552.225 -85.25857 108.8608 553.8708 -83.67231 111.2506 553.8901 -78.30904 109.7286 550.9531 -79.3585 107.3817 552.225 -82.04488 113.0792 552.3951 -78.30904 109.7286 550.9531 -83.67231 111.2506 553.8901 -82.04488 113.0792 552.3951 -78.65546 111.9223 548.9537 -78.30904 109.7286 550.9531 -80.81242 113.8568 549.7863 -78.65546 111.9223 548.9537 -82.04488 113.0792 552.3951 -84.22173 104.6159 551.5097 -81.38976 103.6967 547.5343 -84.14504 103.5689 548.6838 -81.52273 105.5103 552.4287 -81.38976 103.6967 547.5343 -84.22173 104.6159 551.5097 -81.52273 105.5103 552.4287 -79.20498 105.2876 546.5732 -81.38976 103.6967 547.5343 -79.3585 107.3817 552.225 -79.20498 105.2876 546.5732 -81.52273 105.5103 552.4287 -79.3585 107.3817 552.225 -78.17608 107.9151 546.0586 -79.20498 105.2876 546.5732 -78.30904 109.7286 550.9531 -78.17608 107.9151 546.0586 -79.3585 107.3817 552.225 -78.30904 109.7286 550.9531 -78.57876 110.8753 546.1279 -78.17608 107.9151 546.0586 -78.65546 111.9223 548.9537 -78.57876 110.8753 546.1279 -78.30904 109.7286 550.9531 -86.73243 104.9382 549.7141 -84.14504 103.5689 548.6838 -86.22511 104.4563 546.6906 -86.73243 104.9382 549.7141 -86.22511 104.4563 546.6906 -88.38206 106.3908 547.5231 -86.73243 104.9382 549.7141 -88.38206 106.3908 547.5231 -88.45877 107.4378 550.349 -86.73243 104.9382 549.7141 -88.45877 107.4378 550.349 -86.37863 106.5504 552.3422 -86.73243 104.9382 549.7141 -86.37863 106.5504 552.3422 -84.22173 104.6159 551.5097 -86.73243 104.9382 549.7141 -84.22173 104.6159 551.5097 -84.14504 103.5689 548.6838 -80.3051 113.3749 546.7628 -80.6589 111.7627 544.1346 -78.57876 110.8753 546.1279 -80.3051 113.3749 546.7628 -82.81579 113.6972 544.9672 -80.6589 111.7627 544.1346 -80.3051 113.3749 546.7628 -82.89249 114.7442 547.793 -82.81579 113.6972 544.9672 -80.3051 113.3749 546.7628 -80.81242 113.8568 549.7863 -82.89249 114.7442 547.793 -80.3051 113.3749 546.7628 -78.65546 111.9223 548.9537 -80.81242 113.8568 549.7863 -80.3051 113.3749 546.7628 -78.57876 110.8753 546.1279 -78.65546 111.9223 548.9537 -64.76629 103.5689 577.5655 -67.31042 105.2338 573.6382 -67.45081 104.4563 576.52 -62.66064 103.6967 575.449 -67.31042 105.2338 573.6382 -64.76629 103.5689 577.5655 -62.66064 103.6967 575.449 -66.3791 107.0625 571.6341 -67.31042 105.2338 573.6382 -61.00994 105.2876 573.7251 -66.3791 107.0625 571.6341 -62.66064 103.6967 575.449 -61.00994 105.2876 573.7251 -64.90607 109.4522 571.045 -66.3791 107.0625 571.6341 -60.25632 107.9151 572.8558 -64.90607 109.4522 571.045 -61.00994 105.2876 573.7251 -60.25632 107.9151 572.8558 -63.28641 111.7627 572.0284 -64.90607 109.4522 571.045 -60.60184 110.8753 573.074 -63.28641 111.7627 572.0284 -60.25632 107.9151 572.8558 -67.45081 104.4563 576.52 -70.21009 108.5844 576.4001 -69.12497 106.3908 578.1146 -67.31042 105.2338 573.6382 -70.21009 108.5844 576.4001 -67.45081 104.4563 576.52 -67.31042 105.2338 573.6382 -69.72729 110.9314 574.8233 -70.21009 108.5844 576.4001 -66.3791 107.0625 571.6341 -69.72729 110.9314 574.8233 -67.31042 105.2338 573.6382 -66.3791 107.0625 571.6341 -67.80578 112.8027 573.8069 -69.72729 110.9314 574.8233 -64.90607 109.4522 571.045 -67.80578 112.8027 573.8069 -66.3791 107.0625 571.6341 -64.90607 109.4522 571.045 -64.96053 113.6972 573.623 -67.80578 112.8027 573.8069 -63.28641 111.7627 572.0284 -64.96053 113.6972 573.623 -64.90607 109.4522 571.045 -69.12497 106.3908 578.1146 -68.45994 110.3979 580.9729 -68.11442 107.4378 580.7547 -70.21009 108.5844 576.4001 -68.45994 110.3979 580.9729 -69.12497 106.3908 578.1146 -70.21009 108.5844 576.4001 -67.70631 113.0255 580.1035 -68.45994 110.3979 580.9729 -69.72729 110.9314 574.8233 -67.70631 113.0255 580.1035 -70.21009 108.5844 576.4001 -69.72729 110.9314 574.8233 -66.05562 114.6163 578.3797 -67.70631 113.0255 580.1035 -67.80578 112.8027 573.8069 -66.05562 114.6163 578.3797 -69.72729 110.9314 574.8233 -67.80578 112.8027 573.8069 -63.94996 114.7442 576.2632 -66.05562 114.6163 578.3797 -64.96053 113.6972 573.623 -63.94996 114.7442 576.2632 -67.80578 112.8027 573.8069 -68.11442 107.4378 580.7547 -63.81008 108.8608 582.7838 -65.42984 106.5504 581.8002 -68.45994 110.3979 580.9729 -63.81008 108.8608 582.7838 -68.11442 107.4378 580.7547 -68.45994 110.3979 580.9729 -62.33718 111.2506 582.1946 -63.81008 108.8608 582.7838 -67.70631 113.0255 580.1035 -62.33718 111.2506 582.1946 -68.45994 110.3979 580.9729 -67.70631 113.0255 580.1035 -61.40574 113.0792 580.1906 -62.33718 111.2506 582.1946 -66.05562 114.6163 578.3797 -61.40574 113.0792 580.1906 -67.70631 113.0255 580.1035 -66.05562 114.6163 578.3797 -61.26544 113.8568 577.3087 -61.40574 113.0792 580.1906 -63.94996 114.7442 576.2632 -61.26544 113.8568 577.3087 -66.05562 114.6163 578.3797 -65.42984 106.5504 581.8002 -60.91047 105.5103 580.0218 -63.75572 104.6159 580.2056 -63.81008 108.8608 582.7838 -60.91047 105.5103 580.0218 -65.42984 106.5504 581.8002 -63.81008 108.8608 582.7838 -58.98897 107.3817 579.0053 -60.91047 105.5103 580.0218 -62.33718 111.2506 582.1946 -58.98897 107.3817 579.0053 -63.81008 108.8608 582.7838 -62.33718 111.2506 582.1946 -58.50612 109.7286 577.4286 -58.98897 107.3817 579.0053 -61.40574 113.0792 580.1906 -58.50612 109.7286 577.4286 -62.33718 111.2506 582.1946 -61.40574 113.0792 580.1906 -59.59129 111.9223 575.7141 -58.50612 109.7286 577.4286 -61.26544 113.8568 577.3087 -59.59129 111.9223 575.7141 -61.40574 113.0792 580.1906 -63.75572 104.6159 580.2056 -62.66064 103.6967 575.449 -64.76629 103.5689 577.5655 -60.91047 105.5103 580.0218 -62.66064 103.6967 575.449 -63.75572 104.6159 580.2056 -60.91047 105.5103 580.0218 -61.00994 105.2876 573.7251 -62.66064 103.6967 575.449 -58.98897 107.3817 579.0053 -61.00994 105.2876 573.7251 -60.91047 105.5103 580.0218 -58.98897 107.3817 579.0053 -60.25632 107.9151 572.8558 -61.00994 105.2876 573.7251 -58.50612 109.7286 577.4286 -60.25632 107.9151 572.8558 -58.98897 107.3817 579.0053 -58.50612 109.7286 577.4286 -60.60184 110.8753 573.074 -60.25632 107.9151 572.8558 -59.59129 111.9223 575.7141 -60.60184 110.8753 573.074 -58.50612 109.7286 577.4286 -66.76244 104.9382 579.5075 -64.76629 103.5689 577.5655 -67.45081 104.4563 576.52 -66.76244 104.9382 579.5075 -67.45081 104.4563 576.52 -69.12497 106.3908 578.1146 -66.76244 104.9382 579.5075 -69.12497 106.3908 578.1146 -68.11442 107.4378 580.7547 -66.76244 104.9382 579.5075 -68.11442 107.4378 580.7547 -65.42984 106.5504 581.8002 -66.76244 104.9382 579.5075 -65.42984 106.5504 581.8002 -63.75572 104.6159 580.2056 -66.76244 104.9382 579.5075 -63.75572 104.6159 580.2056 -64.76629 103.5689 577.5655 -61.95382 113.3749 574.3212 -63.28641 111.7627 572.0284 -60.60184 110.8753 573.074 -61.95382 113.3749 574.3212 -64.96053 113.6972 573.623 -63.28641 111.7627 572.0284 -61.95382 113.3749 574.3212 -63.94996 114.7442 576.2632 -64.96053 113.6972 573.623 -61.95382 113.3749 574.3212 -61.26544 113.8568 577.3087 -63.94996 114.7442 576.2632 -61.95382 113.3749 574.3212 -59.59129 111.9223 575.7141 -61.26544 113.8568 577.3087 -61.95382 113.3749 574.3212 -60.60184 110.8753 573.074 -59.59129 111.9223 575.7141</float_array>
                    <technique_common>
                        <accessor count="4320" offset="0" source="buill_maru_0-geometry-POSITION-array" stride="3">
                            <param name="X" type="float" />
                            <param name="Y" type="float" />
                            <param name="Z" type="float" />
                        </accessor>
                    </technique_common>
                </source>
                <source id="buill_maru_0-geometry-NORMAL">
                    <float_array id="buill_maru_0-geometry-NORMAL-array" count="2304">-0.03961463 -0.9667384 0.2526805 0.6940656 -0.6336871 0.3416339 0.377966 -0.9241402 0.05573666 -0.06562012 -0.7111779 0.6999428 0.8266498 -0.1306212 0.5473465 -0.07397261 -0.2224867 0.9721254 0.700518 0.4133277 0.5817515 -0.05916518 0.3358342 0.9400611 0.3886166 0.8030071 0.4518371 -0.02896597 0.7604179 0.6487878 0.7564629 -0.4460186 -0.4783631 0.4122598 -0.8209865 -0.3949976 0.900622 0.09186853 -0.4247826 0.7629144 0.6009984 -0.238249 0.4229098 0.9061711 0.001101337 0.05917173 -0.3358403 -0.9400585 0.0289712 -0.7604278 -0.648776 0.07396995 0.222491 -0.9721246 0.06561846 0.7111747 -0.6999462 0.03961606 0.9667366 -0.2526875 -0.7005183 -0.4133296 -0.5817498 -0.3886018 -0.8030204 -0.4518263 -0.8266515 0.1306254 -0.547343 -0.6940678 0.6336831 -0.3416367 -0.3779611 0.9241423 -0.05573486 -0.7629152 -0.6009967 0.2382507 -0.4228966 -0.9061773 -0.001104222 -0.900623 -0.09186341 0.4247816 -0.7564616 0.4460129 0.4783705 -0.4122535 0.8209861 0.395005 -0.006009759 -0.9746785 -0.2235301 0.006010201 0.9746777 0.2235337 0.1506578 -0.9667392 0.2066822 0.7323458 -0.6336918 -0.2492074 0.3066691 -0.9241413 -0.2278529 0.4485327 -0.7111785 0.5413349 0.9715623 -0.1306196 -0.1974974 0.6350922 -0.2224824 0.7397023 0.9067001 0.4133311 -0.08397727 0.622887 0.335834 0.7065601 0.5942882 0.8030088 0.04470457 0.4382818 0.7604151 0.4792471 0.1966407 -0.4460214 -0.8731536 0.01220302 -0.8209877 -0.5708154 0.3364719 0.09186982 -0.9372015 0.370997 0.6009974 -0.7079289 0.2998185 0.9061714 -0.2982655 -0.622885 -0.3358395 -0.7065593 -0.4382692 -0.7604266 -0.4792406 -0.6350896 0.2224911 -0.7397019 -0.4485335 0.7111754 -0.5413384 -0.1506623 0.9667374 -0.2066876 -0.9067008 -0.4133285 0.08398317 -0.5942745 -0.8030186 -0.04470969 -0.9715605 0.1306233 0.1975036 -0.7323542 0.6336824 0.2492066 -0.3066696 0.9241414 0.2278519 -0.3709933 -0.6009969 0.7079313 -0.299815 -0.9061772 0.2982514 -0.3364656 -0.09186158 0.9372045 -0.1966376 0.4460125 0.8731589 -0.01219609 0.8209851 0.5708194 -0.1623089 -0.974678 -0.1538139 0.1623129 0.9746775 0.1538125 0.2526795 -0.9667388 0.03961236 0.3416339 -0.6336886 -0.6940641 0.05573218 -0.9241413 -0.3779638 0.6999416 -0.7111791 0.06562082 0.5473501 -0.1306173 -0.8266481 0.9721256 -0.2224849 0.07397401 0.581752 0.4133303 -0.700516 0.9400612 0.3358339 0.05916492 0.4518354 0.8030087 -0.3886151 0.6487888 0.760417 0.02896719 -0.4783649 -0.4460203 -0.7564607 -0.3950004 -0.8209879 -0.4122543 -0.4247786 0.09187042 -0.9006237 -0.2382462 0.6009984 -0.7629153 0.001095418 0.9061692 -0.4229138 -0.9400588 -0.3358403 -0.05916644 -0.6487777 -0.7604265 -0.02896764 -0.972125 0.2224895 -0.07396914 -0.699944 0.7111766 -0.06562205 -0.2526854 0.9667369 -0.03962119 -0.5817475 -0.413331 0.7005193 -0.4518296 -0.8030185 0.3886019 -0.5473393 0.1306209 0.8266546 -0.3416376 0.6336822 0.6940682 -0.05573586 0.924143 0.3779593 0.2382526 -0.6009974 0.762914 -0.001104688 -0.9061786 0.4228938 0.424784 -0.09186602 0.9006216 0.4783699 0.4460105 0.7564634 0.3950008 0.8209893 0.412251 -0.2235312 -0.9746782 0.006010192 0.2235297 0.9746786 -0.0060121 0.2066842 -0.9667386 -0.1506587 -0.2492066 -0.6336886 -0.7323489 -0.2278485 -0.9241416 -0.3066713 0.5413334 -0.7111809 -0.4485308 -0.1975004 -0.1306225 -0.9715613 0.739702 -0.222487 -0.6350909 -0.08398424 0.4133269 -0.9067014 0.7065591 0.3358349 -0.6228877 0.04470453 0.8030052 -0.594293 0.479245 0.7604148 -0.4382848 -0.873154 -0.4460188 -0.1966451 -0.5708174 -0.8209863 -0.01220434 -0.9372026 0.09186684 -0.3364695 -0.7079322 0.6009929 -0.370998 -0.2982685 0.9061689 -0.299823 -0.706562 -0.3358411 0.6228812 -0.4792396 -0.7604263 0.4382707 -0.7397043 0.2224874 0.6350882 -0.5413414 0.7111738 0.4485325 -0.2066897 0.966737 0.1506618 0.08397636 -0.41333 0.9067008 -0.0447125 -0.803017 0.5942764 0.1974969 0.1306238 0.9715618 0.2492033 0.6336833 0.7323546 0.2278474 0.9241426 0.3066693 0.7079275 -0.6009994 0.3709964 0.2982448 -0.9061785 0.2998174 0.9372025 -0.0918621 0.3364711 0.8731579 0.4460127 0.1966415 0.5708144 0.8209885 0.01219457 -0.1538118 -0.9746777 0.1623127 0.1538107 0.9746776 -0.1623143 0.1855386 -0.9765204 -0.1094685 0.2920958 -0.7045829 0.6467171 0.5054682 -0.8400291 0.1971119 -0.2899472 -0.9528974 0.08897791 -0.02546966 -0.3473262 0.9373984 -0.7154965 -0.6417056 0.2761861 -0.3350599 0.1186315 0.9346986 -0.9171063 -0.1296825 0.3769597 -0.5290862 0.517935 0.6721689 -0.8490208 0.3814518 0.3655929 0.8956233 -0.1632974 0.4137546 0.8372127 -0.5425009 0.06904835 0.6900256 0.294382 0.661214 0.2684713 0.6599165 0.701736 -0.1973427 0.8154743 0.5441117 0.917108 0.1296786 -0.3769568 0.8490195 -0.3814588 -0.3655887 0.7154937 0.6417091 -0.276185 0.2899562 0.9528947 -0.08897729 -0.1855355 0.976521 0.1094683 0.3350587 -0.1186342 -0.9346986 0.5290894 -0.5179462 -0.6721578 0.02546358 0.3473296 -0.9373974 -0.2920907 0.7045808 -0.6467217 -0.5054669 0.8400311 -0.1971065 -0.2684704 -0.6599207 -0.7017324 0.1973495 -0.8154782 -0.5441034 -0.6900308 -0.2943765 -0.661211 -0.8956253 0.1632919 -0.4137524 -0.8372126 0.5425018 -0.06904187 0.5838261 -0.7663381 -0.2680915 -0.583828 0.7663375 0.2680891 0.1295242 -0.97652 -0.1721398 0.51735 -0.7045835 0.4857067 0.542424 -0.8400285 -0.01132634 -0.2338242 -0.9528979 0.1931627 0.3351937 -0.3473281 0.8757901 -0.5553433 -0.6417044 0.5289699 0.04813146 0.1186325 0.991771 -0.7030433 -0.1296827 0.6992229 -0.2315844 0.5179347 0.8234757 -0.6444899 0.3814489 0.6626685 0.9857848 -0.163299 0.03951826 0.7999104 -0.5424978 -0.256592 0.8905367 0.2943807 0.3468203 0.5165757 0.6599175 0.5455808 0.02590369 0.8154743 0.5782134 0.7030413 0.1296781 -0.6992257 0.6444879 -0.3814585 -0.6626649 0.5553384 0.641709 -0.5289695 0.233834 0.9528948 -0.1931659 -0.1295207 0.9765209 0.1721374 -0.04813834 -0.1186341 -0.9917704 0.2315888 -0.5179467 -0.823467 -0.3351989 0.3473275 -0.8757883 -0.5173469 0.7045799 -0.4857154 -0.5424219 0.8400298 0.01133157 -0.5165721 -0.6599212 -0.5455798 -0.02589072 -0.8154772 -0.5782098 -0.8905384 -0.2943777 -0.3468187 -0.9857864 0.1632899 -0.03951614 -0.799907 0.5424993 0.2565994 0.436792 -0.7663373 -0.4711049 -0.4367935 0.766337 0.4711039 -0.206681 -0.9667393 0.1506591 0.2492042 -0.633689 0.7323493 0.227852 -0.9241416 0.3066687 -0.5413348 -0.7111791 0.448532 0.1974932 -0.1306174 0.9715635 -0.7397043 -0.222483 0.6350896 0.08397622 0.413328 0.9067017 -0.7065602 0.3358331 0.6228875 -0.04470783 0.8030053 0.5942926 -0.4792444 0.7604158 0.4382837 0.8731529 -0.4460208 0.1966453 0.5708156 -0.8209877 0.01219993 0.937201 0.09186814 0.3364736 0.7079278 0.6009968 0.3710001 0.2982649 0.9061702 0.2998225 0.7065589 -0.3358419 -0.6228842 0.4792385 -0.7604253 -0.4382737 0.7397016 0.2224891 -0.6350906 0.541338 0.7111759 -0.4485332 0.2066896 0.9667367 -0.150664 -0.08398578 -0.4133302 -0.9066998 0.04470699 -0.8030159 -0.5942783 -0.1975061 0.1306244 -0.9715599 -0.2492092 0.6336832 -0.7323526 -0.2278493 0.9241406 -0.3066737 -0.7079309 -0.6009971 -0.3709937 -0.2982516 -0.9061768 -0.299816 -0.9372039 -0.09186259 -0.3364671 -0.8731589 0.4460117 -0.1966396 -0.570815 0.8209881 -0.01219733 0.1538114 -0.9746774 -0.1623144 -0.1538098 0.9746782 0.1623113 -0.2526798 -0.9667388 -0.03961159 -0.3416352 -0.6336855 0.6940663 -0.05573421 -0.92414 0.3779669 -0.6999419 -0.7111789 -0.06561973 -0.547345 -0.1306186 0.8266512 -0.9721258 -0.2224853 -0.07397209 -0.581751 0.4133313 0.7005162 -0.9400607 0.3358347 -0.05916766 -0.4518357 0.8030095 0.3886133 -0.6487841 0.7604209 -0.02897014 0.4783642 -0.4460174 0.7564629 0.3950028 -0.8209855 0.4122566 0.4247817 0.09187043 0.9006222 0.238251 0.6009952 0.7629162 -0.001100206 0.9061688 0.4229147 0.9400597 -0.3358379 0.05916701 0.6487811 -0.7604235 0.02896848 0.9721249 0.2224893 0.07397067 0.6999472 0.7111732 0.065624 0.2526875 0.9667363 0.03962214 0.5817524 -0.4133255 -0.7005185 0.4518319 -0.8030174 -0.3886012 0.5473427 0.1306199 -0.8266525 0.3416368 0.633683 -0.6940678 0.0557349 0.9241436 -0.3779579 -0.2382478 -0.6009954 -0.762917 0.001106289 -0.9061783 -0.4228944 -0.4247816 -0.09186575 -0.9006227 -0.4783716 0.4460107 -0.7564622 -0.395001 0.8209887 -0.4122521 0.2235343 -0.9746776 -0.006006726 -0.2235297 0.9746786 0.00601255 -0.1506574 -0.9667394 -0.206682 -0.7323496 -0.6336882 0.2492054 -0.3066743 -0.9241394 0.2278536 -0.4485325 -0.7111767 -0.5413375 -0.9715627 -0.1306203 0.1974947 -0.6350884 -0.2224849 -0.7397047 -0.9067027 0.413326 0.08397485 -0.6228867 0.335831 -0.7065619 -0.5942887 0.8030083 -0.04470628 -0.4382805 0.7604182 -0.4792434 -0.1966448 -0.4460223 0.8731523 -0.01220397 -0.8209848 0.5708197 -0.3364708 0.09186571 0.9372023 -0.3710001 0.6009983 0.7079266 -0.2998216 0.9061707 0.2982644 0.622884 -0.3358403 0.7065598 0.4382748 -0.7604223 0.4792423 0.6350914 0.2224884 0.7397012 0.4485346 0.7111748 0.5413382 0.1506614 0.9667374 0.2066879 0.9067008 -0.4133286 -0.08398254 0.5942767 -0.803017 0.0447094 0.9715617 0.1306213 -0.1974995 0.7323572 0.6336809 -0.2492017 0.3066703 0.9241419 -0.2278489 0.3709959 -0.6009929 -0.7079333 0.2998162 -0.9061766 -0.2982519 0.3364735 -0.09186655 -0.9372012 0.1966478 0.4460097 -0.873158 0.01219617 0.8209893 -0.5708134 0.1623132 -0.974677 0.1538156 -0.1623112 0.974678 -0.153811 0.03961204 -0.9667393 -0.2526778 -0.6940663 -0.6336861 -0.3416342 -0.3779686 -0.9241392 -0.05573637 0.06561824 -0.7111781 -0.6999429 -0.8266498 -0.1306209 -0.5473467 0.07397357 -0.2224851 -0.9721256 -0.7005177 0.4133262 -0.5817529 0.05917095 0.3358321 -0.9400615 -0.3886158 0.8030077 -0.4518367 0.02896613 0.7604175 -0.6487883 -0.7564612 -0.4460205 0.4783641 -0.4122596 -0.820987 0.3949966 -0.9006232 0.09186776 0.4247801 -0.7629178 0.6009957 0.2382448 -0.4229118 0.9061702 -0.001099868 -0.05916923 -0.3358423 0.940058 -0.02896827 -0.7604276 0.6487763 -0.07397176 0.222487 0.9721254 -0.06562439 0.7111795 0.6999408 -0.0396176 0.9667376 0.2526834 0.7005159 -0.4133308 0.5817518 0.3886045 -0.8030175 0.451829 0.8266525 0.130621 0.5473425 0.6940665 0.633685 0.3416358 0.3779577 0.9241436 0.05573659 0.7629156 -0.6009972 -0.2382481 0.4228968 -0.9061772 0.001108304 0.9006227 -0.09186257 -0.4247822 0.7564645 0.4460109 -0.4783677 0.4122494 0.8209896 -0.395002 0.00601106 -0.9746786 0.2235298 -0.006014579 0.9746784 -0.2235304 -0.0537901 -0.9765199 0.2086034 -0.6638402 -0.7045833 -0.2507562 -0.4967991 -0.8400291 0.2180408 0.1421095 -0.9528962 -0.2679434 -0.6448315 -0.3473286 -0.6808488 0.3106388 -0.6417039 -0.7012272 -0.4240054 0.1186288 -0.8978567 0.3819453 -0.1296864 -0.9150406 -0.101176 0.517938 -0.8494137 0.3418364 0.3814549 -0.8588598 -0.9258683 -0.1633003 0.3407359 -0.6408274 -0.5425007 0.5431696 -0.9554712 0.2943801 0.02037607 -0.6860387 0.6599181 -0.3063641 -0.245199 0.8154758 -0.5242869 -0.3819409 0.1296791 0.9150434 -0.3418408 -0.3814634 0.8588542 -0.310637 0.6417087 0.7012237 -0.1421124 0.9528945 0.2679479 0.05379266 0.9765208 -0.208599 0.4240123 -0.1186309 0.8978531 0.1011636 -0.5179486 0.8494087 0.6448341 0.3473267 0.6808473 0.6638418 0.7045798 0.2507617 0.4967954 0.8400301 -0.2180454 0.6860397 -0.6599176 0.306363 0.2451876 -0.8154782 0.5242884 0.9554719 -0.2943774 -0.02037836 0.9258703 0.1632895 -0.3407356 0.6408199 0.5425023 -0.5431768 -0.2232668 -0.7663391 0.6023921 0.2232586 0.76634 -0.6023942 0.03013555 -0.9765196 0.2133103 -0.7092674 -0.7045844 0.02237351 -0.3755385 -0.8400295 0.3915626 0.02875393 -0.952897 -0.3019283 -0.8562937 -0.3473307 -0.3822597 0.01865036 -0.641706 -0.7667239 -0.7353231 0.1186327 -0.6672528 0.002702088 -0.1296829 -0.9915519 -0.4185279 0.5179409 -0.7460373 -0.01285468 0.3814525 -0.9242991 -0.7249974 -0.1632978 0.6691133 -0.3841811 -0.5425003 0.7470598 -0.8749421 0.2943835 0.3844668 -0.7510576 0.6599181 -0.02050777 -0.4271734 0.8154768 -0.3905388 -0.002694894 0.1296798 0.9915522 0.01285079 -0.3814607 0.9242957 -0.01864451 0.6417097 0.7667209 -0.02875527 0.9528948 0.3019348 -0.03013709 0.976521 -0.2133038 0.7353273 -0.1186338 0.667248 0.4185179 -0.5179495 0.7460369 0.8562974 0.3473286 0.3822533 0.7092723 0.7045796 -0.02236835 0.3755336 0.8400307 -0.3915647 0.7510547 -0.6599213 0.02050813 0.4271615 -0.8154789 0.3905473 0.8749428 -0.2943771 -0.38447 0.7249985 0.1632894 -0.6691142 0.3841727 0.5424995 -0.7470647 0.02426238 -0.7663378 0.6419795 -0.02426544 0.7663383 -0.6419789 0.1094688 -0.9765196 0.1855428 -0.6467137 -0.704585 0.2920985 -0.1971141 -0.8400297 0.5054663 -0.088975 -0.9528974 -0.2899483 -0.9373968 -0.3473307 -0.02546977 -0.2761812 -0.6417059 -0.7154981 -0.934697 0.1186321 -0.3350641 -0.376956 -0.1296857 -0.9171073 -0.6721689 0.5179387 -0.5290826 -0.3655933 0.3814534 -0.8490199 -0.413751 -0.163298 0.8956248 -0.06904332 -0.5425027 0.837212 -0.661211 0.2943804 0.6900291 -0.7017342 0.6599182 0.2684717 -0.5441141 0.8154739 -0.1973379 0.3769587 0.12968 0.917107 0.365594 -0.381457 0.849018 0.2761855 0.6417093 0.7154933 0.08897821 0.9528941 0.289958 -0.1094714 0.9765209 -0.1855343 0.934699 -0.1186329 0.3350581 0.6721545 -0.5179486 0.5290914 0.9373977 0.3473285 0.02546347 0.6467199 0.7045819 -0.292092 0.1971025 0.8400325 -0.5054661 0.7017339 -0.6599193 -0.2684698 0.5441009 -0.815479 0.1973531 0.6612127 -0.294377 -0.6900289 0.4137517 0.1632894 -0.8956261 0.06903747 0.5425044 -0.8372113 0.2680898 -0.7663378 0.5838273 -0.268093 0.7663406 -0.5838221 0.1721389 -0.9765196 0.1295282 -0.4857072 -0.704584 0.5173489 0.01132249 -0.8400278 0.5424252 -0.1931649 -0.9528968 -0.2338267 -0.8757895 -0.3473282 0.3351951 -0.5289738 -0.641704 -0.5553403 -0.991771 0.1186312 0.04813552 -0.6992279 -0.1296809 -0.7030386 -0.8234755 0.517935 -0.2315843 -0.6626702 0.3814481 -0.6444887 -0.03951942 -0.1632994 0.9857848 0.2565824 -0.5425029 0.79991 -0.3468181 0.2943819 0.8905372 -0.5455815 0.6599163 0.5165765 -0.5782146 0.8154734 0.02590276 0.6992252 0.1296783 0.7030417 0.6626599 -0.3814633 0.6444902 0.5289712 0.6417096 0.5553362 0.1931653 0.952895 0.2338338 -0.1721395 0.9765205 -0.1295209 0.9917704 -0.118634 -0.04814057 0.8234656 -0.5179483 0.2315901 0.8757867 0.3473294 -0.3352012 0.485713 0.7045824 -0.5173457 -0.01132975 0.8400297 -0.5424222 0.5455767 -0.6599221 -0.5165743 0.5782075 -0.8154789 -0.02588779 0.3468131 -0.294377 -0.8905408 0.03951211 0.1632949 -0.9857858 -0.2565993 0.5424985 -0.7999076 0.4710971 -0.7663401 0.4367957 -0.4711033 0.7663358 -0.4367964 0.2133101 -0.9765198 -0.03013183 0.02237146 -0.7045826 0.7092692 0.3915554 -0.8400305 0.3755438 -0.3019284 -0.9528968 -0.0287551 -0.3822581 -0.3473301 0.8562946 -0.7667248 -0.6417049 -0.01864982 -0.6672513 0.1186291 0.7353249 -0.9915519 -0.1296822 -0.002699796 -0.7460398 0.5179361 0.4185294 -0.9242986 0.3814536 0.01285602 0.6691112 -0.1632987 0.7249991 0.7470592 -0.5424994 0.3841835 0.3844676 0.2943785 0.8749434 -0.02051013 0.6599162 0.7510592 -0.3905438 0.8154738 0.4271745 0.9915525 0.1296778 0.002697241 0.9242969 -0.3814577 -0.01285532 0.7667218 0.6417087 0.01864376 0.3019334 0.9528953 0.02875566 -0.2133032 0.9765212 0.03013527 0.6672467 -0.1186322 -0.7353287 0.7460381 -0.5179467 -0.4185192 0.38225 0.3473294 -0.8562986 -0.02236751 0.7045785 -0.7092735 -0.3915615 0.8400303 -0.3755379 0.02050734 -0.6599195 -0.7510564 0.3905532 -0.8154766 -0.4271606 -0.3844696 -0.2943744 -0.8749439 -0.6691126 0.1632906 -0.7249997 -0.7470621 0.5425007 -0.3841759 0.6419806 -0.7663369 -0.02426196 -0.6419786 0.7663386 0.02426104 0.2086065 -0.9765192 0.05379074 -0.2507564 -0.7045824 0.663841 0.2180422 -0.8400289 0.4967989 -0.2679416 -0.952897 -0.1421081 -0.6808499 -0.3473277 0.6448309 -0.7012257 -0.6417047 -0.3106406 -0.8978565 0.118632 0.4240049 -0.9150423 -0.129682 -0.3819425 -0.849413 0.5179394 0.1011741 -0.858859 0.3814566 -0.3418363 0.3407339 -0.1632972 0.9258696 0.5431761 -0.5424993 0.6408231 0.02037637 0.2943816 0.9554707 -0.3063659 0.6599172 0.6860387 -0.5242865 0.8154743 0.2452045 0.9150431 0.1296778 0.3819421 0.858858 -0.3814595 0.3418355 0.7012241 0.6417086 0.3106361 0.2679459 0.9528949 0.1421136 -0.2085999 0.976521 -0.05378539 0.8978544 -0.1186348 -0.4240084 0.8494092 -0.5179476 -0.101165 0.6808453 0.3473282 -0.6448355 0.2507593 0.7045799 -0.6638425 -0.2180492 0.8400298 -0.4967942 0.3063636 -0.6599204 -0.6860368 0.5242907 -0.8154762 -0.2451894 -0.02037998 -0.2943771 -0.9554721 -0.3407368 0.1632901 -0.9258698 -0.543181 0.542501 -0.6408175 0.6023995 -0.7663363 0.2232569 -0.6023957 0.7663391 -0.2232575 0.05379149 -0.9765199 -0.2086035 0.6638406 -0.7045836 0.250754 0.4967995 -0.8400294 -0.2180387 -0.142109 -0.9528969 0.2679414 0.6448296 -0.3473277 0.6808511 -0.3106416 -0.6417047 0.7012253 0.4240066 0.1186307 0.8978558 -0.3819419 -0.1296817 0.9150426 0.1011783 0.5179343 0.8494157 -0.3418338 0.3814496 0.8588631 0.9258685 -0.1632989 -0.3407358 0.6408219 -0.542502 -0.5431748 0.9554704 0.2943825 -0.02037507 0.6860396 0.6599164 0.3063657 0.2452062 0.8154732 0.5242875 0.3819423 0.1296769 -0.9150431 0.3418325 -0.3814596 -0.8588592 0.3106356 0.6417096 -0.7012235 0.1421134 0.9528949 -0.2679462 -0.05378963 0.9765208 0.2085995 -0.4240106 -0.1186345 -0.8978534 -0.1011662 -0.517946 -0.84941 -0.6448346 0.347328 -0.6808462 -0.6638412 0.7045804 -0.2507614 -0.4967968 0.84003 0.2180427 -0.6860383 -0.6599192 -0.3063628 -0.2451899 -0.8154769 -0.5242894 -0.9554721 -0.2943771 0.02037751 -0.9258695 0.163291 0.340737 -0.6408184 0.5425006 0.5431802 0.223259 -0.7663368 -0.602398 -0.2232615 0.7663366 0.6023973 -0.0301313 -0.9765195 -0.2133117 0.7092666 -0.7045852 -0.02237502 0.3755456 -0.8400277 -0.3915596 -0.02875458 -0.9528971 0.3019277 0.8562954 -0.3473276 0.3822587 -0.01864732 -0.6417038 0.7667258 0.7353247 0.1186318 0.6672511 -0.002695826 -0.1296825 0.9915519 0.4185289 0.5179369 0.7460395 0.01285639 0.3814496 0.9243003 0.7249972 -0.1633003 -0.6691129 0.3841818 -0.5425017 -0.7470584 0.8749436 0.2943791 -0.3844667 0.7510597 0.6599157 0.02050832 0.4271759 0.8154741 0.3905416 0.002700383 0.1296775 -0.9915525 -0.01285455 -0.3814606 -0.9242957 0.01864778 0.6417075 -0.7667228 0.02875849 0.9528943 -0.3019363 0.0301362 0.9765206 0.2133057 -0.7353257 -0.1186342 -0.6672496 -0.4185182 -0.5179493 -0.7460369 -0.8562971 0.3473287 -0.382254 -0.7092724 0.7045796 0.02236668 -0.375535 0.8400312 0.3915623 -0.7510552 -0.6599208 -0.02050841 -0.427162 -0.815478 -0.3905487 -0.8749429 -0.2943767 0.3844702 -0.7249976 0.1632902 0.6691149 -0.384171 0.542501 0.7470645 -0.02426008 -0.7663383 -0.6419789 0.02426302 0.7663376 0.6419797 -0.1094698 -0.9765194 -0.185543 0.6467155 -0.7045844 -0.2920958 0.1971108 -0.8400297 -0.5054675 0.08897545 -0.9528971 0.289949 0.9373974 -0.347329 0.02547016 0.2761824 -0.6417053 0.7154981 0.9346977 0.1186331 0.3350616 0.3769574 -0.129682 0.9171073 0.6721697 0.5179372 0.5290831 0.365595 0.3814522 0.8490198 0.4137509 -0.1632981 -0.8956249 0.06904673 -0.5425009 -0.8372129 0.661211 0.2943807 -0.6900291 0.7017354 0.6599178 -0.2684697 0.5441127 0.8154741 0.1973408 -0.3769609 0.129678 -0.9171063 -0.3655905 -0.3814591 -0.8490186 -0.2761886 0.6417072 -0.715494 -0.08897781 0.9528948 -0.2899559 0.109473 0.9765204 0.1855359 -0.9346986 -0.1186344 -0.3350587 -0.6721581 -0.5179473 -0.5290881 -0.9373981 0.3473274 -0.02546479 -0.6467234 0.7045789 0.2920913 -0.1971027 0.8400299 0.5054705 -0.7017338 -0.6599196 0.2684693 -0.5441042 -0.8154766 -0.1973541 -0.6612133 -0.2943761 0.6900288 -0.4137551 0.1632896 0.8956245 -0.06903977 0.5424994 0.8372144 -0.2680924 -0.7663371 -0.583827 0.2680956 0.7663363 0.5838266 -0.1721402 -0.9765195 -0.1295274 0.4857043 -0.7045845 -0.5173509 -0.01132523 -0.8400288 -0.5424235 0.1931629 -0.9528969 0.2338282 0.8757885 -0.3473296 -0.3351966 0.5289707 -0.6417045 0.5553426 0.991771 0.118631 -0.04813568 0.6992264 -0.1296842 0.7030395 0.8234755 0.517936 0.2315823 0.6626704 0.3814518 0.6444862 0.03951304 -0.1632997 -0.9857849 -0.2565972 -0.5424997 -0.7999075 0.3468176 0.2943792 -0.8905383 0.5455822 0.6599167 -0.5165752 0.5782129 0.8154746 -0.02590371 -0.6992254 0.1296771 -0.7030417 -0.662668 -0.381457 -0.6444856 -0.5289701 0.6417087 -0.5553382 -0.1931641 0.9528953 -0.2338334 0.1721368 0.976521 0.1295207 -0.9917705 -0.1186331 0.04813964 -0.8234665 -0.517947 -0.2315899 -0.8757871 0.3473282 0.3352014 -0.4857146 0.7045797 0.5173478 0.01133286 0.8400303 0.5424211 -0.5455779 -0.659919 0.5165769 -0.5782109 -0.8154765 0.02588976 -0.346816 -0.2943766 0.8905398 -0.03951526 0.1632881 0.9857867 0.2566021 0.5425012 0.7999048 -0.471106 -0.7663371 -0.4367913 0.4711032 0.7663387 0.4367915 -0.2086035 -0.9765198 -0.05379346 0.2507528 -0.704584 -0.6638407 -0.2180398 -0.8400289 -0.4967999 0.2679407 -0.9528974 0.1421067 0.6808499 -0.3473285 -0.6448304 0.7012253 -0.6417053 0.3106403 0.8978558 0.1186317 -0.4240065 0.9150433 -0.1296829 0.38194 0.8494145 0.5179367 -0.1011755 0.8588619 0.3814519 0.3418345 -0.3407369 -0.1632996 -0.925868 -0.543173 -0.5425014 -0.640824 -0.02037359 0.2943804 -0.9554711 0.3063672 0.6599165 -0.6860389 0.5242887 0.8154725 -0.2452059 -0.9150426 0.1296778 -0.3819433 -0.8588574 -0.3814593 -0.3418374 -0.7012225 0.6417093 -0.3106383 -0.2679432 0.9528955 -0.1421147 0.2086015 0.9765206 0.0537864 -0.897854 -0.118633 0.42401 -0.849408 -0.5179492 0.1011661 -0.6808464 0.3473301 0.6448333 -0.2507622 0.7045807 0.6638407 0.2180444 0.8400305 0.4967951 -0.3063637 -0.6599203 0.6860368 -0.5242863 -0.815479 0.2451895 0.02037704 -0.2943752 0.9554726 0.3407369 0.1632914 0.9258695 0.5431803 0.5425007 0.6408183 -0.6023945 -0.7663392 -0.2232601 0.6023968 0.7663376 0.2232597 -0.2133102 -0.9765198 0.03013079 -0.02237298 -0.7045826 -0.7092692 -0.3915609 -0.8400286 -0.3755423 0.3019288 -0.9528967 0.0287545 0.3822625 -0.3473263 -0.8562943 0.7667264 -0.6417031 0.018649 0.6672523 0.118631 -0.7353237 0.9915521 -0.1296814 0.002699297 0.746039 0.5179362 -0.4185307 0.9242994 0.3814516 -0.01285705 -0.669111 -0.1632981 -0.7249995 -0.7470604 -0.5424984 -0.3841826 -0.3844654 0.2943798 -0.8749439 0.02050924 0.659916 -0.7510594 0.390543 0.8154736 -0.4271756 -0.9915525 0.1296781 -0.002700352 -0.9242966 -0.3814586 0.01285252 -0.7667224 0.641708 -0.01864517 -0.3019366 0.9528942 -0.02875668 0.2133047 0.9765208 -0.03013653 -0.6672477 -0.1186328 0.7353276 -0.7460369 -0.5179476 0.4185203 -0.3822531 0.3473296 0.8562971 0.02236902 0.7045788 0.709273 0.3915652 0.8400286 0.3755377 -0.0205079 -0.6599202 0.7510558 -0.3905486 -0.8154781 0.427162 0.3844686 -0.2943759 0.8749438 0.6691141 0.1632901 0.7249984 0.7470648 0.5424972 0.3841758 -0.6419807 -0.7663369 0.02426063 0.6419811 0.7663365 -0.02426335 -0.1855398 -0.9765201 0.109469 -0.2920952 -0.7045835 -0.6467167 -0.5054672 -0.8400297 -0.1971118 0.2899487 -0.952897 -0.08897747 0.02546989 -0.3473241 -0.9373992 0.7154965 -0.6417049 -0.2761876 0.3350619 0.118635 -0.9346974 0.917105 -0.1296814 -0.3769631 0.5290863 0.5179352 -0.6721687 0.8490192 0.3814527 -0.3655957 -0.8956239 -0.163298 -0.413753 -0.837212 -0.542502 -0.06904837 -0.690026 0.294382 -0.6612136 -0.2684646 0.6599183 -0.7017368 0.197347 0.8154724 -0.544113 -0.9171072 0.1296794 0.3769585 -0.8490177 -0.3814604 0.365591 -0.7154943 0.6417083 0.2761855 -0.2899565 0.9528949 0.08897515 0.1855371 0.9765202 -0.1094722 -0.335059 -0.1186337 0.9346986 -0.5290877 -0.5179467 0.6721588 -0.02546619 0.3473263 0.9373985 0.2920916 0.7045804 0.6467217 0.5054702 0.8400297 0.1971039 0.2684667 -0.6599216 0.701733 -0.1973523 -0.8154776 0.5441033 0.6900281 -0.2943798 0.6612124 0.8956262 0.1632891 0.4137516 0.8372142 0.5424995 0.06904061 -0.5838252 -0.7663386 0.2680917 0.5838287 0.766336 -0.2680918 -0.1295239 -0.9765198 0.1721414 -0.5173507 -0.7045826 -0.4857073 -0.5424201 -0.840031 0.01132782 0.233828 -0.9528967 -0.193164 -0.3351959 -0.3473268 -0.8757898 0.555339 -0.6417058 -0.5289729 -0.04813666 0.1186328 -0.9917707 0.7030393 -0.1296837 -0.6992266 0.2315841 0.5179412 -0.8234718 0.6444891 0.3814508 -0.6626682 -0.9857852 -0.1632974 -0.0395161 -0.7999077 -0.5425009 0.2565939 -0.8905356 0.2943835 -0.3468209 -0.5165737 0.6599187 -0.5455812 -0.0259088 0.8154758 -0.5782109 -0.7030413 0.1296793 0.6992254 -0.6444871 -0.3814594 0.6626651 -0.5553383 0.64171 0.5289685 -0.2338352 0.9528944 0.1931663 0.1295168 0.9765211 -0.1721392 0.0481419 -0.1186352 0.9917701 -0.2315852 -0.5179477 0.8234673 0.3352002 0.3473278 0.8757878 0.5173451 0.7045807 0.4857159 0.5424178 0.8400325 -0.01133077 0.5165777 -0.65992 0.5455758 0.025894 -0.8154764 0.5782109 0.8905393 -0.2943783 0.3468157 0.9857863 0.1632911 0.03951561 0.7999038 0.5425026 -0.2566026 -0.4367894 -0.7663382 0.4711058 0.4367892 0.7663399 -0.4711033</float_array>
                    <technique_common>
                        <accessor count="768" offset="0" source="buill_maru_0-geometry-NORMAL-array" stride="3">
                            <param name="X" type="float" />
                            <param name="Y" type="float" />
                            <param name="Z" type="float" />
                        </accessor>
                    </technique_common>
                </source>
                <source id="buill_maru_0-geometry-TEXCOORD">
                    <float_array id="buill_maru_0-geometry-TEXCOORD-array" count="94">0 0.1666667 0.1666667 0.3333334 0.1666667 0.1666667 0 0.3333334 0.1666667 0.5 0 0.5 0.1666667 0.6666667 0 0.6666667 0.1666667 0.8333334 0 0.8333334 0.3333333 0.3333334 0.3333333 0.1666667 0.3333333 0.5 0.3333333 0.6666667 0.3333333 0.8333334 0.5 0.3333334 0.5 0.1666667 0.5 0.5 0.5 0.6666667 0.5 0.8333334 0.6666667 0.3333334 0.6666667 0.1666667 0.6666667 0.5 0.6666667 0.6666667 0.6666667 0.8333334 0.8333334 0.3333334 0.8333334 0.1666667 0.8333334 0.5 0.8333334 0.6666667 0.8333334 0.8333334 1 0.3333334 1 0.1666667 1 0.5 1 0.6666667 1 0.8333334 0.08333334 0 0.25 0 0.4166667 0 0.5833334 0 0.75 0 0.9166667 0 0.08333334 1 0.25 1 0.4166667 1 0.5833334 1 0.75 1 0.9166667 1</float_array>
                    <technique_common>
                        <accessor count="47" offset="0" source="buill_maru_0-geometry-TEXCOORD-array" stride="2">
                            <param name="S" type="float" />
                            <param name="T" type="float" />
                        </accessor>
                    </technique_common>
                </source>
                <source id="buill_maru_0-geometry-COLOR">
                    <float_array id="buill_maru_0-geometry-COLOR-array" count="12">0.6196079 0.6156863 0.6117647 1 0.972549 0.972549 0.9529412 1 0.6901961 0.6705883 0.6156863 1</float_array>
                    <technique_common>
                        <accessor count="3" offset="0" source="buill_maru_0-geometry-COLOR-array" stride="4">
                            <param name="R" type="double" />
                            <param name="G" type="double" />
                            <param name="B" type="double" />
                            <param name="A" type="double" />
                        </accessor>
                    </technique_common>
                </source>
                <vertices id="buill_maru_0-vertices">
                    <input semantic="POSITION" source="#buill_maru_0-geometry-POSITION" />
                </vertices>
                <triangles count="1440" material="light_s1">
                    <input semantic="VERTEX" source="#buill_maru_0-vertices" offset="0" set="0" />
                    <input semantic="NORMAL" source="#buill_maru_0-geometry-NORMAL" offset="1" set="0" />
                    <input semantic="TEXCOORD" source="#buill_maru_0-geometry-TEXCOORD" offset="2" set="0" />
                    <input semantic="COLOR" source="#buill_maru_0-geometry-COLOR" offset="3" set="0" />
                    <p>2 2 2 0 1 1 1 0 0 0 0 0 5 0 0 0 4 1 1 0 3 3 3 0 8 1 1 0 7 4 4 0 6 3 3 0 11 3 3 0 10 4 4 0 9 5 5 0 14 4 4 0 13 6 6 1 12 5 5 0 17 5 5 0 16 6 6 1 15 7 7 1 20 6 6 1 19 8 8 1 18 7 7 1 23 7 7 1 22 8 8 1 21 9 9 1 26 11 11 0 25 10 10 0 24 2 2 0 29 2 2 0 28 10 10 0 27 1 1 0 32 10 10 0 31 12 12 1 30 1 1 0 35 1 1 0 34 12 12 1 33 4 4 0 38 12 12 1 37 13 13 1 36 4 4 0 41 4 4 0 40 13 13 1 39 6 6 1 44 13 13 1 43 14 14 1 42 6 6 1 47 6 6 1 46 14 14 1 45 8 8 1 50 16 16 0 49 15 15 0 48 11 11 0 53 11 11 0 52 15 15 0 51 10 10 0 56 15 15 0 55 17 17 1 54 10 10 0 59 10 10 0 58 17 17 1 57 12 12 1 62 17 17 1 61 18 18 1 60 12 12 1 65 12 12 1 64 18 18 1 63 13 13 1 68 18 18 1 67 19 19 1 66 13 13 1 71 13 13 1 70 19 19 1 69 14 14 1 74 21 21 0 73 20 20 0 72 16 16 0 77 16 16 0 76 20 20 0 75 15 15 0 80 20 20 0 79 22 22 0 78 15 15 0 83 15 15 0 82 22 22 0 81 17 17 1 86 22 22 0 85 23 23 1 84 17 17 1 89 17 17 1 88 23 23 1 87 18 18 1 92 23 23 1 91 24 24 1 90 18 18 1 95 18 18 1 94 24 24 1 93 19 19 1 98 26 26 0 97 25 25 0 96 21 21 0 101 21 21 0 100 25 25 0 99 20 20 0 104 25 25 0 103 27 27 0 102 20 20 0 107 20 20 0 106 27 27 0 105 22 22 0 110 27 27 0 109 28 28 1 108 22 22 0 113 22 22 0 112 28 28 1 111 23 23 1 116 28 28 1 115 29 29 1 114 23 23 1 119 23 23 1 118 29 29 1 117 24 24 1 122 0 31 0 121 3 30 0 120 26 26 0 125 26 26 0 124 3 30 0 123 25 25 0 128 3 30 0 127 5 32 0 126 25 25 0 131 25 25 0 130 5 32 0 129 27 27 0 134 5 32 0 133 7 33 1 132 27 27 0 137 27 27 0 136 7 33 1 135 28 28 1 140 7 33 1 139 9 34 1 138 28 28 1 143 28 28 1 142 9 34 1 141 29 29 1 146 2 2 0 145 0 0 0 144 30 35 0 149 11 11 0 148 2 2 0 147 30 36 0 152 16 16 0 151 11 11 0 150 30 37 0 155 21 21 0 154 16 16 0 153 30 38 0 158 26 26 0 157 21 21 0 156 30 39 0 161 0 31 0 160 26 26 0 159 30 40 0 164 9 9 1 163 8 8 1 162 31 41 1 167 8 8 1 166 14 14 1 165 31 42 1 170 14 14 1 169 19 19 1 168 31 43 1 173 19 19 1 172 24 24 1 171 31 44 1 176 24 24 1 175 29 29 1 174 31 45 1 179 29 29 1 178 9 34 1 177 31 46 1 182 34 2 0 181 33 1 0 180 32 0 0 185 32 0 0 184 33 1 0 183 35 3 0 188 33 1 0 187 36 4 1 186 35 3 0 191 35 3 0 190 36 4 1 189 37 5 0 194 36 4 1 193 38 6 1 192 37 5 0 197 37 5 0 196 38 6 1 195 39 7 1 200 38 6 1 199 40 8 1 198 39 7 1 203 39 7 1 202 40 8 1 201 41 9 1 206 43 11 0 205 42 10 0 204 34 2 0 209 34 2 0 208 42 10 0 207 33 1 0 212 42 10 0 211 44 12 1 210 33 1 0 215 33 1 0 214 44 12 1 213 36 4 1 218 44 12 1 217 45 13 1 216 36 4 1 221 36 4 1 220 45 13 1 219 38 6 1 224 45 13 1 223 46 14 1 222 38 6 1 227 38 6 1 226 46 14 1 225 40 8 1 230 48 16 0 229 47 15 0 228 43 11 0 233 43 11 0 232 47 15 0 231 42 10 0 236 47 15 0 235 49 17 1 234 42 10 0 239 42 10 0 238 49 17 1 237 44 12 1 242 49 17 1 241 50 18 1 240 44 12 1 245 44 12 1 244 50 18 1 243 45 13 1 248 50 18 1 247 51 19 1 246 45 13 1 251 45 13 1 250 51 19 1 249 46 14 1 254 53 21 0 253 52 20 0 252 48 16 0 257 48 16 0 256 52 20 0 255 47 15 0 260 52 20 0 259 54 22 0 258 47 15 0 263 47 15 0 262 54 22 0 261 49 17 1 266 54 22 0 265 55 23 1 264 49 17 1 269 49 17 1 268 55 23 1 267 50 18 1 272 55 23 1 271 56 24 1 270 50 18 1 275 50 18 1 274 56 24 1 273 51 19 1 278 58 26 0 277 57 25 0 276 53 21 0 281 53 21 0 280 57 25 0 279 52 20 0 284 57 25 0 283 59 27 0 282 52 20 0 287 52 20 0 286 59 27 0 285 54 22 0 290 59 27 0 289 60 28 1 288 54 22 0 293 54 22 0 292 60 28 1 291 55 23 1 296 60 28 1 295 61 29 1 294 55 23 1 299 55 23 1 298 61 29 1 297 56 24 1 302 32 31 0 301 35 30 0 300 58 26 0 305 58 26 0 304 35 30 0 303 57 25 0 308 35 30 0 307 37 32 0 306 57 25 0 311 57 25 0 310 37 32 0 309 59 27 0 314 37 32 0 313 39 33 1 312 59 27 0 317 59 27 0 316 39 33 1 315 60 28 1 320 39 33 1 319 41 34 1 318 60 28 1 323 60 28 1 322 41 34 1 321 61 29 1 326 34 2 0 325 32 0 0 324 62 35 0 329 43 11 0 328 34 2 0 327 62 36 0 332 48 16 0 331 43 11 0 330 62 37 0 335 53 21 0 334 48 16 0 333 62 38 0 338 58 26 0 337 53 21 0 336 62 39 0 341 32 31 0 340 58 26 0 339 62 40 0 344 41 9 1 343 40 8 1 342 63 41 1 347 40 8 1 346 46 14 1 345 63 42 1 350 46 14 1 349 51 19 1 348 63 43 1 353 51 19 1 352 56 24 1 351 63 44 1 356 56 24 1 355 61 29 1 354 63 45 1 359 61 29 1 358 41 34 1 357 63 46 1 362 66 2 0 361 65 1 0 360 64 0 0 365 64 0 0 364 65 1 0 363 67 3 0 368 65 1 0 367 68 4 1 366 67 3 0 371 67 3 0 370 68 4 1 369 69 5 1 374 68 4 1 373 70 6 1 372 69 5 1 377 69 5 1 376 70 6 1 375 71 7 1 380 70 6 1 379 72 8 1 378 71 7 1 383 71 7 1 382 72 8 1 381 73 9 1 386 75 11 0 385 74 10 0 384 66 2 0 389 66 2 0 388 74 10 0 387 65 1 0 392 74 10 0 391 76 12 1 390 65 1 0 395 65 1 0 394 76 12 1 393 68 4 1 398 76 12 1 397 77 13 1 396 68 4 1 401 68 4 1 400 77 13 1 399 70 6 1 404 77 13 1 403 78 14 1 402 70 6 1 407 70 6 1 406 78 14 1 405 72 8 1 410 80 16 0 409 79 15 0 408 75 11 0 413 75 11 0 412 79 15 0 411 74 10 0 416 79 15 0 415 81 17 0 414 74 10 0 419 74 10 0 418 81 17 0 417 76 12 1 422 81 17 0 421 82 18 1 420 76 12 1 425 76 12 1 424 82 18 1 423 77 13 1 428 82 18 1 427 83 19 1 426 77 13 1 431 77 13 1 430 83 19 1 429 78 14 1 434 85 21 0 433 84 20 0 432 80 16 0 437 80 16 0 436 84 20 0 435 79 15 0 440 84 20 0 439 86 22 0 438 79 15 0 443 79 15 0 442 86 22 0 441 81 17 0 446 86 22 0 445 87 23 1 444 81 17 0 449 81 17 0 448 87 23 1 447 82 18 1 452 87 23 1 451 88 24 1 450 82 18 1 455 82 18 1 454 88 24 1 453 83 19 1 458 90 26 0 457 89 25 0 456 85 21 0 461 85 21 0 460 89 25 0 459 84 20 0 464 89 25 0 463 91 27 0 462 84 20 0 467 84 20 0 466 91 27 0 465 86 22 0 470 91 27 0 469 92 28 1 468 86 22 0 473 86 22 0 472 92 28 1 471 87 23 1 476 92 28 1 475 93 29 1 474 87 23 1 479 87 23 1 478 93 29 1 477 88 24 1 482 64 31 0 481 67 30 0 480 90 26 0 485 90 26 0 484 67 30 0 483 89 25 0 488 67 30 0 487 69 32 1 486 89 25 0 491 89 25 0 490 69 32 1 489 91 27 0 494 69 32 1 493 71 33 1 492 91 27 0 497 91 27 0 496 71 33 1 495 92 28 1 500 71 33 1 499 73 34 1 498 92 28 1 503 92 28 1 502 73 34 1 501 93 29 1 506 66 2 0 505 64 0 0 504 94 35 0 509 75 11 0 508 66 2 0 507 94 36 0 512 80 16 0 511 75 11 0 510 94 37 0 515 85 21 0 514 80 16 0 513 94 38 0 518 90 26 0 517 85 21 0 516 94 39 0 521 64 31 0 520 90 26 0 519 94 40 0 524 73 9 1 523 72 8 1 522 95 41 1 527 72 8 1 526 78 14 1 525 95 42 1 530 78 14 1 529 83 19 1 528 95 43 1 533 83 19 1 532 88 24 1 531 95 44 1 536 88 24 1 535 93 29 1 534 95 45 1 539 93 29 1 538 73 34 1 537 95 46 1 542 98 2 0 541 97 1 0 540 96 0 0 545 96 0 0 544 97 1 0 543 99 3 0 548 97 1 0 547 100 4 1 546 99 3 0 551 99 3 0 550 100 4 1 549 101 5 1 554 100 4 1 553 102 6 1 552 101 5 1 557 101 5 1 556 102 6 1 555 103 7 1 560 102 6 1 559 104 8 1 558 103 7 1 563 103 7 1 562 104 8 1 561 105 9 1 566 107 11 0 565 106 10 0 564 98 2 0 569 98 2 0 568 106 10 0 567 97 1 0 572 106 10 0 571 108 12 0 570 97 1 0 575 97 1 0 574 108 12 0 573 100 4 1 578 108 12 0 577 109 13 1 576 100 4 1 581 100 4 1 580 109 13 1 579 102 6 1 584 109 13 1 583 110 14 1 582 102 6 1 587 102 6 1 586 110 14 1 585 104 8 1 590 112 16 0 589 111 15 0 588 107 11 0 593 107 11 0 592 111 15 0 591 106 10 0 596 111 15 0 595 113 17 0 594 106 10 0 599 106 10 0 598 113 17 0 597 108 12 0 602 113 17 0 601 114 18 1 600 108 12 0 605 108 12 0 604 114 18 1 603 109 13 1 608 114 18 1 607 115 19 1 606 109 13 1 611 109 13 1 610 115 19 1 609 110 14 1 614 117 21 0 613 116 20 0 612 112 16 0 617 112 16 0 616 116 20 0 615 111 15 0 620 116 20 0 619 118 22 0 618 111 15 0 623 111 15 0 622 118 22 0 621 113 17 0 626 118 22 0 625 119 23 1 624 113 17 0 629 113 17 0 628 119 23 1 627 114 18 1 632 119 23 1 631 120 24 1 630 114 18 1 635 114 18 1 634 120 24 1 633 115 19 1 638 122 26 0 637 121 25 0 636 117 21 0 641 117 21 0 640 121 25 0 639 116 20 0 644 121 25 0 643 123 27 1 642 116 20 0 647 116 20 0 646 123 27 1 645 118 22 0 650 123 27 1 649 124 28 1 648 118 22 0 653 118 22 0 652 124 28 1 651 119 23 1 656 124 28 1 655 125 29 1 654 119 23 1 659 119 23 1 658 125 29 1 657 120 24 1 662 96 31 0 661 99 30 0 660 122 26 0 665 122 26 0 664 99 30 0 663 121 25 0 668 99 30 0 667 101 32 1 666 121 25 0 671 121 25 0 670 101 32 1 669 123 27 1 674 101 32 1 673 103 33 1 672 123 27 1 677 123 27 1 676 103 33 1 675 124 28 1 680 103 33 1 679 105 34 1 678 124 28 1 683 124 28 1 682 105 34 1 681 125 29 1 686 98 2 0 685 96 0 0 684 126 35 0 689 107 11 0 688 98 2 0 687 126 36 0 692 112 16 0 691 107 11 0 690 126 37 0 695 117 21 0 694 112 16 0 693 126 38 0 698 122 26 0 697 117 21 0 696 126 39 0 701 96 31 0 700 122 26 0 699 126 40 0 704 105 9 1 703 104 8 1 702 127 41 1 707 104 8 1 706 110 14 1 705 127 42 1 710 110 14 1 709 115 19 1 708 127 43 1 713 115 19 1 712 120 24 1 711 127 44 1 716 120 24 1 715 125 29 1 714 127 45 1 719 125 29 1 718 105 34 1 717 127 46 1 722 130 2 0 721 129 1 0 720 128 0 0 725 128 0 0 724 129 1 0 723 131 3 0 728 129 1 0 727 132 4 0 726 131 3 0 731 131 3 0 730 132 4 0 729 133 5 0 734 132 4 0 733 134 6 0 732 133 5 0 737 133 5 0 736 134 6 0 735 135 7 0 740 134 6 0 739 136 8 1 738 135 7 0 743 135 7 0 742 136 8 1 741 137 9 0 746 139 11 0 745 138 10 0 744 130 2 0 749 130 2 0 748 138 10 0 747 129 1 0 752 138 10 0 751 140 12 1 750 129 1 0 755 129 1 0 754 140 12 1 753 132 4 0 758 140 12 1 757 141 13 1 756 132 4 0 761 132 4 0 760 141 13 1 759 134 6 0 764 141 13 1 763 142 14 1 762 134 6 0 767 134 6 0 766 142 14 1 765 136 8 1 770 144 16 0 769 143 15 1 768 139 11 0 773 139 11 0 772 143 15 1 771 138 10 0 776 143 15 1 775 145 17 1 774 138 10 0 779 138 10 0 778 145 17 1 777 140 12 1 782 145 17 1 781 146 18 1 780 140 12 1 785 140 12 1 784 146 18 1 783 141 13 1 788 146 18 1 787 147 19 1 786 141 13 1 791 141 13 1 790 147 19 1 789 142 14 1 794 149 21 0 793 148 20 1 792 144 16 0 797 144 16 0 796 148 20 1 795 143 15 1 800 148 20 1 799 150 22 1 798 143 15 1 803 143 15 1 802 150 22 1 801 145 17 1 806 150 22 1 805 151 23 1 804 145 17 1 809 145 17 1 808 151 23 1 807 146 18 1 812 151 23 1 811 152 24 1 810 146 18 1 815 146 18 1 814 152 24 1 813 147 19 1 818 154 26 0 817 153 25 0 816 149 21 0 821 149 21 0 820 153 25 0 819 148 20 1 824 153 25 0 823 155 27 0 822 148 20 1 827 148 20 1 826 155 27 0 825 150 22 1 830 155 27 0 829 156 28 0 828 150 22 1 833 150 22 1 832 156 28 0 831 151 23 1 836 156 28 0 835 157 29 1 834 151 23 1 839 151 23 1 838 157 29 1 837 152 24 1 842 128 31 0 841 131 30 0 840 154 26 0 845 154 26 0 844 131 30 0 843 153 25 0 848 131 30 0 847 133 32 0 846 153 25 0 851 153 25 0 850 133 32 0 849 155 27 0 854 133 32 0 853 135 33 0 852 155 27 0 857 155 27 0 856 135 33 0 855 156 28 0 860 135 33 0 859 137 34 0 858 156 28 0 863 156 28 0 862 137 34 0 861 157 29 1 866 130 2 0 865 128 0 0 864 158 35 0 869 139 11 0 868 130 2 0 867 158 36 0 872 144 16 0 871 139 11 0 870 158 37 0 875 149 21 0 874 144 16 0 873 158 38 0 878 154 26 0 877 149 21 0 876 158 39 0 881 128 31 0 880 154 26 0 879 158 40 0 884 137 9 0 883 136 8 1 882 159 41 1 887 136 8 1 886 142 14 1 885 159 42 1 890 142 14 1 889 147 19 1 888 159 43 1 893 147 19 1 892 152 24 1 891 159 44 1 896 152 24 1 895 157 29 1 894 159 45 1 899 157 29 1 898 137 34 0 897 159 46 1 902 162 2 0 901 161 1 0 900 160 0 0 905 160 0 0 904 161 1 0 903 163 3 0 908 161 1 0 907 164 4 0 906 163 3 0 911 163 3 0 910 164 4 0 909 165 5 0 914 164 4 0 913 166 6 0 912 165 5 0 917 165 5 0 916 166 6 0 915 167 7 0 920 166 6 0 919 168 8 1 918 167 7 0 923 167 7 0 922 168 8 1 921 169 9 0 926 171 11 0 925 170 10 1 924 162 2 0 929 162 2 0 928 170 10 1 927 161 1 0 932 170 10 1 931 172 12 1 930 161 1 0 935 161 1 0 934 172 12 1 933 164 4 0 938 172 12 1 937 173 13 1 936 164 4 0 941 164 4 0 940 173 13 1 939 166 6 0 944 173 13 1 943 174 14 1 942 166 6 0 947 166 6 0 946 174 14 1 945 168 8 1 950 176 16 0 949 175 15 1 948 171 11 0 953 171 11 0 952 175 15 1 951 170 10 1 956 175 15 1 955 177 17 1 954 170 10 1 959 170 10 1 958 177 17 1 957 172 12 1 962 177 17 1 961 178 18 1 960 172 12 1 965 172 12 1 964 178 18 1 963 173 13 1 968 178 18 1 967 179 19 1 966 173 13 1 971 173 13 1 970 179 19 1 969 174 14 1 974 181 21 0 973 180 20 1 972 176 16 0 977 176 16 0 976 180 20 1 975 175 15 1 980 180 20 1 979 182 22 1 978 175 15 1 983 175 15 1 982 182 22 1 981 177 17 1 986 182 22 1 985 183 23 1 984 177 17 1 989 177 17 1 988 183 23 1 987 178 18 1 992 183 23 1 991 184 24 1 990 178 18 1 995 178 18 1 994 184 24 1 993 179 19 1 998 186 26 0 997 185 25 0 996 181 21 0 1001 181 21 0 1000 185 25 0 999 180 20 1 1004 185 25 0 1003 187 27 0 1002 180 20 1 1007 180 20 1 1006 187 27 0 1005 182 22 1 1010 187 27 0 1009 188 28 0 1008 182 22 1 1013 182 22 1 1012 188 28 0 1011 183 23 1 1016 188 28 0 1015 189 29 1 1014 183 23 1 1019 183 23 1 1018 189 29 1 1017 184 24 1 1022 160 31 0 1021 163 30 0 1020 186 26 0 1025 186 26 0 1024 163 30 0 1023 185 25 0 1028 163 30 0 1027 165 32 0 1026 185 25 0 1031 185 25 0 1030 165 32 0 1029 187 27 0 1034 165 32 0 1033 167 33 0 1032 187 27 0 1037 187 27 0 1036 167 33 0 1035 188 28 0 1040 167 33 0 1039 169 34 0 1038 188 28 0 1043 188 28 0 1042 169 34 0 1041 189 29 1 1046 162 2 0 1045 160 0 0 1044 190 35 0 1049 171 11 0 1048 162 2 0 1047 190 36 0 1052 176 16 0 1051 171 11 0 1050 190 37 0 1055 181 21 0 1054 176 16 0 1053 190 38 0 1058 186 26 0 1057 181 21 0 1056 190 39 0 1061 160 31 0 1060 186 26 0 1059 190 40 0 1064 169 9 0 1063 168 8 1 1062 191 41 1 1067 168 8 1 1066 174 14 1 1065 191 42 1 1070 174 14 1 1069 179 19 1 1068 191 43 1 1073 179 19 1 1072 184 24 1 1071 191 44 1 1076 184 24 1 1075 189 29 1 1074 191 45 1 1079 189 29 1 1078 169 34 0 1077 191 46 1 1082 194 2 0 1081 193 1 0 1080 192 0 0 1085 192 0 0 1084 193 1 0 1083 195 3 0 1088 193 1 0 1087 196 4 0 1086 195 3 0 1091 195 3 0 1090 196 4 0 1089 197 5 0 1094 196 4 0 1093 198 6 1 1092 197 5 0 1097 197 5 0 1096 198 6 1 1095 199 7 0 1100 198 6 1 1099 200 8 1 1098 199 7 0 1103 199 7 0 1102 200 8 1 1101 201 9 1 1106 203 11 0 1105 202 10 0 1104 194 2 0 1109 194 2 0 1108 202 10 0 1107 193 1 0 1112 202 10 0 1111 204 12 1 1110 193 1 0 1115 193 1 0 1114 204 12 1 1113 196 4 0 1118 204 12 1 1117 205 13 1 1116 196 4 0 1121 196 4 0 1120 205 13 1 1119 198 6 1 1124 205 13 1 1123 206 14 1 1122 198 6 1 1127 198 6 1 1126 206 14 1 1125 200 8 1 1130 208 16 0 1129 207 15 1 1128 203 11 0 1133 203 11 0 1132 207 15 1 1131 202 10 0 1136 207 15 1 1135 209 17 1 1134 202 10 0 1139 202 10 0 1138 209 17 1 1137 204 12 1 1142 209 17 1 1141 210 18 1 1140 204 12 1 1145 204 12 1 1144 210 18 1 1143 205 13 1 1148 210 18 1 1147 211 19 1 1146 205 13 1 1151 205 13 1 1150 211 19 1 1149 206 14 1 1154 213 21 0 1153 212 20 0 1152 208 16 0 1157 208 16 0 1156 212 20 0 1155 207 15 1 1160 212 20 0 1159 214 22 1 1158 207 15 1 1163 207 15 1 1162 214 22 1 1161 209 17 1 1166 214 22 1 1165 215 23 1 1164 209 17 1 1169 209 17 1 1168 215 23 1 1167 210 18 1 1172 215 23 1 1171 216 24 1 1170 210 18 1 1175 210 18 1 1174 216 24 1 1173 211 19 1 1178 218 26 0 1177 217 25 0 1176 213 21 0 1181 213 21 0 1180 217 25 0 1179 212 20 0 1184 217 25 0 1183 219 27 0 1182 212 20 0 1187 212 20 0 1186 219 27 0 1185 214 22 1 1190 219 27 0 1189 220 28 1 1188 214 22 1 1193 214 22 1 1192 220 28 1 1191 215 23 1 1196 220 28 1 1195 221 29 1 1194 215 23 1 1199 215 23 1 1198 221 29 1 1197 216 24 1 1202 192 31 0 1201 195 30 0 1200 218 26 0 1205 218 26 0 1204 195 30 0 1203 217 25 0 1208 195 30 0 1207 197 32 0 1206 217 25 0 1211 217 25 0 1210 197 32 0 1209 219 27 0 1214 197 32 0 1213 199 33 0 1212 219 27 0 1217 219 27 0 1216 199 33 0 1215 220 28 1 1220 199 33 0 1219 201 34 1 1218 220 28 1 1223 220 28 1 1222 201 34 1 1221 221 29 1 1226 194 2 0 1225 192 0 0 1224 222 35 0 1229 203 11 0 1228 194 2 0 1227 222 36 0 1232 208 16 0 1231 203 11 0 1230 222 37 0 1235 213 21 0 1234 208 16 0 1233 222 38 0 1238 218 26 0 1237 213 21 0 1236 222 39 0 1241 192 31 0 1240 218 26 0 1239 222 40 0 1244 201 9 1 1243 200 8 1 1242 223 41 1 1247 200 8 1 1246 206 14 1 1245 223 42 1 1250 206 14 1 1249 211 19 1 1248 223 43 1 1253 211 19 1 1252 216 24 1 1251 223 44 1 1256 216 24 1 1255 221 29 1 1254 223 45 1 1259 221 29 1 1258 201 34 1 1257 223 46 1 1262 226 2 0 1261 225 1 0 1260 224 0 0 1265 224 0 0 1264 225 1 0 1263 227 3 0 1268 225 1 0 1267 228 4 0 1266 227 3 0 1271 227 3 0 1270 228 4 0 1269 229 5 0 1274 228 4 0 1273 230 6 1 1272 229 5 0 1277 229 5 0 1276 230 6 1 1275 231 7 1 1280 230 6 1 1279 232 8 1 1278 231 7 1 1283 231 7 1 1282 232 8 1 1281 233 9 1 1286 235 11 0 1285 234 10 0 1284 226 2 0 1289 226 2 0 1288 234 10 0 1287 225 1 0 1292 234 10 0 1291 236 12 0 1290 225 1 0 1295 225 1 0 1294 236 12 0 1293 228 4 0 1298 236 12 0 1297 237 13 1 1296 228 4 0 1301 228 4 0 1300 237 13 1 1299 230 6 1 1304 237 13 1 1303 238 14 1 1302 230 6 1 1307 230 6 1 1306 238 14 1 1305 232 8 1 1310 240 16 0 1309 239 15 0 1308 235 11 0 1313 235 11 0 1312 239 15 0 1311 234 10 0 1316 239 15 0 1315 241 17 1 1314 234 10 0 1319 234 10 0 1318 241 17 1 1317 236 12 0 1322 241 17 1 1321 242 18 1 1320 236 12 0 1325 236 12 0 1324 242 18 1 1323 237 13 1 1328 242 18 1 1327 243 19 1 1326 237 13 1 1331 237 13 1 1330 243 19 1 1329 238 14 1 1334 245 21 0 1333 244 20 0 1332 240 16 0 1337 240 16 0 1336 244 20 0 1335 239 15 0 1340 244 20 0 1339 246 22 1 1338 239 15 0 1343 239 15 0 1342 246 22 1 1341 241 17 1 1346 246 22 1 1345 247 23 1 1344 241 17 1 1349 241 17 1 1348 247 23 1 1347 242 18 1 1352 247 23 1 1351 248 24 1 1350 242 18 1 1355 242 18 1 1354 248 24 1 1353 243 19 1 1358 250 26 0 1357 249 25 0 1356 245 21 0 1361 245 21 0 1360 249 25 0 1359 244 20 0 1364 249 25 0 1363 251 27 0 1362 244 20 0 1367 244 20 0 1366 251 27 0 1365 246 22 1 1370 251 27 0 1369 252 28 1 1368 246 22 1 1373 246 22 1 1372 252 28 1 1371 247 23 1 1376 252 28 1 1375 253 29 1 1374 247 23 1 1379 247 23 1 1378 253 29 1 1377 248 24 1 1382 224 31 0 1381 227 30 0 1380 250 26 0 1385 250 26 0 1384 227 30 0 1383 249 25 0 1388 227 30 0 1387 229 32 0 1386 249 25 0 1391 249 25 0 1390 229 32 0 1389 251 27 0 1394 229 32 0 1393 231 33 1 1392 251 27 0 1397 251 27 0 1396 231 33 1 1395 252 28 1 1400 231 33 1 1399 233 34 1 1398 252 28 1 1403 252 28 1 1402 233 34 1 1401 253 29 1 1406 226 2 0 1405 224 0 0 1404 254 35 0 1409 235 11 0 1408 226 2 0 1407 254 36 0 1412 240 16 0 1411 235 11 0 1410 254 37 0 1415 245 21 0 1414 240 16 0 1413 254 38 0 1418 250 26 0 1417 245 21 0 1416 254 39 0 1421 224 31 0 1420 250 26 0 1419 254 40 0 1424 233 9 1 1423 232 8 1 1422 255 41 1 1427 232 8 1 1426 238 14 1 1425 255 42 1 1430 238 14 1 1429 243 19 1 1428 255 43 1 1433 243 19 1 1432 248 24 1 1431 255 44 1 1436 248 24 1 1435 253 29 1 1434 255 45 1 1439 253 29 1 1438 233 34 1 1437 255 46 1 1442 258 2 0 1441 257 1 0 1440 256 0 0 1445 256 0 0 1444 257 1 0 1443 259 3 0 1448 257 1 0 1447 260 4 0 1446 259 3 0 1451 259 3 0 1450 260 4 0 1449 261 5 0 1454 260 4 0 1453 262 6 1 1452 261 5 0 1457 261 5 0 1456 262 6 1 1455 263 7 1 1460 262 6 1 1459 264 8 1 1458 263 7 1 1463 263 7 1 1462 264 8 1 1461 265 9 1 1466 267 11 0 1465 266 10 0 1464 258 2 0 1469 258 2 0 1468 266 10 0 1467 257 1 0 1472 266 10 0 1471 268 12 0 1470 257 1 0 1475 257 1 0 1474 268 12 0 1473 260 4 0 1478 268 12 0 1477 269 13 1 1476 260 4 0 1481 260 4 0 1480 269 13 1 1479 262 6 1 1484 269 13 1 1483 270 14 1 1482 262 6 1 1487 262 6 1 1486 270 14 1 1485 264 8 1 1490 272 16 0 1489 271 15 0 1488 267 11 0 1493 267 11 0 1492 271 15 0 1491 266 10 0 1496 271 15 0 1495 273 17 1 1494 266 10 0 1499 266 10 0 1498 273 17 1 1497 268 12 0 1502 273 17 1 1501 274 18 1 1500 268 12 0 1505 268 12 0 1504 274 18 1 1503 269 13 1 1508 274 18 1 1507 275 19 1 1506 269 13 1 1511 269 13 1 1510 275 19 1 1509 270 14 1 1514 277 21 0 1513 276 20 0 1512 272 16 0 1517 272 16 0 1516 276 20 0 1515 271 15 0 1520 276 20 0 1519 278 22 1 1518 271 15 0 1523 271 15 0 1522 278 22 1 1521 273 17 1 1526 278 22 1 1525 279 23 1 1524 273 17 1 1529 273 17 1 1528 279 23 1 1527 274 18 1 1532 279 23 1 1531 280 24 1 1530 274 18 1 1535 274 18 1 1534 280 24 1 1533 275 19 1 1538 282 26 0 1537 281 25 0 1536 277 21 0 1541 277 21 0 1540 281 25 0 1539 276 20 0 1544 281 25 0 1543 283 27 1 1542 276 20 0 1547 276 20 0 1546 283 27 1 1545 278 22 1 1550 283 27 1 1549 284 28 1 1548 278 22 1 1553 278 22 1 1552 284 28 1 1551 279 23 1 1556 284 28 1 1555 285 29 1 1554 279 23 1 1559 279 23 1 1558 285 29 1 1557 280 24 1 1562 256 31 0 1561 259 30 0 1560 282 26 0 1565 282 26 0 1564 259 30 0 1563 281 25 0 1568 259 30 0 1567 261 32 0 1566 281 25 0 1571 281 25 0 1570 261 32 0 1569 283 27 1 1574 261 32 0 1573 263 33 1 1572 283 27 1 1577 283 27 1 1576 263 33 1 1575 284 28 1 1580 263 33 1 1579 265 34 1 1578 284 28 1 1583 284 28 1 1582 265 34 1 1581 285 29 1 1586 258 2 0 1585 256 0 0 1584 286 35 0 1589 267 11 0 1588 258 2 0 1587 286 36 0 1592 272 16 0 1591 267 11 0 1590 286 37 0 1595 277 21 0 1594 272 16 0 1593 286 38 0 1598 282 26 0 1597 277 21 0 1596 286 39 0 1601 256 31 0 1600 282 26 0 1599 286 40 0 1604 265 9 1 1603 264 8 1 1602 287 41 1 1607 264 8 1 1606 270 14 1 1605 287 42 1 1610 270 14 1 1609 275 19 1 1608 287 43 1 1613 275 19 1 1612 280 24 1 1611 287 44 1 1616 280 24 1 1615 285 29 1 1614 287 45 1 1619 285 29 1 1618 265 34 1 1617 287 46 1 1622 290 2 0 1621 289 1 0 1620 288 0 0 1625 288 0 0 1624 289 1 0 1623 291 3 0 1628 289 1 0 1627 292 4 0 1626 291 3 0 1631 291 3 0 1630 292 4 0 1629 293 5 1 1634 292 4 0 1633 294 6 1 1632 293 5 1 1637 293 5 1 1636 294 6 1 1635 295 7 1 1640 294 6 1 1639 296 8 1 1638 295 7 1 1643 295 7 1 1642 296 8 1 1641 297 9 1 1646 299 11 0 1645 298 10 0 1644 290 2 0 1649 290 2 0 1648 298 10 0 1647 289 1 0 1652 298 10 0 1651 300 12 0 1650 289 1 0 1655 289 1 0 1654 300 12 0 1653 292 4 0 1658 300 12 0 1657 301 13 1 1656 292 4 0 1661 292 4 0 1660 301 13 1 1659 294 6 1 1664 301 13 1 1663 302 14 1 1662 294 6 1 1667 294 6 1 1666 302 14 1 1665 296 8 1 1670 304 16 0 1669 303 15 0 1668 299 11 0 1673 299 11 0 1672 303 15 0 1671 298 10 0 1676 303 15 0 1675 305 17 0 1674 298 10 0 1679 298 10 0 1678 305 17 0 1677 300 12 0 1682 305 17 0 1681 306 18 1 1680 300 12 0 1685 300 12 0 1684 306 18 1 1683 301 13 1 1688 306 18 1 1687 307 19 1 1686 301 13 1 1691 301 13 1 1690 307 19 1 1689 302 14 1 1694 309 21 0 1693 308 20 0 1692 304 16 0 1697 304 16 0 1696 308 20 0 1695 303 15 0 1700 308 20 0 1699 310 22 1 1698 303 15 0 1703 303 15 0 1702 310 22 1 1701 305 17 0 1706 310 22 1 1705 311 23 1 1704 305 17 0 1709 305 17 0 1708 311 23 1 1707 306 18 1 1712 311 23 1 1711 312 24 1 1710 306 18 1 1715 306 18 1 1714 312 24 1 1713 307 19 1 1718 314 26 0 1717 313 25 0 1716 309 21 0 1721 309 21 0 1720 313 25 0 1719 308 20 0 1724 313 25 0 1723 315 27 1 1722 308 20 0 1727 308 20 0 1726 315 27 1 1725 310 22 1 1730 315 27 1 1729 316 28 1 1728 310 22 1 1733 310 22 1 1732 316 28 1 1731 311 23 1 1736 316 28 1 1735 317 29 1 1734 311 23 1 1739 311 23 1 1738 317 29 1 1737 312 24 1 1742 288 31 0 1741 291 30 0 1740 314 26 0 1745 314 26 0 1744 291 30 0 1743 313 25 0 1748 291 30 0 1747 293 32 1 1746 313 25 0 1751 313 25 0 1750 293 32 1 1749 315 27 1 1754 293 32 1 1753 295 33 1 1752 315 27 1 1757 315 27 1 1756 295 33 1 1755 316 28 1 1760 295 33 1 1759 297 34 1 1758 316 28 1 1763 316 28 1 1762 297 34 1 1761 317 29 1 1766 290 2 0 1765 288 0 0 1764 318 35 0 1769 299 11 0 1768 290 2 0 1767 318 36 0 1772 304 16 0 1771 299 11 0 1770 318 37 0 1775 309 21 0 1774 304 16 0 1773 318 38 0 1778 314 26 0 1777 309 21 0 1776 318 39 0 1781 288 31 0 1780 314 26 0 1779 318 40 0 1784 297 9 1 1783 296 8 1 1782 319 41 1 1787 296 8 1 1786 302 14 1 1785 319 42 1 1790 302 14 1 1789 307 19 1 1788 319 43 1 1793 307 19 1 1792 312 24 1 1791 319 44 1 1796 312 24 1 1795 317 29 1 1794 319 45 1 1799 317 29 1 1798 297 34 1 1797 319 46 1 1802 322 2 0 1801 321 1 0 1800 320 0 0 1805 320 0 0 1804 321 1 0 1803 323 3 0 1808 321 1 0 1807 324 4 0 1806 323 3 0 1811 323 3 0 1810 324 4 0 1809 325 5 0 1814 324 4 0 1813 326 6 1 1812 325 5 0 1817 325 5 0 1816 326 6 1 1815 327 7 1 1820 326 6 1 1819 328 8 1 1818 327 7 1 1823 327 7 1 1822 328 8 1 1821 329 9 1 1826 331 11 0 1825 330 10 0 1824 322 2 0 1829 322 2 0 1828 330 10 0 1827 321 1 0 1832 330 10 0 1831 332 12 0 1830 321 1 0 1835 321 1 0 1834 332 12 0 1833 324 4 0 1838 332 12 0 1837 333 13 1 1836 324 4 0 1841 324 4 0 1840 333 13 1 1839 326 6 1 1844 333 13 1 1843 334 14 1 1842 326 6 1 1847 326 6 1 1846 334 14 1 1845 328 8 1 1850 336 16 0 1849 335 15 0 1848 331 11 0 1853 331 11 0 1852 335 15 0 1851 330 10 0 1856 335 15 0 1855 337 17 1 1854 330 10 0 1859 330 10 0 1858 337 17 1 1857 332 12 0 1862 337 17 1 1861 338 18 1 1860 332 12 0 1865 332 12 0 1864 338 18 1 1863 333 13 1 1868 338 18 1 1867 339 19 1 1866 333 13 1 1871 333 13 1 1870 339 19 1 1869 334 14 1 1874 341 21 0 1873 340 20 0 1872 336 16 0 1877 336 16 0 1876 340 20 0 1875 335 15 0 1880 340 20 0 1879 342 22 1 1878 335 15 0 1883 335 15 0 1882 342 22 1 1881 337 17 1 1886 342 22 1 1885 343 23 1 1884 337 17 1 1889 337 17 1 1888 343 23 1 1887 338 18 1 1892 343 23 1 1891 344 24 1 1890 338 18 1 1895 338 18 1 1894 344 24 1 1893 339 19 1 1898 346 26 0 1897 345 25 0 1896 341 21 0 1901 341 21 0 1900 345 25 0 1899 340 20 0 1904 345 25 0 1903 347 27 0 1902 340 20 0 1907 340 20 0 1906 347 27 0 1905 342 22 1 1910 347 27 0 1909 348 28 1 1908 342 22 1 1913 342 22 1 1912 348 28 1 1911 343 23 1 1916 348 28 1 1915 349 29 1 1914 343 23 1 1919 343 23 1 1918 349 29 1 1917 344 24 1 1922 320 31 0 1921 323 30 0 1920 346 26 0 1925 346 26 0 1924 323 30 0 1923 345 25 0 1928 323 30 0 1927 325 32 0 1926 345 25 0 1931 345 25 0 1930 325 32 0 1929 347 27 0 1934 325 32 0 1933 327 33 1 1932 347 27 0 1937 347 27 0 1936 327 33 1 1935 348 28 1 1940 327 33 1 1939 329 34 1 1938 348 28 1 1943 348 28 1 1942 329 34 1 1941 349 29 1 1946 322 2 0 1945 320 0 0 1944 350 35 0 1949 331 11 0 1948 322 2 0 1947 350 36 0 1952 336 16 0 1951 331 11 0 1950 350 37 0 1955 341 21 0 1954 336 16 0 1953 350 38 0 1958 346 26 0 1957 341 21 0 1956 350 39 0 1961 320 31 0 1960 346 26 0 1959 350 40 0 1964 329 9 1 1963 328 8 1 1962 351 41 1 1967 328 8 1 1966 334 14 1 1965 351 42 1 1970 334 14 1 1969 339 19 1 1968 351 43 1 1973 339 19 1 1972 344 24 1 1971 351 44 1 1976 344 24 1 1975 349 29 1 1974 351 45 1 1979 349 29 1 1978 329 34 1 1977 351 46 1 1982 354 2 0 1981 353 1 0 1980 352 0 0 1985 352 0 0 1984 353 1 0 1983 355 3 0 1988 353 1 0 1987 356 4 0 1986 355 3 0 1991 355 3 0 1990 356 4 0 1989 357 5 0 1994 356 4 0 1993 358 6 1 1992 357 5 0 1997 357 5 0 1996 358 6 1 1995 359 7 1 2000 358 6 1 1999 360 8 1 1998 359 7 1 2003 359 7 1 2002 360 8 1 2001 361 9 1 2006 363 11 0 2005 362 10 0 2004 354 2 0 2009 354 2 0 2008 362 10 0 2007 353 1 0 2012 362 10 0 2011 364 12 0 2010 353 1 0 2015 353 1 0 2014 364 12 0 2013 356 4 0 2018 364 12 0 2017 365 13 1 2016 356 4 0 2021 356 4 0 2020 365 13 1 2019 358 6 1 2024 365 13 1 2023 366 14 1 2022 358 6 1 2027 358 6 1 2026 366 14 1 2025 360 8 1 2030 368 16 0 2029 367 15 0 2028 363 11 0 2033 363 11 0 2032 367 15 0 2031 362 10 0 2036 367 15 0 2035 369 17 1 2034 362 10 0 2039 362 10 0 2038 369 17 1 2037 364 12 0 2042 369 17 1 2041 370 18 1 2040 364 12 0 2045 364 12 0 2044 370 18 1 2043 365 13 1 2048 370 18 1 2047 371 19 1 2046 365 13 1 2051 365 13 1 2050 371 19 1 2049 366 14 1 2054 373 21 0 2053 372 20 0 2052 368 16 0 2057 368 16 0 2056 372 20 0 2055 367 15 0 2060 372 20 0 2059 374 22 1 2058 367 15 0 2063 367 15 0 2062 374 22 1 2061 369 17 1 2066 374 22 1 2065 375 23 1 2064 369 17 1 2069 369 17 1 2068 375 23 1 2067 370 18 1 2072 375 23 1 2071 376 24 1 2070 370 18 1 2075 370 18 1 2074 376 24 1 2073 371 19 1 2078 378 26 0 2077 377 25 0 2076 373 21 0 2081 373 21 0 2080 377 25 0 2079 372 20 0 2084 377 25 0 2083 379 27 1 2082 372 20 0 2087 372 20 0 2086 379 27 1 2085 374 22 1 2090 379 27 1 2089 380 28 1 2088 374 22 1 2093 374 22 1 2092 380 28 1 2091 375 23 1 2096 380 28 1 2095 381 29 1 2094 375 23 1 2099 375 23 1 2098 381 29 1 2097 376 24 1 2102 352 31 0 2101 355 30 0 2100 378 26 0 2105 378 26 0 2104 355 30 0 2103 377 25 0 2108 355 30 0 2107 357 32 0 2106 377 25 0 2111 377 25 0 2110 357 32 0 2109 379 27 1 2114 357 32 0 2113 359 33 1 2112 379 27 1 2117 379 27 1 2116 359 33 1 2115 380 28 1 2120 359 33 1 2119 361 34 1 2118 380 28 1 2123 380 28 1 2122 361 34 1 2121 381 29 1 2126 354 2 0 2125 352 0 0 2124 382 35 0 2129 363 11 0 2128 354 2 0 2127 382 36 0 2132 368 16 0 2131 363 11 0 2130 382 37 0 2135 373 21 0 2134 368 16 0 2133 382 38 0 2138 378 26 0 2137 373 21 0 2136 382 39 0 2141 352 31 0 2140 378 26 0 2139 382 40 0 2144 361 9 1 2143 360 8 1 2142 383 41 1 2147 360 8 1 2146 366 14 1 2145 383 42 1 2150 366 14 1 2149 371 19 1 2148 383 43 1 2153 371 19 1 2152 376 24 1 2151 383 44 1 2156 376 24 1 2155 381 29 1 2154 383 45 1 2159 381 29 1 2158 361 34 1 2157 383 46 1 2162 386 2 0 2161 385 1 0 2160 384 0 0 2165 384 0 0 2164 385 1 0 2163 387 3 0 2168 385 1 0 2167 388 4 0 2166 387 3 0 2171 387 3 0 2170 388 4 0 2169 389 5 0 2174 388 4 0 2173 390 6 0 2172 389 5 0 2177 389 5 0 2176 390 6 0 2175 391 7 0 2180 390 6 0 2179 392 8 1 2178 391 7 0 2183 391 7 0 2182 392 8 1 2181 393 9 1 2186 395 11 0 2185 394 10 0 2184 386 2 0 2189 386 2 0 2188 394 10 0 2187 385 1 0 2192 394 10 0 2191 396 12 0 2190 385 1 0 2195 385 1 0 2194 396 12 0 2193 388 4 0 2198 396 12 0 2197 397 13 1 2196 388 4 0 2201 388 4 0 2200 397 13 1 2199 390 6 0 2204 397 13 1 2203 398 14 1 2202 390 6 0 2207 390 6 0 2206 398 14 1 2205 392 8 1 2210 400 16 0 2209 399 15 0 2208 395 11 0 2213 395 11 0 2212 399 15 0 2211 394 10 0 2216 399 15 0 2215 401 17 1 2214 394 10 0 2219 394 10 0 2218 401 17 1 2217 396 12 0 2222 401 17 1 2221 402 18 1 2220 396 12 0 2225 396 12 0 2224 402 18 1 2223 397 13 1 2228 402 18 1 2227 403 19 1 2226 397 13 1 2231 397 13 1 2230 403 19 1 2229 398 14 1 2234 405 21 0 2233 404 20 1 2232 400 16 0 2237 400 16 0 2236 404 20 1 2235 399 15 0 2240 404 20 1 2239 406 22 1 2238 399 15 0 2243 399 15 0 2242 406 22 1 2241 401 17 1 2246 406 22 1 2245 407 23 1 2244 401 17 1 2249 401 17 1 2248 407 23 1 2247 402 18 1 2252 407 23 1 2251 408 24 1 2250 402 18 1 2255 402 18 1 2254 408 24 1 2253 403 19 1 2258 410 26 0 2257 409 25 0 2256 405 21 0 2261 405 21 0 2260 409 25 0 2259 404 20 1 2264 409 25 0 2263 411 27 1 2262 404 20 1 2267 404 20 1 2266 411 27 1 2265 406 22 1 2270 411 27 1 2269 412 28 1 2268 406 22 1 2273 406 22 1 2272 412 28 1 2271 407 23 1 2276 412 28 1 2275 413 29 1 2274 407 23 1 2279 407 23 1 2278 413 29 1 2277 408 24 1 2282 384 31 0 2281 387 30 0 2280 410 26 0 2285 410 26 0 2284 387 30 0 2283 409 25 0 2288 387 30 0 2287 389 32 0 2286 409 25 0 2291 409 25 0 2290 389 32 0 2289 411 27 1 2294 389 32 0 2293 391 33 0 2292 411 27 1 2297 411 27 1 2296 391 33 0 2295 412 28 1 2300 391 33 0 2299 393 34 1 2298 412 28 1 2303 412 28 1 2302 393 34 1 2301 413 29 1 2306 386 2 0 2305 384 0 0 2304 414 35 0 2309 395 11 0 2308 386 2 0 2307 414 36 0 2312 400 16 0 2311 395 11 0 2310 414 37 0 2315 405 21 0 2314 400 16 0 2313 414 38 0 2318 410 26 0 2317 405 21 0 2316 414 39 0 2321 384 31 0 2320 410 26 0 2319 414 40 0 2324 393 9 1 2323 392 8 1 2322 415 41 1 2327 392 8 1 2326 398 14 1 2325 415 42 1 2330 398 14 1 2329 403 19 1 2328 415 43 1 2333 403 19 1 2332 408 24 1 2331 415 44 1 2336 408 24 1 2335 413 29 1 2334 415 45 1 2339 413 29 1 2338 393 34 1 2337 415 46 1 2342 418 2 0 2341 417 1 0 2340 416 0 0 2345 416 0 0 2344 417 1 0 2343 419 3 0 2348 417 1 0 2347 420 4 0 2346 419 3 0 2351 419 3 0 2350 420 4 0 2349 421 5 0 2354 420 4 0 2353 422 6 0 2352 421 5 0 2357 421 5 0 2356 422 6 0 2355 423 7 0 2360 422 6 0 2359 424 8 1 2358 423 7 0 2363 423 7 0 2362 424 8 1 2361 425 9 1 2366 427 11 0 2365 426 10 0 2364 418 2 0 2369 418 2 0 2368 426 10 0 2367 417 1 0 2372 426 10 0 2371 428 12 0 2370 417 1 0 2375 417 1 0 2374 428 12 0 2373 420 4 0 2378 428 12 0 2377 429 13 1 2376 420 4 0 2381 420 4 0 2380 429 13 1 2379 422 6 0 2384 429 13 1 2383 430 14 1 2382 422 6 0 2387 422 6 0 2386 430 14 1 2385 424 8 1 2390 432 16 0 2389 431 15 1 2388 427 11 0 2393 427 11 0 2392 431 15 1 2391 426 10 0 2396 431 15 1 2395 433 17 1 2394 426 10 0 2399 426 10 0 2398 433 17 1 2397 428 12 0 2402 433 17 1 2401 434 18 1 2400 428 12 0 2405 428 12 0 2404 434 18 1 2403 429 13 1 2408 434 18 1 2407 435 19 1 2406 429 13 1 2411 429 13 1 2410 435 19 1 2409 430 14 1 2414 437 21 0 2413 436 20 1 2412 432 16 0 2417 432 16 0 2416 436 20 1 2415 431 15 1 2420 436 20 1 2419 438 22 1 2418 431 15 1 2423 431 15 1 2422 438 22 1 2421 433 17 1 2426 438 22 1 2425 439 23 1 2424 433 17 1 2429 433 17 1 2428 439 23 1 2427 434 18 1 2432 439 23 1 2431 440 24 1 2430 434 18 1 2435 434 18 1 2434 440 24 1 2433 435 19 1 2438 442 26 0 2437 441 25 0 2436 437 21 0 2441 437 21 0 2440 441 25 0 2439 436 20 1 2444 441 25 0 2443 443 27 1 2442 436 20 1 2447 436 20 1 2446 443 27 1 2445 438 22 1 2450 443 27 1 2449 444 28 1 2448 438 22 1 2453 438 22 1 2452 444 28 1 2451 439 23 1 2456 444 28 1 2455 445 29 1 2454 439 23 1 2459 439 23 1 2458 445 29 1 2457 440 24 1 2462 416 31 0 2461 419 30 0 2460 442 26 0 2465 442 26 0 2464 419 30 0 2463 441 25 0 2468 419 30 0 2467 421 32 0 2466 441 25 0 2471 441 25 0 2470 421 32 0 2469 443 27 1 2474 421 32 0 2473 423 33 0 2472 443 27 1 2477 443 27 1 2476 423 33 0 2475 444 28 1 2480 423 33 0 2479 425 34 1 2478 444 28 1 2483 444 28 1 2482 425 34 1 2481 445 29 1 2486 418 2 0 2485 416 0 0 2484 446 35 0 2489 427 11 0 2488 418 2 0 2487 446 36 0 2492 432 16 0 2491 427 11 0 2490 446 37 0 2495 437 21 0 2494 432 16 0 2493 446 38 0 2498 442 26 0 2497 437 21 0 2496 446 39 0 2501 416 31 0 2500 442 26 0 2499 446 40 0 2504 425 9 1 2503 424 8 1 2502 447 41 1 2507 424 8 1 2506 430 14 1 2505 447 42 1 2510 430 14 1 2509 435 19 1 2508 447 43 1 2513 435 19 1 2512 440 24 1 2511 447 44 1 2516 440 24 1 2515 445 29 1 2514 447 45 1 2519 445 29 1 2518 425 34 1 2517 447 46 1 2522 450 2 0 2521 449 1 0 2520 448 0 0 2525 448 0 0 2524 449 1 0 2523 451 3 0 2528 449 1 0 2527 452 4 0 2526 451 3 0 2531 451 3 0 2530 452 4 0 2529 453 5 0 2534 452 4 0 2533 454 6 0 2532 453 5 0 2537 453 5 0 2536 454 6 0 2535 455 7 0 2540 454 6 0 2539 456 8 1 2538 455 7 0 2543 455 7 0 2542 456 8 1 2541 457 9 1 2546 459 11 0 2545 458 10 0 2544 450 2 0 2549 450 2 0 2548 458 10 0 2547 449 1 0 2552 458 10 0 2551 460 12 1 2550 449 1 0 2555 449 1 0 2554 460 12 1 2553 452 4 0 2558 460 12 1 2557 461 13 1 2556 452 4 0 2561 452 4 0 2560 461 13 1 2559 454 6 0 2564 461 13 1 2563 462 14 1 2562 454 6 0 2567 454 6 0 2566 462 14 1 2565 456 8 1 2570 464 16 0 2569 463 15 1 2568 459 11 0 2573 459 11 0 2572 463 15 1 2571 458 10 0 2576 463 15 1 2575 465 17 1 2574 458 10 0 2579 458 10 0 2578 465 17 1 2577 460 12 1 2582 465 17 1 2581 466 18 1 2580 460 12 1 2585 460 12 1 2584 466 18 1 2583 461 13 1 2588 466 18 1 2587 467 19 1 2586 461 13 1 2591 461 13 1 2590 467 19 1 2589 462 14 1 2594 469 21 0 2593 468 20 1 2592 464 16 0 2597 464 16 0 2596 468 20 1 2595 463 15 1 2600 468 20 1 2599 470 22 1 2598 463 15 1 2603 463 15 1 2602 470 22 1 2601 465 17 1 2606 470 22 1 2605 471 23 1 2604 465 17 1 2609 465 17 1 2608 471 23 1 2607 466 18 1 2612 471 23 1 2611 472 24 1 2610 466 18 1 2615 466 18 1 2614 472 24 1 2613 467 19 1 2618 474 26 0 2617 473 25 0 2616 469 21 0 2621 469 21 0 2620 473 25 0 2619 468 20 1 2624 473 25 0 2623 475 27 0 2622 468 20 1 2627 468 20 1 2626 475 27 0 2625 470 22 1 2630 475 27 0 2629 476 28 1 2628 470 22 1 2633 470 22 1 2632 476 28 1 2631 471 23 1 2636 476 28 1 2635 477 29 1 2634 471 23 1 2639 471 23 1 2638 477 29 1 2637 472 24 1 2642 448 31 0 2641 451 30 0 2640 474 26 0 2645 474 26 0 2644 451 30 0 2643 473 25 0 2648 451 30 0 2647 453 32 0 2646 473 25 0 2651 473 25 0 2650 453 32 0 2649 475 27 0 2654 453 32 0 2653 455 33 0 2652 475 27 0 2657 475 27 0 2656 455 33 0 2655 476 28 1 2660 455 33 0 2659 457 34 1 2658 476 28 1 2663 476 28 1 2662 457 34 1 2661 477 29 1 2666 450 2 0 2665 448 0 0 2664 478 35 0 2669 459 11 0 2668 450 2 0 2667 478 36 0 2672 464 16 0 2671 459 11 0 2670 478 37 0 2675 469 21 0 2674 464 16 0 2673 478 38 0 2678 474 26 0 2677 469 21 0 2676 478 39 0 2681 448 31 0 2680 474 26 0 2679 478 40 0 2684 457 9 1 2683 456 8 1 2682 479 41 1 2687 456 8 1 2686 462 14 1 2685 479 42 1 2690 462 14 1 2689 467 19 1 2688 479 43 1 2693 467 19 1 2692 472 24 1 2691 479 44 1 2696 472 24 1 2695 477 29 1 2694 479 45 1 2699 477 29 1 2698 457 34 1 2697 479 46 1 2702 482 2 0 2701 481 1 0 2700 480 0 0 2705 480 0 0 2704 481 1 0 2703 483 3 0 2708 481 1 0 2707 484 4 0 2706 483 3 0 2711 483 3 0 2710 484 4 0 2709 485 5 0 2714 484 4 0 2713 486 6 0 2712 485 5 0 2717 485 5 0 2716 486 6 0 2715 487 7 0 2720 486 6 0 2719 488 8 1 2718 487 7 0 2723 487 7 0 2722 488 8 1 2721 489 9 1 2726 491 11 0 2725 490 10 0 2724 482 2 0 2729 482 2 0 2728 490 10 0 2727 481 1 0 2732 490 10 0 2731 492 12 1 2730 481 1 0 2735 481 1 0 2734 492 12 1 2733 484 4 0 2738 492 12 1 2737 493 13 1 2736 484 4 0 2741 484 4 0 2740 493 13 1 2739 486 6 0 2744 493 13 1 2743 494 14 1 2742 486 6 0 2747 486 6 0 2746 494 14 1 2745 488 8 1 2750 496 16 0 2749 495 15 1 2748 491 11 0 2753 491 11 0 2752 495 15 1 2751 490 10 0 2756 495 15 1 2755 497 17 1 2754 490 10 0 2759 490 10 0 2758 497 17 1 2757 492 12 1 2762 497 17 1 2761 498 18 1 2760 492 12 1 2765 492 12 1 2764 498 18 1 2763 493 13 1 2768 498 18 1 2767 499 19 1 2766 493 13 1 2771 493 13 1 2770 499 19 1 2769 494 14 1 2774 501 21 0 2773 500 20 1 2772 496 16 0 2777 496 16 0 2776 500 20 1 2775 495 15 1 2780 500 20 1 2779 502 22 1 2778 495 15 1 2783 495 15 1 2782 502 22 1 2781 497 17 1 2786 502 22 1 2785 503 23 1 2784 497 17 1 2789 497 17 1 2788 503 23 1 2787 498 18 1 2792 503 23 1 2791 504 24 1 2790 498 18 1 2795 498 18 1 2794 504 24 1 2793 499 19 1 2798 506 26 0 2797 505 25 0 2796 501 21 0 2801 501 21 0 2800 505 25 0 2799 500 20 1 2804 505 25 0 2803 507 27 0 2802 500 20 1 2807 500 20 1 2806 507 27 0 2805 502 22 1 2810 507 27 0 2809 508 28 1 2808 502 22 1 2813 502 22 1 2812 508 28 1 2811 503 23 1 2816 508 28 1 2815 509 29 1 2814 503 23 1 2819 503 23 1 2818 509 29 1 2817 504 24 1 2822 480 31 0 2821 483 30 0 2820 506 26 0 2825 506 26 0 2824 483 30 0 2823 505 25 0 2828 483 30 0 2827 485 32 0 2826 505 25 0 2831 505 25 0 2830 485 32 0 2829 507 27 0 2834 485 32 0 2833 487 33 0 2832 507 27 0 2837 507 27 0 2836 487 33 0 2835 508 28 1 2840 487 33 0 2839 489 34 1 2838 508 28 1 2843 508 28 1 2842 489 34 1 2841 509 29 1 2846 482 2 0 2845 480 0 0 2844 510 35 0 2849 491 11 0 2848 482 2 0 2847 510 36 0 2852 496 16 0 2851 491 11 0 2850 510 37 0 2855 501 21 0 2854 496 16 0 2853 510 38 0 2858 506 26 0 2857 501 21 0 2856 510 39 0 2861 480 31 0 2860 506 26 0 2859 510 40 0 2864 489 9 1 2863 488 8 1 2862 511 41 1 2867 488 8 1 2866 494 14 1 2865 511 42 1 2870 494 14 1 2869 499 19 1 2868 511 43 1 2873 499 19 1 2872 504 24 1 2871 511 44 1 2876 504 24 1 2875 509 29 1 2874 511 45 1 2879 509 29 1 2878 489 34 1 2877 511 46 1 2882 514 2 0 2881 513 1 0 2880 512 0 0 2885 512 0 0 2884 513 1 0 2883 515 3 0 2888 513 1 0 2887 516 4 0 2886 515 3 0 2891 515 3 0 2890 516 4 0 2889 517 5 0 2894 516 4 0 2893 518 6 0 2892 517 5 0 2897 517 5 0 2896 518 6 0 2895 519 7 0 2900 518 6 0 2899 520 8 1 2898 519 7 0 2903 519 7 0 2902 520 8 1 2901 521 9 1 2906 523 11 0 2905 522 10 1 2904 514 2 0 2909 514 2 0 2908 522 10 1 2907 513 1 0 2912 522 10 1 2911 524 12 1 2910 513 1 0 2915 513 1 0 2914 524 12 1 2913 516 4 0 2918 524 12 1 2917 525 13 1 2916 516 4 0 2921 516 4 0 2920 525 13 1 2919 518 6 0 2924 525 13 1 2923 526 14 1 2922 518 6 0 2927 518 6 0 2926 526 14 1 2925 520 8 1 2930 528 16 0 2929 527 15 1 2928 523 11 0 2933 523 11 0 2932 527 15 1 2931 522 10 1 2936 527 15 1 2935 529 17 1 2934 522 10 1 2939 522 10 1 2938 529 17 1 2937 524 12 1 2942 529 17 1 2941 530 18 1 2940 524 12 1 2945 524 12 1 2944 530 18 1 2943 525 13 1 2948 530 18 1 2947 531 19 1 2946 525 13 1 2951 525 13 1 2950 531 19 1 2949 526 14 1 2954 533 21 0 2953 532 20 0 2952 528 16 0 2957 528 16 0 2956 532 20 0 2955 527 15 1 2960 532 20 0 2959 534 22 1 2958 527 15 1 2963 527 15 1 2962 534 22 1 2961 529 17 1 2966 534 22 1 2965 535 23 1 2964 529 17 1 2969 529 17 1 2968 535 23 1 2967 530 18 1 2972 535 23 1 2971 536 24 1 2970 530 18 1 2975 530 18 1 2974 536 24 1 2973 531 19 1 2978 538 26 0 2977 537 25 0 2976 533 21 0 2981 533 21 0 2980 537 25 0 2979 532 20 0 2984 537 25 0 2983 539 27 0 2982 532 20 0 2987 532 20 0 2986 539 27 0 2985 534 22 1 2990 539 27 0 2989 540 28 0 2988 534 22 1 2993 534 22 1 2992 540 28 0 2991 535 23 1 2996 540 28 0 2995 541 29 1 2994 535 23 1 2999 535 23 1 2998 541 29 1 2997 536 24 1 3002 512 31 0 3001 515 30 0 3000 538 26 0 3005 538 26 0 3004 515 30 0 3003 537 25 0 3008 515 30 0 3007 517 32 0 3006 537 25 0 3011 537 25 0 3010 517 32 0 3009 539 27 0 3014 517 32 0 3013 519 33 0 3012 539 27 0 3017 539 27 0 3016 519 33 0 3015 540 28 0 3020 519 33 0 3019 521 34 1 3018 540 28 0 3023 540 28 0 3022 521 34 1 3021 541 29 1 3026 514 2 0 3025 512 0 0 3024 542 35 0 3029 523 11 0 3028 514 2 0 3027 542 36 0 3032 528 16 0 3031 523 11 0 3030 542 37 0 3035 533 21 0 3034 528 16 0 3033 542 38 0 3038 538 26 0 3037 533 21 0 3036 542 39 0 3041 512 31 0 3040 538 26 0 3039 542 40 0 3044 521 9 1 3043 520 8 1 3042 543 41 1 3047 520 8 1 3046 526 14 1 3045 543 42 1 3050 526 14 1 3049 531 19 1 3048 543 43 1 3053 531 19 1 3052 536 24 1 3051 543 44 1 3056 536 24 1 3055 541 29 1 3054 543 45 1 3059 541 29 1 3058 521 34 1 3057 543 46 1 3062 546 2 0 3061 545 1 0 3060 544 0 0 3065 544 0 0 3064 545 1 0 3063 547 3 0 3068 545 1 0 3067 548 4 0 3066 547 3 0 3071 547 3 0 3070 548 4 0 3069 549 5 0 3074 548 4 0 3073 550 6 1 3072 549 5 0 3077 549 5 0 3076 550 6 1 3075 551 7 0 3080 550 6 1 3079 552 8 1 3078 551 7 0 3083 551 7 0 3082 552 8 1 3081 553 9 1 3086 555 11 0 3085 554 10 1 3084 546 2 0 3089 546 2 0 3088 554 10 1 3087 545 1 0 3092 554 10 1 3091 556 12 1 3090 545 1 0 3095 545 1 0 3094 556 12 1 3093 548 4 0 3098 556 12 1 3097 557 13 1 3096 548 4 0 3101 548 4 0 3100 557 13 1 3099 550 6 1 3104 557 13 1 3103 558 14 1 3102 550 6 1 3107 550 6 1 3106 558 14 1 3105 552 8 1 3110 560 16 0 3109 559 15 1 3108 555 11 0 3113 555 11 0 3112 559 15 1 3111 554 10 1 3116 559 15 1 3115 561 17 1 3114 554 10 1 3119 554 10 1 3118 561 17 1 3117 556 12 1 3122 561 17 1 3121 562 18 1 3120 556 12 1 3125 556 12 1 3124 562 18 1 3123 557 13 1 3128 562 18 1 3127 563 19 1 3126 557 13 1 3131 557 13 1 3130 563 19 1 3129 558 14 1 3134 565 21 0 3133 564 20 0 3132 560 16 0 3137 560 16 0 3136 564 20 0 3135 559 15 1 3140 564 20 0 3139 566 22 1 3138 559 15 1 3143 559 15 1 3142 566 22 1 3141 561 17 1 3146 566 22 1 3145 567 23 1 3144 561 17 1 3149 561 17 1 3148 567 23 1 3147 562 18 1 3152 567 23 1 3151 568 24 1 3150 562 18 1 3155 562 18 1 3154 568 24 1 3153 563 19 1 3158 570 26 0 3157 569 25 0 3156 565 21 0 3161 565 21 0 3160 569 25 0 3159 564 20 0 3164 569 25 0 3163 571 27 0 3162 564 20 0 3167 564 20 0 3166 571 27 0 3165 566 22 1 3170 571 27 0 3169 572 28 0 3168 566 22 1 3173 566 22 1 3172 572 28 0 3171 567 23 1 3176 572 28 0 3175 573 29 1 3174 567 23 1 3179 567 23 1 3178 573 29 1 3177 568 24 1 3182 544 31 0 3181 547 30 0 3180 570 26 0 3185 570 26 0 3184 547 30 0 3183 569 25 0 3188 547 30 0 3187 549 32 0 3186 569 25 0 3191 569 25 0 3190 549 32 0 3189 571 27 0 3194 549 32 0 3193 551 33 0 3192 571 27 0 3197 571 27 0 3196 551 33 0 3195 572 28 0 3200 551 33 0 3199 553 34 1 3198 572 28 0 3203 572 28 0 3202 553 34 1 3201 573 29 1 3206 546 2 0 3205 544 0 0 3204 574 35 0 3209 555 11 0 3208 546 2 0 3207 574 36 0 3212 560 16 0 3211 555 11 0 3210 574 37 0 3215 565 21 0 3214 560 16 0 3213 574 38 0 3218 570 26 0 3217 565 21 0 3216 574 39 0 3221 544 31 0 3220 570 26 0 3219 574 40 0 3224 553 9 1 3223 552 8 1 3222 575 41 1 3227 552 8 1 3226 558 14 1 3225 575 42 1 3230 558 14 1 3229 563 19 1 3228 575 43 1 3233 563 19 1 3232 568 24 1 3231 575 44 1 3236 568 24 1 3235 573 29 1 3234 575 45 1 3239 573 29 1 3238 553 34 1 3237 575 46 1 3242 578 2 0 3241 577 1 0 3240 576 0 0 3245 576 0 0 3244 577 1 0 3243 579 3 0 3248 577 1 0 3247 580 4 0 3246 579 3 0 3251 579 3 0 3250 580 4 0 3249 581 5 0 3254 580 4 0 3253 582 6 1 3252 581 5 0 3257 581 5 0 3256 582 6 1 3255 583 7 0 3260 582 6 1 3259 584 8 1 3258 583 7 0 3263 583 7 0 3262 584 8 1 3261 585 9 1 3266 587 11 0 3265 586 10 1 3264 578 2 0 3269 578 2 0 3268 586 10 1 3267 577 1 0 3272 586 10 1 3271 588 12 1 3270 577 1 0 3275 577 1 0 3274 588 12 1 3273 580 4 0 3278 588 12 1 3277 589 13 1 3276 580 4 0 3281 580 4 0 3280 589 13 1 3279 582 6 1 3284 589 13 1 3283 590 14 1 3282 582 6 1 3287 582 6 1 3286 590 14 1 3285 584 8 1 3290 592 16 0 3289 591 15 1 3288 587 11 0 3293 587 11 0 3292 591 15 1 3291 586 10 1 3296 591 15 1 3295 593 17 1 3294 586 10 1 3299 586 10 1 3298 593 17 1 3297 588 12 1 3302 593 17 1 3301 594 18 1 3300 588 12 1 3305 588 12 1 3304 594 18 1 3303 589 13 1 3308 594 18 1 3307 595 19 1 3306 589 13 1 3311 589 13 1 3310 595 19 1 3309 590 14 1 3314 597 21 0 3313 596 20 0 3312 592 16 0 3317 592 16 0 3316 596 20 0 3315 591 15 1 3320 596 20 0 3319 598 22 1 3318 591 15 1 3323 591 15 1 3322 598 22 1 3321 593 17 1 3326 598 22 1 3325 599 23 1 3324 593 17 1 3329 593 17 1 3328 599 23 1 3327 594 18 1 3332 599 23 1 3331 600 24 1 3330 594 18 1 3335 594 18 1 3334 600 24 1 3333 595 19 1 3338 602 26 0 3337 601 25 0 3336 597 21 0 3341 597 21 0 3340 601 25 0 3339 596 20 0 3344 601 25 0 3343 603 27 0 3342 596 20 0 3347 596 20 0 3346 603 27 0 3345 598 22 1 3350 603 27 0 3349 604 28 0 3348 598 22 1 3353 598 22 1 3352 604 28 0 3351 599 23 1 3356 604 28 0 3355 605 29 1 3354 599 23 1 3359 599 23 1 3358 605 29 1 3357 600 24 1 3362 576 31 0 3361 579 30 0 3360 602 26 0 3365 602 26 0 3364 579 30 0 3363 601 25 0 3368 579 30 0 3367 581 32 0 3366 601 25 0 3371 601 25 0 3370 581 32 0 3369 603 27 0 3374 581 32 0 3373 583 33 0 3372 603 27 0 3377 603 27 0 3376 583 33 0 3375 604 28 0 3380 583 33 0 3379 585 34 1 3378 604 28 0 3383 604 28 0 3382 585 34 1 3381 605 29 1 3386 578 2 0 3385 576 0 0 3384 606 35 0 3389 587 11 0 3388 578 2 0 3387 606 36 0 3392 592 16 0 3391 587 11 0 3390 606 37 0 3395 597 21 0 3394 592 16 0 3393 606 38 0 3398 602 26 0 3397 597 21 0 3396 606 39 0 3401 576 31 0 3400 602 26 0 3399 606 40 0 3404 585 9 1 3403 584 8 1 3402 607 41 1 3407 584 8 1 3406 590 14 1 3405 607 42 1 3410 590 14 1 3409 595 19 1 3408 607 43 1 3413 595 19 1 3412 600 24 1 3411 607 44 1 3416 600 24 1 3415 605 29 1 3414 607 45 1 3419 605 29 1 3418 585 34 1 3417 607 46 1 3422 610 2 0 3421 609 1 0 3420 608 0 0 3425 608 0 0 3424 609 1 0 3423 611 3 0 3428 609 1 0 3427 612 4 0 3426 611 3 0 3431 611 3 0 3430 612 4 0 3429 613 5 0 3434 612 4 0 3433 614 6 1 3432 613 5 0 3437 613 5 0 3436 614 6 1 3435 615 7 0 3440 614 6 1 3439 616 8 1 3438 615 7 0 3443 615 7 0 3442 616 8 1 3441 617 9 1 3446 619 11 0 3445 618 10 1 3444 610 2 0 3449 610 2 0 3448 618 10 1 3447 609 1 0 3452 618 10 1 3451 620 12 1 3450 609 1 0 3455 609 1 0 3454 620 12 1 3453 612 4 0 3458 620 12 1 3457 621 13 1 3456 612 4 0 3461 612 4 0 3460 621 13 1 3459 614 6 1 3464 621 13 1 3463 622 14 1 3462 614 6 1 3467 614 6 1 3466 622 14 1 3465 616 8 1 3470 624 16 0 3469 623 15 1 3468 619 11 0 3473 619 11 0 3472 623 15 1 3471 618 10 1 3476 623 15 1 3475 625 17 1 3474 618 10 1 3479 618 10 1 3478 625 17 1 3477 620 12 1 3482 625 17 1 3481 626 18 1 3480 620 12 1 3485 620 12 1 3484 626 18 1 3483 621 13 1 3488 626 18 1 3487 627 19 1 3486 621 13 1 3491 621 13 1 3490 627 19 1 3489 622 14 1 3494 629 21 0 3493 628 20 0 3492 624 16 0 3497 624 16 0 3496 628 20 0 3495 623 15 1 3500 628 20 0 3499 630 22 0 3498 623 15 1 3503 623 15 1 3502 630 22 0 3501 625 17 1 3506 630 22 0 3505 631 23 1 3504 625 17 1 3509 625 17 1 3508 631 23 1 3507 626 18 1 3512 631 23 1 3511 632 24 1 3510 626 18 1 3515 626 18 1 3514 632 24 1 3513 627 19 1 3518 634 26 0 3517 633 25 0 3516 629 21 0 3521 629 21 0 3520 633 25 0 3519 628 20 0 3524 633 25 0 3523 635 27 0 3522 628 20 0 3527 628 20 0 3526 635 27 0 3525 630 22 0 3530 635 27 0 3529 636 28 0 3528 630 22 0 3533 630 22 0 3532 636 28 0 3531 631 23 1 3536 636 28 0 3535 637 29 1 3534 631 23 1 3539 631 23 1 3538 637 29 1 3537 632 24 1 3542 608 31 0 3541 611 30 0 3540 634 26 0 3545 634 26 0 3544 611 30 0 3543 633 25 0 3548 611 30 0 3547 613 32 0 3546 633 25 0 3551 633 25 0 3550 613 32 0 3549 635 27 0 3554 613 32 0 3553 615 33 0 3552 635 27 0 3557 635 27 0 3556 615 33 0 3555 636 28 0 3560 615 33 0 3559 617 34 1 3558 636 28 0 3563 636 28 0 3562 617 34 1 3561 637 29 1 3566 610 2 0 3565 608 0 0 3564 638 35 0 3569 619 11 0 3568 610 2 0 3567 638 36 0 3572 624 16 0 3571 619 11 0 3570 638 37 0 3575 629 21 0 3574 624 16 0 3573 638 38 0 3578 634 26 0 3577 629 21 0 3576 638 39 0 3581 608 31 0 3580 634 26 0 3579 638 40 0 3584 617 9 1 3583 616 8 1 3582 639 41 1 3587 616 8 1 3586 622 14 1 3585 639 42 1 3590 622 14 1 3589 627 19 1 3588 639 43 1 3593 627 19 1 3592 632 24 1 3591 639 44 1 3596 632 24 1 3595 637 29 1 3594 639 45 1 3599 637 29 1 3598 617 34 1 3597 639 46 1 3602 642 2 0 3601 641 1 0 3600 640 0 0 3605 640 0 0 3604 641 1 0 3603 643 3 0 3608 641 1 0 3607 644 4 1 3606 643 3 0 3611 643 3 0 3610 644 4 1 3609 645 5 0 3614 644 4 1 3613 646 6 1 3612 645 5 0 3617 645 5 0 3616 646 6 1 3615 647 7 1 3620 646 6 1 3619 648 8 1 3618 647 7 1 3623 647 7 1 3622 648 8 1 3621 649 9 1 3626 651 11 0 3625 650 10 0 3624 642 2 0 3629 642 2 0 3628 650 10 0 3627 641 1 0 3632 650 10 0 3631 652 12 1 3630 641 1 0 3635 641 1 0 3634 652 12 1 3633 644 4 1 3638 652 12 1 3637 653 13 1 3636 644 4 1 3641 644 4 1 3640 653 13 1 3639 646 6 1 3644 653 13 1 3643 654 14 1 3642 646 6 1 3647 646 6 1 3646 654 14 1 3645 648 8 1 3650 656 16 0 3649 655 15 0 3648 651 11 0 3653 651 11 0 3652 655 15 0 3651 650 10 0 3656 655 15 0 3655 657 17 1 3654 650 10 0 3659 650 10 0 3658 657 17 1 3657 652 12 1 3662 657 17 1 3661 658 18 1 3660 652 12 1 3665 652 12 1 3664 658 18 1 3663 653 13 1 3668 658 18 1 3667 659 19 1 3666 653 13 1 3671 653 13 1 3670 659 19 1 3669 654 14 1 3674 661 21 0 3673 660 20 0 3672 656 16 0 3677 656 16 0 3676 660 20 0 3675 655 15 0 3680 660 20 0 3679 662 22 0 3678 655 15 0 3683 655 15 0 3682 662 22 0 3681 657 17 1 3686 662 22 0 3685 663 23 1 3684 657 17 1 3689 657 17 1 3688 663 23 1 3687 658 18 1 3692 663 23 1 3691 664 24 1 3690 658 18 1 3695 658 18 1 3694 664 24 1 3693 659 19 1 3698 666 26 0 3697 665 25 0 3696 661 21 0 3701 661 21 0 3700 665 25 0 3699 660 20 0 3704 665 25 0 3703 667 27 0 3702 660 20 0 3707 660 20 0 3706 667 27 0 3705 662 22 0 3710 667 27 0 3709 668 28 2 3708 662 22 0 3713 662 22 0 3712 668 28 2 3711 663 23 1 3716 668 28 2 3715 669 29 1 3714 663 23 1 3719 663 23 1 3718 669 29 1 3717 664 24 1 3722 640 31 0 3721 643 30 0 3720 666 26 0 3725 666 26 0 3724 643 30 0 3723 665 25 0 3728 643 30 0 3727 645 32 0 3726 665 25 0 3731 665 25 0 3730 645 32 0 3729 667 27 0 3734 645 32 0 3733 647 33 1 3732 667 27 0 3737 667 27 0 3736 647 33 1 3735 668 28 2 3740 647 33 1 3739 649 34 1 3738 668 28 2 3743 668 28 2 3742 649 34 1 3741 669 29 1 3746 642 2 0 3745 640 0 0 3744 670 35 0 3749 651 11 0 3748 642 2 0 3747 670 36 0 3752 656 16 0 3751 651 11 0 3750 670 37 0 3755 661 21 0 3754 656 16 0 3753 670 38 0 3758 666 26 0 3757 661 21 0 3756 670 39 0 3761 640 31 0 3760 666 26 0 3759 670 40 0 3764 649 9 1 3763 648 8 1 3762 671 41 1 3767 648 8 1 3766 654 14 1 3765 671 42 1 3770 654 14 1 3769 659 19 1 3768 671 43 1 3773 659 19 1 3772 664 24 1 3771 671 44 1 3776 664 24 1 3775 669 29 1 3774 671 45 1 3779 669 29 1 3778 649 34 1 3777 671 46 1 3782 674 2 0 3781 673 1 0 3780 672 0 0 3785 672 0 0 3784 673 1 0 3783 675 3 0 3788 673 1 0 3787 676 4 0 3786 675 3 0 3791 675 3 0 3790 676 4 0 3789 677 5 0 3794 676 4 0 3793 678 6 1 3792 677 5 0 3797 677 5 0 3796 678 6 1 3795 679 7 1 3800 678 6 1 3799 680 8 1 3798 679 7 1 3803 679 7 1 3802 680 8 1 3801 681 9 1 3806 683 11 0 3805 682 10 0 3804 674 2 0 3809 674 2 0 3808 682 10 0 3807 673 1 0 3812 682 10 0 3811 684 12 1 3810 673 1 0 3815 673 1 0 3814 684 12 1 3813 676 4 0 3818 684 12 1 3817 685 13 1 3816 676 4 0 3821 676 4 0 3820 685 13 1 3819 678 6 1 3824 685 13 1 3823 686 14 1 3822 678 6 1 3827 678 6 1 3826 686 14 1 3825 680 8 1 3830 688 16 0 3829 687 15 0 3828 683 11 0 3833 683 11 0 3832 687 15 0 3831 682 10 0 3836 687 15 0 3835 689 17 1 3834 682 10 0 3839 682 10 0 3838 689 17 1 3837 684 12 1 3842 689 17 1 3841 690 18 1 3840 684 12 1 3845 684 12 1 3844 690 18 1 3843 685 13 1 3848 690 18 1 3847 691 19 1 3846 685 13 1 3851 685 13 1 3850 691 19 1 3849 686 14 1 3854 693 21 0 3853 692 20 0 3852 688 16 0 3857 688 16 0 3856 692 20 0 3855 687 15 0 3860 692 20 0 3859 694 22 0 3858 687 15 0 3863 687 15 0 3862 694 22 0 3861 689 17 1 3866 694 22 0 3865 695 23 1 3864 689 17 1 3869 689 17 1 3868 695 23 1 3867 690 18 1 3872 695 23 1 3871 696 24 1 3870 690 18 1 3875 690 18 1 3874 696 24 1 3873 691 19 1 3878 698 26 0 3877 697 25 0 3876 693 21 0 3881 693 21 0 3880 697 25 0 3879 692 20 0 3884 697 25 0 3883 699 27 0 3882 692 20 0 3887 692 20 0 3886 699 27 0 3885 694 22 0 3890 699 27 0 3889 700 28 1 3888 694 22 0 3893 694 22 0 3892 700 28 1 3891 695 23 1 3896 700 28 1 3895 701 29 1 3894 695 23 1 3899 695 23 1 3898 701 29 1 3897 696 24 1 3902 672 31 0 3901 675 30 0 3900 698 26 0 3905 698 26 0 3904 675 30 0 3903 697 25 0 3908 675 30 0 3907 677 32 0 3906 697 25 0 3911 697 25 0 3910 677 32 0 3909 699 27 0 3914 677 32 0 3913 679 33 1 3912 699 27 0 3917 699 27 0 3916 679 33 1 3915 700 28 1 3920 679 33 1 3919 681 34 1 3918 700 28 1 3923 700 28 1 3922 681 34 1 3921 701 29 1 3926 674 2 0 3925 672 0 0 3924 702 35 0 3929 683 11 0 3928 674 2 0 3927 702 36 0 3932 688 16 0 3931 683 11 0 3930 702 37 0 3935 693 21 0 3934 688 16 0 3933 702 38 0 3938 698 26 0 3937 693 21 0 3936 702 39 0 3941 672 31 0 3940 698 26 0 3939 702 40 0 3944 681 9 1 3943 680 8 1 3942 703 41 1 3947 680 8 1 3946 686 14 1 3945 703 42 1 3950 686 14 1 3949 691 19 1 3948 703 43 1 3953 691 19 1 3952 696 24 1 3951 703 44 1 3956 696 24 1 3955 701 29 1 3954 703 45 1 3959 701 29 1 3958 681 34 1 3957 703 46 1 3962 706 2 0 3961 705 1 0 3960 704 0 0 3965 704 0 0 3964 705 1 0 3963 707 3 0 3968 705 1 0 3967 708 4 0 3966 707 3 0 3971 707 3 0 3970 708 4 0 3969 709 5 0 3974 708 4 0 3973 710 6 1 3972 709 5 0 3977 709 5 0 3976 710 6 1 3975 711 7 1 3980 710 6 1 3979 712 8 1 3978 711 7 1 3983 711 7 1 3982 712 8 1 3981 713 9 1 3986 715 11 0 3985 714 10 0 3984 706 2 0 3989 706 2 0 3988 714 10 0 3987 705 1 0 3992 714 10 0 3991 716 12 1 3990 705 1 0 3995 705 1 0 3994 716 12 1 3993 708 4 0 3998 716 12 1 3997 717 13 1 3996 708 4 0 4001 708 4 0 4000 717 13 1 3999 710 6 1 4004 717 13 1 4003 718 14 1 4002 710 6 1 4007 710 6 1 4006 718 14 1 4005 712 8 1 4010 720 16 0 4009 719 15 0 4008 715 11 0 4013 715 11 0 4012 719 15 0 4011 714 10 0 4016 719 15 0 4015 721 17 1 4014 714 10 0 4019 714 10 0 4018 721 17 1 4017 716 12 1 4022 721 17 1 4021 722 18 1 4020 716 12 1 4025 716 12 1 4024 722 18 1 4023 717 13 1 4028 722 18 1 4027 723 19 1 4026 717 13 1 4031 717 13 1 4030 723 19 1 4029 718 14 1 4034 725 21 0 4033 724 20 0 4032 720 16 0 4037 720 16 0 4036 724 20 0 4035 719 15 0 4040 724 20 0 4039 726 22 1 4038 719 15 0 4043 719 15 0 4042 726 22 1 4041 721 17 1 4046 726 22 1 4045 727 23 1 4044 721 17 1 4049 721 17 1 4048 727 23 1 4047 722 18 1 4052 727 23 1 4051 728 24 1 4050 722 18 1 4055 722 18 1 4054 728 24 1 4053 723 19 1 4058 730 26 0 4057 729 25 0 4056 725 21 0 4061 725 21 0 4060 729 25 0 4059 724 20 0 4064 729 25 0 4063 731 27 0 4062 724 20 0 4067 724 20 0 4066 731 27 0 4065 726 22 1 4070 731 27 0 4069 732 28 1 4068 726 22 1 4073 726 22 1 4072 732 28 1 4071 727 23 1 4076 732 28 1 4075 733 29 1 4074 727 23 1 4079 727 23 1 4078 733 29 1 4077 728 24 1 4082 704 31 0 4081 707 30 0 4080 730 26 0 4085 730 26 0 4084 707 30 0 4083 729 25 0 4088 707 30 0 4087 709 32 0 4086 729 25 0 4091 729 25 0 4090 709 32 0 4089 731 27 0 4094 709 32 0 4093 711 33 1 4092 731 27 0 4097 731 27 0 4096 711 33 1 4095 732 28 1 4100 711 33 1 4099 713 34 1 4098 732 28 1 4103 732 28 1 4102 713 34 1 4101 733 29 1 4106 706 2 0 4105 704 0 0 4104 734 35 0 4109 715 11 0 4108 706 2 0 4107 734 36 0 4112 720 16 0 4111 715 11 0 4110 734 37 0 4115 725 21 0 4114 720 16 0 4113 734 38 0 4118 730 26 0 4117 725 21 0 4116 734 39 0 4121 704 31 0 4120 730 26 0 4119 734 40 0 4124 713 9 1 4123 712 8 1 4122 735 41 1 4127 712 8 1 4126 718 14 1 4125 735 42 1 4130 718 14 1 4129 723 19 1 4128 735 43 1 4133 723 19 1 4132 728 24 1 4131 735 44 1 4136 728 24 1 4135 733 29 1 4134 735 45 1 4139 733 29 1 4138 713 34 1 4137 735 46 1 4142 738 2 0 4141 737 1 0 4140 736 0 0 4145 736 0 0 4144 737 1 0 4143 739 3 0 4148 737 1 0 4147 740 4 0 4146 739 3 0 4151 739 3 0 4150 740 4 0 4149 741 5 0 4154 740 4 0 4153 742 6 1 4152 741 5 0 4157 741 5 0 4156 742 6 1 4155 743 7 1 4160 742 6 1 4159 744 8 1 4158 743 7 1 4163 743 7 1 4162 744 8 1 4161 745 9 1 4166 747 11 0 4165 746 10 0 4164 738 2 0 4169 738 2 0 4168 746 10 0 4167 737 1 0 4172 746 10 0 4171 748 12 1 4170 737 1 0 4175 737 1 0 4174 748 12 1 4173 740 4 0 4178 748 12 1 4177 749 13 1 4176 740 4 0 4181 740 4 0 4180 749 13 1 4179 742 6 1 4184 749 13 1 4183 750 14 1 4182 742 6 1 4187 742 6 1 4186 750 14 1 4185 744 8 1 4190 752 16 0 4189 751 15 0 4188 747 11 0 4193 747 11 0 4192 751 15 0 4191 746 10 0 4196 751 15 0 4195 753 17 1 4194 746 10 0 4199 746 10 0 4198 753 17 1 4197 748 12 1 4202 753 17 1 4201 754 18 1 4200 748 12 1 4205 748 12 1 4204 754 18 1 4203 749 13 1 4208 754 18 1 4207 755 19 1 4206 749 13 1 4211 749 13 1 4210 755 19 1 4209 750 14 1 4214 757 21 0 4213 756 20 0 4212 752 16 0 4217 752 16 0 4216 756 20 0 4215 751 15 0 4220 756 20 0 4219 758 22 1 4218 751 15 0 4223 751 15 0 4222 758 22 1 4221 753 17 1 4226 758 22 1 4225 759 23 1 4224 753 17 1 4229 753 17 1 4228 759 23 1 4227 754 18 1 4232 759 23 1 4231 760 24 1 4230 754 18 1 4235 754 18 1 4234 760 24 1 4233 755 19 1 4238 762 26 0 4237 761 25 0 4236 757 21 0 4241 757 21 0 4240 761 25 0 4239 756 20 0 4244 761 25 0 4243 763 27 0 4242 756 20 0 4247 756 20 0 4246 763 27 0 4245 758 22 1 4250 763 27 0 4249 764 28 1 4248 758 22 1 4253 758 22 1 4252 764 28 1 4251 759 23 1 4256 764 28 1 4255 765 29 1 4254 759 23 1 4259 759 23 1 4258 765 29 1 4257 760 24 1 4262 736 31 0 4261 739 30 0 4260 762 26 0 4265 762 26 0 4264 739 30 0 4263 761 25 0 4268 739 30 0 4267 741 32 0 4266 761 25 0 4271 761 25 0 4270 741 32 0 4269 763 27 0 4274 741 32 0 4273 743 33 1 4272 763 27 0 4277 763 27 0 4276 743 33 1 4275 764 28 1 4280 743 33 1 4279 745 34 1 4278 764 28 1 4283 764 28 1 4282 745 34 1 4281 765 29 1 4286 738 2 0 4285 736 0 0 4284 766 35 0 4289 747 11 0 4288 738 2 0 4287 766 36 0 4292 752 16 0 4291 747 11 0 4290 766 37 0 4295 757 21 0 4294 752 16 0 4293 766 38 0 4298 762 26 0 4297 757 21 0 4296 766 39 0 4301 736 31 0 4300 762 26 0 4299 766 40 0 4304 745 9 1 4303 744 8 1 4302 767 41 1 4307 744 8 1 4306 750 14 1 4305 767 42 1 4310 750 14 1 4309 755 19 1 4308 767 43 1 4313 755 19 1 4312 760 24 1 4311 767 44 1 4316 760 24 1 4315 765 29 1 4314 767 45 1 4319 765 29 1 4318 745 34 1 4317 767 46 1</p>
                </triangles>
            </mesh>
        </geometry>
        <geometry id="base_s_0-geometry" name="base_s_0">
            <mesh>
                <source id="base_s_0-geometry-POSITION">
                    <float_array id="base_s_0-geometry-POSITION-array" count="648">-94.45432 -43.49825 552.7231 -101.6424 -15.49317 546.1379 -101.1911 -43.49825 545.0202 -95.94484 -15.49317 552.6526 -101.6424 -15.49317 546.1379 -94.45432 -43.49825 552.7231 -95.94484 -15.49317 552.6526 -101.3383 12.51191 547.2207 -101.6424 -15.49317 546.1379 -96.6547 12.51191 552.5759 -101.3383 12.51191 547.2207 -95.94484 -15.49317 552.6526 -108.8939 -43.49824 551.757 -102.4594 -15.49316 558.3502 -102.1571 -43.49824 559.4599 -108.157 -15.49316 551.8355 -102.4594 -15.49316 558.3502 -108.8939 -43.49824 551.757 -108.157 -15.49316 551.8355 -102.0099 12.51191 557.2595 -102.4594 -15.49316 558.3502 -106.6935 12.51191 551.9042 -102.0099 12.51191 557.2595 -108.157 -15.49316 551.8355 -85.33965 -43.49825 374.5992 -92.81117 -15.49317 368.3375 -92.40959 -43.49825 367.2009 -86.83183 -15.49317 374.5945 -92.81117 -15.49317 368.3375 -85.33965 -43.49825 374.5992 -86.83183 -15.49317 374.5945 -92.45963 12.51191 369.4057 -92.81117 -15.49317 368.3375 -87.54439 12.51191 374.5491 -92.45963 12.51191 369.4057 -86.83183 -15.49317 374.5945 -99.80782 -43.49825 374.2709 -93.08878 -15.49317 380.5739 -92.73787 -43.49825 381.6692 -99.06818 -15.49317 374.3168 -93.08878 -15.49317 380.5739 -99.80782 -43.49825 374.2709 -99.06818 -15.49317 374.3168 -92.68783 12.51191 379.4644 -93.08878 -15.49317 380.5739 -97.60306 12.51191 374.3209 -92.68783 12.51191 379.4644 -99.06818 -15.49317 374.3168 108.2067 -43.49825 382.5906 100.8577 -15.49316 376.1855 101.2812 -43.49825 375.0569 106.7149 -15.49316 382.557 100.8577 -15.49316 376.1855 108.2067 -43.49825 382.5906 106.7149 -15.49316 382.557 101.1885 12.51191 377.2603 100.8577 -15.49316 376.1855 106.0033 12.51191 382.4979 101.1885 12.51191 377.2603 106.7149 -15.49316 382.557 93.7476 -43.49824 381.9825 100.3434 -15.49317 388.4142 100.6731 -43.49824 389.5161 94.4862 -15.49317 382.0427 100.3434 -15.49317 388.4142 93.7476 -43.49824 381.9825 94.4862 -15.49317 382.0427 100.7658 12.51191 387.3127 100.3434 -15.49317 388.4142 95.95097 12.51191 382.0752 100.7658 12.51191 387.3127 94.4862 -15.49317 382.0427 100.2583 -43.49824 562.1938 93.07019 -15.49317 555.6087 93.52153 -43.49824 554.491 98.76775 -15.49317 562.1234 93.07019 -15.49317 555.6087 100.2583 -43.49824 562.1938 98.76775 -15.49317 562.1234 93.37428 12.51191 556.6914 93.07019 -15.49317 555.6087 98.05787 12.51191 562.0466 93.37428 12.51191 556.6914 98.76775 -15.49317 562.1234 85.81867 -43.49824 561.2278 92.25314 -15.49317 567.8209 92.55542 -43.49824 568.9307 86.55554 -15.49317 561.3063 92.25314 -15.49317 567.8209 85.81867 -43.49824 561.2278 86.55554 -15.49317 561.3063 92.70264 12.51191 566.7302 92.25314 -15.49317 567.8209 88.01906 12.51191 561.375 92.70264 12.51191 566.7302 86.55554 -15.49317 561.3063 92.70264 12.51191 566.7302 88.01907 12.51191 561.375 93.37429 12.51191 556.6914 92.70264 12.51191 566.7302 93.37429 12.51191 556.6914 98.05788 12.51191 562.0466 -102.0099 12.51191 557.2595 -106.6935 12.51191 551.9042 -101.3383 12.51191 547.2206 -102.0099 12.51191 557.2595 -101.3383 12.51191 547.2206 -96.6547 12.51191 552.5759 100.7658 12.51191 387.3127 95.95097 12.51191 382.0751 101.1885 12.51191 377.2603 100.7658 12.51191 387.3127 101.1885 12.51191 377.2603 106.0033 12.51191 382.4979 -92.68784 12.51191 379.4644 -97.60307 12.51191 374.3209 -92.45963 12.51191 369.4057 -92.68784 12.51191 379.4644 -92.45963 12.51191 369.4057 -87.5444 12.51191 374.5491 -92.73786 -43.49825 381.6691 -86.83183 -15.49317 374.5945 -85.33965 -43.49825 374.5992 -93.08878 -15.49317 380.5738 -86.83183 -15.49317 374.5945 -92.73786 -43.49825 381.6691 -93.08878 -15.49317 380.5738 -87.5444 12.51191 374.5491 -86.83183 -15.49317 374.5945 -92.68784 12.51191 379.4644 -87.5444 12.51191 374.5491 -93.08878 -15.49317 380.5738 -92.40959 -43.49825 367.2009 -99.06818 -15.49317 374.3168 -99.80781 -43.49825 374.2709 -92.81118 -15.49317 368.3375 -99.06818 -15.49317 374.3168 -92.40959 -43.49825 367.2009 -92.81118 -15.49317 368.3375 -97.60307 12.51191 374.3209 -99.06818 -15.49317 374.3168 -92.45963 12.51191 369.4057 -97.60307 12.51191 374.3209 -92.81118 -15.49317 368.3375 100.6731 -43.49825 389.5161 106.7149 -15.49317 382.557 108.2067 -43.49825 382.5906 100.3434 -15.49317 388.4142 106.7149 -15.49317 382.557 100.6731 -43.49825 389.5161 100.3434 -15.49317 388.4142 106.0033 12.51191 382.4979 106.7149 -15.49317 382.557 100.7658 12.51191 387.3127 106.0033 12.51191 382.4979 100.3434 -15.49317 388.4142 101.2812 -43.49825 375.0569 94.48621 -15.49317 382.0427 93.74761 -43.49825 381.9825 100.8577 -15.49317 376.1855 94.48621 -15.49317 382.0427 101.2812 -43.49825 375.0569 100.8577 -15.49317 376.1855 95.95097 12.51191 382.0751 94.48621 -15.49317 382.0427 101.1885 12.51191 377.2603 95.95097 12.51191 382.0751 100.8577 -15.49317 376.1855 -102.1572 -43.49825 559.4599 -95.94483 -15.49317 552.6526 -94.45431 -43.49825 552.7231 -102.4594 -15.49317 558.3502 -95.94483 -15.49317 552.6526 -102.1572 -43.49825 559.4599 -102.4594 -15.49317 558.3502 -96.6547 12.51191 552.5759 -95.94483 -15.49317 552.6526 -102.0099 12.51191 557.2595 -96.6547 12.51191 552.5759 -102.4594 -15.49317 558.3502 -101.191 -43.49825 545.0202 -108.157 -15.49317 551.8355 -108.8939 -43.49825 551.757 -101.6424 -15.49317 546.1379 -108.157 -15.49317 551.8355 -101.191 -43.49825 545.0202 -101.6424 -15.49317 546.1379 -106.6935 12.51191 551.9042 -108.157 -15.49317 551.8355 -101.3383 12.51191 547.2206 -106.6935 12.51191 551.9042 -101.6424 -15.49317 546.1379 92.55542 -43.49825 568.9307 98.76775 -15.49317 562.1234 100.2583 -43.49825 562.1938 92.25314 -15.49317 567.8209 98.76775 -15.49317 562.1234 92.55542 -43.49825 568.9307 92.25314 -15.49317 567.8209 98.05788 12.51191 562.0466 98.76775 -15.49317 562.1234 92.70264 12.51191 566.7302 98.05788 12.51191 562.0466 92.25314 -15.49317 567.8209 93.52153 -43.49825 554.491 86.55555 -15.49317 561.3063 85.81867 -43.49825 561.2278 93.0702 -15.49317 555.6087 86.55555 -15.49317 561.3063 93.52153 -43.49825 554.491 93.0702 -15.49317 555.6087 88.01907 12.51191 561.375 86.55555 -15.49317 561.3063 93.37429 12.51191 556.6914 88.01907 12.51191 561.375 93.0702 -15.49317 555.6087</float_array>
                    <technique_common>
                        <accessor count="216" offset="0" source="base_s_0-geometry-POSITION-array" stride="3">
                            <param name="X" type="float" />
                            <param name="Y" type="float" />
                            <param name="Z" type="float" />
                        </accessor>
                    </technique_common>
                </source>
                <source id="base_s_0-geometry-NORMAL">
                    <float_array id="base_s_0-geometry-NORMAL-array" count="156">0.7521807 0.03837761 -0.6578383 0.7524431 0.02782842 -0.6580691 0.7526216 0.01727612 -0.6582266 -0.752613 0.01795832 0.6582181 -0.752442 0.02782765 0.6580704 -0.7521976 0.03769427 0.6578585 0.7224328 0.03837667 -0.6903753 0.7226849 0.02782704 -0.6906173 0.7228564 0.0172743 -0.6907823 -0.722848 0.01795865 0.6907737 -0.7226843 0.02782835 0.6906179 -0.7224502 0.03769533 0.6903947 0.735656 0.03837721 -0.6762673 0.7359114 0.02782774 -0.6765057 0.7360848 0.01727516 -0.6766688 -0.7360749 0.01795811 0.6766618 -0.7359079 0.02782759 0.6765096 -0.7356692 0.03769436 0.6762913 0.7521809 0.03837784 -0.6578382 0.7524436 0.02782791 -0.6580687 0.7526223 0.01727488 -0.6582258 -0.752613 0.01796007 0.6582181 -0.7524422 0.02782863 0.6580701 -0.752198 0.03769447 0.6578581 0 1 -5.494985E-08 0 1 4.595309E-08 0 1 -1.20834E-07 0 1 -1.480142E-07 0.6904168 0.03690802 0.7224697 0.6906193 0.02782818 0.7226828 0.6907649 0.01874604 0.7228364 -0.6907552 0.01942977 -0.7228275 -0.6906176 0.027829 -0.7226845 -0.6904312 0.03622627 -0.7224904 0.6763082 0.03690806 0.7356936 0.6765071 0.02782839 0.7359101 0.6766502 0.01874643 0.7360659 -0.6766424 0.01942928 -0.7360554 -0.6765075 0.02782886 -0.7359097 -0.676325 0.03622647 -0.7357121 0.6578802 0.0369081 0.7522177 0.6580734 0.02782825 0.7524393 0.6582124 0.01874611 0.7525989 -0.6582021 0.01942909 -0.7525906 -0.6580712 0.02782875 -0.7524413 -0.6578938 0.03622646 -0.7522389 0.6578801 0.03690846 0.7522177 0.6580734 0.02782841 0.7524393 0.6582124 0.01874607 0.7525988 -0.6582021 0.01942889 -0.7525906 -0.6580712 0.02782868 -0.7524413 -0.6578938 0.03622651 -0.7522389</float_array>
                    <technique_common>
                        <accessor count="52" offset="0" source="base_s_0-geometry-NORMAL-array" stride="3">
                            <param name="X" type="float" />
                            <param name="Y" type="float" />
                            <param name="Z" type="float" />
                        </accessor>
                    </technique_common>
                </source>
                <source id="base_s_0-geometry-TEXCOORD">
                    <float_array id="base_s_0-geometry-TEXCOORD-array" count="26">-7.537153E-09 -1.192093E-07 1 0.5 1 -1.192093E-07 -7.508788E-09 0.5 1 0.9859543 -7.450581E-09 0.9859543 -7.450581E-09 0.5 0.007023061 0.9929774 0.9929774 0.9929774 0.9929774 -0.007023096 0.007023096 -0.007023096 -7.537153E-09 0.5 -7.537153E-09 0.9859543</float_array>
                    <technique_common>
                        <accessor count="13" offset="0" source="base_s_0-geometry-TEXCOORD-array" stride="2">
                            <param name="S" type="float" />
                            <param name="T" type="float" />
                        </accessor>
                    </technique_common>
                </source>
                <source id="base_s_0-geometry-COLOR">
                    <float_array id="base_s_0-geometry-COLOR-array" count="64">1 1 0.9764706 1 0.7803922 0.9019608 0.9764706 1 0.7843137 0.9019608 0.9764706 1 0.7764706 0.8980392 0.9764706 1 0.7803922 0.8980392 0.9764706 1 0.7843137 0.9058824 0.9764706 1 0.7882353 0.9098039 0.9764706 1 0.7882353 0.9058824 0.9764706 1 0.5411765 0.6392157 0.7372549 1 0.5450981 0.6392157 0.7411765 1 0.5411765 0.6352941 0.7372549 1 0.5294118 0.6235294 0.7215686 1 0.5294118 0.6235294 0.7254902 1 0.5333334 0.627451 0.7294118 1 0.5333334 0.6313726 0.7294118 1 0.5333334 0.6313726 0.7333333 1</float_array>
                    <technique_common>
                        <accessor count="16" offset="0" source="base_s_0-geometry-COLOR-array" stride="4">
                            <param name="R" type="double" />
                            <param name="G" type="double" />
                            <param name="B" type="double" />
                            <param name="A" type="double" />
                        </accessor>
                    </technique_common>
                </source>
                <vertices id="base_s_0-vertices">
                    <input semantic="POSITION" source="#base_s_0-geometry-POSITION" />
                </vertices>
                <triangles count="72" material="su_s">
                    <input semantic="VERTEX" source="#base_s_0-vertices" offset="0" set="0" />
                    <input semantic="NORMAL" source="#base_s_0-geometry-NORMAL" offset="1" set="0" />
                    <input semantic="TEXCOORD" source="#base_s_0-geometry-TEXCOORD" offset="2" set="0" />
                    <input semantic="COLOR" source="#base_s_0-geometry-COLOR" offset="3" set="0" />
                    <p>2 0 2 0 1 1 1 0 0 0 0 0 5 0 0 0 4 1 1 0 3 1 3 0 8 1 1 0 7 2 4 0 6 1 3 0 11 1 3 0 10 2 4 0 9 2 5 0 14 3 2 1 13 4 1 1 12 3 0 1 17 3 0 1 16 4 1 1 15 4 6 1 20 4 1 1 19 5 4 2 18 4 6 1 23 4 6 1 22 5 4 2 21 5 5 2 26 6 2 0 25 7 1 0 24 6 0 0 29 6 0 0 28 7 1 0 27 7 3 0 32 7 1 0 31 8 4 0 30 7 3 0 35 7 3 0 34 8 4 0 33 8 5 0 38 9 2 3 37 10 1 4 36 9 0 3 41 9 0 3 40 10 1 4 39 10 6 4 44 10 1 4 43 11 4 4 42 10 6 4 47 10 6 4 46 11 4 4 45 11 5 1 50 12 2 0 49 13 1 0 48 12 0 0 53 12 0 0 52 13 1 0 51 13 3 0 56 13 1 0 55 14 4 0 54 13 3 0 59 13 3 0 58 14 4 0 57 14 5 0 62 15 2 5 61 16 1 6 60 15 0 5 65 15 0 5 64 16 1 6 63 16 6 6 68 16 1 6 67 17 4 6 66 16 6 6 71 16 6 6 70 17 4 6 69 17 5 6 74 18 2 0 73 19 1 0 72 18 0 0 77 18 0 0 76 19 1 0 75 19 3 0 80 19 1 0 79 20 4 0 78 19 3 0 83 19 3 0 82 20 4 0 81 20 5 0 86 21 2 5 85 22 1 7 84 21 0 5 89 21 0 5 88 22 1 7 87 22 6 7 92 22 1 7 91 23 4 6 90 22 6 7 95 22 6 7 94 23 4 6 93 23 5 6 98 24 9 0 97 24 8 0 96 24 7 0 101 24 10 0 100 24 9 0 99 24 7 0 104 25 9 0 103 25 8 0 102 25 7 0 107 25 10 0 106 25 9 0 105 25 7 0 110 26 9 0 109 26 8 0 108 26 7 0 113 26 10 0 112 26 9 0 111 26 7 0 116 27 9 0 115 27 8 0 114 27 7 0 119 27 10 0 118 27 9 0 117 27 7 0 122 28 2 0 121 29 1 0 120 28 0 0 125 28 0 0 124 29 1 0 123 29 11 0 128 29 1 0 127 30 4 0 126 29 11 0 131 29 11 0 130 30 4 0 129 30 12 0 134 31 12 8 133 32 11 9 132 31 4 8 137 31 4 8 136 32 11 9 135 32 1 9 140 32 11 9 139 33 0 9 138 32 1 9 143 32 1 9 142 33 0 9 141 33 2 9 146 34 2 0 145 35 1 0 144 34 0 0 149 34 0 0 148 35 1 0 147 35 11 0 152 35 1 0 151 36 4 0 150 35 11 0 155 35 11 0 154 36 4 0 153 36 12 0 158 37 12 10 157 38 11 10 156 37 4 10 161 37 4 10 160 38 11 10 159 38 1 10 164 38 11 10 163 39 0 10 162 38 1 10 167 38 1 10 166 39 0 10 165 39 2 10 170 40 2 0 169 41 1 0 168 40 0 0 173 40 0 0 172 41 1 0 171 41 11 0 176 41 1 0 175 42 4 0 174 41 11 0 179 41 11 0 178 42 4 0 177 42 12 0 182 43 12 11 181 44 11 12 180 43 4 11 185 43 4 11 184 44 11 12 183 44 1 12 188 44 11 12 187 45 0 12 186 44 1 12 191 44 1 12 190 45 0 12 189 45 2 12 194 46 2 0 193 47 1 0 192 46 0 0 197 46 0 0 196 47 1 0 195 47 11 0 200 47 1 0 199 48 4 0 198 47 11 0 203 47 11 0 202 48 4 0 201 48 12 0 206 49 12 13 205 50 11 14 204 49 4 13 209 49 4 13 208 50 11 14 207 50 1 14 212 50 11 14 211 51 0 15 210 50 1 14 215 50 1 14 214 51 0 15 213 51 2 15</p>
                </triangles>
            </mesh>
        </geometry>
        <geometry id="base_q_0-geometry" name="base_q_0">
            <mesh>
                <source id="base_q_0-geometry-POSITION">
                    <float_array id="base_q_0-geometry-POSITION-array" count="270">127.0801 -2.741131 451.0584 -123.7938 -2.741131 434.5374 -114.9359 -2.741131 411.0245 127.8946 -2.741131 476.1712 -123.7938 -2.741131 434.5374 127.0801 -2.741131 451.0584 127.8946 -2.741131 476.1712 -127.8944 -2.741131 459.3265 -123.7938 -2.741131 434.5374 123.794 -2.741131 500.9603 -127.8944 -2.741131 459.3265 127.8946 -2.741131 476.1712 123.794 -2.741131 500.9603 -127.08 -2.741131 484.4393 -127.8944 -2.741131 459.3265 114.9361 -2.741131 524.4732 -127.08 -2.741131 484.4393 123.794 -2.741131 500.9603 114.9361 -2.741131 524.4732 -121.3821 -2.741131 508.9107 -127.08 -2.741131 484.4393 101.6613 -2.741131 545.8062 -121.3821 -2.741131 508.9107 114.9361 -2.741131 524.4732 -56.72424 -2.741131 582.6849 64.05153 -2.741131 578.7684 41.16196 -2.741131 589.131 -78.0572 -2.741131 569.4101 64.05153 -2.741131 578.7684 -56.72424 -2.741131 582.6849 -78.0572 -2.741131 569.4101 84.47964 -2.741131 564.1395 64.05153 -2.741131 578.7684 -96.39046 -2.741131 552.2285 84.47964 -2.741131 564.1395 -78.0572 -2.741131 569.4101 -114.9359 -2.741131 411.0245 121.3822 -2.741131 426.587 127.0801 -2.741131 451.0584 -101.6611 -2.741131 389.6916 121.3822 -2.741131 426.587 -114.9359 -2.741131 411.0245 -101.6611 -2.741131 389.6916 111.0196 -2.741131 403.6974 121.3822 -2.741131 426.587 -84.47946 -2.741131 371.3583 111.0196 -2.741131 403.6974 -101.6611 -2.741131 389.6916 -84.47946 -2.741131 371.3583 96.39056 -2.741131 383.2694 111.0196 -2.741131 403.6974 -64.05135 -2.741131 356.7293 96.39056 -2.741131 383.2694 -84.47946 -2.741131 371.3583 -64.05135 -2.741131 356.7293 78.05732 -2.741131 366.0877 96.39056 -2.741131 383.2694 -41.16177 -2.741131 346.3667 78.05732 -2.741131 366.0877 -64.05135 -2.741131 356.7293 -41.16177 -2.741131 346.3667 56.72437 -2.741131 352.8129 78.05732 -2.741131 366.0877 -16.69038 -2.741131 340.6688 56.72437 -2.741131 352.8129 -41.16177 -2.741131 346.3667 -16.69038 -2.741131 340.6688 33.21154 -2.741131 343.955 56.72437 -2.741131 352.8129 8.422412 -2.741131 339.8545 33.21154 -2.741131 343.955 -16.69038 -2.741131 340.6688 84.47964 -2.741131 564.1395 -121.3821 -2.741131 508.9107 101.6613 -2.741131 545.8062 -96.39046 -2.741131 552.2285 -121.3821 -2.741131 508.9107 84.47964 -2.741131 564.1395 -96.39046 -2.741131 552.2285 -111.0195 -2.741131 531.8003 -121.3821 -2.741131 508.9107 16.69055 -2.741131 594.829 -33.21139 -2.741131 591.5427 -56.72424 -2.741131 582.6849 16.69055 -2.741131 594.829 -56.72424 -2.741131 582.6849 41.16196 -2.741131 589.131 -8.422256 -2.741131 595.6434 -33.21139 -2.741131 591.5427 16.69055 -2.741131 594.829</float_array>
                    <technique_common>
                        <accessor count="90" offset="0" source="base_q_0-geometry-POSITION-array" stride="3">
                            <param name="X" type="float" />
                            <param name="Y" type="float" />
                            <param name="Z" type="float" />
                        </accessor>
                    </technique_common>
                </source>
                <source id="base_q_0-geometry-NORMAL">
                    <float_array id="base_q_0-geometry-NORMAL-array" count="51">0 1 3.794362E-09 0 1 4.618271E-09 0 1 3.758275E-09 0 1 -2.099443E-11 0 1 -4.986246E-09 0 1 1.632113E-08 0 1 1.086348E-08 0 1 3.806444E-10 0 1 -1.68536E-09 0 1 -1.667613E-09 0 1 1.237896E-10 0 1 -7.689405E-13 0 1 1.093145E-08 0 1 1.857325E-08 0 1 -7.56505E-09 0 1 4.169485E-08 0 1 6.414805E-08</float_array>
                    <technique_common>
                        <accessor count="17" offset="0" source="base_q_0-geometry-NORMAL-array" stride="3">
                            <param name="X" type="float" />
                            <param name="Y" type="float" />
                            <param name="Z" type="float" />
                        </accessor>
                    </technique_common>
                </source>
                <source id="base_q_0-geometry-TEXCOORD">
                    <float_array id="base_q_0-geometry-TEXCOORD-array" count="64">0.67122 0.07346082 0.5050447 0.9595952 0.5946099 0.9497802 0.5847126 0.04825151 0.4152855 0.9517484 0.4949528 0.04040527 0.3287819 0.9265413 0.405387 0.05022103 0.2488581 0.8849428 0.3194574 0.07732159 0.05022073 0.594613 0.1714481 0.1785868 0.1150564 0.2488601 0.07732092 0.6805423 0.2404658 0.1206654 0.1206645 0.7595335 0.7511439 0.1150601 0.6805394 0.9226804 0.8214165 0.1714523 0.7595308 0.8793374 0.8793373 0.2404705 0.828549 0.8214169 0.9226804 0.3194623 0.884941 0.7511445 0.94978 0.4053921 0.9265401 0.6712207 0.9595948 0.4949577 0.9517477 0.584717 0.1785855 0.8285511 0.07345799 0.3287844 0.04040507 0.5050477 0.0482512 0.4152884</float_array>
                    <technique_common>
                        <accessor count="32" offset="0" source="base_q_0-geometry-TEXCOORD-array" stride="2">
                            <param name="S" type="float" />
                            <param name="T" type="float" />
                        </accessor>
                    </technique_common>
                </source>
                <source id="base_q_0-geometry-COLOR">
                    <float_array id="base_q_0-geometry-COLOR-array" count="4">1 1 0.9764706 1</float_array>
                    <technique_common>
                        <accessor count="1" offset="0" source="base_q_0-geometry-COLOR-array" stride="4">
                            <param name="R" type="double" />
                            <param name="G" type="double" />
                            <param name="B" type="double" />
                            <param name="A" type="double" />
                        </accessor>
                    </technique_common>
                </source>
                <vertices id="base_q_0-vertices">
                    <input semantic="POSITION" source="#base_q_0-geometry-POSITION" />
                </vertices>
                <triangles count="30" material="th_s9">
                    <input semantic="VERTEX" source="#base_q_0-vertices" offset="0" set="0" />
                    <input semantic="NORMAL" source="#base_q_0-geometry-NORMAL" offset="1" set="0" />
                    <input semantic="TEXCOORD" source="#base_q_0-geometry-TEXCOORD" offset="2" set="0" />
                    <input semantic="COLOR" source="#base_q_0-geometry-COLOR" offset="3" set="0" />
                    <p>2 0 2 0 1 1 1 0 0 0 0 0 5 0 0 0 4 1 1 0 3 1 3 0 8 1 1 0 7 2 4 0 6 1 3 0 11 1 3 0 10 2 4 0 9 2 5 0 14 2 4 0 13 3 6 0 12 2 5 0 17 2 5 0 16 3 6 0 15 3 7 0 20 3 6 0 19 4 8 0 18 3 7 0 23 3 7 0 22 4 8 0 21 4 9 0 26 5 12 0 25 6 11 0 24 5 10 0 29 5 10 0 28 6 11 0 27 6 13 0 32 6 11 0 31 7 14 0 30 6 13 0 35 6 13 0 34 7 14 0 33 7 15 0 38 0 0 0 37 8 16 0 36 0 2 0 41 0 2 0 40 8 16 0 39 8 17 0 44 8 16 0 43 9 18 0 42 8 17 0 47 8 17 0 46 9 18 0 45 9 19 0 50 9 18 0 49 10 20 0 48 9 19 0 53 9 19 0 52 10 20 0 51 10 21 0 56 10 20 0 55 11 22 0 54 10 21 0 59 10 21 0 58 11 22 0 57 11 23 0 62 11 22 0 61 12 24 0 60 11 23 0 65 11 23 0 64 12 24 0 63 12 25 0 68 12 24 0 67 13 26 0 66 12 25 0 71 12 25 0 70 13 26 0 69 13 27 0 74 4 9 0 73 4 8 0 72 7 14 0 77 7 14 0 76 4 8 0 75 7 15 0 80 4 8 0 79 14 28 0 78 7 15 0 83 5 10 0 82 15 30 0 81 15 29 0 86 5 12 0 85 5 10 0 84 15 29 0 89 15 29 0 88 15 30 0 87 16 31 0</p>
                </triangles>
            </mesh>
        </geometry>
        <geometry id="base_q_1-geometry" name="base_q_1">
            <mesh>
                <source id="base_q_1-geometry-POSITION">
                    <float_array id="base_q_1-geometry-POSITION-array" count="576">127.0801 -2.741131 451.0583 121.3822 -2.741131 426.587 121.3822 -14.05158 426.587 127.0801 -2.741131 451.0583 121.3822 -14.05158 426.587 127.0801 -14.05158 451.0583 121.3822 -2.741131 426.587 111.0196 -2.741131 403.6974 111.0196 -14.05158 403.6974 121.3822 -2.741131 426.587 111.0196 -14.05158 403.6974 121.3822 -14.05158 426.587 111.0196 -2.741131 403.6974 96.39056 -2.741131 383.2694 96.39056 -14.05158 383.2694 111.0196 -2.741131 403.6974 96.39056 -14.05158 383.2694 111.0196 -14.05158 403.6974 96.39056 -2.741131 383.2694 78.05732 -2.741131 366.0877 78.05732 -14.05159 366.0877 96.39056 -2.741131 383.2694 78.05732 -14.05159 366.0877 96.39056 -14.05158 383.2694 78.05732 -2.741131 366.0877 56.72437 -2.741131 352.8129 56.72437 -14.05159 352.8129 78.05732 -2.741131 366.0877 56.72437 -14.05159 352.8129 78.05732 -14.05159 366.0877 56.72437 -2.741131 352.8129 33.21154 -2.74113 343.955 33.21154 -14.05159 343.955 56.72437 -2.741131 352.8129 33.21154 -14.05159 343.955 56.72437 -14.05159 352.8129 33.21154 -2.74113 343.955 8.422412 -2.741131 339.8544 8.422412 -14.05159 339.8544 33.21154 -2.74113 343.955 8.422412 -14.05159 339.8544 33.21154 -14.05159 343.955 8.422412 -2.741131 339.8544 -16.69038 -2.741131 340.6688 -16.69038 -14.05159 340.6688 8.422412 -2.741131 339.8544 -16.69038 -14.05159 340.6688 8.422412 -14.05159 339.8544 -16.69038 -2.741131 340.6688 -41.16177 -2.741131 346.3667 -41.16177 -14.05159 346.3667 -16.69038 -2.741131 340.6688 -41.16177 -14.05159 346.3667 -16.69038 -14.05159 340.6688 -41.16177 -2.741131 346.3667 -64.05135 -2.741131 356.7293 -64.05135 -14.05159 356.7293 -41.16177 -2.741131 346.3667 -64.05135 -14.05159 356.7293 -41.16177 -14.05159 346.3667 -64.05135 -2.741131 356.7293 -84.47946 -2.74113 371.3583 -84.47946 -14.05159 371.3583 -64.05135 -2.741131 356.7293 -84.47946 -14.05159 371.3583 -64.05135 -14.05159 356.7293 -84.47946 -2.74113 371.3583 -101.6611 -2.741131 389.6916 -101.6611 -14.05159 389.6916 -84.47946 -2.74113 371.3583 -101.6611 -14.05159 389.6916 -84.47946 -14.05159 371.3583 -101.6611 -2.741131 389.6916 -114.9359 -2.741131 411.0245 -114.9359 -14.05159 411.0245 -101.6611 -2.741131 389.6916 -114.9359 -14.05159 411.0245 -101.6611 -14.05159 389.6916 -114.9359 -2.741131 411.0245 -123.7938 -2.741131 434.5374 -123.7938 -14.05159 434.5374 -114.9359 -2.741131 411.0245 -123.7938 -14.05159 434.5374 -114.9359 -14.05159 411.0245 -123.7938 -2.741131 434.5374 -127.8944 -2.741131 459.3266 -127.8944 -14.05159 459.3266 -123.7938 -2.741131 434.5374 -127.8944 -14.05159 459.3266 -123.7938 -14.05159 434.5374 -127.8944 -2.741131 459.3266 -127.08 -2.741131 484.4393 -127.08 -14.05159 484.4393 -127.8944 -2.741131 459.3266 -127.08 -14.05159 484.4393 -127.8944 -14.05159 459.3266 -127.08 -2.741131 484.4393 -121.3821 -2.741131 508.9107 -121.3821 -14.05159 508.9107 -127.08 -2.741131 484.4393 -121.3821 -14.05159 508.9107 -127.08 -14.05159 484.4393 -121.3821 -2.741131 508.9107 -111.0195 -2.741131 531.8003 -111.0195 -14.05159 531.8003 -121.3821 -2.741131 508.9107 -111.0195 -14.05159 531.8003 -121.3821 -14.05159 508.9107 -111.0195 -2.741131 531.8003 -96.39046 -2.741132 552.2285 -96.39046 -14.05159 552.2285 -111.0195 -2.741131 531.8003 -96.39046 -14.05159 552.2285 -111.0195 -14.05159 531.8003 -96.39046 -2.741132 552.2285 -78.0572 -2.741131 569.4101 -78.0572 -14.05159 569.4101 -96.39046 -2.741132 552.2285 -78.0572 -14.05159 569.4101 -96.39046 -14.05159 552.2285 -78.0572 -2.741131 569.4101 -56.72424 -2.741131 582.6849 -56.72424 -14.05159 582.6849 -78.0572 -2.741131 569.4101 -56.72424 -14.05159 582.6849 -78.0572 -14.05159 569.4101 -56.72424 -2.741131 582.6849 -33.21139 -2.741131 591.5427 -33.21139 -14.05159 591.5427 -56.72424 -2.741131 582.6849 -33.21139 -14.05159 591.5427 -56.72424 -14.05159 582.6849 -33.21139 -2.741131 591.5427 -8.422256 -2.741131 595.6434 -8.422256 -14.05159 595.6434 -33.21139 -2.741131 591.5427 -8.422256 -14.05159 595.6434 -33.21139 -14.05159 591.5427 -8.422256 -2.741131 595.6434 16.69055 -2.741131 594.829 16.69055 -14.05159 594.829 -8.422256 -2.741131 595.6434 16.69055 -14.05159 594.829 -8.422256 -14.05159 595.6434 16.69055 -2.741131 594.829 41.16196 -2.741131 589.131 41.16196 -14.05159 589.131 16.69055 -2.741131 594.829 41.16196 -14.05159 589.131 16.69055 -14.05159 594.829 41.16196 -2.741131 589.131 64.05153 -2.741131 578.7684 64.05153 -14.05159 578.7684 41.16196 -2.741131 589.131 64.05153 -14.05159 578.7684 41.16196 -14.05159 589.131 64.05153 -2.741131 578.7684 84.47964 -2.741131 564.1395 84.47964 -14.05158 564.1395 64.05153 -2.741131 578.7684 84.47964 -14.05158 564.1395 64.05153 -14.05159 578.7684 84.47964 -2.741131 564.1395 101.6613 -2.741131 545.8062 101.6613 -14.05158 545.8062 84.47964 -2.741131 564.1395 101.6613 -14.05158 545.8062 84.47964 -14.05158 564.1395 101.6613 -2.741131 545.8062 114.9361 -2.741131 524.4731 114.9361 -14.05158 524.4731 101.6613 -2.741131 545.8062 114.9361 -14.05158 524.4731 101.6613 -14.05158 545.8062 114.9361 -2.741131 524.4731 123.794 -2.741131 500.9603 123.794 -14.05158 500.9603 114.9361 -2.741131 524.4731 123.794 -14.05158 500.9603 114.9361 -14.05158 524.4731 123.794 -2.741131 500.9603 127.8946 -2.741131 476.1712 127.8946 -14.05158 476.1712 123.794 -2.741131 500.9603 127.8946 -14.05158 476.1712 123.794 -14.05158 500.9603 127.8946 -2.741131 476.1712 127.0801 -2.741131 451.0583 127.0801 -14.05158 451.0583 127.8946 -2.741131 476.1712 127.0801 -14.05158 451.0583 127.8946 -14.05158 476.1712</float_array>
                    <technique_common>
                        <accessor count="192" offset="0" source="base_q_1-geometry-POSITION-array" stride="3">
                            <param name="X" type="float" />
                            <param name="Y" type="float" />
                            <param name="Z" type="float" />
                        </accessor>
                    </technique_common>
                </source>
                <source id="base_q_1-geometry-NORMAL">
                    <float_array id="base_q_1-geometry-NORMAL-array" count="96">0.9914848 1.375251E-07 -0.1302224 0.9470294 2.306888E-07 -0.321147 0.8661797 6.59379E-08 -0.4997327 0.7520437 -8.495841E-09 -0.6591133 0.6090077 -3.392578E-08 -0.7931644 0.4425652 7.519978E-09 -0.8967363 0.2591164 -1.073934E-08 -0.9658461 0.0657115 3.145339E-09 -0.9978387 -0.1302195 -9.341757E-09 -0.9914852 -0.3211467 -4.397484E-08 -0.9470295 -0.4997328 -8.875394E-08 -0.8661796 -0.6591137 -7.092972E-08 -0.7520433 -0.7931651 1.871179E-07 -0.6090066 -0.8967361 3.099609E-07 -0.4425656 -0.9658459 5.692747E-09 -0.2591173 -0.9978387 7.046364E-08 -0.0657116 -0.9914852 2.127306E-09 0.1302198 -0.9470295 -1.749395E-07 0.3211467 -0.8661802 -7.65146E-08 0.4997317 -0.7520442 -2.385331E-09 0.6591127 -0.6090058 3.159711E-08 0.7931657 -0.4425637 -2.782207E-08 0.896737 -0.2591175 1.457239E-08 0.9658458 -0.06571103 6.35242E-09 0.9978387 0.1302213 -7.785079E-09 0.9914849 0.3211465 -1.410478E-08 0.9470295 0.4997314 -1.936991E-08 0.8661805 0.659113 -6.913502E-08 0.7520439 0.7931659 -1.717755E-07 0.6090056 0.8967362 -2.476851E-07 0.4425654 0.9658457 -2.148428E-07 0.2591178 0.9978388 -1.571372E-07 0.06570932</float_array>
                    <technique_common>
                        <accessor count="32" offset="0" source="base_q_1-geometry-NORMAL-array" stride="3">
                            <param name="X" type="float" />
                            <param name="Y" type="float" />
                            <param name="Z" type="float" />
                        </accessor>
                    </technique_common>
                </source>
                <source id="base_q_1-geometry-TEXCOORD">
                    <float_array id="base_q_1-geometry-TEXCOORD-array" count="248">-0.8936846 0.9859738 -0.8103567 0.9859738 -0.8103567 0.03370792 -0.8936846 0.03370792 -0.9338234 0.9775413 -0.8672824 0.9775407 -0.8672823 0.02527481 -0.9338233 0.02527481 -0.8352987 0.9785214 -0.7755812 0.9785212 -0.7755811 0.02625567 -0.8352987 0.02625543 -0.7481387 0.9933398 -0.7002648 0.9933398 -0.7002649 0.0410741 -0.7481387 0.04107398 -0.6551856 0.9835683 -0.5984957 0.9835683 -0.5984955 0.03130287 -0.6551855 0.03130233 -0.5616742 0.9862854 -0.5346208 0.9862852 -0.5346208 0.03401941 -0.561674 0.03401953 -0.4929506 0.9684117 -0.4726338 0.9684119 -0.4726335 0.01614624 -0.4929508 0.01614624 -0.4675035 0.9722213 -0.4172324 0.9722215 -0.4172326 0.01995593 -0.4675034 0.01995593 -0.4051359 0.9692327 -0.3453193 0.9692327 -0.3453193 0.01696712 -0.4051357 0.01696688 -0.3305469 0.9716159 -0.2636115 0.9716158 -0.2636113 0.01935095 -0.330547 0.01935095 -0.2671173 0.9699255 -0.1973931 0.9699255 -0.1973931 0.01765984 -0.2671172 0.0176596 -0.1689972 0.963563 -0.08715659 0.9635631 -0.08715653 0.01129764 -0.1689973 0.01129764 -0.9957399 0.9879879 -0.9079956 0.9879879 -0.9079956 0.03572136 -0.9957399 0.03572136 -0.970874 0.9975372 -0.8810949 0.9975372 -0.8810949 0.04527104 -0.9708738 0.04527086 -0.7562459 0.9877807 -0.6651531 0.9877807 -0.6651531 0.03551495 -0.7562459 0.03551519 -0.9153113 0.9877807 -0.8305368 0.9877807 -0.8305366 0.03551495 -0.9153112 0.03551519 -0.6449406 0.9877807 -0.5614976 0.9877807 -0.5614976 0.03551519 -0.6449407 0.03551495 -0.5309479 0.9877807 -0.4601328 0.9877807 -0.4601328 0.03551519 -0.5309479 0.03551519 -0.4366848 0.9877807 -0.3717196 0.9877807 -0.3717197 0.03551507 -0.4366848 0.03551519 -0.3392521 0.9877807 -0.2972791 0.9877807 -0.2972791 0.03551507 -0.3392522 0.03551507 -0.2803071 0.9877807 -0.2254966 0.9877807 -0.2254965 0.03551507 -0.2803072 0.03551507 -0.1877111 0.9877807 -0.06927075 0.9877807 -0.06927075 0.03551507 -0.1877111 0.03551507 -0.123763 0.9877807 -0.07017694 0.9877807 -0.07017697 0.03551507 -0.123763 0.03551507 -0.7770972 0.9822837 -0.7197419 0.9822837 -0.7197419 0.03001791 -0.7770972 0.03001791 -0.698882 0.9816161 -0.6410514 0.9816161 -0.6410514 0.02935141 -0.698882 0.02935201 -0.6458775 0.9786095 -0.569904 0.9786095 -0.569904 0.02634305 -0.6458775 0.02634341 -0.5423122 0.9761373 -0.4618028 0.9761373 -0.4618028 0.02387136 -0.5423122 0.0238716 -0.4635239 0.9797441 -0.3751152 0.9797441 -0.3751153 0.02747804 -0.4635237 0.02747768 -0.3761915 0.9828855 -0.2859232 0.9828855 -0.2859231 0.03061944 -0.3761915 0.03061968 -0.2557204 0.9843645 -0.1646277 0.9843645 -0.1646276 0.03209895 -0.2557203 0.03209859 -0.1344737 0.9876987 -0.0474025 0.9876987 -0.0474025 0.03543276 -0.1344738 0.03543288</float_array>
                    <technique_common>
                        <accessor count="124" offset="0" source="base_q_1-geometry-TEXCOORD-array" stride="2">
                            <param name="S" type="float" />
                            <param name="T" type="float" />
                        </accessor>
                    </technique_common>
                </source>
                <source id="base_q_1-geometry-COLOR">
                    <float_array id="base_q_1-geometry-COLOR-array" count="80">1 1 0.9764706 1 0.4117647 0.4196078 0.4941176 1 0.4352941 0.5176471 0.6039216 1 0.5254902 0.6156863 0.7137255 1 0.6039216 0.7058824 0.8156863 1 0.6039216 0.7058824 0.8117647 1 0.6745098 0.7843137 0.9019608 1 0.7333333 0.8470588 0.972549 1 0.7764706 0.8941177 0.9764706 1 0.8039216 0.9254902 0.9764706 1 0.8156863 0.9372549 0.9764706 1 0.8078431 0.9294118 0.9764706 1 0.8078431 0.9254902 0.9764706 1 0.7803922 0.8980392 0.9764706 1 0.7372549 0.8509804 0.9764706 1 0.682353 0.7882353 0.9098039 1 0.6784314 0.7882353 0.9098039 1 0.6117647 0.7098039 0.8196079 1 0.5294118 0.6235294 0.7215686 1 0.4431373 0.5254902 0.6156863 1</float_array>
                    <technique_common>
                        <accessor count="20" offset="0" source="base_q_1-geometry-COLOR-array" stride="4">
                            <param name="R" type="double" />
                            <param name="G" type="double" />
                            <param name="B" type="double" />
                            <param name="A" type="double" />
                        </accessor>
                    </technique_common>
                </source>
                <vertices id="base_q_1-vertices">
                    <input semantic="POSITION" source="#base_q_1-geometry-POSITION" />
                </vertices>
                <triangles count="64" material="th_s50">
                    <input semantic="VERTEX" source="#base_q_1-vertices" offset="0" set="0" />
                    <input semantic="NORMAL" source="#base_q_1-geometry-NORMAL" offset="1" set="0" />
                    <input semantic="TEXCOORD" source="#base_q_1-geometry-TEXCOORD" offset="2" set="0" />
                    <input semantic="COLOR" source="#base_q_1-geometry-COLOR" offset="3" set="0" />
                    <p>2 1 2 0 1 1 1 0 0 0 0 0 5 0 3 0 4 1 2 0 3 0 0 0 8 2 6 0 7 2 5 0 6 1 4 0 11 1 7 0 10 2 6 0 9 1 4 0 14 3 10 0 13 3 9 0 12 2 8 0 17 2 11 0 16 3 10 0 15 2 8 0 20 4 14 0 19 4 13 0 18 3 12 0 23 3 15 0 22 4 14 0 21 3 12 0 26 5 18 0 25 5 17 0 24 4 16 0 29 4 19 0 28 5 18 0 27 4 16 0 32 6 22 0 31 6 21 0 30 5 20 0 35 5 23 0 34 6 22 0 33 5 20 0 38 7 26 0 37 7 25 0 36 6 24 0 41 6 27 0 40 7 26 0 39 6 24 0 44 8 30 0 43 8 29 0 42 7 28 0 47 7 31 0 46 8 30 0 45 7 28 0 50 9 34 1 49 9 33 1 48 8 32 0 53 8 35 0 52 9 34 1 51 8 32 0 56 10 38 2 55 10 37 2 54 9 36 1 59 9 39 1 58 10 38 2 57 9 36 1 62 11 42 3 61 11 41 3 60 10 40 2 65 10 43 2 64 11 42 3 63 10 40 2 68 12 46 5 67 12 45 4 66 11 44 3 71 11 47 3 70 12 46 5 69 11 44 3 74 13 50 6 73 13 49 6 72 12 48 4 77 12 51 5 76 13 50 6 75 12 48 4 80 14 54 7 79 14 53 7 78 13 52 6 83 13 55 6 82 14 54 7 81 13 52 6 86 15 58 8 85 15 57 8 84 14 56 7 89 14 59 7 88 15 58 8 87 14 56 7 92 16 62 9 91 16 61 9 90 15 60 8 95 15 63 8 94 16 62 9 93 15 60 8 98 17 66 10 97 17 65 10 96 16 64 9 101 16 67 9 100 17 66 10 99 16 64 9 104 18 70 12 103 18 69 11 102 17 68 10 107 17 71 10 106 18 70 12 105 17 68 10 110 19 74 13 109 19 73 13 108 18 72 11 113 18 75 12 112 19 74 13 111 18 72 11 116 20 78 14 115 20 77 14 114 19 76 13 119 19 79 13 118 20 78 14 117 19 76 13 122 21 82 16 121 21 81 15 120 20 80 14 125 20 83 14 124 21 82 16 123 20 80 14 128 22 86 17 127 22 85 17 126 21 84 15 131 21 87 16 130 22 86 17 129 21 84 15 134 23 86 18 133 23 85 18 132 22 84 17 137 22 87 17 136 23 86 18 135 22 84 17 140 24 90 19 139 24 89 19 138 23 88 18 143 23 91 18 142 24 90 19 141 23 88 18 146 25 94 0 145 25 93 0 144 24 92 19 149 24 95 19 148 25 94 0 147 24 92 19 152 26 98 0 151 26 97 0 150 25 96 0 155 25 99 0 154 26 98 0 153 25 96 0 158 27 102 0 157 27 101 0 156 26 100 0 161 26 103 0 160 27 102 0 159 26 100 0 164 28 106 0 163 28 105 0 162 27 104 0 167 27 107 0 166 28 106 0 165 27 104 0 170 29 110 0 169 29 109 0 168 28 108 0 173 28 111 0 172 29 110 0 171 28 108 0 176 30 114 0 175 30 113 0 174 29 112 0 179 29 115 0 178 30 114 0 177 29 112 0 182 31 118 0 181 31 117 0 180 30 116 0 185 30 119 0 184 31 118 0 183 30 116 0 188 0 122 0 187 0 121 0 186 31 120 0 191 31 123 0 190 0 122 0 189 31 120 0</p>
                </triangles>
            </mesh>
        </geometry>
        <geometry id="base_s_0_UV1-geometry" name="base_s_0_UV1">
            <mesh>
                <source id="base_s_0_UV1-geometry-POSITION">
                    <float_array id="base_s_0_UV1-geometry-POSITION-array" count="648">-94.45432 -43.49825 552.7231 -101.6424 -15.49317 546.1379 -101.1911 -43.49825 545.0202 -95.94484 -15.49317 552.6526 -101.6424 -15.49317 546.1379 -94.45432 -43.49825 552.7231 -95.94484 -15.49317 552.6526 -101.3383 12.51191 547.2207 -101.6424 -15.49317 546.1379 -96.6547 12.51191 552.5759 -101.3383 12.51191 547.2207 -95.94484 -15.49317 552.6526 -108.8939 -43.49824 551.757 -102.4594 -15.49316 558.3502 -102.1571 -43.49824 559.4599 -108.157 -15.49316 551.8355 -102.4594 -15.49316 558.3502 -108.8939 -43.49824 551.757 -108.157 -15.49316 551.8355 -102.0099 12.51191 557.2595 -102.4594 -15.49316 558.3502 -106.6935 12.51191 551.9042 -102.0099 12.51191 557.2595 -108.157 -15.49316 551.8355 -85.33965 -43.49825 374.5992 -92.81117 -15.49317 368.3375 -92.40959 -43.49825 367.2009 -86.83183 -15.49317 374.5945 -92.81117 -15.49317 368.3375 -85.33965 -43.49825 374.5992 -86.83183 -15.49317 374.5945 -92.45963 12.51191 369.4057 -92.81117 -15.49317 368.3375 -87.54439 12.51191 374.5491 -92.45963 12.51191 369.4057 -86.83183 -15.49317 374.5945 -99.80782 -43.49825 374.2709 -93.08878 -15.49317 380.5739 -92.73787 -43.49825 381.6692 -99.06818 -15.49317 374.3168 -93.08878 -15.49317 380.5739 -99.80782 -43.49825 374.2709 -99.06818 -15.49317 374.3168 -92.68783 12.51191 379.4644 -93.08878 -15.49317 380.5739 -97.60306 12.51191 374.3209 -92.68783 12.51191 379.4644 -99.06818 -15.49317 374.3168 108.2067 -43.49825 382.5906 100.8577 -15.49316 376.1855 101.2812 -43.49825 375.0569 106.7149 -15.49316 382.557 100.8577 -15.49316 376.1855 108.2067 -43.49825 382.5906 106.7149 -15.49316 382.557 101.1885 12.51191 377.2603 100.8577 -15.49316 376.1855 106.0033 12.51191 382.4979 101.1885 12.51191 377.2603 106.7149 -15.49316 382.557 93.7476 -43.49824 381.9825 100.3434 -15.49317 388.4142 100.6731 -43.49824 389.5161 94.4862 -15.49317 382.0427 100.3434 -15.49317 388.4142 93.7476 -43.49824 381.9825 94.4862 -15.49317 382.0427 100.7658 12.51191 387.3127 100.3434 -15.49317 388.4142 95.95097 12.51191 382.0752 100.7658 12.51191 387.3127 94.4862 -15.49317 382.0427 100.2583 -43.49824 562.1938 93.07019 -15.49317 555.6087 93.52153 -43.49824 554.491 98.76775 -15.49317 562.1234 93.07019 -15.49317 555.6087 100.2583 -43.49824 562.1938 98.76775 -15.49317 562.1234 93.37428 12.51191 556.6914 93.07019 -15.49317 555.6087 98.05787 12.51191 562.0466 93.37428 12.51191 556.6914 98.76775 -15.49317 562.1234 85.81867 -43.49824 561.2278 92.25314 -15.49317 567.8209 92.55542 -43.49824 568.9307 86.55554 -15.49317 561.3063 92.25314 -15.49317 567.8209 85.81867 -43.49824 561.2278 86.55554 -15.49317 561.3063 92.70264 12.51191 566.7302 92.25314 -15.49317 567.8209 88.01906 12.51191 561.375 92.70264 12.51191 566.7302 86.55554 -15.49317 561.3063 92.70264 12.51191 566.7302 88.01907 12.51191 561.375 93.37429 12.51191 556.6914 92.70264 12.51191 566.7302 93.37429 12.51191 556.6914 98.05788 12.51191 562.0466 -102.0099 12.51191 557.2595 -106.6935 12.51191 551.9042 -101.3383 12.51191 547.2206 -102.0099 12.51191 557.2595 -101.3383 12.51191 547.2206 -96.6547 12.51191 552.5759 100.7658 12.51191 387.3127 95.95097 12.51191 382.0751 101.1885 12.51191 377.2603 100.7658 12.51191 387.3127 101.1885 12.51191 377.2603 106.0033 12.51191 382.4979 -92.68784 12.51191 379.4644 -97.60307 12.51191 374.3209 -92.45963 12.51191 369.4057 -92.68784 12.51191 379.4644 -92.45963 12.51191 369.4057 -87.5444 12.51191 374.5491 -92.73786 -43.49825 381.6691 -86.83183 -15.49317 374.5945 -85.33965 -43.49825 374.5992 -93.08878 -15.49317 380.5738 -86.83183 -15.49317 374.5945 -92.73786 -43.49825 381.6691 -93.08878 -15.49317 380.5738 -87.5444 12.51191 374.5491 -86.83183 -15.49317 374.5945 -92.68784 12.51191 379.4644 -87.5444 12.51191 374.5491 -93.08878 -15.49317 380.5738 -92.40959 -43.49825 367.2009 -99.06818 -15.49317 374.3168 -99.80781 -43.49825 374.2709 -92.81118 -15.49317 368.3375 -99.06818 -15.49317 374.3168 -92.40959 -43.49825 367.2009 -92.81118 -15.49317 368.3375 -97.60307 12.51191 374.3209 -99.06818 -15.49317 374.3168 -92.45963 12.51191 369.4057 -97.60307 12.51191 374.3209 -92.81118 -15.49317 368.3375 100.6731 -43.49825 389.5161 106.7149 -15.49317 382.557 108.2067 -43.49825 382.5906 100.3434 -15.49317 388.4142 106.7149 -15.49317 382.557 100.6731 -43.49825 389.5161 100.3434 -15.49317 388.4142 106.0033 12.51191 382.4979 106.7149 -15.49317 382.557 100.7658 12.51191 387.3127 106.0033 12.51191 382.4979 100.3434 -15.49317 388.4142 101.2812 -43.49825 375.0569 94.48621 -15.49317 382.0427 93.74761 -43.49825 381.9825 100.8577 -15.49317 376.1855 94.48621 -15.49317 382.0427 101.2812 -43.49825 375.0569 100.8577 -15.49317 376.1855 95.95097 12.51191 382.0751 94.48621 -15.49317 382.0427 101.1885 12.51191 377.2603 95.95097 12.51191 382.0751 100.8577 -15.49317 376.1855 -102.1572 -43.49825 559.4599 -95.94483 -15.49317 552.6526 -94.45431 -43.49825 552.7231 -102.4594 -15.49317 558.3502 -95.94483 -15.49317 552.6526 -102.1572 -43.49825 559.4599 -102.4594 -15.49317 558.3502 -96.6547 12.51191 552.5759 -95.94483 -15.49317 552.6526 -102.0099 12.51191 557.2595 -96.6547 12.51191 552.5759 -102.4594 -15.49317 558.3502 -101.191 -43.49825 545.0202 -108.157 -15.49317 551.8355 -108.8939 -43.49825 551.757 -101.6424 -15.49317 546.1379 -108.157 -15.49317 551.8355 -101.191 -43.49825 545.0202 -101.6424 -15.49317 546.1379 -106.6935 12.51191 551.9042 -108.157 -15.49317 551.8355 -101.3383 12.51191 547.2206 -106.6935 12.51191 551.9042 -101.6424 -15.49317 546.1379 92.55542 -43.49825 568.9307 98.76775 -15.49317 562.1234 100.2583 -43.49825 562.1938 92.25314 -15.49317 567.8209 98.76775 -15.49317 562.1234 92.55542 -43.49825 568.9307 92.25314 -15.49317 567.8209 98.05788 12.51191 562.0466 98.76775 -15.49317 562.1234 92.70264 12.51191 566.7302 98.05788 12.51191 562.0466 92.25314 -15.49317 567.8209 93.52153 -43.49825 554.491 86.55555 -15.49317 561.3063 85.81867 -43.49825 561.2278 93.0702 -15.49317 555.6087 86.55555 -15.49317 561.3063 93.52153 -43.49825 554.491 93.0702 -15.49317 555.6087 88.01907 12.51191 561.375 86.55555 -15.49317 561.3063 93.37429 12.51191 556.6914 88.01907 12.51191 561.375 93.0702 -15.49317 555.6087</float_array>
                    <technique_common>
                        <accessor count="216" offset="0" source="base_s_0_UV1-geometry-POSITION-array" stride="3">
                            <param name="X" type="float" />
                            <param name="Y" type="float" />
                            <param name="Z" type="float" />
                        </accessor>
                    </technique_common>
                </source>
                <source id="base_s_0_UV1-geometry-NORMAL">
                    <float_array id="base_s_0_UV1-geometry-NORMAL-array" count="156">0.7521807 0.03837761 -0.6578383 0.7524431 0.02782842 -0.6580691 0.7526216 0.01727612 -0.6582266 -0.752613 0.01795832 0.6582181 -0.752442 0.02782765 0.6580704 -0.7521976 0.03769427 0.6578585 0.7224328 0.03837667 -0.6903753 0.7226849 0.02782704 -0.6906173 0.7228564 0.0172743 -0.6907823 -0.722848 0.01795865 0.6907737 -0.7226843 0.02782835 0.6906179 -0.7224502 0.03769533 0.6903947 0.735656 0.03837721 -0.6762673 0.7359114 0.02782774 -0.6765057 0.7360848 0.01727516 -0.6766688 -0.7360749 0.01795811 0.6766618 -0.7359079 0.02782759 0.6765096 -0.7356692 0.03769436 0.6762913 0.7521809 0.03837784 -0.6578382 0.7524436 0.02782791 -0.6580687 0.7526223 0.01727488 -0.6582258 -0.752613 0.01796007 0.6582181 -0.7524422 0.02782863 0.6580701 -0.752198 0.03769447 0.6578581 0 1 -5.494985E-08 0 1 4.595309E-08 0 1 -1.20834E-07 0 1 -1.480142E-07 0.6904168 0.03690802 0.7224697 0.6906193 0.02782818 0.7226828 0.6907649 0.01874604 0.7228364 -0.6907552 0.01942977 -0.7228275 -0.6906176 0.027829 -0.7226845 -0.6904312 0.03622627 -0.7224904 0.6763082 0.03690806 0.7356936 0.6765071 0.02782839 0.7359101 0.6766502 0.01874643 0.7360659 -0.6766424 0.01942928 -0.7360554 -0.6765075 0.02782886 -0.7359097 -0.676325 0.03622647 -0.7357121 0.6578802 0.0369081 0.7522177 0.6580734 0.02782825 0.7524393 0.6582124 0.01874611 0.7525989 -0.6582021 0.01942909 -0.7525906 -0.6580712 0.02782875 -0.7524413 -0.6578938 0.03622646 -0.7522389 0.6578801 0.03690846 0.7522177 0.6580734 0.02782841 0.7524393 0.6582124 0.01874607 0.7525988 -0.6582021 0.01942889 -0.7525906 -0.6580712 0.02782868 -0.7524413 -0.6578938 0.03622651 -0.7522389</float_array>
                    <technique_common>
                        <accessor count="52" offset="0" source="base_s_0_UV1-geometry-NORMAL-array" stride="3">
                            <param name="X" type="float" />
                            <param name="Y" type="float" />
                            <param name="Z" type="float" />
                        </accessor>
                    </technique_common>
                </source>
                <source id="base_s_0_UV1-geometry-TEXCOORD">
                    <float_array id="base_s_0_UV1-geometry-TEXCOORD-array" count="132">0.8684487 0.009033322 0.9297875 0.09455645 0.9297875 0.009033322 0.8684487 0.09455645 0.9297875 0.1776786 0.8684487 0.1776786 0.934693 0.009033322 0.9960317 0.09455645 0.9960317 0.009033322 0.934693 0.09455645 0.9960317 0.1776786 0.934693 0.1776786 0.01928409 0.1187034 0.08062267 0.2042263 0.08062267 0.1187034 0.01928409 0.2042263 0.08062267 0.2873482 0.01928409 0.2873482 0.07410607 0.1187034 0.1354447 0.2042263 0.1354447 0.1187034 0.07410607 0.2042263 0.1354447 0.2873482 0.07410607 0.2873482 0.01672034 0.8059127 0.02808666 0.8217599 0.02808666 0.8059127 0.01672034 0.8217599 0.02808666 0.8371623 0.01672034 0.8371623 0.01680016 0.8373848 0.02800685 0.8373848 0.02800685 0.8056901 0.01680016 0.8056901 0.7995893 0.9948491 0.8600671 0.9948491 0.8600671 0.9194848 0.7995894 0.9194848 0.7333761 0.9925654 0.7938537 0.9925654 0.7938537 0.9295371 0.7333762 0.9295371 0.01235821 0.1032123 0.09788102 0.04187322 0.01235825 0.04187322 0.09788107 0.1032122 0.1810029 0.04187334 0.1810029 0.1032124 0.3689699 0.009469867 0.2858482 0.07080865 0.36897 0.07080877 0.2858482 0.009470344 0.2003253 0.07080865 0.2003253 0.009470165 0.8710164 0.8307677 0.9323556 0.9162908 0.9323556 0.8307677 0.8710164 0.9162908 0.9323556 0.9994127 0.8710164 0.9994127 0.9972206 0.9994127 0.9358816 0.9162908 0.9358816 0.9994127 0.9972206 0.9162908 0.9358816 0.8307677 0.9972206 0.8307677</float_array>
                    <technique_common>
                        <accessor count="66" offset="0" source="base_s_0_UV1-geometry-TEXCOORD-array" stride="2">
                            <param name="S" type="float" />
                            <param name="T" type="float" />
                        </accessor>
                    </technique_common>
                </source>
                <source id="base_s_0_UV1-geometry-COLOR">
                    <float_array id="base_s_0_UV1-geometry-COLOR-array" count="64">1 1 0.9764706 1 0.7803922 0.9019608 0.9764706 1 0.7843137 0.9019608 0.9764706 1 0.7764706 0.8980392 0.9764706 1 0.7803922 0.8980392 0.9764706 1 0.7843137 0.9058824 0.9764706 1 0.7882353 0.9098039 0.9764706 1 0.7882353 0.9058824 0.9764706 1 0.5411765 0.6392157 0.7372549 1 0.5450981 0.6392157 0.7411765 1 0.5411765 0.6352941 0.7372549 1 0.5294118 0.6235294 0.7215686 1 0.5294118 0.6235294 0.7254902 1 0.5333334 0.627451 0.7294118 1 0.5333334 0.6313726 0.7294118 1 0.5333334 0.6313726 0.7333333 1</float_array>
                    <technique_common>
                        <accessor count="16" offset="0" source="base_s_0_UV1-geometry-COLOR-array" stride="4">
                            <param name="R" type="double" />
                            <param name="G" type="double" />
                            <param name="B" type="double" />
                            <param name="A" type="double" />
                        </accessor>
                    </technique_common>
                </source>
                <vertices id="base_s_0_UV1-vertices">
                    <input semantic="POSITION" source="#base_s_0_UV1-geometry-POSITION" />
                </vertices>
                <triangles count="72" material="su_s">
                    <input semantic="VERTEX" source="#base_s_0_UV1-vertices" offset="0" set="0" />
                    <input semantic="NORMAL" source="#base_s_0_UV1-geometry-NORMAL" offset="1" set="0" />
                    <input semantic="TEXCOORD" source="#base_s_0_UV1-geometry-TEXCOORD" offset="2" set="0" />
                    <input semantic="COLOR" source="#base_s_0_UV1-geometry-COLOR" offset="3" set="0" />
                    <p>2 0 2 0 1 1 1 0 0 0 0 0 5 0 0 0 4 1 1 0 3 1 3 0 8 1 1 0 7 2 4 0 6 1 3 0 11 1 3 0 10 2 4 0 9 2 5 0 14 3 8 1 13 4 7 1 12 3 6 1 17 3 6 1 16 4 7 1 15 4 9 1 20 4 7 1 19 5 10 2 18 4 9 1 23 4 9 1 22 5 10 2 21 5 11 2 26 6 14 0 25 7 13 0 24 6 12 0 29 6 12 0 28 7 13 0 27 7 15 0 32 7 13 0 31 8 16 0 30 7 15 0 35 7 15 0 34 8 16 0 33 8 17 0 38 9 20 3 37 10 19 4 36 9 18 3 41 9 18 3 40 10 19 4 39 10 21 4 44 10 19 4 43 11 22 4 42 10 21 4 47 10 21 4 46 11 22 4 45 11 23 1 50 12 26 0 49 13 25 0 48 12 24 0 53 12 24 0 52 13 25 0 51 13 27 0 56 13 25 0 55 14 28 0 54 13 27 0 59 13 27 0 58 14 28 0 57 14 29 0 62 15 26 5 61 16 25 6 60 15 24 5 65 15 24 5 64 16 25 6 63 16 27 6 68 16 25 6 67 17 28 6 66 16 27 6 71 16 27 6 70 17 28 6 69 17 29 6 74 18 26 0 73 19 25 0 72 18 24 0 77 18 24 0 76 19 25 0 75 19 27 0 80 19 25 0 79 20 28 0 78 19 27 0 83 19 27 0 82 20 28 0 81 20 29 0 86 21 26 5 85 22 25 7 84 21 24 5 89 21 24 5 88 22 25 7 87 22 27 7 92 22 25 7 91 23 28 6 90 22 27 7 95 22 27 7 94 23 28 6 93 23 29 6 98 24 32 0 97 24 31 0 96 24 30 0 101 24 33 0 100 24 32 0 99 24 30 0 104 25 36 0 103 25 35 0 102 25 34 0 107 25 37 0 106 25 36 0 105 25 34 0 110 26 32 0 109 26 31 0 108 26 30 0 113 26 33 0 112 26 32 0 111 26 30 0 116 27 40 0 115 27 39 0 114 27 38 0 119 27 41 0 118 27 40 0 117 27 38 0 122 28 44 0 121 29 43 0 120 28 42 0 125 28 42 0 124 29 43 0 123 29 45 0 128 29 43 0 127 30 46 0 126 29 45 0 131 29 45 0 130 30 46 0 129 30 47 0 134 31 50 8 133 32 49 9 132 31 48 8 137 31 48 8 136 32 49 9 135 32 51 9 140 32 49 9 139 33 52 9 138 32 51 9 143 32 51 9 142 33 52 9 141 33 53 9 146 34 26 0 145 35 25 0 144 34 24 0 149 34 24 0 148 35 25 0 147 35 27 0 152 35 25 0 151 36 28 0 150 35 27 0 155 35 27 0 154 36 28 0 153 36 29 0 158 37 29 10 157 38 27 10 156 37 28 10 161 37 28 10 160 38 27 10 159 38 25 10 164 38 27 10 163 39 24 10 162 38 25 10 167 38 25 10 166 39 24 10 165 39 26 10 170 40 56 0 169 41 55 0 168 40 54 0 173 40 54 0 172 41 55 0 171 41 57 0 176 41 55 0 175 42 58 0 174 41 57 0 179 41 57 0 178 42 58 0 177 42 59 0 182 43 62 11 181 44 61 12 180 43 60 11 185 43 60 11 184 44 61 12 183 44 63 12 188 44 61 12 187 45 64 12 186 44 63 12 191 44 63 12 190 45 64 12 189 45 65 12 194 46 26 0 193 47 25 0 192 46 24 0 197 46 24 0 196 47 25 0 195 47 27 0 200 47 25 0 199 48 28 0 198 47 27 0 203 47 27 0 202 48 28 0 201 48 29 0 206 49 29 13 205 50 27 14 204 49 28 13 209 49 28 13 208 50 27 14 207 50 25 14 212 50 27 14 211 51 24 15 210 50 25 14 215 50 25 14 214 51 24 15 213 51 26 15</p>
                </triangles>
            </mesh>
        </geometry>
        <geometry id="base_q_0_UV1-geometry" name="base_q_0_UV1">
            <mesh>
                <source id="base_q_0_UV1-geometry-POSITION">
                    <float_array id="base_q_0_UV1-geometry-POSITION-array" count="270">127.0801 -2.741131 451.0584 -123.7938 -2.741131 434.5374 -114.9359 -2.741131 411.0245 127.8946 -2.741131 476.1712 -123.7938 -2.741131 434.5374 127.0801 -2.741131 451.0584 127.8946 -2.741131 476.1712 -127.8944 -2.741131 459.3265 -123.7938 -2.741131 434.5374 123.794 -2.741131 500.9603 -127.8944 -2.741131 459.3265 127.8946 -2.741131 476.1712 123.794 -2.741131 500.9603 -127.08 -2.741131 484.4393 -127.8944 -2.741131 459.3265 114.9361 -2.741131 524.4732 -127.08 -2.741131 484.4393 123.794 -2.741131 500.9603 114.9361 -2.741131 524.4732 -121.3821 -2.741131 508.9107 -127.08 -2.741131 484.4393 101.6613 -2.741131 545.8062 -121.3821 -2.741131 508.9107 114.9361 -2.741131 524.4732 -56.72424 -2.741131 582.6849 64.05153 -2.741131 578.7684 41.16196 -2.741131 589.131 -78.0572 -2.741131 569.4101 64.05153 -2.741131 578.7684 -56.72424 -2.741131 582.6849 -78.0572 -2.741131 569.4101 84.47964 -2.741131 564.1395 64.05153 -2.741131 578.7684 -96.39046 -2.741131 552.2285 84.47964 -2.741131 564.1395 -78.0572 -2.741131 569.4101 -114.9359 -2.741131 411.0245 121.3822 -2.741131 426.587 127.0801 -2.741131 451.0584 -101.6611 -2.741131 389.6916 121.3822 -2.741131 426.587 -114.9359 -2.741131 411.0245 -101.6611 -2.741131 389.6916 111.0196 -2.741131 403.6974 121.3822 -2.741131 426.587 -84.47946 -2.741131 371.3583 111.0196 -2.741131 403.6974 -101.6611 -2.741131 389.6916 -84.47946 -2.741131 371.3583 96.39056 -2.741131 383.2694 111.0196 -2.741131 403.6974 -64.05135 -2.741131 356.7293 96.39056 -2.741131 383.2694 -84.47946 -2.741131 371.3583 -64.05135 -2.741131 356.7293 78.05732 -2.741131 366.0877 96.39056 -2.741131 383.2694 -41.16177 -2.741131 346.3667 78.05732 -2.741131 366.0877 -64.05135 -2.741131 356.7293 -41.16177 -2.741131 346.3667 56.72437 -2.741131 352.8129 78.05732 -2.741131 366.0877 -16.69038 -2.741131 340.6688 56.72437 -2.741131 352.8129 -41.16177 -2.741131 346.3667 -16.69038 -2.741131 340.6688 33.21154 -2.741131 343.955 56.72437 -2.741131 352.8129 8.422412 -2.741131 339.8545 33.21154 -2.741131 343.955 -16.69038 -2.741131 340.6688 84.47964 -2.741131 564.1395 -121.3821 -2.741131 508.9107 101.6613 -2.741131 545.8062 -96.39046 -2.741131 552.2285 -121.3821 -2.741131 508.9107 84.47964 -2.741131 564.1395 -96.39046 -2.741131 552.2285 -111.0195 -2.741131 531.8003 -121.3821 -2.741131 508.9107 16.69055 -2.741131 594.829 -33.21139 -2.741131 591.5427 -56.72424 -2.741131 582.6849 16.69055 -2.741131 594.829 -56.72424 -2.741131 582.6849 41.16196 -2.741131 589.131 -8.422256 -2.741131 595.6434 -33.21139 -2.741131 591.5427 16.69055 -2.741131 594.829</float_array>
                    <technique_common>
                        <accessor count="90" offset="0" source="base_q_0_UV1-geometry-POSITION-array" stride="3">
                            <param name="X" type="float" />
                            <param name="Y" type="float" />
                            <param name="Z" type="float" />
                        </accessor>
                    </technique_common>
                </source>
                <source id="base_q_0_UV1-geometry-NORMAL">
                    <float_array id="base_q_0_UV1-geometry-NORMAL-array" count="51">0 1 3.794362E-09 0 1 4.618271E-09 0 1 3.758275E-09 0 1 -2.099443E-11 0 1 -4.986246E-09 0 1 1.632113E-08 0 1 1.086348E-08 0 1 3.806444E-10 0 1 -1.68536E-09 0 1 -1.667613E-09 0 1 1.237896E-10 0 1 -7.689405E-13 0 1 1.093145E-08 0 1 1.857325E-08 0 1 -7.56505E-09 0 1 4.169485E-08 0 1 6.414805E-08</float_array>
                    <technique_common>
                        <accessor count="17" offset="0" source="base_q_0_UV1-geometry-NORMAL-array" stride="3">
                            <param name="X" type="float" />
                            <param name="Y" type="float" />
                            <param name="Z" type="float" />
                        </accessor>
                    </technique_common>
                </source>
                <source id="base_q_0_UV1-geometry-TEXCOORD">
                    <float_array id="base_q_0_UV1-geometry-TEXCOORD-array" count="64">0.7051668 0.08727944 0.5389915 0.9734138 0.6285567 0.9635988 0.6186594 0.06207013 0.4492323 0.965567 0.5288997 0.0542239 0.3627287 0.94036 0.4393338 0.06403965 0.2828049 0.8987614 0.3534042 0.09114021 0.08416755 0.6084316 0.2053949 0.1924055 0.1490033 0.2626786 0.1112677 0.694361 0.2744126 0.134484 0.1546113 0.7733521 0.7850907 0.1288787 0.7144862 0.9364991 0.8553633 0.1852708 0.7934777 0.8931561 0.9132841 0.254289 0.8624958 0.8352355 0.9566272 0.3332809 0.9188879 0.7649631 0.9837269 0.4192107 0.9604869 0.6850393 0.9935417 0.5087763 0.9856945 0.5985357 0.2125323 0.8423697 0.1074048 0.342603 0.07435189 0.5188664 0.08219802 0.429107</float_array>
                    <technique_common>
                        <accessor count="32" offset="0" source="base_q_0_UV1-geometry-TEXCOORD-array" stride="2">
                            <param name="S" type="float" />
                            <param name="T" type="float" />
                        </accessor>
                    </technique_common>
                </source>
                <source id="base_q_0_UV1-geometry-COLOR">
                    <float_array id="base_q_0_UV1-geometry-COLOR-array" count="4">1 1 0.9764706 1</float_array>
                    <technique_common>
                        <accessor count="1" offset="0" source="base_q_0_UV1-geometry-COLOR-array" stride="4">
                            <param name="R" type="double" />
                            <param name="G" type="double" />
                            <param name="B" type="double" />
                            <param name="A" type="double" />
                        </accessor>
                    </technique_common>
                </source>
                <vertices id="base_q_0_UV1-vertices">
                    <input semantic="POSITION" source="#base_q_0_UV1-geometry-POSITION" />
                </vertices>
                <triangles count="30" material="th_s9_1">
                    <input semantic="VERTEX" source="#base_q_0_UV1-vertices" offset="0" set="0" />
                    <input semantic="NORMAL" source="#base_q_0_UV1-geometry-NORMAL" offset="1" set="0" />
                    <input semantic="TEXCOORD" source="#base_q_0_UV1-geometry-TEXCOORD" offset="2" set="0" />
                    <input semantic="COLOR" source="#base_q_0_UV1-geometry-COLOR" offset="3" set="0" />
                    <p>2 0 2 0 1 1 1 0 0 0 0 0 5 0 0 0 4 1 1 0 3 1 3 0 8 1 1 0 7 2 4 0 6 1 3 0 11 1 3 0 10 2 4 0 9 2 5 0 14 2 4 0 13 3 6 0 12 2 5 0 17 2 5 0 16 3 6 0 15 3 7 0 20 3 6 0 19 4 8 0 18 3 7 0 23 3 7 0 22 4 8 0 21 4 9 0 26 5 12 0 25 6 11 0 24 5 10 0 29 5 10 0 28 6 11 0 27 6 13 0 32 6 11 0 31 7 14 0 30 6 13 0 35 6 13 0 34 7 14 0 33 7 15 0 38 0 0 0 37 8 16 0 36 0 2 0 41 0 2 0 40 8 16 0 39 8 17 0 44 8 16 0 43 9 18 0 42 8 17 0 47 8 17 0 46 9 18 0 45 9 19 0 50 9 18 0 49 10 20 0 48 9 19 0 53 9 19 0 52 10 20 0 51 10 21 0 56 10 20 0 55 11 22 0 54 10 21 0 59 10 21 0 58 11 22 0 57 11 23 0 62 11 22 0 61 12 24 0 60 11 23 0 65 11 23 0 64 12 24 0 63 12 25 0 68 12 24 0 67 13 26 0 66 12 25 0 71 12 25 0 70 13 26 0 69 13 27 0 74 4 9 0 73 4 8 0 72 7 14 0 77 7 14 0 76 4 8 0 75 7 15 0 80 4 8 0 79 14 28 0 78 7 15 0 83 5 10 0 82 15 30 0 81 15 29 0 86 5 12 0 85 5 10 0 84 15 29 0 89 15 29 0 88 15 30 0 87 16 31 0</p>
                </triangles>
            </mesh>
        </geometry>
        <geometry id="base_q_1_UV1-geometry" name="base_q_1_UV1">
            <mesh>
                <source id="base_q_1_UV1-geometry-POSITION">
                    <float_array id="base_q_1_UV1-geometry-POSITION-array" count="576">127.0801 -2.741131 451.0583 121.3822 -2.741131 426.587 121.3822 -14.05158 426.587 127.0801 -2.741131 451.0583 121.3822 -14.05158 426.587 127.0801 -14.05158 451.0583 121.3822 -2.741131 426.587 111.0196 -2.741131 403.6974 111.0196 -14.05158 403.6974 121.3822 -2.741131 426.587 111.0196 -14.05158 403.6974 121.3822 -14.05158 426.587 111.0196 -2.741131 403.6974 96.39056 -2.741131 383.2694 96.39056 -14.05158 383.2694 111.0196 -2.741131 403.6974 96.39056 -14.05158 383.2694 111.0196 -14.05158 403.6974 96.39056 -2.741131 383.2694 78.05732 -2.741131 366.0877 78.05732 -14.05159 366.0877 96.39056 -2.741131 383.2694 78.05732 -14.05159 366.0877 96.39056 -14.05158 383.2694 78.05732 -2.741131 366.0877 56.72437 -2.741131 352.8129 56.72437 -14.05159 352.8129 78.05732 -2.741131 366.0877 56.72437 -14.05159 352.8129 78.05732 -14.05159 366.0877 56.72437 -2.741131 352.8129 33.21154 -2.74113 343.955 33.21154 -14.05159 343.955 56.72437 -2.741131 352.8129 33.21154 -14.05159 343.955 56.72437 -14.05159 352.8129 33.21154 -2.74113 343.955 8.422412 -2.741131 339.8544 8.422412 -14.05159 339.8544 33.21154 -2.74113 343.955 8.422412 -14.05159 339.8544 33.21154 -14.05159 343.955 8.422412 -2.741131 339.8544 -16.69038 -2.741131 340.6688 -16.69038 -14.05159 340.6688 8.422412 -2.741131 339.8544 -16.69038 -14.05159 340.6688 8.422412 -14.05159 339.8544 -16.69038 -2.741131 340.6688 -41.16177 -2.741131 346.3667 -41.16177 -14.05159 346.3667 -16.69038 -2.741131 340.6688 -41.16177 -14.05159 346.3667 -16.69038 -14.05159 340.6688 -41.16177 -2.741131 346.3667 -64.05135 -2.741131 356.7293 -64.05135 -14.05159 356.7293 -41.16177 -2.741131 346.3667 -64.05135 -14.05159 356.7293 -41.16177 -14.05159 346.3667 -64.05135 -2.741131 356.7293 -84.47946 -2.74113 371.3583 -84.47946 -14.05159 371.3583 -64.05135 -2.741131 356.7293 -84.47946 -14.05159 371.3583 -64.05135 -14.05159 356.7293 -84.47946 -2.74113 371.3583 -101.6611 -2.741131 389.6916 -101.6611 -14.05159 389.6916 -84.47946 -2.74113 371.3583 -101.6611 -14.05159 389.6916 -84.47946 -14.05159 371.3583 -101.6611 -2.741131 389.6916 -114.9359 -2.741131 411.0245 -114.9359 -14.05159 411.0245 -101.6611 -2.741131 389.6916 -114.9359 -14.05159 411.0245 -101.6611 -14.05159 389.6916 -114.9359 -2.741131 411.0245 -123.7938 -2.741131 434.5374 -123.7938 -14.05159 434.5374 -114.9359 -2.741131 411.0245 -123.7938 -14.05159 434.5374 -114.9359 -14.05159 411.0245 -123.7938 -2.741131 434.5374 -127.8944 -2.741131 459.3266 -127.8944 -14.05159 459.3266 -123.7938 -2.741131 434.5374 -127.8944 -14.05159 459.3266 -123.7938 -14.05159 434.5374 -127.8944 -2.741131 459.3266 -127.08 -2.741131 484.4393 -127.08 -14.05159 484.4393 -127.8944 -2.741131 459.3266 -127.08 -14.05159 484.4393 -127.8944 -14.05159 459.3266 -127.08 -2.741131 484.4393 -121.3821 -2.741131 508.9107 -121.3821 -14.05159 508.9107 -127.08 -2.741131 484.4393 -121.3821 -14.05159 508.9107 -127.08 -14.05159 484.4393 -121.3821 -2.741131 508.9107 -111.0195 -2.741131 531.8003 -111.0195 -14.05159 531.8003 -121.3821 -2.741131 508.9107 -111.0195 -14.05159 531.8003 -121.3821 -14.05159 508.9107 -111.0195 -2.741131 531.8003 -96.39046 -2.741132 552.2285 -96.39046 -14.05159 552.2285 -111.0195 -2.741131 531.8003 -96.39046 -14.05159 552.2285 -111.0195 -14.05159 531.8003 -96.39046 -2.741132 552.2285 -78.0572 -2.741131 569.4101 -78.0572 -14.05159 569.4101 -96.39046 -2.741132 552.2285 -78.0572 -14.05159 569.4101 -96.39046 -14.05159 552.2285 -78.0572 -2.741131 569.4101 -56.72424 -2.741131 582.6849 -56.72424 -14.05159 582.6849 -78.0572 -2.741131 569.4101 -56.72424 -14.05159 582.6849 -78.0572 -14.05159 569.4101 -56.72424 -2.741131 582.6849 -33.21139 -2.741131 591.5427 -33.21139 -14.05159 591.5427 -56.72424 -2.741131 582.6849 -33.21139 -14.05159 591.5427 -56.72424 -14.05159 582.6849 -33.21139 -2.741131 591.5427 -8.422256 -2.741131 595.6434 -8.422256 -14.05159 595.6434 -33.21139 -2.741131 591.5427 -8.422256 -14.05159 595.6434 -33.21139 -14.05159 591.5427 -8.422256 -2.741131 595.6434 16.69055 -2.741131 594.829 16.69055 -14.05159 594.829 -8.422256 -2.741131 595.6434 16.69055 -14.05159 594.829 -8.422256 -14.05159 595.6434 16.69055 -2.741131 594.829 41.16196 -2.741131 589.131 41.16196 -14.05159 589.131 16.69055 -2.741131 594.829 41.16196 -14.05159 589.131 16.69055 -14.05159 594.829 41.16196 -2.741131 589.131 64.05153 -2.741131 578.7684 64.05153 -14.05159 578.7684 41.16196 -2.741131 589.131 64.05153 -14.05159 578.7684 41.16196 -14.05159 589.131 64.05153 -2.741131 578.7684 84.47964 -2.741131 564.1395 84.47964 -14.05158 564.1395 64.05153 -2.741131 578.7684 84.47964 -14.05158 564.1395 64.05153 -14.05159 578.7684 84.47964 -2.741131 564.1395 101.6613 -2.741131 545.8062 101.6613 -14.05158 545.8062 84.47964 -2.741131 564.1395 101.6613 -14.05158 545.8062 84.47964 -14.05158 564.1395 101.6613 -2.741131 545.8062 114.9361 -2.741131 524.4731 114.9361 -14.05158 524.4731 101.6613 -2.741131 545.8062 114.9361 -14.05158 524.4731 101.6613 -14.05158 545.8062 114.9361 -2.741131 524.4731 123.794 -2.741131 500.9603 123.794 -14.05158 500.9603 114.9361 -2.741131 524.4731 123.794 -14.05158 500.9603 114.9361 -14.05158 524.4731 123.794 -2.741131 500.9603 127.8946 -2.741131 476.1712 127.8946 -14.05158 476.1712 123.794 -2.741131 500.9603 127.8946 -14.05158 476.1712 123.794 -14.05158 500.9603 127.8946 -2.741131 476.1712 127.0801 -2.741131 451.0583 127.0801 -14.05158 451.0583 127.8946 -2.741131 476.1712 127.0801 -14.05158 451.0583 127.8946 -14.05158 476.1712</float_array>
                    <technique_common>
                        <accessor count="192" offset="0" source="base_q_1_UV1-geometry-POSITION-array" stride="3">
                            <param name="X" type="float" />
                            <param name="Y" type="float" />
                            <param name="Z" type="float" />
                        </accessor>
                    </technique_common>
                </source>
                <source id="base_q_1_UV1-geometry-NORMAL">
                    <float_array id="base_q_1_UV1-geometry-NORMAL-array" count="96">0.9914848 1.375251E-07 -0.1302224 0.9470294 2.306888E-07 -0.321147 0.8661797 6.59379E-08 -0.4997327 0.7520437 -8.495841E-09 -0.6591133 0.6090077 -3.392578E-08 -0.7931644 0.4425652 7.519978E-09 -0.8967363 0.2591164 -1.073934E-08 -0.9658461 0.0657115 3.145339E-09 -0.9978387 -0.1302195 -9.341757E-09 -0.9914852 -0.3211467 -4.397484E-08 -0.9470295 -0.4997328 -8.875394E-08 -0.8661796 -0.6591137 -7.092972E-08 -0.7520433 -0.7931651 1.871179E-07 -0.6090066 -0.8967361 3.099609E-07 -0.4425656 -0.9658459 5.692747E-09 -0.2591173 -0.9978387 7.046364E-08 -0.0657116 -0.9914852 2.127306E-09 0.1302198 -0.9470295 -1.749395E-07 0.3211467 -0.8661802 -7.65146E-08 0.4997317 -0.7520442 -2.385331E-09 0.6591127 -0.6090058 3.159711E-08 0.7931657 -0.4425637 -2.782207E-08 0.896737 -0.2591175 1.457239E-08 0.9658458 -0.06571103 6.35242E-09 0.9978387 0.1302213 -7.785079E-09 0.9914849 0.3211465 -1.410478E-08 0.9470295 0.4997314 -1.936991E-08 0.8661805 0.659113 -6.913502E-08 0.7520439 0.7931659 -1.717755E-07 0.6090056 0.8967362 -2.476851E-07 0.4425654 0.9658457 -2.148428E-07 0.2591178 0.9978388 -1.571372E-07 0.06570932</float_array>
                    <technique_common>
                        <accessor count="32" offset="0" source="base_q_1_UV1-geometry-NORMAL-array" stride="3">
                            <param name="X" type="float" />
                            <param name="Y" type="float" />
                            <param name="Z" type="float" />
                        </accessor>
                    </technique_common>
                </source>
                <source id="base_q_1_UV1-geometry-TEXCOORD">
                    <float_array id="base_q_1_UV1-geometry-TEXCOORD-array" count="192">0.006562591 0.8371629 0.007509708 0.8371629 0.007509708 0.806981 0.006562591 0.806981 0.006106377 0.8368956 0.0068627 0.8368955 0.0068627 0.8067138 0.006106377 0.8067138 0.007905006 0.8369266 0.007905006 0.8067449 0.008761048 0.8373963 0.008761048 0.8072146 0.009917796 0.8370866 0.009917796 0.8069049 0.01064378 0.8371727 0.01064378 0.8069909 0.01134825 0.8366063 0.01134825 0.8064244 0.01197794 0.836727 0.01197794 0.8065452 0.01279533 0.8366323 0.01279533 0.8064504 0.01372403 0.8367078 0.01372403 0.806526 0.03197888 0.6158048 0.06609663 0.6158048 0.06609663 0.5351639 0.03197888 0.5351639 0.007123858 0.3912366 0.04716964 0.3912366 0.04716964 0.3105956 0.007123858 0.3105956 0.002792776 0.9857381 0.04572505 0.9857381 0.04572505 0.8581079 0.002792776 0.8581079 0.04200637 0.8341314 0.08593774 0.8341314 0.08593774 0.7065005 0.04200822 0.7064999 0.1235076 0.9857101 0.1680785 0.9857101 0.1680785 0.8580804 0.1235072 0.8580804 0.0656662 0.9868861 0.1071499 0.9868861 0.1071499 0.8592564 0.0656662 0.8592564 0.1779703 0.9857101 0.2188011 0.9857101 0.2188011 0.8580804 0.1779703 0.8580804 0.004388452 0.4850984 0.03904122 0.4850984 0.03904122 0.4044579 0.004388452 0.4044579 0.04398808 0.4850984 0.07577702 0.4850984 0.0757764 0.4044579 0.04398808 0.4044579 0.0155887 0.7957563 0.03612766 0.7957563 0.03612757 0.7151159 0.0155887 0.7151159 0.05593601 0.3916972 0.0827558 0.3916972 0.0827558 0.3110567 0.05593613 0.3110567 0.02221182 0.7034714 0.08016684 0.7034714 0.08016684 0.6228307 0.02221182 0.6228307 0.01458673 0.8372201 0.01593298 0.8372201 0.01593298 0.8070384 0.01458673 0.8070384 0.01592268 0.8372201 0.01592268 0.8070384 0.007887721 0.8370459 0.008539677 0.8370459 0.008539677 0.8068641 0.007887721 0.8068641 0.009434104 0.8370247 0.009434104 0.806843 0.01024276 0.8369294 0.01024276 0.8067477 0.01147133 0.8368511 0.01147133 0.8066693 0.01245666 0.8369654 0.01245666 0.8067836 0.01347044 0.837065 0.01347044 0.8068832 0.01484911 0.8371118 0.01484911 0.8069301 0.01618153 0.8372175 0.01618153 0.8070357</float_array>
                    <technique_common>
                        <accessor count="96" offset="0" source="base_q_1_UV1-geometry-TEXCOORD-array" stride="2">
                            <param name="S" type="float" />
                            <param name="T" type="float" />
                        </accessor>
                    </technique_common>
                </source>
                <source id="base_q_1_UV1-geometry-COLOR">
                    <float_array id="base_q_1_UV1-geometry-COLOR-array" count="80">1 1 0.9764706 1 0.4117647 0.4196078 0.4941176 1 0.4352941 0.5176471 0.6039216 1 0.5254902 0.6156863 0.7137255 1 0.6039216 0.7058824 0.8156863 1 0.6039216 0.7058824 0.8117647 1 0.6745098 0.7843137 0.9019608 1 0.7333333 0.8470588 0.972549 1 0.7764706 0.8941177 0.9764706 1 0.8039216 0.9254902 0.9764706 1 0.8156863 0.9372549 0.9764706 1 0.8078431 0.9294118 0.9764706 1 0.8078431 0.9254902 0.9764706 1 0.7803922 0.8980392 0.9764706 1 0.7372549 0.8509804 0.9764706 1 0.682353 0.7882353 0.9098039 1 0.6784314 0.7882353 0.9098039 1 0.6117647 0.7098039 0.8196079 1 0.5294118 0.6235294 0.7215686 1 0.4431373 0.5254902 0.6156863 1</float_array>
                    <technique_common>
                        <accessor count="20" offset="0" source="base_q_1_UV1-geometry-COLOR-array" stride="4">
                            <param name="R" type="double" />
                            <param name="G" type="double" />
                            <param name="B" type="double" />
                            <param name="A" type="double" />
                        </accessor>
                    </technique_common>
                </source>
                <vertices id="base_q_1_UV1-vertices">
                    <input semantic="POSITION" source="#base_q_1_UV1-geometry-POSITION" />
                </vertices>
                <triangles count="64" material="th_s50">
                    <input semantic="VERTEX" source="#base_q_1_UV1-vertices" offset="0" set="0" />
                    <input semantic="NORMAL" source="#base_q_1_UV1-geometry-NORMAL" offset="1" set="0" />
                    <input semantic="TEXCOORD" source="#base_q_1_UV1-geometry-TEXCOORD" offset="2" set="0" />
                    <input semantic="COLOR" source="#base_q_1_UV1-geometry-COLOR" offset="3" set="0" />
                    <p>2 1 2 0 1 1 1 0 0 0 0 0 5 0 3 0 4 1 2 0 3 0 0 0 8 2 6 0 7 2 5 0 6 1 4 0 11 1 7 0 10 2 6 0 9 1 4 0 14 3 9 0 13 3 8 0 12 2 5 0 17 2 6 0 16 3 9 0 15 2 5 0 20 4 11 0 19 4 10 0 18 3 8 0 23 3 9 0 22 4 11 0 21 3 8 0 26 5 13 0 25 5 12 0 24 4 10 0 29 4 11 0 28 5 13 0 27 4 10 0 32 6 15 0 31 6 14 0 30 5 12 0 35 5 13 0 34 6 15 0 33 5 12 0 38 7 17 0 37 7 16 0 36 6 14 0 41 6 15 0 40 7 17 0 39 6 14 0 44 8 19 0 43 8 18 0 42 7 16 0 47 7 17 0 46 8 19 0 45 7 16 0 50 9 21 1 49 9 20 1 48 8 18 0 53 8 19 0 52 9 21 1 51 8 18 0 56 10 23 2 55 10 22 2 54 9 20 1 59 9 21 1 58 10 23 2 57 9 20 1 62 11 26 3 61 11 25 3 60 10 24 2 65 10 27 2 64 11 26 3 63 10 24 2 68 12 30 5 67 12 29 4 66 11 28 3 71 11 31 3 70 12 30 5 69 11 28 3 74 13 34 6 73 13 33 6 72 12 32 4 77 12 35 5 76 13 34 6 75 12 32 4 80 14 38 7 79 14 37 7 78 13 36 6 83 13 39 6 82 14 38 7 81 13 36 6 86 15 42 8 85 15 41 8 84 14 40 7 89 14 43 7 88 15 42 8 87 14 40 7 92 16 46 9 91 16 45 9 90 15 44 8 95 15 47 8 94 16 46 9 93 15 44 8 98 17 50 10 97 17 49 10 96 16 48 9 101 16 51 9 100 17 50 10 99 16 48 9 104 18 54 12 103 18 53 11 102 17 52 10 107 17 55 10 106 18 54 12 105 17 52 10 110 19 58 13 109 19 57 13 108 18 56 11 113 18 59 12 112 19 58 13 111 18 56 11 116 20 62 14 115 20 61 14 114 19 60 13 119 19 63 13 118 20 62 14 117 19 60 13 122 21 66 16 121 21 65 15 120 20 64 14 125 20 67 14 124 21 66 16 123 20 64 14 128 22 70 17 127 22 69 17 126 21 68 15 131 21 71 16 130 22 70 17 129 21 68 15 134 23 74 18 133 23 73 18 132 22 72 17 137 22 75 17 136 23 74 18 135 22 72 17 140 24 77 19 139 24 76 19 138 23 73 18 143 23 74 18 142 24 77 19 141 23 73 18 146 25 80 0 145 25 79 0 144 24 78 19 149 24 81 19 148 25 80 0 147 24 78 19 152 26 83 0 151 26 82 0 150 25 79 0 155 25 80 0 154 26 83 0 153 25 79 0 158 27 85 0 157 27 84 0 156 26 82 0 161 26 83 0 160 27 85 0 159 26 82 0 164 28 87 0 163 28 86 0 162 27 84 0 167 27 85 0 166 28 87 0 165 27 84 0 170 29 89 0 169 29 88 0 168 28 86 0 173 28 87 0 172 29 89 0 171 28 86 0 176 30 91 0 175 30 90 0 174 29 88 0 179 29 89 0 178 30 91 0 177 29 88 0 182 31 93 0 181 31 92 0 180 30 90 0 185 30 91 0 184 31 93 0 183 30 90 0 188 0 95 0 187 0 94 0 186 31 92 0 191 31 93 0 190 0 95 0 189 31 92 0</p>
                </triangles>
            </mesh>
        </geometry>
    </library_geometries>
    <library_controllers>
        <controller id="buill_maru_0-controller" name="buill_maru_0">
            <skin source="#buill_maru_0-geometry">
                <bind_shape_matrix>1 0 0 0 0 1 0 0 0 0 1 0 0 0 0 1</bind_shape_matrix>
                <source id="buill_maru_0-joints">
                    <Name_array id="buill_maru_0-joints-array" count="1">buill_maru</Name_array>
                    <technique_common>
                        <accessor count="1" offset="0" source="#buill_maru_0-joints-array" stride="1">
                            <param name="JOINT" type="Name" />
                        </accessor>
                    </technique_common>
                </source>
                <source id="buill_maru_0-matrices">
                    <float_array id="buill_maru_0-matrices-array" count="16">1.000001 1E-06 1E-06 1E-06 1E-06 1.000001 1E-06 1E-06 1E-06 1E-06 1.000001 1E-06 1E-06 1E-06 1E-06 1.000001</float_array>
                    <technique_common>
                        <accessor count="1" offset="0" source="#buill_maru_0-matrices-array" stride="16">
                            <param name="TRANSFORM" type="float4x4" />
                        </accessor>
                    </technique_common>
                </source>
                <source id="buill_maru_0-weights">
                    <float_array id="buill_maru_0-weights-array" count="1">1</float_array>
                    <technique_common>
                        <accessor count="1" offset="0" source="#buill_maru_0-weights-array" stride="1">
                            <param name="WEIGHT" type="float" />
                        </accessor>
                    </technique_common>
                </source>
                <joints>
                    <input semantic="JOINT" source="#buill_maru_0-joints" />
                    <input semantic="INV_BIND_MATRIX" source="#buill_maru_0-matrices" />
                </joints>
                <vertex_weights count="4320">
                    <input semantic="JOINT" source="#buill_maru_0-joints" offset="0" set="0" />
                    <input semantic="WEIGHT" source="#buill_maru_0-weights" offset="1" set="0" />
                    <vcount>1 1 1 1 1 1 1 1 1 1 1 1 1 1 1 1 1 1 1 1 1 1 1 1 1 1 1 1 1 1 1 1 1 1 1 1 1 1 1 1 1 1 1 1 1 1 1 1 1 1 1 1 1 1 1 1 1 1 1 1 1 1 1 1 1 1 1 1 1 1 1 1 1 1 1 1 1 1 1 1 1 1 1 1 1 1 1 1 1 1 1 1 1 1 1 1 1 1 1 1 1 1 1 1 1 1 1 1 1 1 1 1 1 1 1 1 1 1 1 1 1 1 1 1 1 1 1 1 1 1 1 1 1 1 1 1 1 1 1 1 1 1 1 1 1 1 1 1 1 1 1 1 1 1 1 1 1 1 1 1 1 1 1 1 1 1 1 1 1 1 1 1 1 1 1 1 1 1 1 1 1 1 1 1 1 1 1 1 1 1 1 1 1 1 1 1 1 1 1 1 1 1 1 1 1 1 1 1 1 1 1 1 1 1 1 1 1 1 1 1 1 1 1 1 1 1 1 1 1 1 1 1 1 1 1 1 1 1 1 1 1 1 1 1 1 1 1 1 1 1 1 1 1 1 1 1 1 1 1 1 1 1 1 1 1 1 1 1 1 1 1 1 1 1 1 1 1 1 1 1 1 1 1 1 1 1 1 1 1 1 1 1 1 1 1 1 1 1 1 1 1 1 1 1 1 1 1 1 1 1 1 1 1 1 1 1 1 1 1 1 1 1 1 1 1 1 1 1 1 1 1 1 1 1 1 1 1 1 1 1 1 1 1 1 1 1 1 1 1 1 1 1 1 1 1 1 1 1 1 1 1 1 1 1 1 1 1 1 1 1 1 1 1 1 1 1 1 1 1 1 1 1 1 1 1 1 1 1 1 1 1 1 1 1 1 1 1 1 1 1 1 1 1 1 1 1 1 1 1 1 1 1 1 1 1 1 1 1 1 1 1 1 1 1 1 1 1 1 1 1 1 1 1 1 1 1 1 1 1 1 1 1 1 1 1 1 1 1 1 1 1 1 1 1 1 1 1 1 1 1 1 1 1 1 1 1 1 1 1 1 1 1 1 1 1 1 1 1 1 1 1 1 1 1 1 1 1 1 1 1 1 1 1 1 1 1 1 1 1 1 1 1 1 1 1 1 1 1 1 1 1 1 1 1 1 1 1 1 1 1 1 1 1 1 1 1 1 1 1 1 1 1 1 1 1 1 1 1 1 1 1 1 1 1 1 1 1 1 1 1 1 1 1 1 1 1 1 1 1 1 1 1 1 1 1 1 1 1 1 1 1 1 1 1 1 1 1 1 1 1 1 1 1 1 1 1 1 1 1 1 1 1 1 1 1 1 1 1 1 1 1 1 1 1 1 1 1 1 1 1 1 1 1 1 1 1 1 1 1 1 1 1 1 1 1 1 1 1 1 1 1 1 1 1 1 1 1 1 1 1 1 1 1 1 1 1 1 1 1 1 1 1 1 1 1 1 1 1 1 1 1 1 1 1 1 1 1 1 1 1 1 1 1 1 1 1 1 1 1 1 1 1 1 1 1 1 1 1 1 1 1 1 1 1 1 1 1 1 1 1 1 1 1 1 1 1 1 1 1 1 1 1 1 1 1 1 1 1 1 1 1 1 1 1 1 1 1 1 1 1 1 1 1 1 1 1 1 1 1 1 1 1 1 1 1 1 1 1 1 1 1 1 1 1 1 1 1 1 1 1 1 1 1 1 1 1 1 1 1 1 1 1 1 1 1 1 1 1 1 1 1 1 1 1 1 1 1 1 1 1 1 1 1 1 1 1 1 1 1 1 1 1 1 1 1 1 1 1 1 1 1 1 1 1 1 1 1 1 1 1 1 1 1 1 1 1 1 1 1 1 1 1 1 1 1 1 1 1 1 1 1 1 1 1 1 1 1 1 1 1 1 1 1 1 1 1 1 1 1 1 1 1 1 1 1 1 1 1 1 1 1 1 1 1 1 1 1 1 1 1 1 1 1 1 1 1 1 1 1 1 1 1 1 1 1 1 1 1 1 1 1 1 1 1 1 1 1 1 1 1 1 1 1 1 1 1 1 1 1 1 1 1 1 1 1 1 1 1 1 1 1 1 1 1 1 1 1 1 1 1 1 1 1 1 1 1 1 1 1 1 1 1 1 1 1 1 1 1 1 1 1 1 1 1 1 1 1 1 1 1 1 1 1 1 1 1 1 1 1 1 1 1 1 1 1 1 1 1 1 1 1 1 1 1 1 1 1 1 1 1 1 1 1 1 1 1 1 1 1 1 1 1 1 1 1 1 1 1 1 1 1 1 1 1 1 1 1 1 1 1 1 1 1 1 1 1 1 1 1 1 1 1 1 1 1 1 1 1 1 1 1 1 1 1 1 1 1 1 1 1 1 1 1 1 1 1 1 1 1 1 1 1 1 1 1 1 1 1 1 1 1 1 1 1 1 1 1 1 1 1 1 1 1 1 1 1 1 1 1 1 1 1 1 1 1 1 1 1 1 1 1 1 1 1 1 1 1 1 1 1 1 1 1 1 1 1 1 1 1 1 1 1 1 1 1 1 1 1 1 1 1 1 1 1 1 1 1 1 1 1 1 1 1 1 1 1 1 1 1 1 1 1 1 1 1 1 1 1 1 1 1 1 1 1 1 1 1 1 1 1 1 1 1 1 1 1 1 1 1 1 1 1 1 1 1 1 1 1 1 1 1 1 1 1 1 1 1 1 1 1 1 1 1 1 1 1 1 1 1 1 1 1 1 1 1 1 1 1 1 1 1 1 1 1 1 1 1 1 1 1 1 1 1 1 1 1 1 1 1 1 1 1 1 1 1 1 1 1 1 1 1 1 1 1 1 1 1 1 1 1 1 1 1 1 1 1 1 1 1 1 1 1 1 1 1 1 1 1 1 1 1 1 1 1 1 1 1 1 1 1 1 1 1 1 1 1 1 1 1 1 1 1 1 1 1 1 1 1 1 1 1 1 1 1 1 1 1 1 1 1 1 1 1 1 1 1 1 1 1 1 1 1 1 1 1 1 1 1 1 1 1 1 1 1 1 1 1 1 1 1 1 1 1 1 1 1 1 1 1 1 1 1 1 1 1 1 1 1 1 1 1 1 1 1 1 1 1 1 1 1 1 1 1 1 1 1 1 1 1 1 1 1 1 1 1 1 1 1 1 1 1 1 1 1 1 1 1 1 1 1 1 1 1 1 1 1 1 1 1 1 1 1 1 1 1 1 1 1 1 1 1 1 1 1 1 1 1 1 1 1 1 1 1 1 1 1 1 1 1 1 1 1 1 1 1 1 1 1 1 1 1 1 1 1 1 1 1 1 1 1 1 1 1 1 1 1 1 1 1 1 1 1 1 1 1 1 1 1 1 1 1 1 1 1 1 1 1 1 1 1 1 1 1 1 1 1 1 1 1 1 1 1 1 1 1 1 1 1 1 1 1 1 1 1 1 1 1 1 1 1 1 1 1 1 1 1 1 1 1 1 1 1 1 1 1 1 1 1 1 1 1 1 1 1 1 1 1 1 1 1 1 1 1 1 1 1 1 1 1 1 1 1 1 1 1 1 1 1 1 1 1 1 1 1 1 1 1 1 1 1 1 1 1 1 1 1 1 1 1 1 1 1 1 1 1 1 1 1 1 1 1 1 1 1 1 1 1 1 1 1 1 1 1 1 1 1 1 1 1 1 1 1 1 1 1 1 1 1 1 1 1 1 1 1 1 1 1 1 1 1 1 1 1 1 1 1 1 1 1 1 1 1 1 1 1 1 1 1 1 1 1 1 1 1 1 1 1 1 1 1 1 1 1 1 1 1 1 1 1 1 1 1 1 1 1 1 1 1 1 1 1 1 1 1 1 1 1 1 1 1 1 1 1 1 1 1 1 1 1 1 1 1 1 1 1 1 1 1 1 1 1 1 1 1 1 1 1 1 1 1 1 1 1 1 1 1 1 1 1 1 1 1 1 1 1 1 1 1 1 1 1 1 1 1 1 1 1 1 1 1 1 1 1 1 1 1 1 1 1 1 1 1 1 1 1 1 1 1 1 1 1 1 1 1 1 1 1 1 1 1 1 1 1 1 1 1 1 1 1 1 1 1 1 1 1 1 1 1 1 1 1 1 1 1 1 1 1 1 1 1 1 1 1 1 1 1 1 1 1 1 1 1 1 1 1 1 1 1 1 1 1 1 1 1 1 1 1 1 1 1 1 1 1 1 1 1 1 1 1 1 1 1 1 1 1 1 1 1 1 1 1 1 1 1 1 1 1 1 1 1 1 1 1 1 1 1 1 1 1 1 1 1 1 1 1 1 1 1 1 1 1 1 1 1 1 1 1 1 1 1 1 1 1 1 1 1 1 1 1 1 1 1 1 1 1 1 1 1 1 1 1 1 1 1 1 1 1 1 1 1 1 1 1 1 1 1 1 1 1 1 1 1 1 1 1 1 1 1 1 1 1 1 1 1 1 1 1 1 1 1 1 1 1 1 1 1 1 1 1 1 1 1 1 1 1 1 1 1 1 1 1 1 1 1 1 1 1 1 1 1 1 1 1 1 1 1 1 1 1 1 1 1 1 1 1 1 1 1 1 1 1 1 1 1 1 1 1 1 1 1 1 1 1 1 1 1 1 1 1 1 1 1 1 1 1 1 1 1 1 1 1 1 1 1 1 1 1 1 1 1 1 1 1 1 1 1 1 1 1 1 1 1 1 1 1 1 1 1 1 1 1 1 1 1 1 1 1 1 1 1 1 1 1 1 1 1 1 1 1 1 1 1 1 1 1 1 1 1 1 1 1 1 1 1 1 1 1 1 1 1 1 1 1 1 1 1 1 1 1 1 1 1 1 1 1 1 1 1 1 1 1 1 1 1 1 1 1 1 1 1 1 1 1 1 1 1 1 1 1 1 1 1 1 1 1 1 1 1 1 1 1 1 1 1 1 1 1 1 1 1 1 1 1 1 1 1 1 1 1 1 1 1 1 1 1 1 1 1 1 1 1 1 1 1 1 1 1 1 1 1 1 1 1 1 1 1 1 1 1 1 1 1 1 1 1 1 1 1 1 1 1 1 1 1 1 1 1 1 1 1 1 1 1 1 1 1 1 1 1 1 1 1 1 1 1 1 1 1 1 1 1 1 1 1 1 1 1 1 1 1 1 1 1 1 1 1 1 1 1 1 1 1 1 1 1 1 1 1 1 1 1 1 1 1 1 1 1 1 1 1 1 1 1 1 1 1 1 1 1 1 1 1 1 1 1 1 1 1 1 1 1 1 1 1 1 1 1 1 1 1 1 1 1 1 1 1 1 1 1 1 1 1 1 1 1 1 1 1 1 1 1 1 1 1 1 1 1 1 1 1 1 1 1 1 1 1 1 1 1 1 1 1 1 1 1 1 1 1 1 1 1 1 1 1 1 1 1 1 1 1 1 1 1 1 1 1 1 1 1 1 1 1 1 1 1 1 1 1 1 1 1 1 1 1 1 1 1 1 1 1 1 1 1 1 1 1 1 1 1 1 1 1 1 1 1 1 1 1 1 1 1 1 1 1 1 1 1 1 1 1 1 1 1 1 1 1 1 1 1 1 1 1 1 1 1 1 1 1 1 1 1 1 1 1 1 1 1 1 1 1 1 1 1 1 1 1 1 1 1 1 1 1 1 1 1 1 1 1 1 1 1 1 1 1 1 1 1 1 1 1 1 1 1 1 1 1 1 1 1 1 1 1 1 1 1 1 1 1 1 1 1 1 1 1 1 1 1 1 1 1 1 1 1 1 1 1 1 1 1 1 1 1 1 1 1 1 1 1 1 1 1 1 1 1 1 1 1 1 1 1 1 1 1 1 1 1 1 1 1 1 1 1 1 1 1 1 1 1 1 1 1 1 1 1 1 1 1 1 1 1 1 1 1 1 1 1 1 1 1 1 1 1 1 1 1 1 1 1 1 1 1 1 1 1 1 1 1 1 1 1 1 1 1 1 1 1 1 1 1 1 1 1 1 1 1 1 1 1 1 1 1 1 1 1 1 1 1 1 1 1 1 1 1 1 1 1 1 1 1 1 1 1 1 1 1 1 1 1 1 1 1 1 1 1 1 1 1 1 1 1 1 1 1 1 1 1 1 1 1 1 1 1 1 1 1 1 1 1 1 1 1 1 1 1 1 1 1 1 1 1 1 1 1 1 1 1 1 1 1 1 1 1 1 1 1 1 1 1 1 1 1 1 1 1 1 1 1 1 1 1 1 1 1 1 1 1 1 1 1 1 1 1 1 1 1 1 1 1 1 1 1 1 1 1 1 1 1 1 1 1 1 1 1 1 1 1 1 1 1 1 1 1 1 1 1 1 1 1 1 1 1 1 1 1 1 1 1 1 1 1 1 1 1 1 1 1 1 1 1 1 1 1 1 1 1 1 1 1 1 1 1 1 1 1 1 1 1 1 1 1 1 1 1 1 1 1 1 1 1 1 1 1 1 1 1 1 1 1 1 1 1 1 1 1 1 1 1 1 1 1 1 1 1 1 1 1 1 1 1 1 1 1 1 1 1 1 1 1 1 1 1 1 1 1 1 1 1 1 1 1 1 1 1 1 1 1 1 1 1 1 1 1 1 1 1 1 1 1 1 1 1 1 1 1 1 1 1 1 1 1 1 1 1 1 1 1 1 1 1 1 1 1 1 1 1 1 1 1 1 1 1 1 1 1 1 1 1 1 1 1 1 1 1 1 1 1 1 1 1 1 1 1 1 1 1 1 1 1 1 1 1 1 1 1 1 1 1 1 1 1 1 1 1 1 1 1 1 1 1 1 1 1 1 1 1 1 1 1 1 1 1 1 1 1 1 1 1 1 1 1 1 1 1 1 1 1 1 1 1 1 1 1 1 1 1 1 1 1 1 1 1 1 1 1 1 1 1 1 1 1 1 1 1 1 1 1 1 1 1 1 1 1 1 1 1 1 1 1 1 1 1 1 1 1 1 1 1 1 1 1 1 1 1 1 1 1 1 1 1 1 1 1 1 1 1 1 1 1 1 1 1 1 1 1 1 1 1 1 1 1 1 1 1 1 1 1 1 1 1 1 1 1 1 1 1 1 1 1 1 1 1 1 1 1 1 1 1 1 1 1 1 1 1 1 1 1 1 1 1 1 1 1 1 1 1 1 1 1 1 1 1 1 1 1 1 1 1 1 1 1 1 1 1 1 1 1 1 1 1 1 1 1 1 1 1 1 1 1 1 1 1 1 1 1 1 1 1 1 1 1 1 1 1 1 1 1 1 1 1 1 1 1 1 1 1 1 1 1 1 1 1 1 1 1 1 1 1 1 1 1 1 1 1 1 1 1 1 1 1 1 1 1 1 1 1 1 1 1 1 1 1 1 1 1 1 1 1 1 1 1 1 1 1 1 1 1 1 1 1 1 1 1 1 1 1 1 1 1 1 1 1 1 1 1 1 1 1 1 1 1 1 1 1 1 1 1 1 1 1 1 1 1 1 1 1 1 1 1 1 1 1 1 1 1 1 1 1 1 1 1 1 1 1 1 1 1 1 1 1 1 1 1 1 1 1 1 1 1 1 1 1 1 1 1 1 1 1 1 1 1 1 1 1 1 1 1 1 1 1 1 1 1 1 1 1 1 1 1 1 1 1 1 1 1 1 1 1 1 1 1 1 1 1 1 1 1 1 1 1 1 1 1 1 1 1 1 1 1 1 1 1 1 1 1 1 1 1 1 1 1 1 1 1 1 1 1 1 1 1 1 1 1 1 1 1 1 1 1 1 1 1 1 1 1 1 1 1 1 1 1 1 1 1 1 1 1 1 1 1 1 1 1 1 1 1 1 1 1 1 1 1 1 1 1 1 1 1 1 1 1 1 1 1 1 1 1 1 1 1 1 1 1 1 1 1 1 1 1 1 1 1 1 1 1 1 1 1 1 1 1 1 1 1 1 1 1 1 1 1 1 1 1 1 1 1 1 1 1 1 1 1 1 1 1 1 1 1 1 1 1 1 1 1 1 1 1 1 1 1 1 1 1 1 1 1 1 1 1 1 1 1 1 1 1 1 1 1 1 1 1 1 1 1 1 1 1 1 1 1 1 1 1 1 1 1 1 1 1 1 1 1 1 1 1 1 1 1 1 1 1 1 1 1 1 1 1 1 1 1 1 1 1 1 1 1 1 1 1 1 1 1 1 1 1 1 1 1 1 1 1 1 1 1 1 1 1 1 1 1 1 1 1 1 1 1 1 1 1 1 1 1 1 1 1 1 1 1 1 1 1 1 1 1 1 1 1 1 1 1 1 1 1 1 1 1 1 1 1 1 1 1 1 1 1 1 1 1 1 1 1 1 1 1 1 1 1 1 1 1 1 1 1 1 1 1 1 1 1 1 1 1 1 1 1 1 1 1 1 1 1 1 1 1 1 1 1 1 1 1 1 1 1 1 1 1 1 1 1 1 1 1 1 1 1 1 1 1 1 1 1 1 1 1 1 1 1 1 1 1 1 1 1 1 1 1 1 1 1 1 1 1 1 1 1 1 1 1 1 1 1 1 1 1 1 1 1 1 1 1 1 1 1 1 1 1 1 1 1 1 1 1 1 1 1 1 1 1 1 1 1 1 1 1 1 1 1 1 1 1 1 1 1 1 1 1 1 1 1 1 1 1 1 1 1 1 1 1 1 1 1 1 1 1 1 1 1 1 1 1 1 1 1 1 1 1 1 1 1 1 1 1 1 1 1 1 1 1 1 1 1 1 1 1 1 1 1 1 1 1 1 1 1 1 1 1 1 1 1 1 1 1 1 1 1 1 1 1 1 1 1 1 1 1 1 1 1 1 1 1 1 1 1 1 1 1 1 1 1 1 1 1 1 1 1 1 1 1 1 1 1 1 1 1 1 1 1 1 1 1 1 1 1 1 1 1 1 1 1 1 1 1 1 1 1 1 1 1 1 1 1 1 1 1 1 1 1 1 1 1 1 1 1 1 1 1 1 1 1 1 1 1 1 1 1 1 1 1 1 1 1 1 1 1 1 1 1 1 1 1 1 1 1 1 1 1 1 1 1 1 1 1 1 1 1 1 1 1 1 1 1 1 1 1 1 1 1 1 1 1 1 1 1 1 1 1 1 1 1 1 1 1 1 1 1 1 1 1 1 1 1 1 1 1 1 1 1 1 1 1 1 1 1 1 1 1 1 1 1 1 1 1 1 1 1 1 1 1 1 1 1 1 1 1 1 1 1 1 1 1 1 1 1 1 1 1 1 1 1 1 1 1 1 1 1 1 1 1 1 1 1 1 1 1 1 1 1 1 1 1 1 1 1 1 1 1 1 1 1 1 1 1 1 1 1 1 1 1 1 1 1 1 1 1 1 1 1 1 1 1 1 1 1 1 1 1 1 1 1 1 1 1 1 1 1 1 1 1 1 1 1 1 1 1 1 1 1 1 1 1 1 1 1 1 1 1 1 1 1 1 1 1 1 1 1 1 1 1 1 1 1 1 1 1 1 1 1 1 1 1 1 1 1 1 1 1 1 1 1 1 1 1 1 1 1 1 1 1 1 1 1 1 1 1 1 1 1 1 1 1 1 1 1 1 1 1 1 1 1 1 1 1 1 1 1 1 1 1 1 1 1 1 1 1 1 1 1 1 1 1 1 1 1 1 1 1 1 1 1 1 1 1 1 1 1 1 1 1 1 1 1 1 1 1 1 1 1 1 1 1 1 1 1 1 1 1 1 1 1 1 1</vcount>
                    <v>0 0 0 0 0 0 0 0 0 0 0 0 0 0 0 0 0 0 0 0 0 0 0 0 0 0 0 0 0 0 0 0 0 0 0 0 0 0 0 0 0 0 0 0 0 0 0 0 0 0 0 0 0 0 0 0 0 0 0 0 0 0 0 0 0 0 0 0 0 0 0 0 0 0 0 0 0 0 0 0 0 0 0 0 0 0 0 0 0 0 0 0 0 0 0 0 0 0 0 0 0 0 0 0 0 0 0 0 0 0 0 0 0 0 0 0 0 0 0 0 0 0 0 0 0 0 0 0 0 0 0 0 0 0 0 0 0 0 0 0 0 0 0 0 0 0 0 0 0 0 0 0 0 0 0 0 0 0 0 0 0 0 0 0 0 0 0 0 0 0 0 0 0 0 0 0 0 0 0 0 0 0 0 0 0 0 0 0 0 0 0 0 0 0 0 0 0 0 0 0 0 0 0 0 0 0 0 0 0 0 0 0 0 0 0 0 0 0 0 0 0 0 0 0 0 0 0 0 0 0 0 0 0 0 0 0 0 0 0 0 0 0 0 0 0 0 0 0 0 0 0 0 0 0 0 0 0 0 0 0 0 0 0 0 0 0 0 0 0 0 0 0 0 0 0 0 0 0 0 0 0 0 0 0 0 0 0 0 0 0 0 0 0 0 0 0 0 0 0 0 0 0 0 0 0 0 0 0 0 0 0 0 0 0 0 0 0 0 0 0 0 0 0 0 0 0 0 0 0 0 0 0 0 0 0 0 0 0 0 0 0 0 0 0 0 0 0 0 0 0 0 0 0 0 0 0 0 0 0 0 0 0 0 0 0 0 0 0 0 0 0 0 0 0 0 0 0 0 0 0 0 0 0 0 0 0 0 0 0 0 0 0 0 0 0 0 0 0 0 0 0 0 0 0 0 0 0 0 0 0 0 0 0 0 0 0 0 0 0 0 0 0 0 0 0 0 0 0 0 0 0 0 0 0 0 0 0 0 0 0 0 0 0 0 0 0 0 0 0 0 0 0 0 0 0 0 0 0 0 0 0 0 0 0 0 0 0 0 0 0 0 0 0 0 0 0 0 0 0 0 0 0 0 0 0 0 0 0 0 0 0 0 0 0 0 0 0 0 0 0 0 0 0 0 0 0 0 0 0 0 0 0 0 0 0 0 0 0 0 0 0 0 0 0 0 0 0 0 0 0 0 0 0 0 0 0 0 0 0 0 0 0 0 0 0 0 0 0 0 0 0 0 0 0 0 0 0 0 0 0 0 0 0 0 0 0 0 0 0 0 0 0 0 0 0 0 0 0 0 0 0 0 0 0 0 0 0 0 0 0 0 0 0 0 0 0 0 0 0 0 0 0 0 0 0 0 0 0 0 0 0 0 0 0 0 0 0 0 0 0 0 0 0 0 0 0 0 0 0 0 0 0 0 0 0 0 0 0 0 0 0 0 0 0 0 0 0 0 0 0 0 0 0 0 0 0 0 0 0 0 0 0 0 0 0 0 0 0 0 0 0 0 0 0 0 0 0 0 0 0 0 0 0 0 0 0 0 0 0 0 0 0 0 0 0 0 0 0 0 0 0 0 0 0 0 0 0 0 0 0 0 0 0 0 0 0 0 0 0 0 0 0 0 0 0 0 0 0 0 0 0 0 0 0 0 0 0 0 0 0 0 0 0 0 0 0 0 0 0 0 0 0 0 0 0 0 0 0 0 0 0 0 0 0 0 0 0 0 0 0 0 0 0 0 0 0 0 0 0 0 0 0 0 0 0 0 0 0 0 0 0 0 0 0 0 0 0 0 0 0 0 0 0 0 0 0 0 0 0 0 0 0 0 0 0 0 0 0 0 0 0 0 0 0 0 0 0 0 0 0 0 0 0 0 0 0 0 0 0 0 0 0 0 0 0 0 0 0 0 0 0 0 0 0 0 0 0 0 0 0 0 0 0 0 0 0 0 0 0 0 0 0 0 0 0 0 0 0 0 0 0 0 0 0 0 0 0 0 0 0 0 0 0 0 0 0 0 0 0 0 0 0 0 0 0 0 0 0 0 0 0 0 0 0 0 0 0 0 0 0 0 0 0 0 0 0 0 0 0 0 0 0 0 0 0 0 0 0 0 0 0 0 0 0 0 0 0 0 0 0 0 0 0 0 0 0 0 0 0 0 0 0 0 0 0 0 0 0 0 0 0 0 0 0 0 0 0 0 0 0 0 0 0 0 0 0 0 0 0 0 0 0 0 0 0 0 0 0 0 0 0 0 0 0 0 0 0 0 0 0 0 0 0 0 0 0 0 0 0 0 0 0 0 0 0 0 0 0 0 0 0 0 0 0 0 0 0 0 0 0 0 0 0 0 0 0 0 0 0 0 0 0 0 0 0 0 0 0 0 0 0 0 0 0 0 0 0 0 0 0 0 0 0 0 0 0 0 0 0 0 0 0 0 0 0 0 0 0 0 0 0 0 0 0 0 0 0 0 0 0 0 0 0 0 0 0 0 0 0 0 0 0 0 0 0 0 0 0 0 0 0 0 0 0 0 0 0 0 0 0 0 0 0 0 0 0 0 0 0 0 0 0 0 0 0 0 0 0 0 0 0 0 0 0 0 0 0 0 0 0 0 0 0 0 0 0 0 0 0 0 0 0 0 0 0 0 0 0 0 0 0 0 0 0 0 0 0 0 0 0 0 0 0 0 0 0 0 0 0 0 0 0 0 0 0 0 0 0 0 0 0 0 0 0 0 0 0 0 0 0 0 0 0 0 0 0 0 0 0 0 0 0 0 0 0 0 0 0 0 0 0 0 0 0 0 0 0 0 0 0 0 0 0 0 0 0 0 0 0 0 0 0 0 0 0 0 0 0 0 0 0 0 0 0 0 0 0 0 0 0 0 0 0 0 0 0 0 0 0 0 0 0 0 0 0 0 0 0 0 0 0 0 0 0 0 0 0 0 0 0 0 0 0 0 0 0 0 0 0 0 0 0 0 0 0 0 0 0 0 0 0 0 0 0 0 0 0 0 0 0 0 0 0 0 0 0 0 0 0 0 0 0 0 0 0 0 0 0 0 0 0 0 0 0 0 0 0 0 0 0 0 0 0 0 0 0 0 0 0 0 0 0 0 0 0 0 0 0 0 0 0 0 0 0 0 0 0 0 0 0 0 0 0 0 0 0 0 0 0 0 0 0 0 0 0 0 0 0 0 0 0 0 0 0 0 0 0 0 0 0 0 0 0 0 0 0 0 0 0 0 0 0 0 0 0 0 0 0 0 0 0 0 0 0 0 0 0 0 0 0 0 0 0 0 0 0 0 0 0 0 0 0 0 0 0 0 0 0 0 0 0 0 0 0 0 0 0 0 0 0 0 0 0 0 0 0 0 0 0 0 0 0 0 0 0 0 0 0 0 0 0 0 0 0 0 0 0 0 0 0 0 0 0 0 0 0 0 0 0 0 0 0 0 0 0 0 0 0 0 0 0 0 0 0 0 0 0 0 0 0 0 0 0 0 0 0 0 0 0 0 0 0 0 0 0 0 0 0 0 0 0 0 0 0 0 0 0 0 0 0 0 0 0 0 0 0 0 0 0 0 0 0 0 0 0 0 0 0 0 0 0 0 0 0 0 0 0 0 0 0 0 0 0 0 0 0 0 0 0 0 0 0 0 0 0 0 0 0 0 0 0 0 0 0 0 0 0 0 0 0 0 0 0 0 0 0 0 0 0 0 0 0 0 0 0 0 0 0 0 0 0 0 0 0 0 0 0 0 0 0 0 0 0 0 0 0 0 0 0 0 0 0 0 0 0 0 0 0 0 0 0 0 0 0 0 0 0 0 0 0 0 0 0 0 0 0 0 0 0 0 0 0 0 0 0 0 0 0 0 0 0 0 0 0 0 0 0 0 0 0 0 0 0 0 0 0 0 0 0 0 0 0 0 0 0 0 0 0 0 0 0 0 0 0 0 0 0 0 0 0 0 0 0 0 0 0 0 0 0 0 0 0 0 0 0 0 0 0 0 0 0 0 0 0 0 0 0 0 0 0 0 0 0 0 0 0 0 0 0 0 0 0 0 0 0 0 0 0 0 0 0 0 0 0 0 0 0 0 0 0 0 0 0 0 0 0 0 0 0 0 0 0 0 0 0 0 0 0 0 0 0 0 0 0 0 0 0 0 0 0 0 0 0 0 0 0 0 0 0 0 0 0 0 0 0 0 0 0 0 0 0 0 0 0 0 0 0 0 0 0 0 0 0 0 0 0 0 0 0 0 0 0 0 0 0 0 0 0 0 0 0 0 0 0 0 0 0 0 0 0 0 0 0 0 0 0 0 0 0 0 0 0 0 0 0 0 0 0 0 0 0 0 0 0 0 0 0 0 0 0 0 0 0 0 0 0 0 0 0 0 0 0 0 0 0 0 0 0 0 0 0 0 0 0 0 0 0 0 0 0 0 0 0 0 0 0 0 0 0 0 0 0 0 0 0 0 0 0 0 0 0 0 0 0 0 0 0 0 0 0 0 0 0 0 0 0 0 0 0 0 0 0 0 0 0 0 0 0 0 0 0 0 0 0 0 0 0 0 0 0 0 0 0 0 0 0 0 0 0 0 0 0 0 0 0 0 0 0 0 0 0 0 0 0 0 0 0 0 0 0 0 0 0 0 0 0 0 0 0 0 0 0 0 0 0 0 0 0 0 0 0 0 0 0 0 0 0 0 0 0 0 0 0 0 0 0 0 0 0 0 0 0 0 0 0 0 0 0 0 0 0 0 0 0 0 0 0 0 0 0 0 0 0 0 0 0 0 0 0 0 0 0 0 0 0 0 0 0 0 0 0 0 0 0 0 0 0 0 0 0 0 0 0 0 0 0 0 0 0 0 0 0 0 0 0 0 0 0 0 0 0 0 0 0 0 0 0 0 0 0 0 0 0 0 0 0 0 0 0 0 0 0 0 0 0 0 0 0 0 0 0 0 0 0 0 0 0 0 0 0 0 0 0 0 0 0 0 0 0 0 0 0 0 0 0 0 0 0 0 0 0 0 0 0 0 0 0 0 0 0 0 0 0 0 0 0 0 0 0 0 0 0 0 0 0 0 0 0 0 0 0 0 0 0 0 0 0 0 0 0 0 0 0 0 0 0 0 0 0 0 0 0 0 0 0 0 0 0 0 0 0 0 0 0 0 0 0 0 0 0 0 0 0 0 0 0 0 0 0 0 0 0 0 0 0 0 0 0 0 0 0 0 0 0 0 0 0 0 0 0 0 0 0 0 0 0 0 0 0 0 0 0 0 0 0 0 0 0 0 0 0 0 0 0 0 0 0 0 0 0 0 0 0 0 0 0 0 0 0 0 0 0 0 0 0 0 0 0 0 0 0 0 0 0 0 0 0 0 0 0 0 0 0 0 0 0 0 0 0 0 0 0 0 0 0 0 0 0 0 0 0 0 0 0 0 0 0 0 0 0 0 0 0 0 0 0 0 0 0 0 0 0 0 0 0 0 0 0 0 0 0 0 0 0 0 0 0 0 0 0 0 0 0 0 0 0 0 0 0 0 0 0 0 0 0 0 0 0 0 0 0 0 0 0 0 0 0 0 0 0 0 0 0 0 0 0 0 0 0 0 0 0 0 0 0 0 0 0 0 0 0 0 0 0 0 0 0 0 0 0 0 0 0 0 0 0 0 0 0 0 0 0 0 0 0 0 0 0 0 0 0 0 0 0 0 0 0 0 0 0 0 0 0 0 0 0 0 0 0 0 0 0 0 0 0 0 0 0 0 0 0 0 0 0 0 0 0 0 0 0 0 0 0 0 0 0 0 0 0 0 0 0 0 0 0 0 0 0 0 0 0 0 0 0 0 0 0 0 0 0 0 0 0 0 0 0 0 0 0 0 0 0 0 0 0 0 0 0 0 0 0 0 0 0 0 0 0 0 0 0 0 0 0 0 0 0 0 0 0 0 0 0 0 0 0 0 0 0 0 0 0 0 0 0 0 0 0 0 0 0 0 0 0 0 0 0 0 0 0 0 0 0 0 0 0 0 0 0 0 0 0 0 0 0 0 0 0 0 0 0 0 0 0 0 0 0 0 0 0 0 0 0 0 0 0 0 0 0 0 0 0 0 0 0 0 0 0 0 0 0 0 0 0 0 0 0 0 0 0 0 0 0 0 0 0 0 0 0 0 0 0 0 0 0 0 0 0 0 0 0 0 0 0 0 0 0 0 0 0 0 0 0 0 0 0 0 0 0 0 0 0 0 0 0 0 0 0 0 0 0 0 0 0 0 0 0 0 0 0 0 0 0 0 0 0 0 0 0 0 0 0 0 0 0 0 0 0 0 0 0 0 0 0 0 0 0 0 0 0 0 0 0 0 0 0 0 0 0 0 0 0 0 0 0 0 0 0 0 0 0 0 0 0 0 0 0 0 0 0 0 0 0 0 0 0 0 0 0 0 0 0 0 0 0 0 0 0 0 0 0 0 0 0 0 0 0 0 0 0 0 0 0 0 0 0 0 0 0 0 0 0 0 0 0 0 0 0 0 0 0 0 0 0 0 0 0 0 0 0 0 0 0 0 0 0 0 0 0 0 0 0 0 0 0 0 0 0 0 0 0 0 0 0 0 0 0 0 0 0 0 0 0 0 0 0 0 0 0 0 0 0 0 0 0 0 0 0 0 0 0 0 0 0 0 0 0 0 0 0 0 0 0 0 0 0 0 0 0 0 0 0 0 0 0 0 0 0 0 0 0 0 0 0 0 0 0 0 0 0 0 0 0 0 0 0 0 0 0 0 0 0 0 0 0 0 0 0 0 0 0 0 0 0 0 0 0 0 0 0 0 0 0 0 0 0 0 0 0 0 0 0 0 0 0 0 0 0 0 0 0 0 0 0 0 0 0 0 0 0 0 0 0 0 0 0 0 0 0 0 0 0 0 0 0 0 0 0 0 0 0 0 0 0 0 0 0 0 0 0 0 0 0 0 0 0 0 0 0 0 0 0 0 0 0 0 0 0 0 0 0 0 0 0 0 0 0 0 0 0 0 0 0 0 0 0 0 0 0 0 0 0 0 0 0 0 0 0 0 0 0 0 0 0 0 0 0 0 0 0 0 0 0 0 0 0 0 0 0 0 0 0 0 0 0 0 0 0 0 0 0 0 0 0 0 0 0 0 0 0 0 0 0 0 0 0 0 0 0 0 0 0 0 0 0 0 0 0 0 0 0 0 0 0 0 0 0 0 0 0 0 0 0 0 0 0 0 0 0 0 0 0 0 0 0 0 0 0 0 0 0 0 0 0 0 0 0 0 0 0 0 0 0 0 0 0 0 0 0 0 0 0 0 0 0 0 0 0 0 0 0 0 0 0 0 0 0 0 0 0 0 0 0 0 0 0 0 0 0 0 0 0 0 0 0 0 0 0 0 0 0 0 0 0 0 0 0 0 0 0 0 0 0 0 0 0 0 0 0 0 0 0 0 0 0 0 0 0 0 0 0 0 0 0 0 0 0 0 0 0 0 0 0 0 0 0 0 0 0 0 0 0 0 0 0 0 0 0 0 0 0 0 0 0 0 0 0 0 0 0 0 0 0 0 0 0 0 0 0 0 0 0 0 0 0 0 0 0 0 0 0 0 0 0 0 0 0 0 0 0 0 0 0 0 0 0 0 0 0 0 0 0 0 0 0 0 0 0 0 0 0 0 0 0 0 0 0 0 0 0 0 0 0 0 0 0 0 0 0 0 0 0 0 0 0 0 0 0 0 0 0 0 0 0 0 0 0 0 0 0 0 0 0 0 0 0 0 0 0 0 0 0 0 0 0 0 0 0 0 0 0 0 0 0 0 0 0 0 0 0 0 0 0 0 0 0 0 0 0 0 0 0 0 0 0 0 0 0 0 0 0 0 0 0 0 0 0 0 0 0 0 0 0 0 0 0 0 0 0 0 0 0 0 0 0 0 0 0 0 0 0 0 0 0 0 0 0 0 0 0 0 0 0 0 0 0 0 0 0 0 0 0 0 0 0 0 0 0 0 0 0 0 0 0 0 0 0 0 0 0 0 0 0 0 0 0 0 0 0 0 0 0 0 0 0 0 0 0 0 0 0 0 0 0 0 0 0 0 0 0 0 0 0 0 0 0 0 0 0 0 0 0 0 0 0 0 0 0 0 0 0 0 0 0 0 0 0 0 0 0 0 0 0 0 0 0 0 0 0 0 0 0 0 0 0 0 0 0 0 0 0 0 0 0 0 0 0 0 0 0 0 0 0 0 0 0 0 0 0 0 0 0 0 0 0 0 0 0 0 0 0 0 0 0 0 0 0 0 0 0 0 0 0 0 0 0 0 0 0 0 0 0 0 0 0 0 0 0 0 0 0 0 0 0 0 0 0 0 0 0 0 0 0 0 0 0 0 0 0 0 0 0 0 0 0 0 0 0 0 0 0 0 0 0 0 0 0 0 0 0 0 0 0 0 0 0 0 0 0 0 0 0 0 0 0 0 0 0 0 0 0 0 0 0 0 0 0 0 0 0 0 0 0 0 0 0 0 0 0 0 0 0 0 0 0 0 0 0 0 0 0 0 0 0 0 0 0 0 0 0 0 0 0 0 0 0 0 0 0 0 0 0 0 0 0 0 0 0 0 0 0 0 0 0 0 0 0 0 0 0 0 0 0 0 0 0 0 0 0 0 0 0 0 0 0 0 0 0 0 0 0 0 0 0 0 0 0 0 0 0 0 0 0 0 0 0 0 0 0 0 0 0 0 0 0 0 0 0 0 0 0 0 0 0 0 0 0 0 0 0 0 0 0 0 0 0 0 0 0 0 0 0 0 0 0 0 0 0 0 0 0 0 0 0 0 0 0 0 0 0 0 0 0 0 0 0 0 0 0 0 0 0 0 0 0 0 0 0 0 0 0 0 0 0 0 0 0 0 0 0 0 0 0 0 0 0 0 0 0 0 0 0 0 0 0 0 0 0 0 0 0 0 0 0 0 0 0 0 0 0 0 0 0 0 0 0 0 0 0 0 0 0 0 0 0 0 0 0 0 0 0 0 0 0 0 0 0 0 0 0 0 0 0 0 0 0 0 0 0 0 0 0 0 0 0 0 0 0 0 0 0 0 0 0 0 0 0 0 0 0 0 0 0 0 0 0 0 0 0 0 0 0 0 0 0 0 0 0 0 0 0 0 0 0 0 0 0 0 0 0 0 0 0 0 0 0 0 0 0 0 0 0 0 0 0 0 0 0 0 0 0 0 0 0 0 0 0 0 0 0 0 0 0 0 0 0 0 0 0 0 0 0 0 0 0 0 0 0 0 0 0 0 0 0 0 0 0 0 0 0 0 0 0 0 0 0 0 0 0 0 0 0 0 0 0 0 0 0 0 0 0 0 0 0 0 0 0 0 0 0 0 0 0 0 0 0 0 0 0 0 0 0 0 0 0 0 0 0 0 0 0 0 0 0 0 0 0 0 0 0 0 0 0 0 0 0 0 0 0 0 0 0 0 0 0 0 0 0 0 0 0 0 0 0 0 0 0 0 0 0 0 0 0 0 0 0 0 0 0 0 0 0 0 0 0 0 0 0 0 0 0 0 0 0 0 0 0 0 0 0 0 0 0 0 0 0 0 0 0 0 0 0 0 0 0 0 0 0 0 0 0 0 0 0 0 0 0 0 0 0 0 0 0 0 0 0 0 0 0 0 0 0 0 0 0 0 0 0 0 0 0 0 0 0 0 0 0 0 0 0 0 0 0 0 0 0 0 0 0 0 0 0 0 0 0 0 0 0 0 0 0 0 0 0 0 0 0 0 0 0 0 0 0 0 0 0 0 0 0 0 0 0 0 0 0 0 0 0 0 0 0 0 0 0 0 0 0 0 0 0 0 0 0 0 0 0 0 0 0 0 0 0 0 0 0 0 0 0 0 0 0 0 0 0 0 0 0 0 0 0 0 0 0 0 0 0 0 0 0 0 0 0 0 0 0 0 0 0 0 0 0 0 0 0 0 0 0 0 0 0 0 0 0 0 0 0 0 0 0 0 0 0 0 0 0 0 0 0 0 0 0 0 0 0 0 0 0 0 0 0 0 0 0 0 0 0 0 0 0 0 0 0 0 0 0 0 0 0 0 0 0 0 0 0 0 0 0 0 0 0 0 0 0 0 0 0 0 0 0 0 0 0 0 0 0 0 0 0 0 0 0 0 0 0 0 0 0 0 0 0 0 0 0 0 0 0 0 0 0 0 0 0 0 0 0 0 0 0 0 0 0 0 0 0 0 0 0 0 0 0 0 0 0 0 0 0 0 0 0 0 0 0 0 0 0 0 0 0 0 0 0 0 0 0 0 0 0 0 0 0 0 0 0 0 0 0 0 0 0 0 0 0 0 0 0 0 0 0 0 0 0 0 0 0 0 0 0 0 0 0 0 0 0 0 0 0 0 0 0 0 0 0 0 0 0 0 0 0 0 0 0 0 0 0 0 0 0 0 0 0 0 0 0 0 0 0 0 0 0 0 0 0 0 0 0 0 0 0 0 0 0 0 0 0 0 0 0 0 0 0 0 0 0 0 0 0 0 0 0 0 0 0 0 0 0 0 0 0 0 0 0 0 0 0 0 0 0 0 0 0 0 0 0 0 0 0 0 0 0 0 0 0 0 0 0 0 0 0 0 0 0 0 0 0 0 0 0 0 0 0 0 0 0 0 0 0 0 0 0 0 0 0 0 0 0 0 0 0 0 0 0 0 0 0 0 0 0 0 0 0 0 0 0 0 0 0 0 0 0 0 0 0 0 0 0 0 0 0 0 0 0 0 0 0 0 0 0 0 0 0 0 0 0 0 0 0 0 0 0 0 0 0 0 0 0 0 0 0 0 0 0 0 0 0 0 0 0 0 0 0 0 0 0 0 0 0 0 0 0 0 0 0 0 0 0 0 0 0 0 0 0 0 0 0 0 0 0 0 0 0 0 0 0 0 0 0 0 0 0 0 0 0 0 0 0 0 0 0 0 0 0 0 0 0 0 0 0 0 0 0 0 0 0 0 0 0 0 0 0 0 0 0 0 0 0 0 0 0 0 0 0 0 0 0 0 0 0 0 0 0 0 0 0 0 0 0 0 0 0 0 0 0 0 0 0 0 0 0 0 0 0 0 0 0 0 0 0 0 0 0 0 0 0 0 0 0 0 0 0 0 0 0 0 0 0 0 0 0 0 0 0 0 0 0 0 0 0 0 0 0 0 0 0 0 0 0 0 0 0 0 0 0 0 0 0 0 0 0 0 0 0 0 0 0 0 0 0 0 0 0 0 0 0 0 0 0 0 0 0 0 0 0 0 0 0 0 0 0 0 0 0 0 0 0 0 0 0 0 0 0 0 0 0 0 0 0 0 0 0 0 0 0 0 0 0 0 0 0 0 0 0 0 0 0 0 0 0 0 0 0 0 0 0 0 0 0 0 0 0 0 0 0 0 0 0 0 0 0 0 0 0 0 0 0 0 0 0 0 0 0 0 0 0 0 0 0 0 0 0 0 0 0 0 0 0 0 0 0 0 0 0 0 0 0 0 0 0 0 0 0 0 0 0 0 0 0 0 0 0 0 0 0 0 0 0 0 0 0 0 0 0 0 0 0 0 0 0 0 0 0 0 0 0 0 0 0 0 0 0 0 0 0 0 0 0 0 0 0 0 0 0 0 0 0 0 0 0 0 0 0 0 0 0 0 0 0 0 0 0 0 0 0 0 0 0 0 0 0 0 0 0 0 0 0 0 0 0 0 0 0 0 0 0 0 0 0 0 0 0 0 0 0 0 0 0 0 0 0 0 0 0 0 0 0 0 0 0 0 0 0 0 0 0 0 0 0 0 0 0 0 0 0 0 0 0 0 0 0 0 0 0 0 0 0 0 0 0 0 0 0 0 0 0 0 0 0 0 0 0 0 0 0 0 0 0 0 0 0 0 0 0 0 0 0 0 0 0 0 0 0 0 0 0 0 0 0 0 0 0 0 0 0 0 0 0 0 0 0 0 0 0 0 0 0 0 0 0 0 0 0 0 0 0 0 0 0 0 0 0 0 0 0 0 0 0 0 0 0 0 0 0 0 0 0 0 0 0 0 0 0 0 0 0 0 0 0 0 0 0 0 0 0 0 0 0 0 0 0 0 0 0 0 0 0 0 0 0 0 0 0 0 0 0 0 0 0 0 0 0 0 0 0 0 0 0 0 0 0 0 0 0 0 0 0 0 0 0 0 0 0 0 0 0 0 0 0 0 0 0 0 0 0 0 0 0 0 0 0 0 0 0 0 0 0 0 0 0 0 0 0 0 0 0 0 0 0 0 0 0 0 0 0 0 0 0 0 0 0 0 0 0 0 0 0 0 0 0 0 0 0 0 0 0 0 0 0 0 0 0 0 0 0 0 0 0 0 0 0 0 0 0 0 0 0 0 0 0 0 0 0 0 0 0 0 0 0 0 0 0 0 0 0 0 0 0 0 0 0 0 0 0 0 0 0 0 0 0 0 0 0 0 0 0 0 0 0 0 0 0 0 0 0 0 0 0 0 0 0 0 0 0 0 0 0 0 0 0 0 0 0 0 0 0 0 0 0 0 0 0 0 0 0 0 0 0 0 0 0 0 0 0 0 0 0 0 0 0 0 0 0 0 0 0 0 0 0 0 0 0 0 0 0 0 0 0 0 0 0 0 0 0 0 0 0 0 0 0 0 0 0 0 0 0 0 0 0 0 0 0 0 0 0 0 0 0 0 0 0 0 0 0 0 0 0 0 0 0 0 0 0 0 0 0 0 0 0 0 0 0 0 0 0 0 0 0 0 0 0 0 0 0 0 0 0 0 0 0 0 0 0 0 0 0 0 0 0 0 0 0 0 0 0 0 0 0 0 0 0 0 0 0 0 0 0 0 0 0 0 0 0 0 0 0 0 0 0 0 0 0 0 0 0 0 0 0 0 0 0 0 0 0 0 0 0 0 0 0 0 0 0 0 0 0 0 0 0 0 0 0 0 0 0 0 0 0 0 0 0 0 0 0 0 0 0 0 0 0 0 0 0 0 0 0 0 0 0 0 0 0 0 0 0 0 0 0 0 0 0 0 0 0 0 0 0 0 0 0 0 0 0 0 0 0 0 0 0 0 0 0 0 0 0 0 0 0 0 0 0 0 0 0 0 0 0 0 0 0 0 0 0 0 0 0 0 0 0 0 0 0 0 0 0 0 0 0 0 0 0 0 0 0 0 0 0 0 0 0 0 0 0 0 0 0 0 0 0 0 0 0 0 0 0 0 0 0 0 0 0 0 0 0 0 0 0 0 0 0 0 0 0 0 0 0 0 0 0 0 0 0 0 0 0 0 0 0 0 0 0 0 0 0 0 0 0 0 0 0 0 0 0 0 0 0 0 0 0 0 0 0 0 0 0 0 0 0 0 0 0 0 0 0 0 0 0 0 0 0 0 0 0 0 0 0 0 0 0 0 0 0 0 0 0 0 0 0 0 0 0 0 0 0 0 0 0 0 0 0 0 0 0 0 0 0 0 0 0 0 0 0 0 0 0 0 0 0 0 0 0 0 0 0 0 0 0 0 0 0 0 0 0 0 0 0 0 0 0 0 0 0 0 0 0 0 0 0 0 0 0 0 0 0 0 0 0 0 0 0 0 0 0 0 0 0 0 0 0 0 0 0 0 0 0 0 0 0 0 0 0 0 0 0 0 0 0 0 0 0 0 0 0 0 0 0 0 0 0 0 0 0 0 0 0 0 0 0 0 0 0 0 0 0 0 0 0 0 0 0 0 0 0 0 0 0 0 0 0 0 0 0 0 0 0 0 0 0 0 0 0 0 0 0 0 0 0 0 0 0 0 0 0 0 0 0 0 0 0 0 0 0 0 0 0 0 0 0 0 0 0 0 0 0 0 0 0 0 0 0 0 0 0 0 0 0 0 0 0 0 0 0 0 0 0 0 0 0 0 0 0 0 0 0 0 0 0 0 0 0 0 0 0 0 0 0 0 0 0 0 0 0 0 0 0 0 0 0 0 0 0 0 0 0 0 0 0 0 0 0 0 0 0 0 0 0 0 0 0 0 0 0 0 0 0 0 0 0 0 0 0 0 0 0 0 0 0 0 0 0 0 0 0 0 0 0 0 0 0 0 0 0 0 0 0 0 0 0 0 0 0 0 0 0 0 0 0 0 0 0 0 0 0 0 0 0 0 0 0 0 0 0 0 0 0 0 0 0 0 0 0 0 0 0 0 0 0 0 0 0 0 0 0 0 0 0 0 0 0 0 0 0 0 0 0 0 0 0 0 0 0 0 0 0 0 0 0 0 0 0 0 0 0 0 0 0 0 0 0 0 0 0 0 0 0 0 0 0 0 0 0 0 0 0 0 0 0 0 0 0 0 0 0 0 0 0 0 0 0 0 0 0 0 0 0 0 0 0 0 0 0 0 0 0 0 0 0 0 0 0 0 0 0 0 0 0 0 0 0 0 0 0 0 0 0 0 0 0 0 0 0 0 0 0 0 0 0 0 0 0 0 0 0 0 0 0 0 0 0 0 0 0 0 0 0 0 0 0 0 0 0 0 0 0 0 0 0 0 0 0 0 0 0 0 0 0 0 0 0 0 0 0 0 0 0 0 0 0 0 0 0 0 0 0 0 0 0 0 0 0 0 0 0 0 0 0 0 0 0 0 0 0 0 0 0 0 0 0 0 0 0 0 0 0 0 0 0 0 0 0 0 0 0 0 0 0 0 0 0 0 0 0 0 0 0 0 0 0 0 0 0 0 0 0 0 0 0 0 0 0 0 0 0 0 0 0 0 0 0 0 0 0 0 0 0 0 0 0 0 0 0 0 0 0 0 0 0 0 0 0 0 0 0 0 0 0 0 0 0 0 0 0 0 0 0 0 0 0 0 0 0 0 0 0 0 0 0 0 0 0 0 0 0 0 0 0 0 0 0 0 0 0 0 0 0 0 0 0 0 0 0 0 0 0 0 0 0 0 0 0 0 0 0 0 0 0 0 0 0 0 0 0 0 0 0 0 0 0 0 0 0 0 0 0 0 0 0 0 0 0 0 0 0 0 0 0 0 0 0 0 0 0 0 0 0 0 0 0 0 0 0 0 0 0 0 0 0 0 0 0 0 0 0 0 0 0 0 0 0 0 0 0 0 0 0 0 0 0 0 0 0 0 0 0 0 0 0 0 0 0 0 0 0 0 0 0 0 0 0 0 0 0 0 0 0 0 0 0 0 0 0 0 0 0 0 0 0 0 0 0 0 0 0 0 0 0 0 0 0 0 0 0 0 0 0 0 0 0 0 0 0 0 0 0 0 0 0 0 0 0 0 0 0 0 0 0 0 0 0 0 0 0 0 0 0 0 0 0 0 0 0 0 0 0 0 0 0 0 0 0 0 0 0 0 0 0 0 0 0 0 0 0 0 0 0 0 0 0 0 0 0 0 0 0 0 0 0 0 0 0 0 0 0 0 0 0 0 0 0 0 0 0 0 0 0 0 0 0 0 0 0 0 0 0 0 0 0 0 0 0 0 0 0 0 0 0 0 0 0 0 0 0 0 0 0 0 0 0 0 0 0 0 0 0 0 0 0 0 0 0 0 0 0 0 0 0 0 0 0 0 0 0 0 0 0 0 0 0 0 0 0 0 0 0 0 0 0 0 0 0 0 0 0 0 0 0 0 0 0 0 0 0 0 0 0 0 0 0 0 0 0 0 0 0 0 0 0 0 0 0 0 0 0 0 0 0 0 0 0 0 0 0 0 0 0 0 0 0 0 0 0 0 0 0 0 0 0 0 0 0 0 0 0 0 0 0 0 0 0 0 0 0 0 0 0 0 0 0 0 0 0 0 0 0 0 0 0 0 0 0 0 0 0 0 0 0 0 0 0 0 0 0 0 0 0 0 0 0 0 0 0 0 0 0 0 0 0 0 0 0 0 0 0 0 0 0 0 0 0 0 0 0 0 0 0 0 0 0 0 0 0 0 0 0 0 0 0 0 0 0 0 0 0 0 0 0 0 0 0 0 0 0 0 0 0 0 0 0 0 0 0 0 0 0 0 0 0 0 0 0 0 0 0 0 0 0 0 0 0 0 0 0 0 0 0 0 0 0 0 0 0 0 0 0 0 0 0 0 0 0 0 0 0 0 0 0 0 0 0 0 0 0 0 0 0 0 0 0 0 0 0 0 0 0 0 0 0 0 0 0 0 0 0 0 0 0 0 0 0 0 0 0 0 0 0 0 0 0 0 0 0 0 0 0 0 0 0 0 0 0 0 0 0 0 0 0 0 0 0 0 0 0 0 0 0 0 0 0 0 0 0 0 0 0 0 0 0 0 0 0 0 0 0 0 0 0 0 0 0 0 0 0 0 0 0 0 0 0 0 0 0 0 0 0 0 0 0 0 0 0 0 0 0 0 0 0 0 0 0 0 0 0 0 0 0 0 0 0 0 0 0 0 0 0 0 0 0 0 0 0 0 0 0 0 0 0 0 0 0 0 0 0 0 0 0 0 0 0 0 0 0 0 0 0 0 0 0 0 0 0 0 0 0 0 0 0 0 0 0 0 0 0 0 0 0 0 0 0 0 0 0 0 0 0 0 0 0 0 0 0 0 0 0 0 0 0 0 0 0 0 0 0 0 0 0 0 0 0 0 0 0 0 0 0 0 0 0 0 0 0 0 0 0 0 0 0 0 0 0 0 0 0 0 0 0 0 0 0 0 0 0 0 0 0 0 0 0 0 0 0 0 0 0 0 0 0 0 0 0 0 0 0 0 0 0 0 0 0 0 0 0 0 0 0 0 0 0 0 0 0 0 0 0 0 0 0 0 0 0 0 0 0 0 0 0 0 0 0 0 0 0 0 0 0 0 0 0 0 0 0 0 0 0 0 0 0 0 0 0 0 0 0 0 0 0 0 0 0 0 0 0 0 0 0 0 0 0 0 0 0 0 0 0 0 0 0 0 0 0 0 0 0 0 0 0 0 0 0 0 0 0 0 0 0 0 0 0 0 0 0 0 0 0 0 0 0 0 0 0 0 0 0 0 0 0 0 0 0 0 0 0 0 0 0 0 0 0 0 0 0 0 0 0 0 0 0 0 0 0 0 0 0 0 0 0 0 0 0 0 0 0 0 0 0 0 0 0 0 0 0 0 0 0 0 0 0 0 0 0 0 0 0 0 0 0 0 0 0 0 0 0 0 0 0 0 0 0 0 0 0 0 0 0 0 0 0 0 0 0 0 0 0 0 0 0 0 0 0 0 0 0 0 0 0 0 0 0 0 0 0 0 0 0 0 0 0 0 0 0 0 0 0 0 0 0 0 0 0 0 0 0 0 0 0 0 0 0 0 0 0 0 0 0 0 0 0 0 0 0 0 0 0 0 0 0 0 0 0 0 0 0 0 0 0 0 0 0 0 0 0 0 0 0 0 0 0 0 0 0 0 0 0 0 0 0 0 0 0 0 0 0 0 0 0 0 0 0 0 0 0 0 0 0 0 0 0 0 0 0 0 0 0 0 0 0 0 0 0 0 0 0 0 0 0 0 0 0 0 0 0 0 0 0 0 0 0 0 0 0 0 0 0 0 0 0 0 0 0 0 0 0 0 0 0 0 0 0 0 0 0 0 0 0 0 0 0 0 0 0 0 0 0 0 0 0 0 0 0 0 0 0 0 0 0 0 0 0 0 0 0 0 0 0 0 0 0 0 0 0 0 0 0 0 0 0 0 0 0 0 0 0 0 0 0 0 0 0 0 0 0 0 0 0 0 0 0 0 0 0 0 0 0 0 0 0 0 0 0 0 0 0 0 0 0 0 0 0 0 0 0 0 0 0 0 0 0 0 0 0 0 0 0 0 0 0 0 0 0 0 0 0 0 0 0 0 0 0 0 0 0 0 0 0 0 0 0 0 0 0 0 0 0 0 0 0 0 0 0 0 0 0 0 0 0 0 0 0 0 0 0 0 0 0 0 0 0 0 0 0 0 0 0 0 0 0 0 0 0 0 0 0 0 0 0 0 0 0 0 0 0 0 0 0 0 0 0 0 0 0 0 0 0 0 0 0 0 0 0 0 0 0 0 0 0 0 0 0 0 0 0 0 0 0 0 0 0 0 0 0 0 0 0 0 0 0 0 0 0 0 0 0 0 0 0 0 0 0 0 0 0 0 0 0 0 0 0 0 0 0 0 0 0 0 0 0 0 0 0 0 0 0 0 0 0 0 0 0 0 0 0 0 0 0 0 0 0 0 0 0 0 0 0 0 0 0 0 0 0 0 0 0 0 0 0 0 0 0 0 0 0 0 0 0 0 0 0 0 0 0 0 0 0 0 0 0 0 0 0 0 0 0 0 0 0 0 0 0 0 0 0 0 0 0 0 0 0 0 0 0 0 0 0 0 0 0 0 0 0 0 0 0 0 0 0 0 0 0 0 0 0 0 0 0 0 0 0 0 0 0 0 0 0 0 0 0 0 0 0 0 0 0 0 0 0 0 0 0 0 0 0 0 0 0 0 0 0 0 0 0 0 0 0 0 0 0 0 0 0 0 0 0 0 0 0 0 0 0 0 0 0 0 0 0 0 0 0 0 0 0 0 0 0 0 0 0 0 0 0 0 0 0 0 0 0 0 0 0 0 0 0 0 0 0 0 0 0 0 0 0 0 0 0 0 0 0 0 0 0 0 0 0 0 0 0 0 0 0 0 0 0 0 0 0 0 0 0 0 0 0 0 0 0 0 0 0 0 0 0 0 0 0 0 0 0 0 0 0 0 0 0 0 0 0 0 0 0 0 0 0 0 0 0 0 0 0 0 0 0 0 0 0 0 0 0 0 0 0 0 0 0 0 0 0 0 0 0 0 0 0 0 0 0 0 0 0 0 0 0 0 0 0 0 0 0 0 0 0 0 0 0 0 0 0 0 0 0 0 0 0 0 0 0 0 0 0 0 0 0 0 0 0 0 0 0 0 0 0 0 0 0 0 0 0 0 0 0 0 0 0 0 0 0 0 0 0 0 0 0 0 0 0 0 0 0 0 0 0 0 0 0 0 0 0 0 0 0 0 0 0 0 0 0 0 0 0 0 0 0 0 0 0 0 0 0 0 0 0 0 0 0 0 0 0 0 0 0 0 0 0 0 0 0 0 0 0 0 0 0 0 0 0 0 0 0 0 0 0 0 0 0 0 0 0 0 0 0 0 0 0 0 0 0 0 0 0 0 0 0 0 0 0 0 0 0 0 0 0 0 0 0 0 0 0 0 0 0 0 0 0 0 0 0 0 0 0 0 0 0 0 0 0 0 0 0 0 0 0 0 0 0 0 0 0 0 0 0 0 0 0 0 0 0 0 0 0 0 0 0 0 0 0 0 0 0 0 0 0 0 0 0 0 0 0 0 0 0 0 0 0 0 0 0 0 0 0 0 0 0 0 0 0 0 0 0 0 0 0 0 0 0 0 0 0 0</v>
                </vertex_weights>
            </skin>
        </controller>
        <controller id="base_s_0-controller" name="base_s_0">
            <skin source="#base_s_0-geometry">
                <bind_shape_matrix>1 0 0 0 0 1 0 0 0 0 1 0 0 0 0 1</bind_shape_matrix>
                <source id="base_s_0-joints">
                    <Name_array id="base_s_0-joints-array" count="1">base_s</Name_array>
                    <technique_common>
                        <accessor count="1" offset="0" source="#base_s_0-joints-array" stride="1">
                            <param name="JOINT" type="Name" />
                        </accessor>
                    </technique_common>
                </source>
                <source id="base_s_0-matrices">
                    <float_array id="base_s_0-matrices-array" count="16">1.000001 1E-06 1E-06 1E-06 1E-06 1.000001 1E-06 1E-06 1E-06 1E-06 1.000001 1E-06 1E-06 1E-06 1E-06 1.000001</float_array>
                    <technique_common>
                        <accessor count="1" offset="0" source="#base_s_0-matrices-array" stride="16">
                            <param name="TRANSFORM" type="float4x4" />
                        </accessor>
                    </technique_common>
                </source>
                <source id="base_s_0-weights">
                    <float_array id="base_s_0-weights-array" count="1">1</float_array>
                    <technique_common>
                        <accessor count="1" offset="0" source="#base_s_0-weights-array" stride="1">
                            <param name="WEIGHT" type="float" />
                        </accessor>
                    </technique_common>
                </source>
                <joints>
                    <input semantic="JOINT" source="#base_s_0-joints" />
                    <input semantic="INV_BIND_MATRIX" source="#base_s_0-matrices" />
                </joints>
                <vertex_weights count="216">
                    <input semantic="JOINT" source="#base_s_0-joints" offset="0" set="0" />
                    <input semantic="WEIGHT" source="#base_s_0-weights" offset="1" set="0" />
                    <vcount>1 1 1 1 1 1 1 1 1 1 1 1 1 1 1 1 1 1 1 1 1 1 1 1 1 1 1 1 1 1 1 1 1 1 1 1 1 1 1 1 1 1 1 1 1 1 1 1 1 1 1 1 1 1 1 1 1 1 1 1 1 1 1 1 1 1 1 1 1 1 1 1 1 1 1 1 1 1 1 1 1 1 1 1 1 1 1 1 1 1 1 1 1 1 1 1 1 1 1 1 1 1 1 1 1 1 1 1 1 1 1 1 1 1 1 1 1 1 1 1 1 1 1 1 1 1 1 1 1 1 1 1 1 1 1 1 1 1 1 1 1 1 1 1 1 1 1 1 1 1 1 1 1 1 1 1 1 1 1 1 1 1 1 1 1 1 1 1 1 1 1 1 1 1 1 1 1 1 1 1 1 1 1 1 1 1 1 1 1 1 1 1 1 1 1 1 1 1 1 1 1 1 1 1 1 1 1 1 1 1 1 1 1 1 1 1</vcount>
                    <v>0 0 0 0 0 0 0 0 0 0 0 0 0 0 0 0 0 0 0 0 0 0 0 0 0 0 0 0 0 0 0 0 0 0 0 0 0 0 0 0 0 0 0 0 0 0 0 0 0 0 0 0 0 0 0 0 0 0 0 0 0 0 0 0 0 0 0 0 0 0 0 0 0 0 0 0 0 0 0 0 0 0 0 0 0 0 0 0 0 0 0 0 0 0 0 0 0 0 0 0 0 0 0 0 0 0 0 0 0 0 0 0 0 0 0 0 0 0 0 0 0 0 0 0 0 0 0 0 0 0 0 0 0 0 0 0 0 0 0 0 0 0 0 0 0 0 0 0 0 0 0 0 0 0 0 0 0 0 0 0 0 0 0 0 0 0 0 0 0 0 0 0 0 0 0 0 0 0 0 0 0 0 0 0 0 0 0 0 0 0 0 0 0 0 0 0 0 0 0 0 0 0 0 0 0 0 0 0 0 0 0 0 0 0 0 0 0 0 0 0 0 0 0 0 0 0 0 0 0 0 0 0 0 0 0 0 0 0 0 0 0 0 0 0 0 0 0 0 0 0 0 0 0 0 0 0 0 0 0 0 0 0 0 0 0 0 0 0 0 0 0 0 0 0 0 0 0 0 0 0 0 0 0 0 0 0 0 0 0 0 0 0 0 0 0 0 0 0 0 0 0 0 0 0 0 0 0 0 0 0 0 0 0 0 0 0 0 0 0 0 0 0 0 0 0 0 0 0 0 0 0 0 0 0 0 0 0 0 0 0 0 0 0 0 0 0 0 0 0 0 0 0 0 0 0 0 0 0 0 0 0 0 0 0 0 0 0 0 0 0 0 0 0 0 0 0 0 0 0 0 0 0 0 0 0 0 0 0 0 0 0 0 0 0 0 0 0 0 0 0 0 0 0 0 0 0 0 0 0 0 0 0 0 0 0 0 0 0 0 0 0 0 0 0 0 0 0 0 0 0 0 0</v>
                </vertex_weights>
            </skin>
        </controller>
        <controller id="base_q_0-controller" name="base_q_0">
            <skin source="#base_q_0-geometry">
                <bind_shape_matrix>1 0 0 0 0 1 0 0 0 0 1 0 0 0 0 1</bind_shape_matrix>
                <source id="base_q_0-joints">
                    <Name_array id="base_q_0-joints-array" count="1">base_q</Name_array>
                    <technique_common>
                        <accessor count="1" offset="0" source="#base_q_0-joints-array" stride="1">
                            <param name="JOINT" type="Name" />
                        </accessor>
                    </technique_common>
                </source>
                <source id="base_q_0-matrices">
                    <float_array id="base_q_0-matrices-array" count="16">1.000001 1E-06 1E-06 1E-06 1E-06 1.000001 1E-06 1E-06 1E-06 1E-06 1.000001 1E-06 1E-06 1E-06 1E-06 1.000001</float_array>
                    <technique_common>
                        <accessor count="1" offset="0" source="#base_q_0-matrices-array" stride="16">
                            <param name="TRANSFORM" type="float4x4" />
                        </accessor>
                    </technique_common>
                </source>
                <source id="base_q_0-weights">
                    <float_array id="base_q_0-weights-array" count="1">1</float_array>
                    <technique_common>
                        <accessor count="1" offset="0" source="#base_q_0-weights-array" stride="1">
                            <param name="WEIGHT" type="float" />
                        </accessor>
                    </technique_common>
                </source>
                <joints>
                    <input semantic="JOINT" source="#base_q_0-joints" />
                    <input semantic="INV_BIND_MATRIX" source="#base_q_0-matrices" />
                </joints>
                <vertex_weights count="90">
                    <input semantic="JOINT" source="#base_q_0-joints" offset="0" set="0" />
                    <input semantic="WEIGHT" source="#base_q_0-weights" offset="1" set="0" />
                    <vcount>1 1 1 1 1 1 1 1 1 1 1 1 1 1 1 1 1 1 1 1 1 1 1 1 1 1 1 1 1 1 1 1 1 1 1 1 1 1 1 1 1 1 1 1 1 1 1 1 1 1 1 1 1 1 1 1 1 1 1 1 1 1 1 1 1 1 1 1 1 1 1 1 1 1 1 1 1 1 1 1 1 1 1 1 1 1 1 1 1 1</vcount>
                    <v>0 0 0 0 0 0 0 0 0 0 0 0 0 0 0 0 0 0 0 0 0 0 0 0 0 0 0 0 0 0 0 0 0 0 0 0 0 0 0 0 0 0 0 0 0 0 0 0 0 0 0 0 0 0 0 0 0 0 0 0 0 0 0 0 0 0 0 0 0 0 0 0 0 0 0 0 0 0 0 0 0 0 0 0 0 0 0 0 0 0 0 0 0 0 0 0 0 0 0 0 0 0 0 0 0 0 0 0 0 0 0 0 0 0 0 0 0 0 0 0 0 0 0 0 0 0 0 0 0 0 0 0 0 0 0 0 0 0 0 0 0 0 0 0 0 0 0 0 0 0 0 0 0 0 0 0 0 0 0 0 0 0 0 0 0 0 0 0 0 0 0 0 0 0 0 0 0 0 0 0</v>
                </vertex_weights>
            </skin>
        </controller>
        <controller id="base_q_1-controller" name="base_q_1">
            <skin source="#base_q_1-geometry">
                <bind_shape_matrix>1 0 0 0 0 1 0 0 0 0 1 0 0 0 0 1</bind_shape_matrix>
                <source id="base_q_1-joints">
                    <Name_array id="base_q_1-joints-array" count="1">base_q</Name_array>
                    <technique_common>
                        <accessor count="1" offset="0" source="#base_q_1-joints-array" stride="1">
                            <param name="JOINT" type="Name" />
                        </accessor>
                    </technique_common>
                </source>
                <source id="base_q_1-matrices">
                    <float_array id="base_q_1-matrices-array" count="16">1.000001 1E-06 1E-06 1E-06 1E-06 1.000001 1E-06 1E-06 1E-06 1E-06 1.000001 1E-06 1E-06 1E-06 1E-06 1.000001</float_array>
                    <technique_common>
                        <accessor count="1" offset="0" source="#base_q_1-matrices-array" stride="16">
                            <param name="TRANSFORM" type="float4x4" />
                        </accessor>
                    </technique_common>
                </source>
                <source id="base_q_1-weights">
                    <float_array id="base_q_1-weights-array" count="1">1</float_array>
                    <technique_common>
                        <accessor count="1" offset="0" source="#base_q_1-weights-array" stride="1">
                            <param name="WEIGHT" type="float" />
                        </accessor>
                    </technique_common>
                </source>
                <joints>
                    <input semantic="JOINT" source="#base_q_1-joints" />
                    <input semantic="INV_BIND_MATRIX" source="#base_q_1-matrices" />
                </joints>
                <vertex_weights count="192">
                    <input semantic="JOINT" source="#base_q_1-joints" offset="0" set="0" />
                    <input semantic="WEIGHT" source="#base_q_1-weights" offset="1" set="0" />
                    <vcount>1 1 1 1 1 1 1 1 1 1 1 1 1 1 1 1 1 1 1 1 1 1 1 1 1 1 1 1 1 1 1 1 1 1 1 1 1 1 1 1 1 1 1 1 1 1 1 1 1 1 1 1 1 1 1 1 1 1 1 1 1 1 1 1 1 1 1 1 1 1 1 1 1 1 1 1 1 1 1 1 1 1 1 1 1 1 1 1 1 1 1 1 1 1 1 1 1 1 1 1 1 1 1 1 1 1 1 1 1 1 1 1 1 1 1 1 1 1 1 1 1 1 1 1 1 1 1 1 1 1 1 1 1 1 1 1 1 1 1 1 1 1 1 1 1 1 1 1 1 1 1 1 1 1 1 1 1 1 1 1 1 1 1 1 1 1 1 1 1 1 1 1 1 1 1 1 1 1 1 1 1 1 1 1 1 1 1 1 1 1 1 1</vcount>
                    <v>0 0 0 0 0 0 0 0 0 0 0 0 0 0 0 0 0 0 0 0 0 0 0 0 0 0 0 0 0 0 0 0 0 0 0 0 0 0 0 0 0 0 0 0 0 0 0 0 0 0 0 0 0 0 0 0 0 0 0 0 0 0 0 0 0 0 0 0 0 0 0 0 0 0 0 0 0 0 0 0 0 0 0 0 0 0 0 0 0 0 0 0 0 0 0 0 0 0 0 0 0 0 0 0 0 0 0 0 0 0 0 0 0 0 0 0 0 0 0 0 0 0 0 0 0 0 0 0 0 0 0 0 0 0 0 0 0 0 0 0 0 0 0 0 0 0 0 0 0 0 0 0 0 0 0 0 0 0 0 0 0 0 0 0 0 0 0 0 0 0 0 0 0 0 0 0 0 0 0 0 0 0 0 0 0 0 0 0 0 0 0 0 0 0 0 0 0 0 0 0 0 0 0 0 0 0 0 0 0 0 0 0 0 0 0 0 0 0 0 0 0 0 0 0 0 0 0 0 0 0 0 0 0 0 0 0 0 0 0 0 0 0 0 0 0 0 0 0 0 0 0 0 0 0 0 0 0 0 0 0 0 0 0 0 0 0 0 0 0 0 0 0 0 0 0 0 0 0 0 0 0 0 0 0 0 0 0 0 0 0 0 0 0 0 0 0 0 0 0 0 0 0 0 0 0 0 0 0 0 0 0 0 0 0 0 0 0 0 0 0 0 0 0 0 0 0 0 0 0 0 0 0 0 0 0 0 0 0 0 0 0 0 0 0 0 0 0 0 0 0 0 0 0 0 0 0 0 0 0 0 0 0 0 0 0 0 0 0 0 0 0 0 0 0 0 0 0 0 0 0 0 0 0 0</v>
                </vertex_weights>
            </skin>
        </controller>
        <controller id="base_s_0_UV1-controller" name="base_s_0_UV1">
            <skin source="#base_s_0_UV1-geometry">
                <bind_shape_matrix>1 0 0 0 0 1 0 0 0 0 1 0 0 0 0 1</bind_shape_matrix>
                <source id="base_s_0_UV1-joints">
                    <Name_array id="base_s_0_UV1-joints-array" count="1">base_s</Name_array>
                    <technique_common>
                        <accessor count="1" offset="0" source="#base_s_0_UV1-joints-array" stride="1">
                            <param name="JOINT" type="Name" />
                        </accessor>
                    </technique_common>
                </source>
                <source id="base_s_0_UV1-matrices">
                    <float_array id="base_s_0_UV1-matrices-array" count="16">1.000001 1E-06 1E-06 1E-06 1E-06 1.000001 1E-06 1E-06 1E-06 1E-06 1.000001 1E-06 1E-06 1E-06 1E-06 1.000001</float_array>
                    <technique_common>
                        <accessor count="1" offset="0" source="#base_s_0_UV1-matrices-array" stride="16">
                            <param name="TRANSFORM" type="float4x4" />
                        </accessor>
                    </technique_common>
                </source>
                <source id="base_s_0_UV1-weights">
                    <float_array id="base_s_0_UV1-weights-array" count="1">1</float_array>
                    <technique_common>
                        <accessor count="1" offset="0" source="#base_s_0_UV1-weights-array" stride="1">
                            <param name="WEIGHT" type="float" />
                        </accessor>
                    </technique_common>
                </source>
                <joints>
                    <input semantic="JOINT" source="#base_s_0_UV1-joints" />
                    <input semantic="INV_BIND_MATRIX" source="#base_s_0_UV1-matrices" />
                </joints>
                <vertex_weights count="216">
                    <input semantic="JOINT" source="#base_s_0_UV1-joints" offset="0" set="0" />
                    <input semantic="WEIGHT" source="#base_s_0_UV1-weights" offset="1" set="0" />
                    <vcount>1 1 1 1 1 1 1 1 1 1 1 1 1 1 1 1 1 1 1 1 1 1 1 1 1 1 1 1 1 1 1 1 1 1 1 1 1 1 1 1 1 1 1 1 1 1 1 1 1 1 1 1 1 1 1 1 1 1 1 1 1 1 1 1 1 1 1 1 1 1 1 1 1 1 1 1 1 1 1 1 1 1 1 1 1 1 1 1 1 1 1 1 1 1 1 1 1 1 1 1 1 1 1 1 1 1 1 1 1 1 1 1 1 1 1 1 1 1 1 1 1 1 1 1 1 1 1 1 1 1 1 1 1 1 1 1 1 1 1 1 1 1 1 1 1 1 1 1 1 1 1 1 1 1 1 1 1 1 1 1 1 1 1 1 1 1 1 1 1 1 1 1 1 1 1 1 1 1 1 1 1 1 1 1 1 1 1 1 1 1 1 1 1 1 1 1 1 1 1 1 1 1 1 1 1 1 1 1 1 1 1 1 1 1 1 1</vcount>
                    <v>0 0 0 0 0 0 0 0 0 0 0 0 0 0 0 0 0 0 0 0 0 0 0 0 0 0 0 0 0 0 0 0 0 0 0 0 0 0 0 0 0 0 0 0 0 0 0 0 0 0 0 0 0 0 0 0 0 0 0 0 0 0 0 0 0 0 0 0 0 0 0 0 0 0 0 0 0 0 0 0 0 0 0 0 0 0 0 0 0 0 0 0 0 0 0 0 0 0 0 0 0 0 0 0 0 0 0 0 0 0 0 0 0 0 0 0 0 0 0 0 0 0 0 0 0 0 0 0 0 0 0 0 0 0 0 0 0 0 0 0 0 0 0 0 0 0 0 0 0 0 0 0 0 0 0 0 0 0 0 0 0 0 0 0 0 0 0 0 0 0 0 0 0 0 0 0 0 0 0 0 0 0 0 0 0 0 0 0 0 0 0 0 0 0 0 0 0 0 0 0 0 0 0 0 0 0 0 0 0 0 0 0 0 0 0 0 0 0 0 0 0 0 0 0 0 0 0 0 0 0 0 0 0 0 0 0 0 0 0 0 0 0 0 0 0 0 0 0 0 0 0 0 0 0 0 0 0 0 0 0 0 0 0 0 0 0 0 0 0 0 0 0 0 0 0 0 0 0 0 0 0 0 0 0 0 0 0 0 0 0 0 0 0 0 0 0 0 0 0 0 0 0 0 0 0 0 0 0 0 0 0 0 0 0 0 0 0 0 0 0 0 0 0 0 0 0 0 0 0 0 0 0 0 0 0 0 0 0 0 0 0 0 0 0 0 0 0 0 0 0 0 0 0 0 0 0 0 0 0 0 0 0 0 0 0 0 0 0 0 0 0 0 0 0 0 0 0 0 0 0 0 0 0 0 0 0 0 0 0 0 0 0 0 0 0 0 0 0 0 0 0 0 0 0 0 0 0 0 0 0 0 0 0 0 0 0 0 0 0 0 0 0 0 0 0 0 0 0 0 0 0 0</v>
                </vertex_weights>
            </skin>
        </controller>
        <controller id="base_q_0_UV1-controller" name="base_q_0_UV1">
            <skin source="#base_q_0_UV1-geometry">
                <bind_shape_matrix>1 0 0 0 0 1 0 0 0 0 1 0 0 0 0 1</bind_shape_matrix>
                <source id="base_q_0_UV1-joints">
                    <Name_array id="base_q_0_UV1-joints-array" count="1">base_q</Name_array>
                    <technique_common>
                        <accessor count="1" offset="0" source="#base_q_0_UV1-joints-array" stride="1">
                            <param name="JOINT" type="Name" />
                        </accessor>
                    </technique_common>
                </source>
                <source id="base_q_0_UV1-matrices">
                    <float_array id="base_q_0_UV1-matrices-array" count="16">1.000001 1E-06 1E-06 1E-06 1E-06 1.000001 1E-06 1E-06 1E-06 1E-06 1.000001 1E-06 1E-06 1E-06 1E-06 1.000001</float_array>
                    <technique_common>
                        <accessor count="1" offset="0" source="#base_q_0_UV1-matrices-array" stride="16">
                            <param name="TRANSFORM" type="float4x4" />
                        </accessor>
                    </technique_common>
                </source>
                <source id="base_q_0_UV1-weights">
                    <float_array id="base_q_0_UV1-weights-array" count="1">1</float_array>
                    <technique_common>
                        <accessor count="1" offset="0" source="#base_q_0_UV1-weights-array" stride="1">
                            <param name="WEIGHT" type="float" />
                        </accessor>
                    </technique_common>
                </source>
                <joints>
                    <input semantic="JOINT" source="#base_q_0_UV1-joints" />
                    <input semantic="INV_BIND_MATRIX" source="#base_q_0_UV1-matrices" />
                </joints>
                <vertex_weights count="90">
                    <input semantic="JOINT" source="#base_q_0_UV1-joints" offset="0" set="0" />
                    <input semantic="WEIGHT" source="#base_q_0_UV1-weights" offset="1" set="0" />
                    <vcount>1 1 1 1 1 1 1 1 1 1 1 1 1 1 1 1 1 1 1 1 1 1 1 1 1 1 1 1 1 1 1 1 1 1 1 1 1 1 1 1 1 1 1 1 1 1 1 1 1 1 1 1 1 1 1 1 1 1 1 1 1 1 1 1 1 1 1 1 1 1 1 1 1 1 1 1 1 1 1 1 1 1 1 1 1 1 1 1 1 1</vcount>
                    <v>0 0 0 0 0 0 0 0 0 0 0 0 0 0 0 0 0 0 0 0 0 0 0 0 0 0 0 0 0 0 0 0 0 0 0 0 0 0 0 0 0 0 0 0 0 0 0 0 0 0 0 0 0 0 0 0 0 0 0 0 0 0 0 0 0 0 0 0 0 0 0 0 0 0 0 0 0 0 0 0 0 0 0 0 0 0 0 0 0 0 0 0 0 0 0 0 0 0 0 0 0 0 0 0 0 0 0 0 0 0 0 0 0 0 0 0 0 0 0 0 0 0 0 0 0 0 0 0 0 0 0 0 0 0 0 0 0 0 0 0 0 0 0 0 0 0 0 0 0 0 0 0 0 0 0 0 0 0 0 0 0 0 0 0 0 0 0 0 0 0 0 0 0 0 0 0 0 0 0 0</v>
                </vertex_weights>
            </skin>
        </controller>
        <controller id="base_q_1_UV1-controller" name="base_q_1_UV1">
            <skin source="#base_q_1_UV1-geometry">
                <bind_shape_matrix>1 0 0 0 0 1 0 0 0 0 1 0 0 0 0 1</bind_shape_matrix>
                <source id="base_q_1_UV1-joints">
                    <Name_array id="base_q_1_UV1-joints-array" count="1">base_q</Name_array>
                    <technique_common>
                        <accessor count="1" offset="0" source="#base_q_1_UV1-joints-array" stride="1">
                            <param name="JOINT" type="Name" />
                        </accessor>
                    </technique_common>
                </source>
                <source id="base_q_1_UV1-matrices">
                    <float_array id="base_q_1_UV1-matrices-array" count="16">1.000001 1E-06 1E-06 1E-06 1E-06 1.000001 1E-06 1E-06 1E-06 1E-06 1.000001 1E-06 1E-06 1E-06 1E-06 1.000001</float_array>
                    <technique_common>
                        <accessor count="1" offset="0" source="#base_q_1_UV1-matrices-array" stride="16">
                            <param name="TRANSFORM" type="float4x4" />
                        </accessor>
                    </technique_common>
                </source>
                <source id="base_q_1_UV1-weights">
                    <float_array id="base_q_1_UV1-weights-array" count="1">1</float_array>
                    <technique_common>
                        <accessor count="1" offset="0" source="#base_q_1_UV1-weights-array" stride="1">
                            <param name="WEIGHT" type="float" />
                        </accessor>
                    </technique_common>
                </source>
                <joints>
                    <input semantic="JOINT" source="#base_q_1_UV1-joints" />
                    <input semantic="INV_BIND_MATRIX" source="#base_q_1_UV1-matrices" />
                </joints>
                <vertex_weights count="192">
                    <input semantic="JOINT" source="#base_q_1_UV1-joints" offset="0" set="0" />
                    <input semantic="WEIGHT" source="#base_q_1_UV1-weights" offset="1" set="0" />
                    <vcount>1 1 1 1 1 1 1 1 1 1 1 1 1 1 1 1 1 1 1 1 1 1 1 1 1 1 1 1 1 1 1 1 1 1 1 1 1 1 1 1 1 1 1 1 1 1 1 1 1 1 1 1 1 1 1 1 1 1 1 1 1 1 1 1 1 1 1 1 1 1 1 1 1 1 1 1 1 1 1 1 1 1 1 1 1 1 1 1 1 1 1 1 1 1 1 1 1 1 1 1 1 1 1 1 1 1 1 1 1 1 1 1 1 1 1 1 1 1 1 1 1 1 1 1 1 1 1 1 1 1 1 1 1 1 1 1 1 1 1 1 1 1 1 1 1 1 1 1 1 1 1 1 1 1 1 1 1 1 1 1 1 1 1 1 1 1 1 1 1 1 1 1 1 1 1 1 1 1 1 1 1 1 1 1 1 1 1 1 1 1 1 1</vcount>
                    <v>0 0 0 0 0 0 0 0 0 0 0 0 0 0 0 0 0 0 0 0 0 0 0 0 0 0 0 0 0 0 0 0 0 0 0 0 0 0 0 0 0 0 0 0 0 0 0 0 0 0 0 0 0 0 0 0 0 0 0 0 0 0 0 0 0 0 0 0 0 0 0 0 0 0 0 0 0 0 0 0 0 0 0 0 0 0 0 0 0 0 0 0 0 0 0 0 0 0 0 0 0 0 0 0 0 0 0 0 0 0 0 0 0 0 0 0 0 0 0 0 0 0 0 0 0 0 0 0 0 0 0 0 0 0 0 0 0 0 0 0 0 0 0 0 0 0 0 0 0 0 0 0 0 0 0 0 0 0 0 0 0 0 0 0 0 0 0 0 0 0 0 0 0 0 0 0 0 0 0 0 0 0 0 0 0 0 0 0 0 0 0 0 0 0 0 0 0 0 0 0 0 0 0 0 0 0 0 0 0 0 0 0 0 0 0 0 0 0 0 0 0 0 0 0 0 0 0 0 0 0 0 0 0 0 0 0 0 0 0 0 0 0 0 0 0 0 0 0 0 0 0 0 0 0 0 0 0 0 0 0 0 0 0 0 0 0 0 0 0 0 0 0 0 0 0 0 0 0 0 0 0 0 0 0 0 0 0 0 0 0 0 0 0 0 0 0 0 0 0 0 0 0 0 0 0 0 0 0 0 0 0 0 0 0 0 0 0 0 0 0 0 0 0 0 0 0 0 0 0 0 0 0 0 0 0 0 0 0 0 0 0 0 0 0 0 0 0 0 0 0 0 0 0 0 0 0 0 0 0 0 0 0 0 0 0 0 0 0 0 0 0 0 0 0 0 0 0 0 0 0 0 0 0 0</v>
                </vertex_weights>
            </skin>
        </controller>
    </library_controllers>
    <library_visual_scenes>
        <visual_scene id="Scene" name="Scene">
            <node id="buil" sid="buil" name="buil" type="JOINT">
                <matrix sid="transform">1 0 0 0 0 1 0 0 0 0 1 0 0 0 0 1</matrix>
                <node id="buill_maru" sid="buill_maru" name="buill_maru" type="JOINT">
                    <matrix sid="transform">1 0 0 0 0 1 0 0 0 0 1 0 0 0 0 1</matrix>
                </node>
                <node id="base_s" sid="base_s" name="base_s" type="JOINT">
                    <matrix sid="transform">1 0 0 0 0 1 0 0 0 0 1 0 0 0 0 1</matrix>
                </node>
                <node id="base_q" sid="base_q" name="base_q" type="JOINT">
                    <matrix sid="transform">1 0 0 0 0 1 0 0 0 0 1 0 0 0 0 1</matrix>
                </node>
            </node>
            <node id="buill_maru_0" sid="buill_maru_0" name="buill_maru_0">
                <instance_controller url="#buill_maru_0-controller">
                    <skeleton>#buil</skeleton>
                    <bind_material>
                        <technique_common>
                            <instance_material target="#light_s1" symbol="light_s1" />
                        </technique_common>
                    </bind_material>
                </instance_controller>
            </node>
            <node id="base_s_0" sid="base_s_0" name="base_s_0">
                <instance_controller url="#base_s_0-controller">
                    <skeleton>#buil</skeleton>
                    <bind_material>
                        <technique_common>
                            <instance_material target="#su_s" symbol="su_s" />
                        </technique_common>
                    </bind_material>
                </instance_controller>
            </node>
            <node id="base_q_0" sid="base_q_0" name="base_q_0">
                <instance_controller url="#base_q_0-controller">
                    <skeleton>#buil</skeleton>
                    <bind_material>
                        <technique_common>
                            <instance_material target="#th_s9" symbol="th_s9" />
                        </technique_common>
                    </bind_material>
                </instance_controller>
            </node>
            <node id="base_q_1" sid="base_q_1" name="base_q_1">
                <instance_controller url="#base_q_1-controller">
                    <skeleton>#buil</skeleton>
                    <bind_material>
                        <technique_common>
                            <instance_material target="#th_s50" symbol="th_s50" />
                        </technique_common>
                    </bind_material>
                </instance_controller>
            </node>
            <node id="base_s_0_UV1" sid="base_s_0_UV1" name="base_s_0_UV1">
                <instance_controller url="#base_s_0_UV1-controller">
                    <skeleton>#buil</skeleton>
                    <bind_material>
                        <technique_common>
                            <instance_material target="#su_s" symbol="su_s" />
                        </technique_common>
                    </bind_material>
                </instance_controller>
            </node>
            <node id="base_q_0_UV1" sid="base_q_0_UV1" name="base_q_0_UV1">
                <instance_controller url="#base_q_0_UV1-controller">
                    <skeleton>#buil</skeleton>
                    <bind_material>
                        <technique_common>
                            <instance_material target="#th_s9_1" symbol="th_s9_1" />
                        </technique_common>
                    </bind_material>
                </instance_controller>
            </node>
            <node id="base_q_1_UV1" sid="base_q_1_UV1" name="base_q_1_UV1">
                <instance_controller url="#base_q_1_UV1-controller">
                    <skeleton>#buil</skeleton>
                    <bind_material>
                        <technique_common>
                            <instance_material target="#th_s50" symbol="th_s50" />
                        </technique_common>
                    </bind_material>
                </instance_controller>
            </node>
        </visual_scene>
    </library_visual_scenes>
    <scene>
        <instance_visual_scene url="#Scene" />
    </scene>
</COLLADA>