<?xml version="1.0" encoding="utf-8"?>
<COLLADA xmlns:xsi="http://www.w3.org/2001/XMLSchema-instance" xmlns:xsd="http://www.w3.org/2001/XMLSchema" version="1.4.1" xmlns="http://www.collada.org/2005/11/COLLADASchema">
    <asset>
        <created>2022-10-28T08:36:17.4533338-05:00</created>
        <modified>2022-10-28T08:36:17.4533338-05:00</modified>
        <unit name="Meter" />
        <contributor>
            <authoring_tool>IONET Exporter</authoring_tool>
        </contributor>
    </asset>
    <library_images>
        <image id="Texture_0_CMP-image" name="Texture_0_CMP">
            <init_from>Texture_0_CMP.png</init_from>
        </image>
        <image id="Texture_0_CMP-image_0" name="Texture_0_CMP">
            <init_from>Texture_0_CMP.png</init_from>
        </image>
    </library_images>
    <library_materials>
        <material id="skay:lambert_sky" name="skay:lambert_sky">
            <instance_effect url="#skay:lambert_sky-effect" />
        </material>
        <material id="skay:mirr_lambert_sky" name="skay:mirr_lambert_sky">
            <instance_effect url="#skay:mirr_lambert_sky-effect" />
        </material>
        <material id="lambert1" name="lambert1">
            <instance_effect url="#lambert1-effect" />
        </material>
        <material id="lambert10" name="lambert10">
            <instance_effect url="#lambert10-effect" />
        </material>
    </library_materials>
    <library_effects>
        <effect id="skay:lambert_sky-effect" name="skay:lambert_sky">
            <profile_COMMON>
                <newparam sid="Texture_0_CMP-image_surface">
                    <surface type="2D">
                        <init_from>Texture_0_CMP-image</init_from>
                    </surface>
                </newparam>
                <newparam sid="Texture_0_CMP-image_sampler">
                    <sampler2D>
                        <source>Texture_0_CMP-image_surface</source>
                        <wrap_s>CLAMP</wrap_s>
                        <wrap_t>CLAMP</wrap_t>
                    </sampler2D>
                </newparam>
                <technique sid="standard">
                    <phong>
                        <emission>
                            <color sid="emission">0 0 0 1</color>
                        </emission>
                        <ambient>
                            <color sid="ambient">0.5411765 0.5411765 0.5411765 1</color>
                        </ambient>
                        <diffuse>
                            <texture texture="Texture_0_CMP-image_sampler" texcoord="CHANNEL0" />
                        </diffuse>
                        <specular>
                            <color sid="specular">0.2352941 0.4588235 0.7607843 0.5607843</color>
                        </specular>
                        <reflective>
                            <color sid="reflective">1 1 1 1</color>
                        </reflective>
                        <shininess>
                            <float sid="shininess">50</float>
                        </shininess>
                        <reflectivity>
                            <float sid="reflectivity">1</float>
                        </reflectivity>
                        <transparency>
                            <float sid="transparency">1</float>
                        </transparency>
                    </phong>
                </technique>
            </profile_COMMON>
        </effect>
        <effect id="skay:mirr_lambert_sky-effect" name="skay:mirr_lambert_sky">
            <profile_COMMON>
                <newparam sid="Texture_0_CMP-image_0_surface">
                    <surface type="2D">
                        <init_from>Texture_0_CMP-image_0</init_from>
                    </surface>
                </newparam>
                <newparam sid="Texture_0_CMP-image_0_sampler">
                    <sampler2D>
                        <source>Texture_0_CMP-image_0_surface</source>
                        <wrap_s>CLAMP</wrap_s>
                        <wrap_t>CLAMP</wrap_t>
                    </sampler2D>
                </newparam>
                <technique sid="standard">
                    <phong>
                        <emission>
                            <color sid="emission">0 0 0 1</color>
                        </emission>
                        <ambient>
                            <color sid="ambient">0 0 0 1</color>
                        </ambient>
                        <diffuse>
                            <texture texture="Texture_0_CMP-image_0_sampler" texcoord="CHANNEL0" />
                        </diffuse>
                        <specular>
                            <color sid="specular">0.2352941 0.4588235 0.7607843 0.5607843</color>
                        </specular>
                        <reflective>
                            <color sid="reflective">1 1 1 1</color>
                        </reflective>
                        <shininess>
                            <float sid="shininess">50</float>
                        </shininess>
                        <reflectivity>
                            <float sid="reflectivity">1</float>
                        </reflectivity>
                        <transparency>
                            <float sid="transparency">1</float>
                        </transparency>
                    </phong>
                </technique>
            </profile_COMMON>
        </effect>
        <effect id="lambert1-effect" name="lambert1">
            <profile_COMMON>
                <technique sid="standard">
                    <phong>
                        <emission>
                            <color sid="emission">0 0 0 1</color>
                        </emission>
                        <ambient>
                            <color sid="ambient">0 0 0 1</color>
                        </ambient>
                        <diffuse>
                            <color sid="diffuse">0.8 0.8 0.6666667 1</color>
                        </diffuse>
                        <specular>
                            <color sid="specular">0.227451 0.5137255 0.07058824 0.4352941</color>
                        </specular>
                        <reflective>
                            <color sid="reflective">1 1 1 1</color>
                        </reflective>
                        <shininess>
                            <float sid="shininess">50</float>
                        </shininess>
                        <reflectivity>
                            <float sid="reflectivity">1</float>
                        </reflectivity>
                        <transparency>
                            <float sid="transparency">1</float>
                        </transparency>
                    </phong>
                </technique>
            </profile_COMMON>
        </effect>
        <effect id="lambert10-effect" name="lambert10">
            <profile_COMMON>
                <technique sid="standard">
                    <phong>
                        <emission>
                            <color sid="emission">0 0 0 1</color>
                        </emission>
                        <ambient>
                            <color sid="ambient">0 0 0 1</color>
                        </ambient>
                        <diffuse>
                            <color sid="diffuse">0.8 0.8 0.6666667 1</color>
                        </diffuse>
                        <specular>
                            <color sid="specular">0.227451 0.5137255 0.07058824 0.4352941</color>
                        </specular>
                        <reflective>
                            <color sid="reflective">1 1 1 1</color>
                        </reflective>
                        <shininess>
                            <float sid="shininess">50</float>
                        </shininess>
                        <reflectivity>
                            <float sid="reflectivity">1</float>
                        </reflectivity>
                        <transparency>
                            <float sid="transparency">1</float>
                        </transparency>
                    </phong>
                </technique>
            </profile_COMMON>
        </effect>
    </library_effects>
    <library_geometries>
        <geometry id="skay_0-geometry" name="skay_0">
            <mesh>
                <source id="skay_0-geometry-POSITION">
                    <float_array id="skay_0-geometry-POSITION-array" count="1980">15635.41 -154.4048 12471.34 10477.13 2935.765 15875.56 11016.31 -154.4048 16692.55 14870.16 2935.765 11860.95 10477.13 2935.765 15875.56 15635.41 -154.4048 12471.34 14870.16 2935.765 11860.95 8912.379 5723.448 13504.56 10477.13 2935.765 15875.56 12649.32 5723.448 10089.52 8912.379 5723.448 13504.56 14870.16 2935.765 11860.95 12649.32 5723.448 10089.52 6475.222 7935.765 9811.637 8912.379 5723.448 13504.56 9190.265 7935.765 7330.467 6475.222 7935.765 9811.637 12649.32 5723.448 10089.52 9190.265 7935.765 7330.467 4600.201 8803 6970.494 6475.222 7935.765 9811.637 6529.052 8803 5207.793 4600.201 8803 6970.494 9190.265 7935.765 7330.467 18724.02 -154.4048 7029.338 14870.16 2935.765 11860.95 15635.41 -154.4048 12471.34 17807.6 2935.765 6685.296 14870.16 2935.765 11860.95 18724.02 -154.4048 7029.338 17807.6 2935.765 6685.296 12649.32 5723.448 10089.52 14870.16 2935.765 11860.95 15148.05 5723.448 5686.854 12649.32 5723.448 10089.52 17807.6 2935.765 6685.296 15148.05 5723.448 5686.854 9190.265 7935.765 7330.467 12649.32 5723.448 10089.52 11005.7 7935.765 4131.741 9190.265 7935.765 7330.467 15148.05 5723.448 5686.854 11005.7 7935.765 4131.741 6529.052 8803 5207.793 9190.265 7935.765 7330.467 7818.793 8803 2935.318 6529.052 8803 5207.793 11005.7 7935.765 4131.741 19979.78 -154.4048 899.2579 17807.6 2935.765 6685.296 18724.02 -154.4048 7029.338 19001.9 2935.765 855.2459 17807.6 2935.765 6685.296 19979.78 -154.4048 899.2579 19001.9 2935.765 855.2459 15148.05 5723.448 5686.854 17807.6 2935.765 6685.296 16163.98 5723.448 727.5145 15148.05 5723.448 5686.854 19001.9 2935.765 855.2459 16163.98 5723.448 727.5145 11005.7 7935.765 4131.741 15148.05 5723.448 5686.854 11743.82 7935.765 528.5708 11005.7 7935.765 4131.741 16163.98 5723.448 727.5145 11743.82 7935.765 528.5708 7818.793 8803 2935.318 11005.7 7935.765 4131.741 8343.177 8803 375.513 7818.793 8803 2935.318 11743.82 7935.765 528.5708 19279.79 -154.4048 -5318.846 19001.9 2935.765 855.2459 19979.78 -154.4048 899.2579 18336.17 2935.765 -5058.523 19001.9 2935.765 855.2459 19279.79 -154.4048 -5318.846 18336.17 2935.765 -5058.523 16163.98 5723.448 727.5145 19001.9 2935.765 855.2459 15597.67 5723.448 -4303.037 16163.98 5723.448 727.5145 18336.17 2935.765 -5058.523 15597.67 5723.448 -4303.037 11743.82 7935.765 528.5708 16163.98 5723.448 727.5145 11332.37 7935.765 -3126.339 11743.82 7935.765 528.5708 15597.67 5723.448 -4303.037 11332.37 7935.765 -3126.339 8343.177 8803 375.513 11743.82 7935.765 528.5708 8050.873 8803 -2221.05 8343.177 8803 375.513 11332.37 7935.765 -3126.339 16692.55 -154.4048 -11016.3 18336.17 2935.765 -5058.523 19279.79 -154.4048 -5318.846 15875.56 2935.765 -10477.13 18336.17 2935.765 -5058.523 16692.55 -154.4048 -11016.3 15875.56 2935.765 -10477.13 15597.67 5723.448 -4303.037 18336.17 2935.765 -5058.523 13504.56 5723.448 -8912.378 15597.67 5723.448 -4303.037 15875.56 2935.765 -10477.13 13504.56 5723.448 -8912.378 11332.37 7935.765 -3126.339 15597.67 5723.448 -4303.037 9811.636 7935.765 -6475.221 11332.37 7935.765 -3126.339 13504.56 5723.448 -8912.378 9811.636 7935.765 -6475.221 8050.873 8803 -2221.05 11332.37 7935.765 -3126.339 6970.493 8803 -4600.2 8050.873 8803 -2221.05 9811.636 7935.765 -6475.221 12471.34 -154.4048 -15635.41 15875.56 2935.765 -10477.13 16692.55 -154.4048 -11016.3 11860.94 2935.765 -14870.16 15875.56 2935.765 -10477.13 12471.34 -154.4048 -15635.41 11860.94 2935.765 -14870.16 13504.56 5723.448 -8912.378 15875.56 2935.765 -10477.13 10089.52 5723.448 -12649.31 13504.56 5723.448 -8912.378 11860.94 2935.765 -14870.16 10089.52 5723.448 -12649.31 9811.636 7935.765 -6475.221 13504.56 5723.448 -8912.378 7330.467 7935.765 -9190.264 9811.636 7935.765 -6475.221 10089.52 5723.448 -12649.31 7330.467 7935.765 -9190.264 6970.493 8803 -4600.2 9811.636 7935.765 -6475.221 5207.793 8803 -6529.051 6970.493 8803 -4600.2 7330.467 7935.765 -9190.264 7029.336 -154.4048 -18724.01 11860.94 2935.765 -14870.16 12471.34 -154.4048 -15635.41 6685.297 2935.765 -17807.6 11860.94 2935.765 -14870.16 7029.336 -154.4048 -18724.01 6685.297 2935.765 -17807.6 10089.52 5723.448 -12649.31 11860.94 2935.765 -14870.16 5686.853 5723.448 -15148.04 10089.52 5723.448 -12649.31 6685.297 2935.765 -17807.6 5686.853 5723.448 -15148.04 7330.467 7935.765 -9190.264 10089.52 5723.448 -12649.31 4131.741 7935.765 -11005.7 7330.467 7935.765 -9190.264 5686.853 5723.448 -15148.04 4131.741 7935.765 -11005.7 5207.793 8803 -6529.051 7330.467 7935.765 -9190.264 2935.318 8803 -7818.792 5207.793 8803 -6529.051 4131.741 7935.765 -11005.7 899.2584 -154.4048 -19979.78 6685.297 2935.765 -17807.6 7029.336 -154.4048 -18724.01 855.2456 2935.765 -19001.9 6685.297 2935.765 -17807.6 899.2584 -154.4048 -19979.78 855.2456 2935.765 -19001.9 5686.853 5723.448 -15148.04 6685.297 2935.765 -17807.6 727.5156 5723.448 -16163.98 5686.853 5723.448 -15148.04 855.2456 2935.765 -19001.9 727.5156 5723.448 -16163.98 4131.741 7935.765 -11005.7 5686.853 5723.448 -15148.04 528.571 7935.765 -11743.82 4131.741 7935.765 -11005.7 727.5156 5723.448 -16163.98 528.571 7935.765 -11743.82 2935.318 8803 -7818.792 4131.741 7935.765 -11005.7 375.5135 8803 -8343.177 2935.318 8803 -7818.792 528.571 7935.765 -11743.82 -5318.845 -154.4048 -19279.78 855.2456 2935.765 -19001.9 899.2584 -154.4048 -19979.78 -5058.522 2935.765 -18336.16 855.2456 2935.765 -19001.9 -5318.845 -154.4048 -19279.78 -5058.522 2935.765 -18336.16 727.5156 5723.448 -16163.98 855.2456 2935.765 -19001.9 -4303.036 5723.448 -15597.67 727.5156 5723.448 -16163.98 -5058.522 2935.765 -18336.16 -4303.036 5723.448 -15597.67 528.571 7935.765 -11743.82 727.5156 5723.448 -16163.98 -3126.339 7935.765 -11332.37 528.571 7935.765 -11743.82 -4303.036 5723.448 -15597.67 -3126.339 7935.765 -11332.37 375.5135 8803 -8343.177 528.571 7935.765 -11743.82 -2221.049 8803 -8050.872 375.5135 8803 -8343.177 -3126.339 7935.765 -11332.37 -11016.3 -154.4048 -16692.55 -5058.522 2935.765 -18336.16 -5318.845 -154.4048 -19279.78 -10477.13 2935.765 -15875.56 -5058.522 2935.765 -18336.16 -11016.3 -154.4048 -16692.55 -10477.13 2935.765 -15875.56 -4303.036 5723.448 -15597.67 -5058.522 2935.765 -18336.16 -8912.376 5723.448 -13504.56 -4303.036 5723.448 -15597.67 -10477.13 2935.765 -15875.56 -8912.376 5723.448 -13504.56 -3126.339 7935.765 -11332.37 -4303.036 5723.448 -15597.67 -6475.221 7935.765 -9811.636 -3126.339 7935.765 -11332.37 -8912.376 5723.448 -13504.56 -6475.221 7935.765 -9811.636 -2221.049 8803 -8050.872 -3126.339 7935.765 -11332.37 -4600.199 8803 -6970.492 -2221.049 8803 -8050.872 -6475.221 7935.765 -9811.636 -15635.41 -154.4048 -12471.33 -10477.13 2935.765 -15875.56 -11016.3 -154.4048 -16692.55 -14870.16 2935.765 -11860.94 -10477.13 2935.765 -15875.56 -15635.41 -154.4048 -12471.33 -14870.16 2935.765 -11860.94 -8912.376 5723.448 -13504.56 -10477.13 2935.765 -15875.56 -12649.31 5723.448 -10089.52 -8912.376 5723.448 -13504.56 -14870.16 2935.765 -11860.94 -12649.31 5723.448 -10089.52 -6475.221 7935.765 -9811.636 -8912.376 5723.448 -13504.56 -9190.263 7935.765 -7330.466 -6475.221 7935.765 -9811.636 -12649.31 5723.448 -10089.52 -9190.263 7935.765 -7330.466 -4600.199 8803 -6970.492 -6475.221 7935.765 -9811.636 -6529.05 8803 -5207.792 -4600.199 8803 -6970.492 -9190.263 7935.765 -7330.466 -18724.01 -154.4048 -7029.336 -14870.16 2935.765 -11860.94 -15635.41 -154.4048 -12471.33 -17807.59 2935.765 -6685.297 -14870.16 2935.765 -11860.94 -18724.01 -154.4048 -7029.336 -17807.59 2935.765 -6685.297 -12649.31 5723.448 -10089.52 -14870.16 2935.765 -11860.94 -15148.04 5723.448 -5686.853 -12649.31 5723.448 -10089.52 -17807.59 2935.765 -6685.297 -15148.04 5723.448 -5686.853 -9190.263 7935.765 -7330.466 -12649.31 5723.448 -10089.52 -11005.7 7935.765 -4131.74 -9190.263 7935.765 -7330.466 -15148.04 5723.448 -5686.853 -11005.7 7935.765 -4131.74 -6529.05 8803 -5207.792 -9190.263 7935.765 -7330.466 -7818.791 8803 -2935.317 -6529.05 8803 -5207.792 -11005.7 7935.765 -4131.74 -19979.78 -154.4048 -899.2587 -17807.59 2935.765 -6685.297 -18724.01 -154.4048 -7029.336 -19001.9 2935.765 -855.2451 -17807.59 2935.765 -6685.297 -19979.78 -154.4048 -899.2587 -19001.9 2935.765 -855.2451 -15148.04 5723.448 -5686.853 -17807.59 2935.765 -6685.297 -16163.98 5723.448 -727.515 -15148.04 5723.448 -5686.853 -19001.9 2935.765 -855.2451 -16163.98 5723.448 -727.515 -11005.7 7935.765 -4131.74 -15148.04 5723.448 -5686.853 -11743.82 7935.765 -528.5708 -11005.7 7935.765 -4131.74 -16163.98 5723.448 -727.515 -11743.82 7935.765 -528.5708 -7818.791 8803 -2935.317 -11005.7 7935.765 -4131.74 -8343.175 8803 -375.5133 -7818.791 8803 -2935.317 -11743.82 7935.765 -528.5708 -19279.78 -154.4048 5318.845 -19001.9 2935.765 -855.2451 -19979.78 -154.4048 -899.2587 -18336.16 2935.765 5058.521 -19001.9 2935.765 -855.2451 -19279.78 -154.4048 5318.845 -18336.16 2935.765 5058.521 -16163.98 5723.448 -727.515 -19001.9 2935.765 -855.2451 -15597.67 5723.448 4303.036 -16163.98 5723.448 -727.515 -18336.16 2935.765 5058.521 -15597.67 5723.448 4303.036 -11743.82 7935.765 -528.5708 -16163.98 5723.448 -727.515 -11332.37 7935.765 3126.338 -11743.82 7935.765 -528.5708 -15597.67 5723.448 4303.036 -11332.37 7935.765 3126.338 -8343.175 8803 -375.5133 -11743.82 7935.765 -528.5708 -8050.871 8803 2221.049 -8343.175 8803 -375.5133 -11332.37 7935.765 3126.338 -16692.55 -154.4048 11016.3 -18336.16 2935.765 5058.521 -19279.78 -154.4048 5318.845 -15875.56 2935.765 10477.13 -18336.16 2935.765 5058.521 -16692.55 -154.4048 11016.3 -15875.56 2935.765 10477.13 -15597.67 5723.448 4303.036 -18336.16 2935.765 5058.521 -13504.55 5723.448 8912.375 -15597.67 5723.448 4303.036 -15875.56 2935.765 10477.13 -13504.55 5723.448 8912.375 -11332.37 7935.765 3126.338 -15597.67 5723.448 4303.036 -9811.634 7935.765 6475.22 -11332.37 7935.765 3126.338 -13504.55 5723.448 8912.375 -9811.634 7935.765 6475.22 -8050.871 8803 2221.049 -11332.37 7935.765 3126.338 -6970.491 8803 4600.199 -8050.871 8803 2221.049 -9811.634 7935.765 6475.22 -12471.33 -154.4048 15635.41 -15875.56 2935.765 10477.13 -16692.55 -154.4048 11016.3 -11860.94 2935.765 14870.16 -15875.56 2935.765 10477.13 -12471.33 -154.4048 15635.41 -11860.94 2935.765 14870.16 -13504.55 5723.448 8912.375 -15875.56 2935.765 10477.13 -10089.52 5723.448 12649.31 -13504.55 5723.448 8912.375 -11860.94 2935.765 14870.16 -10089.52 5723.448 12649.31 -9811.634 7935.765 6475.22 -13504.55 5723.448 8912.375 -7330.465 7935.765 9190.261 -9811.634 7935.765 6475.22 -10089.52 5723.448 12649.31 -7330.465 7935.765 9190.261 -6970.491 8803 4600.199 -9811.634 7935.765 6475.22 -5207.792 8803 6529.049 -6970.491 8803 4600.199 -7330.465 7935.765 9190.261 -7029.336 -154.4048 18724.01 -11860.94 2935.765 14870.16 -12471.33 -154.4048 15635.41 -6685.295 2935.765 17807.59 -11860.94 2935.765 14870.16 -7029.336 -154.4048 18724.01 -6685.295 2935.765 17807.59 -10089.52 5723.448 12649.31 -11860.94 2935.765 14870.16 -5686.853 5723.448 15148.04 -10089.52 5723.448 12649.31 -6685.295 2935.765 17807.59 -5686.853 5723.448 15148.04 -7330.465 7935.765 9190.261 -10089.52 5723.448 12649.31 -4131.74 7935.765 11005.7 -7330.465 7935.765 9190.261 -5686.853 5723.448 15148.04 -4131.74 7935.765 11005.7 -5207.792 8803 6529.049 -7330.465 7935.765 9190.261 -2935.317 8803 7818.791 -5207.792 8803 6529.049 -4131.74 7935.765 11005.7 -899.2581 -154.4048 19979.77 -6685.295 2935.765 17807.59 -7029.336 -154.4048 18724.01 -855.2448 2935.765 19001.9 -6685.295 2935.765 17807.59 -899.2581 -154.4048 19979.77 -855.2448 2935.765 19001.9 -5686.853 5723.448 15148.04 -6685.295 2935.765 17807.59 -727.5153 5723.448 16163.98 -5686.853 5723.448 15148.04 -855.2448 2935.765 19001.9 -727.5153 5723.448 16163.98 -4131.74 7935.765 11005.7 -5686.853 5723.448 15148.04 -528.5705 7935.765 11743.82 -4131.74 7935.765 11005.7 -727.5153 5723.448 16163.98 -528.5705 7935.765 11743.82 -2935.317 8803 7818.791 -4131.74 7935.765 11005.7 -375.5131 8803 8343.174 -2935.317 8803 7818.791 -528.5705 7935.765 11743.82 5318.845 -154.4048 19279.78 -855.2448 2935.765 19001.9 -899.2581 -154.4048 19979.77 5058.521 2935.765 18336.16 -855.2448 2935.765 19001.9 5318.845 -154.4048 19279.78 5058.521 2935.765 18336.16 -727.5153 5723.448 16163.98 -855.2448 2935.765 19001.9 4303.036 5723.448 15597.67 -727.5153 5723.448 16163.98 5058.521 2935.765 18336.16 4303.036 5723.448 15597.67 -528.5705 7935.765 11743.82 -727.5153 5723.448 16163.98 3126.338 7935.765 11332.37 -528.5705 7935.765 11743.82 4303.036 5723.448 15597.67 3126.338 7935.765 11332.37 -375.5131 8803 8343.174 -528.5705 7935.765 11743.82 2221.048 8803 8050.87 -375.5131 8803 8343.174 3126.338 7935.765 11332.37 11016.31 -154.4048 16692.55 5058.521 2935.765 18336.16 5318.845 -154.4048 19279.78 10477.13 2935.765 15875.56 5058.521 2935.765 18336.16 11016.31 -154.4048 16692.55 10477.13 2935.765 15875.56 4303.036 5723.448 15597.67 5058.521 2935.765 18336.16 8912.379 5723.448 13504.56 4303.036 5723.448 15597.67 10477.13 2935.765 15875.56 8912.379 5723.448 13504.56 3126.338 7935.765 11332.37 4303.036 5723.448 15597.67 6475.222 7935.765 9811.637 3126.338 7935.765 11332.37 8912.379 5723.448 13504.56 6475.222 7935.765 9811.637 2221.048 8803 8050.87 3126.338 7935.765 11332.37 4600.201 8803 6970.494 2221.048 8803 8050.87 6475.222 7935.765 9811.637 4831.608 9356.161 3853.855 0 9845.596 0 3404.226 9356.161 5158.283 5786.039 9356.161 2172.185 0 9845.596 0 4831.608 9356.161 3853.855 6174.092 9356.161 277.8862 0 9845.596 0 5786.039 9356.161 2172.185 5957.782 9356.161 -1643.614 0 9845.596 0 6174.092 9356.161 277.8862 5158.282 9356.161 -3404.225 0 9845.596 0 5957.782 9356.161 -1643.614 3853.854 9356.161 -4831.607 0 9845.596 0 5158.282 9356.161 -3404.225 2172.184 9356.161 -5786.038 0 9845.596 0 3853.854 9356.161 -4831.607 277.8865 9356.161 -6174.091 0 9845.596 0 2172.184 9356.161 -5786.038 -1643.614 9356.161 -5957.781 0 9845.596 0 277.8865 9356.161 -6174.091 -3404.225 9356.161 -5158.282 0 9845.596 0 -1643.614 9356.161 -5957.781 -4831.607 9356.161 -3853.854 0 9845.596 0 -3404.225 9356.161 -5158.282 -5786.038 9356.161 -2172.184 0 9845.596 0 -4831.607 9356.161 -3853.854 -6174.091 9356.161 -277.8861 0 9845.596 0 -5786.038 9356.161 -2172.184 -5957.78 9356.161 1643.614 0 9845.596 0 -6174.091 9356.161 -277.8861 -5158.281 9356.161 3404.225 0 9845.596 0 -5957.78 9356.161 1643.614 -3853.854 9356.161 4831.606 0 9845.596 0 -5158.281 9356.161 3404.225 -2172.184 9356.161 5786.037 0 9845.596 0 -3853.854 9356.161 4831.606 -277.886 9356.161 6174.089 0 9845.596 0 -2172.184 9356.161 5786.037 1643.613 9356.161 5957.779 0 9845.596 0 -277.886 9356.161 6174.089 3404.226 9356.161 5158.283 0 9845.596 0 1643.613 9356.161 5957.779 2172.184 9356.161 -5786.038 5207.793 8803 -6529.051 2935.318 8803 -7818.792 3853.854 9356.161 -4831.607 5207.793 8803 -6529.051 2172.184 9356.161 -5786.038 3853.854 9356.161 -4831.607 6970.493 8803 -4600.2 5207.793 8803 -6529.051 5158.282 9356.161 -3404.225 6970.493 8803 -4600.2 3853.854 9356.161 -4831.607 5158.282 9356.161 -3404.225 8050.873 8803 -2221.05 6970.493 8803 -4600.2 5957.782 9356.161 -1643.614 8050.873 8803 -2221.05 5158.282 9356.161 -3404.225 5957.782 9356.161 -1643.614 8343.177 8803 375.513 8050.873 8803 -2221.05 6174.092 9356.161 277.8862 8343.177 8803 375.513 5957.782 9356.161 -1643.614 6174.092 9356.161 277.8862 7818.793 8803 2935.318 8343.177 8803 375.513 5786.039 9356.161 2172.185 7818.793 8803 2935.318 6174.092 9356.161 277.8862 5786.039 9356.161 2172.185 6529.052 8803 5207.793 7818.793 8803 2935.318 4831.608 9356.161 3853.855 6529.052 8803 5207.793 5786.039 9356.161 2172.185 4831.608 9356.161 3853.855 4600.201 8803 6970.494 6529.052 8803 5207.793 3404.226 9356.161 5158.283 4600.201 8803 6970.494 4831.608 9356.161 3853.855 2935.318 8803 -7818.792 277.8865 9356.161 -6174.091 2172.184 9356.161 -5786.038 375.5135 8803 -8343.177 277.8865 9356.161 -6174.091 2935.318 8803 -7818.792 375.5135 8803 -8343.177 -1643.614 9356.161 -5957.781 277.8865 9356.161 -6174.091 -2221.049 8803 -8050.872 -1643.614 9356.161 -5957.781 375.5135 8803 -8343.177 -2221.049 8803 -8050.872 -3404.225 9356.161 -5158.282 -1643.614 9356.161 -5957.781 -4600.199 8803 -6970.492 -3404.225 9356.161 -5158.282 -2221.049 8803 -8050.872 -4600.199 8803 -6970.492 -4831.607 9356.161 -3853.854 -3404.225 9356.161 -5158.282 -6529.05 8803 -5207.792 -4831.607 9356.161 -3853.854 -4600.199 8803 -6970.492 -6529.05 8803 -5207.792 -5786.038 9356.161 -2172.184 -4831.607 9356.161 -3853.854 -7818.791 8803 -2935.317 -5786.038 9356.161 -2172.184 -6529.05 8803 -5207.792 -7818.791 8803 -2935.317 -6174.091 9356.161 -277.8861 -5786.038 9356.161 -2172.184 -8343.175 8803 -375.5133 -6174.091 9356.161 -277.8861 -7818.791 8803 -2935.317 -8343.175 8803 -375.5133 -5957.78 9356.161 1643.614 -6174.091 9356.161 -277.8861 -8050.871 8803 2221.049 -5957.78 9356.161 1643.614 -8343.175 8803 -375.5133 -8050.871 8803 2221.049 -5158.281 9356.161 3404.225 -5957.78 9356.161 1643.614 -6970.491 8803 4600.199 -5158.281 9356.161 3404.225 -8050.871 8803 2221.049 -6970.491 8803 4600.199 -3853.854 9356.161 4831.606 -5158.281 9356.161 3404.225 -5207.792 8803 6529.049 -3853.854 9356.161 4831.606 -6970.491 8803 4600.199 -5207.792 8803 6529.049 -2172.184 9356.161 5786.037 -3853.854 9356.161 4831.606 -2935.317 8803 7818.791 -2172.184 9356.161 5786.037 -5207.792 8803 6529.049 -2935.317 8803 7818.791 -277.886 9356.161 6174.089 -2172.184 9356.161 5786.037 -375.5131 8803 8343.174 -277.886 9356.161 6174.089 -2935.317 8803 7818.791 -375.5131 8803 8343.174 1643.613 9356.161 5957.779 -277.886 9356.161 6174.089 2221.048 8803 8050.87 1643.613 9356.161 5957.779 -375.5131 8803 8343.174 2221.048 8803 8050.87 3404.226 9356.161 5158.283 1643.613 9356.161 5957.779 4600.201 8803 6970.494 3404.226 9356.161 5158.283 2221.048 8803 8050.87</float_array>
                    <technique_common>
                        <accessor count="660" offset="0" source="skay_0-geometry-POSITION-array" stride="3">
                            <param name="X" type="float" />
                            <param name="Y" type="float" />
                            <param name="Z" type="float" />
                        </accessor>
                    </technique_common>
                </source>
                <source id="skay_0-geometry-NORMAL">
                    <float_array id="skay_0-geometry-NORMAL-array" count="423">-0.7452726 -0.3019809 -0.5944546 -0.4691667 -0.5239173 -0.7109101 -0.5250991 -0.3019806 -0.7956624 -0.6658878 -0.5239174 -0.5311346 -0.3198276 -0.8141569 -0.4846223 -0.4539311 -0.8141569 -0.3620707 -0.1922108 -0.9371386 -0.2912495 -0.2728046 -0.9371386 -0.2175981 -0.1359835 -0.9690468 -0.2060504 -0.1930011 -0.9690468 -0.1539443 -0.8924929 -0.3019809 -0.335058 -0.7974266 -0.5239173 -0.2993684 -0.5436001 -0.8141568 -0.2040773 -0.326694 -0.9371386 -0.1226469 -0.2311263 -0.9690468 -0.08676907 -0.95235 -0.3019806 -0.0428635 -0.8509077 -0.5239173 -0.03829782 -0.5800577 -0.8141568 -0.0261074 -0.3486045 -0.9371386 -0.01569012 -0.2466274 -0.9690468 -0.01110028 -0.9189843 -0.3019804 0.2535266 -0.8210961 -0.5239171 0.2265215 -0.5597354 -0.8141569 0.1544181 -0.3363911 -0.9371386 0.09280255 -0.2379868 -0.9690468 0.06565506 -0.7956621 -0.3019803 0.5250998 -0.7109099 -0.5239171 0.4691673 -0.4846222 -0.8141568 0.319828 -0.2912494 -0.9371386 0.192211 -0.2060503 -0.9690468 0.1359836 -0.5944548 -0.3019802 0.7452727 -0.5311348 -0.5239171 0.6658879 -0.3620708 -0.8141568 0.453931 -0.2175982 -0.9371386 0.2728046 -0.1539443 -0.9690468 0.1930012 -0.3350582 -0.30198 0.8924932 -0.2993685 -0.523917 0.7974267 -0.2040774 -0.8141569 0.5436001 -0.1226469 -0.9371386 0.3266942 -0.08676905 -0.9690468 0.2311264 -0.04286367 -0.30198 0.9523501 -0.0382979 -0.5239169 0.8509079 -0.02610741 -0.8141568 0.5800578 -0.01569009 -0.9371386 0.3486045 -0.01110023 -0.9690468 0.2466274 0.2535266 -0.3019801 0.9189844 0.2265214 -0.523917 0.8210962 0.154418 -0.8141568 0.5597354 0.09280254 -0.9371386 0.3363912 0.06565508 -0.9690468 0.2379868 0.5250998 -0.3019799 0.7956622 0.4691673 -0.523917 0.71091 0.3198279 -0.8141569 0.4846222 0.1922111 -0.9371386 0.2912495 0.1359836 -0.9690468 0.2060503 0.7452728 -0.3019798 0.5944549 0.665888 -0.523917 0.5311348 0.4539309 -0.8141569 0.3620707 0.2728046 -0.9371386 0.2175982 0.1930012 -0.9690468 0.1539442 0.8924932 -0.30198 0.3350581 0.7974268 -0.523917 0.2993684 0.5436 -0.8141569 0.2040773 0.3266941 -0.9371386 0.1226469 0.2311264 -0.9690468 0.08676907 0.9523501 -0.3019801 0.04286362 0.8509079 -0.523917 0.03829794 0.5800578 -0.8141568 0.02610745 0.3486046 -0.9371386 0.0156901 0.2466274 -0.9690468 0.01110028 0.9189844 -0.3019802 -0.2535265 0.8210962 -0.523917 -0.2265214 0.5597354 -0.8141568 -0.1544181 0.3363912 -0.9371386 -0.0928026 0.2379868 -0.9690468 -0.06565508 0.7956621 -0.3019802 -0.5250999 0.71091 -0.523917 -0.4691674 0.4846222 -0.8141568 -0.3198281 0.2912495 -0.9371385 -0.1922111 0.2060503 -0.9690468 -0.1359836 0.5944548 -0.3019801 -0.7452728 0.5311348 -0.523917 -0.665888 0.3620708 -0.8141568 -0.453931 0.2175983 -0.9371385 -0.2728046 0.1539443 -0.9690468 -0.1930012 0.3350583 -0.30198 -0.8924931 0.2993686 -0.5239169 -0.7974268 0.2040774 -0.8141568 -0.5436001 0.1226469 -0.9371386 -0.3266942 0.08676907 -0.9690468 -0.2311264 0.0428637 -0.30198 -0.9523501 0.03829794 -0.523917 -0.8509079 0.02610741 -0.8141568 -0.5800578 0.01569002 -0.9371385 -0.3486047 0.0111002 -0.9690468 -0.2466274 -0.2535259 -0.3019802 -0.9189846 -0.2265209 -0.523917 -0.8210964 -0.1544176 -0.8141568 -0.5597355 -0.09280235 -0.9371385 -0.3363913 -0.06565496 -0.9690468 -0.2379869 -0.1278002 -0.9865474 -0.1019377 3.661631E-08 -1 -2.237396E-08 -0.09004451 -0.9865474 -0.1364411 -0.1530458 -0.9865474 -0.05745607 -0.16331 -0.9865474 -0.007350295 -0.1575884 -0.9865474 0.04347505 -0.136441 -0.9865474 0.09004474 -0.1019377 -0.9865474 0.1278001 -0.05745603 -0.9865474 0.1530456 -0.007350222 -0.9865474 0.1633099 0.043475 -0.9865474 0.1575884 0.09004464 -0.9865474 0.136441 0.1278002 -0.9865474 0.1019377 0.1530457 -0.9865474 0.05745614 0.1633101 -0.9865474 0.007350289 0.1575885 -0.9865474 -0.04347505 0.136441 -0.9865474 -0.09004471 0.1019378 -0.9865474 -0.1278002 0.05745615 -0.9865474 -0.1530457 0.007350444 -0.9865474 -0.1633101 -0.04347472 -0.9865474 -0.1575886 -0.1539441 -0.9690469 0.1930009 -0.08676883 -0.9690469 0.2311261 -0.2060502 -0.9690468 0.1359835 -0.2379866 -0.9690468 0.06565505 -0.2466272 -0.9690468 -0.01110028 -0.2311263 -0.9690468 -0.08676893 -0.1930011 -0.9690468 -0.1539441 -0.1359833 -0.9690468 -0.2060503 -0.01110021 -0.9690469 0.2466271 0.06565501 -0.9690468 0.2379865 0.1359835 -0.9690468 0.2060502 0.193001 -0.9690468 0.1539441 0.2311263 -0.9690468 0.08676903 0.2466272 -0.9690468 0.01110034 0.2379866 -0.9690468 -0.06565501 0.2060502 -0.9690468 -0.1359836 0.1539443 -0.9690468 -0.1930011 0.08676894 -0.9690468 -0.2311262 0.01110035 -0.9690468 -0.2466273 -0.06565464 -0.9690468 -0.2379868</float_array>
                    <technique_common>
                        <accessor count="141" offset="0" source="skay_0-geometry-NORMAL-array" stride="3">
                            <param name="X" type="float" />
                            <param name="Y" type="float" />
                            <param name="Z" type="float" />
                        </accessor>
                    </technique_common>
                </source>
                <source id="skay_0-geometry-TEXCOORD">
                    <float_array id="skay_0-geometry-TEXCOORD-array" count="292">0.05 0.00181067 0 0.1467087 0 0.00181067 0.05 0.1467087 0 0.3086437 0.05 0.3086437 0 0.5238695 0.05 0.5238695 0 0.6692222 0.05 0.6692222 0.1 0.00181067 0.1 0.1467087 0.1 0.3086437 0.1 0.5238695 0.1 0.6692222 0.15 0.00181067 0.15 0.1467087 0.15 0.3086437 0.15 0.5238695 0.15 0.6692222 0.2 0.00181067 0.2 0.1467087 0.2 0.3086437 0.2 0.5238695 0.2 0.6692222 0.25 0.00181067 0.25 0.1467087 0.25 0.3086437 0.25 0.5238695 0.25 0.6692222 0.3 0.00181067 0.3 0.1467087 0.3 0.3086437 0.3 0.5238695 0.3 0.6692222 0.35 0.00181067 0.35 0.1467087 0.35 0.3086437 0.35 0.5238695 0.35 0.6692222 0.4 0.00181067 0.4 0.1467087 0.4 0.3086437 0.4 0.5238695 0.4 0.6692222 0.45 0.00181067 0.45 0.1467087 0.45 0.3086437 0.45 0.5238695 0.45 0.6692222 0.5000001 0.00181067 0.5000001 0.1467087 0.5000001 0.3086437 0.5000001 0.5238695 0.5000001 0.6692222 0.5500001 0.00181067 0.5500001 0.1467087 0.5500001 0.3086437 0.5500001 0.5238695 0.5500001 0.6692222 0.6000001 0.00181067 0.6000001 0.1467087 0.6000001 0.3086437 0.6000001 0.5238695 0.6000001 0.6692222 0.6500001 0.00181067 0.6500001 0.1467087 0.6500001 0.3086437 0.6500001 0.5238695 0.6500001 0.6692222 0.7000001 0.00181067 0.7000001 0.1467087 0.7000001 0.3086437 0.7000001 0.5238695 0.7000001 0.6692222 0.7500001 0.00181067 0.7500001 0.1467087 0.7500001 0.3086437 0.7500001 0.5238695 0.7500001 0.6692222 0.8000001 0.00181067 0.8000001 0.1467087 0.8000001 0.3086437 0.8000001 0.5238695 0.8000001 0.6692222 0.8500001 0.00181067 0.8500001 0.1467087 0.8500001 0.3086437 0.8500001 0.5238695 0.8500001 0.6692222 0.9000002 0.00181067 0.9000002 0.1467087 0.9000002 0.3086437 0.9000002 0.5238695 0.9000002 0.6692222 0.9500002 0.00181067 0.9500002 0.1467087 0.9500002 0.3086437 0.9500002 0.5238695 0.9500002 0.6692222 1 0.00181067 1 0.1467087 1 0.3086437 1 0.5238695 1 0.6692222 0.05 0.7619349 0.025 0.9950241 0 0.7619349 0.1 0.7619349 0.075 0.9950241 0.15 0.7619349 0.125 0.9950241 0.2 0.7619349 0.175 0.9950241 0.25 0.7619349 0.225 0.9950241 0.3 0.7619349 0.275 0.9950241 0.35 0.7619349 0.325 0.9950241 0.4 0.7619349 0.375 0.9950241 0.45 0.7619349 0.425 0.9950241 0.5000001 0.7619349 0.475 0.9950241 0.5500001 0.7619349 0.525 0.9950241 0.6000001 0.7619349 0.575 0.9950241 0.6500001 0.7619349 0.625 0.9950241 0.7000001 0.7619349 0.675 0.9950241 0.7500001 0.7619349 0.725 0.9950241 0.8000001 0.7619349 0.775 0.9950241 0.8500001 0.7619349 0.825 0.9950241 0.9000002 0.7619349 0.875 0.9950241 0.9500002 0.7619349 0.925 0.9950241 1 0.7619349 0.975 0.9950241</float_array>
                    <technique_common>
                        <accessor count="146" offset="0" source="skay_0-geometry-TEXCOORD-array" stride="2">
                            <param name="S" type="float" />
                            <param name="T" type="float" />
                        </accessor>
                    </technique_common>
                </source>
                <source id="skay_0-geometry-COLOR">
                    <float_array id="skay_0-geometry-COLOR-array" count="4">1 1 1 1</float_array>
                    <technique_common>
                        <accessor count="1" offset="0" source="skay_0-geometry-COLOR-array" stride="4">
                            <param name="R" type="double" />
                            <param name="G" type="double" />
                            <param name="B" type="double" />
                            <param name="A" type="double" />
                        </accessor>
                    </technique_common>
                </source>
                <vertices id="skay_0-vertices">
                    <input semantic="POSITION" source="#skay_0-geometry-POSITION" />
                </vertices>
                <triangles count="220" material="skay:lambert_sky">
                    <input semantic="VERTEX" source="#skay_0-vertices" offset="0" set="0" />
                    <input semantic="NORMAL" source="#skay_0-geometry-NORMAL" offset="1" set="0" />
                    <input semantic="TEXCOORD" source="#skay_0-geometry-TEXCOORD" offset="2" set="0" />
                    <input semantic="COLOR" source="#skay_0-geometry-COLOR" offset="3" set="0" />
                    <p>2 2 2 0 1 1 1 0 0 0 0 0 5 0 0 0 4 1 1 0 3 3 3 0 8 1 1 0 7 4 4 0 6 3 3 0 11 3 3 0 10 4 4 0 9 5 5 0 14 4 4 0 13 6 6 0 12 5 5 0 17 5 5 0 16 6 6 0 15 7 7 0 20 6 6 0 19 8 8 0 18 7 7 0 23 7 7 0 22 8 8 0 21 9 9 0 26 0 0 0 25 3 3 0 24 10 10 0 29 10 10 0 28 3 3 0 27 11 11 0 32 3 3 0 31 5 5 0 30 11 11 0 35 11 11 0 34 5 5 0 33 12 12 0 38 5 5 0 37 7 7 0 36 12 12 0 41 12 12 0 40 7 7 0 39 13 13 0 44 7 7 0 43 9 9 0 42 13 13 0 47 13 13 0 46 9 9 0 45 14 14 0 50 10 10 0 49 11 11 0 48 15 15 0 53 15 15 0 52 11 11 0 51 16 16 0 56 11 11 0 55 12 12 0 54 16 16 0 59 16 16 0 58 12 12 0 57 17 17 0 62 12 12 0 61 13 13 0 60 17 17 0 65 17 17 0 64 13 13 0 63 18 18 0 68 13 13 0 67 14 14 0 66 18 18 0 71 18 18 0 70 14 14 0 69 19 19 0 74 15 15 0 73 16 16 0 72 20 20 0 77 20 20 0 76 16 16 0 75 21 21 0 80 16 16 0 79 17 17 0 78 21 21 0 83 21 21 0 82 17 17 0 81 22 22 0 86 17 17 0 85 18 18 0 84 22 22 0 89 22 22 0 88 18 18 0 87 23 23 0 92 18 18 0 91 19 19 0 90 23 23 0 95 23 23 0 94 19 19 0 93 24 24 0 98 20 20 0 97 21 21 0 96 25 25 0 101 25 25 0 100 21 21 0 99 26 26 0 104 21 21 0 103 22 22 0 102 26 26 0 107 26 26 0 106 22 22 0 105 27 27 0 110 22 22 0 109 23 23 0 108 27 27 0 113 27 27 0 112 23 23 0 111 28 28 0 116 23 23 0 115 24 24 0 114 28 28 0 119 28 28 0 118 24 24 0 117 29 29 0 122 25 25 0 121 26 26 0 120 30 30 0 125 30 30 0 124 26 26 0 123 31 31 0 128 26 26 0 127 27 27 0 126 31 31 0 131 31 31 0 130 27 27 0 129 32 32 0 134 27 27 0 133 28 28 0 132 32 32 0 137 32 32 0 136 28 28 0 135 33 33 0 140 28 28 0 139 29 29 0 138 33 33 0 143 33 33 0 142 29 29 0 141 34 34 0 146 30 30 0 145 31 31 0 144 35 35 0 149 35 35 0 148 31 31 0 147 36 36 0 152 31 31 0 151 32 32 0 150 36 36 0 155 36 36 0 154 32 32 0 153 37 37 0 158 32 32 0 157 33 33 0 156 37 37 0 161 37 37 0 160 33 33 0 159 38 38 0 164 33 33 0 163 34 34 0 162 38 38 0 167 38 38 0 166 34 34 0 165 39 39 0 170 35 35 0 169 36 36 0 168 40 40 0 173 40 40 0 172 36 36 0 171 41 41 0 176 36 36 0 175 37 37 0 174 41 41 0 179 41 41 0 178 37 37 0 177 42 42 0 182 37 37 0 181 38 38 0 180 42 42 0 185 42 42 0 184 38 38 0 183 43 43 0 188 38 38 0 187 39 39 0 186 43 43 0 191 43 43 0 190 39 39 0 189 44 44 0 194 40 40 0 193 41 41 0 192 45 45 0 197 45 45 0 196 41 41 0 195 46 46 0 200 41 41 0 199 42 42 0 198 46 46 0 203 46 46 0 202 42 42 0 201 47 47 0 206 42 42 0 205 43 43 0 204 47 47 0 209 47 47 0 208 43 43 0 207 48 48 0 212 43 43 0 211 44 44 0 210 48 48 0 215 48 48 0 214 44 44 0 213 49 49 0 218 45 45 0 217 46 46 0 216 50 50 0 221 50 50 0 220 46 46 0 219 51 51 0 224 46 46 0 223 47 47 0 222 51 51 0 227 51 51 0 226 47 47 0 225 52 52 0 230 47 47 0 229 48 48 0 228 52 52 0 233 52 52 0 232 48 48 0 231 53 53 0 236 48 48 0 235 49 49 0 234 53 53 0 239 53 53 0 238 49 49 0 237 54 54 0 242 50 50 0 241 51 51 0 240 55 55 0 245 55 55 0 244 51 51 0 243 56 56 0 248 51 51 0 247 52 52 0 246 56 56 0 251 56 56 0 250 52 52 0 249 57 57 0 254 52 52 0 253 53 53 0 252 57 57 0 257 57 57 0 256 53 53 0 255 58 58 0 260 53 53 0 259 54 54 0 258 58 58 0 263 58 58 0 262 54 54 0 261 59 59 0 266 55 55 0 265 56 56 0 264 60 60 0 269 60 60 0 268 56 56 0 267 61 61 0 272 56 56 0 271 57 57 0 270 61 61 0 275 61 61 0 274 57 57 0 273 62 62 0 278 57 57 0 277 58 58 0 276 62 62 0 281 62 62 0 280 58 58 0 279 63 63 0 284 58 58 0 283 59 59 0 282 63 63 0 287 63 63 0 286 59 59 0 285 64 64 0 290 60 60 0 289 61 61 0 288 65 65 0 293 65 65 0 292 61 61 0 291 66 66 0 296 61 61 0 295 62 62 0 294 66 66 0 299 66 66 0 298 62 62 0 297 67 67 0 302 62 62 0 301 63 63 0 300 67 67 0 305 67 67 0 304 63 63 0 303 68 68 0 308 63 63 0 307 64 64 0 306 68 68 0 311 68 68 0 310 64 64 0 309 69 69 0 314 65 65 0 313 66 66 0 312 70 70 0 317 70 70 0 316 66 66 0 315 71 71 0 320 66 66 0 319 67 67 0 318 71 71 0 323 71 71 0 322 67 67 0 321 72 72 0 326 67 67 0 325 68 68 0 324 72 72 0 329 72 72 0 328 68 68 0 327 73 73 0 332 68 68 0 331 69 69 0 330 73 73 0 335 73 73 0 334 69 69 0 333 74 74 0 338 70 70 0 337 71 71 0 336 75 75 0 341 75 75 0 340 71 71 0 339 76 76 0 344 71 71 0 343 72 72 0 342 76 76 0 347 76 76 0 346 72 72 0 345 77 77 0 350 72 72 0 349 73 73 0 348 77 77 0 353 77 77 0 352 73 73 0 351 78 78 0 356 73 73 0 355 74 74 0 354 78 78 0 359 78 78 0 358 74 74 0 357 79 79 0 362 75 75 0 361 76 76 0 360 80 80 0 365 80 80 0 364 76 76 0 363 81 81 0 368 76 76 0 367 77 77 0 366 81 81 0 371 81 81 0 370 77 77 0 369 82 82 0 374 77 77 0 373 78 78 0 372 82 82 0 377 82 82 0 376 78 78 0 375 83 83 0 380 78 78 0 379 79 79 0 378 83 83 0 383 83 83 0 382 79 79 0 381 84 84 0 386 80 80 0 385 81 81 0 384 85 85 0 389 85 85 0 388 81 81 0 387 86 86 0 392 81 81 0 391 82 82 0 390 86 86 0 395 86 86 0 394 82 82 0 393 87 87 0 398 82 82 0 397 83 83 0 396 87 87 0 401 87 87 0 400 83 83 0 399 88 88 0 404 83 83 0 403 84 84 0 402 88 88 0 407 88 88 0 406 84 84 0 405 89 89 0 410 85 85 0 409 86 86 0 408 90 90 0 413 90 90 0 412 86 86 0 411 91 91 0 416 86 86 0 415 87 87 0 414 91 91 0 419 91 91 0 418 87 87 0 417 92 92 0 422 87 87 0 421 88 88 0 420 92 92 0 425 92 92 0 424 88 88 0 423 93 93 0 428 88 88 0 427 89 89 0 426 93 93 0 431 93 93 0 430 89 89 0 429 94 94 0 434 90 90 0 433 91 91 0 432 95 95 0 437 95 95 0 436 91 91 0 435 96 96 0 440 91 91 0 439 92 92 0 438 96 96 0 443 96 96 0 442 92 92 0 441 97 97 0 446 92 92 0 445 93 93 0 444 97 97 0 449 97 97 0 448 93 93 0 447 98 98 0 452 93 93 0 451 94 94 0 450 98 98 0 455 98 98 0 454 94 94 0 453 99 99 0 458 95 95 0 457 96 96 0 456 2 100 0 461 2 100 0 460 96 96 0 459 1 101 0 464 96 96 0 463 97 97 0 462 1 101 0 467 1 101 0 466 97 97 0 465 4 102 0 470 97 97 0 469 98 98 0 468 4 102 0 473 4 102 0 472 98 98 0 471 6 103 0 476 98 98 0 475 99 99 0 474 6 103 0 479 6 103 0 478 99 99 0 477 8 104 0 482 102 107 0 481 101 106 0 480 100 105 0 485 100 105 0 484 101 109 0 483 103 108 0 488 103 108 0 487 101 111 0 486 104 110 0 491 104 110 0 490 101 113 0 489 105 112 0 494 105 112 0 493 101 115 0 492 106 114 0 497 106 114 0 496 101 117 0 495 107 116 0 500 107 116 0 499 101 119 0 498 108 118 0 503 108 118 0 502 101 121 0 501 109 120 0 506 109 120 0 505 101 123 0 504 110 122 0 509 110 122 0 508 101 125 0 507 111 124 0 512 111 124 0 511 101 127 0 510 112 126 0 515 112 126 0 514 101 129 0 513 113 128 0 518 113 128 0 517 101 131 0 516 114 130 0 521 114 130 0 520 101 133 0 519 115 132 0 524 115 132 0 523 101 135 0 522 116 134 0 527 116 134 0 526 101 137 0 525 117 136 0 530 117 136 0 529 101 139 0 528 118 138 0 533 118 138 0 532 101 141 0 531 119 140 0 536 119 140 0 535 101 143 0 534 120 142 0 539 120 142 0 538 101 145 0 537 102 144 0 542 122 39 0 541 121 34 0 540 108 118 0 545 108 118 0 544 121 34 0 543 107 116 0 548 121 34 0 547 123 29 0 546 107 116 0 551 107 116 0 550 123 29 0 549 106 114 0 554 123 29 0 553 124 24 0 552 106 114 0 557 106 114 0 556 124 24 0 555 105 112 0 560 124 24 0 559 125 19 0 558 105 112 0 563 105 112 0 562 125 19 0 561 104 110 0 566 125 19 0 565 126 14 0 564 104 110 0 569 104 110 0 568 126 14 0 567 103 108 0 572 126 14 0 571 127 9 0 570 103 108 0 575 103 108 0 574 127 9 0 573 100 105 0 578 127 9 0 577 128 8 0 576 100 105 0 581 100 105 0 580 128 8 0 579 102 107 0 584 108 118 0 583 109 120 0 582 122 39 0 587 122 39 0 586 109 120 0 585 129 44 0 590 109 120 0 589 110 122 0 588 129 44 0 593 129 44 0 592 110 122 0 591 130 49 0 596 110 122 0 595 111 124 0 594 130 49 0 599 130 49 0 598 111 124 0 597 131 54 0 602 111 124 0 601 112 126 0 600 131 54 0 605 131 54 0 604 112 126 0 603 132 59 0 608 112 126 0 607 113 128 0 606 132 59 0 611 132 59 0 610 113 128 0 609 133 64 0 614 113 128 0 613 114 130 0 612 133 64 0 617 133 64 0 616 114 130 0 615 134 69 0 620 114 130 0 619 115 132 0 618 134 69 0 623 134 69 0 622 115 132 0 621 135 74 0 626 115 132 0 625 116 134 0 624 135 74 0 629 135 74 0 628 116 134 0 627 136 79 0 632 116 134 0 631 117 136 0 630 136 79 0 635 136 79 0 634 117 136 0 633 137 84 0 638 117 136 0 637 118 138 0 636 137 84 0 641 137 84 0 640 118 138 0 639 138 89 0 644 118 138 0 643 119 140 0 642 138 89 0 647 138 89 0 646 119 140 0 645 139 94 0 650 119 140 0 649 120 142 0 648 139 94 0 653 139 94 0 652 120 142 0 651 140 99 0 656 120 142 0 655 102 144 0 654 140 99 0 659 140 99 0 658 102 144 0 657 128 104 0</p>
                </triangles>
            </mesh>
        </geometry>
        <geometry id="skay_ref_0-geometry" name="skay_ref_0">
            <mesh>
                <source id="skay_ref_0-geometry-POSITION">
                    <float_array id="skay_ref_0-geometry-POSITION-array" count="1620">11016.31 -154.4048 16692.55 14870.16 -3244.574 11860.95 15635.41 -154.4048 12471.34 10477.13 -3244.574 15875.56 14870.16 -3244.574 11860.95 11016.31 -154.4048 16692.55 10477.13 -3244.574 15875.56 12649.32 -6032.258 10089.52 14870.16 -3244.574 11860.95 8912.379 -6032.258 13504.56 12649.32 -6032.258 10089.52 10477.13 -3244.574 15875.56 8912.379 -6032.258 13504.56 9190.265 -8244.574 7330.467 12649.32 -6032.258 10089.52 6475.222 -8244.574 9811.637 9190.265 -8244.574 7330.467 8912.379 -6032.258 13504.56 6475.222 -8244.574 9811.637 4831.608 -9664.969 3853.855 9190.265 -8244.574 7330.467 3404.226 -9664.969 5158.283 4831.608 -9664.969 3853.855 6475.222 -8244.574 9811.637 15635.41 -154.4048 12471.34 17807.6 -3244.574 6685.296 18724.02 -154.4048 7029.338 14870.16 -3244.574 11860.95 17807.6 -3244.574 6685.296 15635.41 -154.4048 12471.34 14870.16 -3244.574 11860.95 15148.05 -6032.258 5686.854 17807.6 -3244.574 6685.296 12649.32 -6032.258 10089.52 15148.05 -6032.258 5686.854 14870.16 -3244.574 11860.95 12649.32 -6032.258 10089.52 11005.7 -8244.574 4131.741 15148.05 -6032.258 5686.854 9190.265 -8244.574 7330.467 11005.7 -8244.574 4131.741 12649.32 -6032.258 10089.52 9190.265 -8244.574 7330.467 5786.039 -9664.969 2172.185 11005.7 -8244.574 4131.741 4831.608 -9664.969 3853.855 5786.039 -9664.969 2172.185 9190.265 -8244.574 7330.467 18724.02 -154.4048 7029.338 19001.9 -3244.574 855.2459 19979.78 -154.4048 899.2579 17807.6 -3244.574 6685.296 19001.9 -3244.574 855.2459 18724.02 -154.4048 7029.338 17807.6 -3244.574 6685.296 16163.98 -6032.258 727.5145 19001.9 -3244.574 855.2459 15148.05 -6032.258 5686.854 16163.98 -6032.258 727.5145 17807.6 -3244.574 6685.296 15148.05 -6032.258 5686.854 11743.82 -8244.574 528.5708 16163.98 -6032.258 727.5145 11005.7 -8244.574 4131.741 11743.82 -8244.574 528.5708 15148.05 -6032.258 5686.854 11005.7 -8244.574 4131.741 6174.092 -9664.969 277.8862 11743.82 -8244.574 528.5708 5786.039 -9664.969 2172.185 6174.092 -9664.969 277.8862 11005.7 -8244.574 4131.741 19979.78 -154.4048 899.2579 18336.17 -3244.574 -5058.523 19279.79 -154.4048 -5318.846 19001.9 -3244.574 855.2459 18336.17 -3244.574 -5058.523 19979.78 -154.4048 899.2579 19001.9 -3244.574 855.2459 15597.67 -6032.258 -4303.037 18336.17 -3244.574 -5058.523 16163.98 -6032.258 727.5145 15597.67 -6032.258 -4303.037 19001.9 -3244.574 855.2459 16163.98 -6032.258 727.5145 11332.37 -8244.574 -3126.339 15597.67 -6032.258 -4303.037 11743.82 -8244.574 528.5708 11332.37 -8244.574 -3126.339 16163.98 -6032.258 727.5145 11743.82 -8244.574 528.5708 5957.782 -9664.969 -1643.614 11332.37 -8244.574 -3126.339 6174.092 -9664.969 277.8862 5957.782 -9664.969 -1643.614 11743.82 -8244.574 528.5708 19279.79 -154.4048 -5318.846 15875.56 -3244.574 -10477.13 16692.55 -154.4048 -11016.3 18336.17 -3244.574 -5058.523 15875.56 -3244.574 -10477.13 19279.79 -154.4048 -5318.846 18336.17 -3244.574 -5058.523 13504.56 -6032.258 -8912.378 15875.56 -3244.574 -10477.13 15597.67 -6032.258 -4303.037 13504.56 -6032.258 -8912.378 18336.17 -3244.574 -5058.523 15597.67 -6032.258 -4303.037 9811.636 -8244.574 -6475.221 13504.56 -6032.258 -8912.378 11332.37 -8244.574 -3126.339 9811.636 -8244.574 -6475.221 15597.67 -6032.258 -4303.037 11332.37 -8244.574 -3126.339 5158.282 -9664.969 -3404.225 9811.636 -8244.574 -6475.221 5957.782 -9664.969 -1643.614 5158.282 -9664.969 -3404.225 11332.37 -8244.574 -3126.339 16692.55 -154.4048 -11016.3 11860.94 -3244.574 -14870.16 12471.34 -154.4048 -15635.41 15875.56 -3244.574 -10477.13 11860.94 -3244.574 -14870.16 16692.55 -154.4048 -11016.3 15875.56 -3244.574 -10477.13 10089.52 -6032.258 -12649.31 11860.94 -3244.574 -14870.16 13504.56 -6032.258 -8912.378 10089.52 -6032.258 -12649.31 15875.56 -3244.574 -10477.13 13504.56 -6032.258 -8912.378 7330.467 -8244.574 -9190.264 10089.52 -6032.258 -12649.31 9811.636 -8244.574 -6475.221 7330.467 -8244.574 -9190.264 13504.56 -6032.258 -8912.378 9811.636 -8244.574 -6475.221 3853.854 -9664.969 -4831.607 7330.467 -8244.574 -9190.264 5158.282 -9664.969 -3404.225 3853.854 -9664.969 -4831.607 9811.636 -8244.574 -6475.221 12471.34 -154.4048 -15635.41 6685.297 -3244.574 -17807.6 7029.336 -154.4048 -18724.01 11860.94 -3244.574 -14870.16 6685.297 -3244.574 -17807.6 12471.34 -154.4048 -15635.41 11860.94 -3244.574 -14870.16 5686.853 -6032.258 -15148.04 6685.297 -3244.574 -17807.6 10089.52 -6032.258 -12649.31 5686.853 -6032.258 -15148.04 11860.94 -3244.574 -14870.16 10089.52 -6032.258 -12649.31 4131.741 -8244.574 -11005.7 5686.853 -6032.258 -15148.04 7330.467 -8244.574 -9190.264 4131.741 -8244.574 -11005.7 10089.52 -6032.258 -12649.31 7330.467 -8244.574 -9190.264 2172.184 -9664.969 -5786.038 4131.741 -8244.574 -11005.7 3853.854 -9664.969 -4831.607 2172.184 -9664.969 -5786.038 7330.467 -8244.574 -9190.264 7029.336 -154.4048 -18724.01 855.2456 -3244.574 -19001.9 899.2584 -154.4048 -19979.78 6685.297 -3244.574 -17807.6 855.2456 -3244.574 -19001.9 7029.336 -154.4048 -18724.01 6685.297 -3244.574 -17807.6 727.5156 -6032.258 -16163.98 855.2456 -3244.574 -19001.9 5686.853 -6032.258 -15148.04 727.5156 -6032.258 -16163.98 6685.297 -3244.574 -17807.6 5686.853 -6032.258 -15148.04 528.571 -8244.574 -11743.82 727.5156 -6032.258 -16163.98 4131.741 -8244.574 -11005.7 528.571 -8244.574 -11743.82 5686.853 -6032.258 -15148.04 4131.741 -8244.574 -11005.7 277.8865 -9664.969 -6174.091 528.571 -8244.574 -11743.82 2172.184 -9664.969 -5786.038 277.8865 -9664.969 -6174.091 4131.741 -8244.574 -11005.7 899.2584 -154.4048 -19979.78 -5058.522 -3244.574 -18336.16 -5318.845 -154.4048 -19279.78 855.2456 -3244.574 -19001.9 -5058.522 -3244.574 -18336.16 899.2584 -154.4048 -19979.78 855.2456 -3244.574 -19001.9 -4303.036 -6032.258 -15597.67 -5058.522 -3244.574 -18336.16 727.5156 -6032.258 -16163.98 -4303.036 -6032.258 -15597.67 855.2456 -3244.574 -19001.9 727.5156 -6032.258 -16163.98 -3126.339 -8244.574 -11332.37 -4303.036 -6032.258 -15597.67 528.571 -8244.574 -11743.82 -3126.339 -8244.574 -11332.37 727.5156 -6032.258 -16163.98 528.571 -8244.574 -11743.82 -1643.614 -9664.969 -5957.781 -3126.339 -8244.574 -11332.37 277.8865 -9664.969 -6174.091 -1643.614 -9664.969 -5957.781 528.571 -8244.574 -11743.82 -5318.845 -154.4048 -19279.78 -10477.13 -3244.574 -15875.56 -11016.3 -154.4048 -16692.55 -5058.522 -3244.574 -18336.16 -10477.13 -3244.574 -15875.56 -5318.845 -154.4048 -19279.78 -5058.522 -3244.574 -18336.16 -8912.376 -6032.258 -13504.56 -10477.13 -3244.574 -15875.56 -4303.036 -6032.258 -15597.67 -8912.376 -6032.258 -13504.56 -5058.522 -3244.574 -18336.16 -4303.036 -6032.258 -15597.67 -6475.221 -8244.574 -9811.636 -8912.376 -6032.258 -13504.56 -3126.339 -8244.574 -11332.37 -6475.221 -8244.574 -9811.636 -4303.036 -6032.258 -15597.67 -3126.339 -8244.574 -11332.37 -3404.225 -9664.969 -5158.282 -6475.221 -8244.574 -9811.636 -1643.614 -9664.969 -5957.781 -3404.225 -9664.969 -5158.282 -3126.339 -8244.574 -11332.37 -11016.3 -154.4048 -16692.55 -14870.16 -3244.574 -11860.94 -15635.41 -154.4048 -12471.33 -10477.13 -3244.574 -15875.56 -14870.16 -3244.574 -11860.94 -11016.3 -154.4048 -16692.55 -10477.13 -3244.574 -15875.56 -12649.31 -6032.258 -10089.52 -14870.16 -3244.574 -11860.94 -8912.376 -6032.258 -13504.56 -12649.31 -6032.258 -10089.52 -10477.13 -3244.574 -15875.56 -8912.376 -6032.258 -13504.56 -9190.263 -8244.574 -7330.466 -12649.31 -6032.258 -10089.52 -6475.221 -8244.574 -9811.636 -9190.263 -8244.574 -7330.466 -8912.376 -6032.258 -13504.56 -6475.221 -8244.574 -9811.636 -4831.607 -9664.969 -3853.854 -9190.263 -8244.574 -7330.466 -3404.225 -9664.969 -5158.282 -4831.607 -9664.969 -3853.854 -6475.221 -8244.574 -9811.636 -15635.41 -154.4048 -12471.33 -17807.59 -3244.574 -6685.297 -18724.01 -154.4048 -7029.336 -14870.16 -3244.574 -11860.94 -17807.59 -3244.574 -6685.297 -15635.41 -154.4048 -12471.33 -14870.16 -3244.574 -11860.94 -15148.04 -6032.258 -5686.853 -17807.59 -3244.574 -6685.297 -12649.31 -6032.258 -10089.52 -15148.04 -6032.258 -5686.853 -14870.16 -3244.574 -11860.94 -12649.31 -6032.258 -10089.52 -11005.7 -8244.574 -4131.74 -15148.04 -6032.258 -5686.853 -9190.263 -8244.574 -7330.466 -11005.7 -8244.574 -4131.74 -12649.31 -6032.258 -10089.52 -9190.263 -8244.574 -7330.466 -5786.038 -9664.969 -2172.184 -11005.7 -8244.574 -4131.74 -4831.607 -9664.969 -3853.854 -5786.038 -9664.969 -2172.184 -9190.263 -8244.574 -7330.466 -18724.01 -154.4048 -7029.336 -19001.9 -3244.574 -855.2451 -19979.78 -154.4048 -899.2587 -17807.59 -3244.574 -6685.297 -19001.9 -3244.574 -855.2451 -18724.01 -154.4048 -7029.336 -17807.59 -3244.574 -6685.297 -16163.98 -6032.258 -727.515 -19001.9 -3244.574 -855.2451 -15148.04 -6032.258 -5686.853 -16163.98 -6032.258 -727.515 -17807.59 -3244.574 -6685.297 -15148.04 -6032.258 -5686.853 -11743.82 -8244.574 -528.5708 -16163.98 -6032.258 -727.515 -11005.7 -8244.574 -4131.74 -11743.82 -8244.574 -528.5708 -15148.04 -6032.258 -5686.853 -11005.7 -8244.574 -4131.74 -6174.091 -9664.969 -277.8861 -11743.82 -8244.574 -528.5708 -5786.038 -9664.969 -2172.184 -6174.091 -9664.969 -277.8861 -11005.7 -8244.574 -4131.74 -19979.78 -154.4048 -899.2587 -18336.16 -3244.574 5058.521 -19279.78 -154.4048 5318.845 -19001.9 -3244.574 -855.2451 -18336.16 -3244.574 5058.521 -19979.78 -154.4048 -899.2587 -19001.9 -3244.574 -855.2451 -15597.67 -6032.258 4303.036 -18336.16 -3244.574 5058.521 -16163.98 -6032.258 -727.515 -15597.67 -6032.258 4303.036 -19001.9 -3244.574 -855.2451 -16163.98 -6032.258 -727.515 -11332.37 -8244.574 3126.338 -15597.67 -6032.258 4303.036 -11743.82 -8244.574 -528.5708 -11332.37 -8244.574 3126.338 -16163.98 -6032.258 -727.515 -11743.82 -8244.574 -528.5708 -5957.78 -9664.969 1643.614 -11332.37 -8244.574 3126.338 -6174.091 -9664.969 -277.8861 -5957.78 -9664.969 1643.614 -11743.82 -8244.574 -528.5708 -19279.78 -154.4048 5318.845 -15875.56 -3244.574 10477.13 -16692.55 -154.4048 11016.3 -18336.16 -3244.574 5058.521 -15875.56 -3244.574 10477.13 -19279.78 -154.4048 5318.845 -18336.16 -3244.574 5058.521 -13504.55 -6032.258 8912.375 -15875.56 -3244.574 10477.13 -15597.67 -6032.258 4303.036 -13504.55 -6032.258 8912.375 -18336.16 -3244.574 5058.521 -15597.67 -6032.258 4303.036 -9811.634 -8244.574 6475.22 -13504.55 -6032.258 8912.375 -11332.37 -8244.574 3126.338 -9811.634 -8244.574 6475.22 -15597.67 -6032.258 4303.036 -11332.37 -8244.574 3126.338 -5158.281 -9664.969 3404.225 -9811.634 -8244.574 6475.22 -5957.78 -9664.969 1643.614 -5158.281 -9664.969 3404.225 -11332.37 -8244.574 3126.338 -16692.55 -154.4048 11016.3 -11860.94 -3244.574 14870.16 -12471.33 -154.4048 15635.41 -15875.56 -3244.574 10477.13 -11860.94 -3244.574 14870.16 -16692.55 -154.4048 11016.3 -15875.56 -3244.574 10477.13 -10089.52 -6032.258 12649.31 -11860.94 -3244.574 14870.16 -13504.55 -6032.258 8912.375 -10089.52 -6032.258 12649.31 -15875.56 -3244.574 10477.13 -13504.55 -6032.258 8912.375 -7330.465 -8244.574 9190.261 -10089.52 -6032.258 12649.31 -9811.634 -8244.574 6475.22 -7330.465 -8244.574 9190.261 -13504.55 -6032.258 8912.375 -9811.634 -8244.574 6475.22 -3853.854 -9664.969 4831.606 -7330.465 -8244.574 9190.261 -5158.281 -9664.969 3404.225 -3853.854 -9664.969 4831.606 -9811.634 -8244.574 6475.22 -12471.33 -154.4048 15635.41 -6685.295 -3244.574 17807.59 -7029.336 -154.4048 18724.01 -11860.94 -3244.574 14870.16 -6685.295 -3244.574 17807.59 -12471.33 -154.4048 15635.41 -11860.94 -3244.574 14870.16 -5686.853 -6032.258 15148.04 -6685.295 -3244.574 17807.59 -10089.52 -6032.258 12649.31 -5686.853 -6032.258 15148.04 -11860.94 -3244.574 14870.16 -10089.52 -6032.258 12649.31 -4131.74 -8244.574 11005.7 -5686.853 -6032.258 15148.04 -7330.465 -8244.574 9190.261 -4131.74 -8244.574 11005.7 -10089.52 -6032.258 12649.31 -7330.465 -8244.574 9190.261 -2172.184 -9664.969 5786.037 -4131.74 -8244.574 11005.7 -3853.854 -9664.969 4831.606 -2172.184 -9664.969 5786.037 -7330.465 -8244.574 9190.261 -7029.336 -154.4048 18724.01 -855.2448 -3244.574 19001.9 -899.2581 -154.4048 19979.77 -6685.295 -3244.574 17807.59 -855.2448 -3244.574 19001.9 -7029.336 -154.4048 18724.01 -6685.295 -3244.574 17807.59 -727.5153 -6032.258 16163.98 -855.2448 -3244.574 19001.9 -5686.853 -6032.258 15148.04 -727.5153 -6032.258 16163.98 -6685.295 -3244.574 17807.59 -5686.853 -6032.258 15148.04 -528.5705 -8244.574 11743.82 -727.5153 -6032.258 16163.98 -4131.74 -8244.574 11005.7 -528.5705 -8244.574 11743.82 -5686.853 -6032.258 15148.04 -4131.74 -8244.574 11005.7 -277.886 -9664.969 6174.089 -528.5705 -8244.574 11743.82 -2172.184 -9664.969 5786.037 -277.886 -9664.969 6174.089 -4131.74 -8244.574 11005.7 -899.2581 -154.4048 19979.77 5058.521 -3244.574 18336.16 5318.845 -154.4048 19279.78 -855.2448 -3244.574 19001.9 5058.521 -3244.574 18336.16 -899.2581 -154.4048 19979.77 -855.2448 -3244.574 19001.9 4303.036 -6032.258 15597.67 5058.521 -3244.574 18336.16 -727.5153 -6032.258 16163.98 4303.036 -6032.258 15597.67 -855.2448 -3244.574 19001.9 -727.5153 -6032.258 16163.98 3126.338 -8244.574 11332.37 4303.036 -6032.258 15597.67 -528.5705 -8244.574 11743.82 3126.338 -8244.574 11332.37 -727.5153 -6032.258 16163.98 -528.5705 -8244.574 11743.82 1643.613 -9664.969 5957.779 3126.338 -8244.574 11332.37 -277.886 -9664.969 6174.089 1643.613 -9664.969 5957.779 -528.5705 -8244.574 11743.82 5318.845 -154.4048 19279.78 10477.13 -3244.574 15875.56 11016.31 -154.4048 16692.55 5058.521 -3244.574 18336.16 10477.13 -3244.574 15875.56 5318.845 -154.4048 19279.78 5058.521 -3244.574 18336.16 8912.379 -6032.258 13504.56 10477.13 -3244.574 15875.56 4303.036 -6032.258 15597.67 8912.379 -6032.258 13504.56 5058.521 -3244.574 18336.16 4303.036 -6032.258 15597.67 6475.222 -8244.574 9811.637 8912.379 -6032.258 13504.56 3126.338 -8244.574 11332.37 6475.222 -8244.574 9811.637 4303.036 -6032.258 15597.67 3126.338 -8244.574 11332.37 3404.226 -9664.969 5158.283 6475.222 -8244.574 9811.637 1643.613 -9664.969 5957.779 3404.226 -9664.969 5158.283 3126.338 -8244.574 11332.37 -1.180507E-12 -10154.4 3.256745E-13 4831.608 -9664.969 3853.855 3404.226 -9664.969 5158.283 -1.180507E-12 -10154.4 3.256745E-13 5786.039 -9664.969 2172.185 4831.608 -9664.969 3853.855 -1.180507E-12 -10154.4 3.256745E-13 6174.092 -9664.969 277.8862 5786.039 -9664.969 2172.185 -1.180507E-12 -10154.4 3.256745E-13 5957.782 -9664.969 -1643.614 6174.092 -9664.969 277.8862 -1.180507E-12 -10154.4 3.256745E-13 5158.282 -9664.969 -3404.225 5957.782 -9664.969 -1643.614 -1.180507E-12 -10154.4 3.256745E-13 3853.854 -9664.969 -4831.607 5158.282 -9664.969 -3404.225 -1.180507E-12 -10154.4 3.256745E-13 2172.184 -9664.969 -5786.038 3853.854 -9664.969 -4831.607 -1.180507E-12 -10154.4 3.256745E-13 277.8865 -9664.969 -6174.091 2172.184 -9664.969 -5786.038 -1.180507E-12 -10154.4 3.256745E-13 -1643.614 -9664.969 -5957.781 277.8865 -9664.969 -6174.091 -1.180507E-12 -10154.4 3.256745E-13 -3404.225 -9664.969 -5158.282 -1643.614 -9664.969 -5957.781 -1.180507E-12 -10154.4 3.256745E-13 -4831.607 -9664.969 -3853.854 -3404.225 -9664.969 -5158.282 -1.180507E-12 -10154.4 3.256745E-13 -5786.038 -9664.969 -2172.184 -4831.607 -9664.969 -3853.854 -1.180507E-12 -10154.4 3.256745E-13 -6174.091 -9664.969 -277.8861 -5786.038 -9664.969 -2172.184 -1.180507E-12 -10154.4 3.256745E-13 -5957.78 -9664.969 1643.614 -6174.091 -9664.969 -277.8861 -1.180507E-12 -10154.4 3.256745E-13 -5158.281 -9664.969 3404.225 -5957.78 -9664.969 1643.614 -1.180507E-12 -10154.4 3.256745E-13 -3853.854 -9664.969 4831.606 -5158.281 -9664.969 3404.225 -1.180507E-12 -10154.4 3.256745E-13 -2172.184 -9664.969 5786.037 -3853.854 -9664.969 4831.606 -1.180507E-12 -10154.4 3.256745E-13 -277.886 -9664.969 6174.089 -2172.184 -9664.969 5786.037 -1.180507E-12 -10154.4 3.256745E-13 1643.613 -9664.969 5957.779 -277.886 -9664.969 6174.089 -1.180507E-12 -10154.4 3.256745E-13 3404.226 -9664.969 5158.283 1643.613 -9664.969 5957.779</float_array>
                    <technique_common>
                        <accessor count="540" offset="0" source="skay_ref_0-geometry-POSITION-array" stride="3">
                            <param name="X" type="float" />
                            <param name="Y" type="float" />
                            <param name="Z" type="float" />
                        </accessor>
                    </technique_common>
                </source>
                <source id="skay_ref_0-geometry-NORMAL">
                    <float_array id="skay_ref_0-geometry-NORMAL-array" count="303">-0.5250992 0.3019806 -0.7956623 -0.6658879 0.5239171 -0.5311347 -0.7452726 0.3019807 -0.5944546 -0.4691668 0.5239172 -0.7109102 -0.4539311 0.8141569 -0.3620707 -0.3198276 0.8141569 -0.4846223 -0.2728044 0.9371386 -0.217598 -0.1922107 0.9371386 -0.2912494 -0.1278001 0.9865474 -0.1019378 -0.09004451 0.9865474 -0.1364411 -0.7974268 0.5239171 -0.2993684 -0.892493 0.3019806 -0.3350581 -0.5436001 0.8141568 -0.2040773 -0.326694 0.9371386 -0.1226468 -0.1530457 0.9865474 -0.05745615 -0.8509078 0.5239171 -0.03829787 -0.95235 0.3019806 -0.04286359 -0.5800578 0.8141568 -0.02610739 -0.3486044 0.9371386 -0.01569006 -0.16331 0.9865474 -0.007350308 -0.8210962 0.523917 0.2265215 -0.9189842 0.3019804 0.2535267 -0.5597354 0.8141568 0.154418 -0.3363909 0.9371386 0.09280251 -0.1575884 0.9865474 0.043475 -0.71091 0.523917 0.4691674 -0.795662 0.3019803 0.5250998 -0.4846222 0.8141568 0.319828 -0.2912493 0.9371386 0.1922109 -0.136441 0.9865474 0.0900447 -0.5311348 0.523917 0.665888 -0.5944548 0.3019802 0.7452727 -0.3620707 0.8141568 0.453931 -0.2175981 0.9371386 0.2728044 -0.1019378 0.9865474 0.1278002 -0.2993686 0.5239169 0.7974268 -0.3350582 0.30198 0.8924931 -0.2040774 0.8141569 0.5436 -0.1226468 0.9371386 0.3266939 -0.05745607 0.9865474 0.1530457 -0.03829795 0.5239169 0.850908 -0.0428637 0.30198 0.9523501 -0.02610742 0.8141569 0.5800577 -0.01569009 0.9371386 0.3486044 -0.007350277 0.9865474 0.16331 0.2265214 0.5239169 0.8210963 0.2535266 0.30198 0.9189844 0.1544181 0.8141568 0.5597355 0.09280247 0.9371386 0.336391 0.04347492 0.9865474 0.1575885 0.4691673 0.523917 0.7109101 0.5250998 0.3019799 0.7956622 0.3198279 0.8141569 0.4846222 0.1922109 0.9371386 0.2912493 0.09004464 0.9865474 0.1364411 0.665888 0.523917 0.5311348 0.7452728 0.30198 0.5944548 0.453931 0.8141569 0.3620707 0.2728045 0.9371386 0.2175981 0.1278002 0.9865474 0.1019378 0.7974268 0.523917 0.2993685 0.8924932 0.3019801 0.3350581 0.5436001 0.8141569 0.2040773 0.326694 0.9371386 0.1226469 0.1530456 0.9865474 0.05745621 0.8509079 0.5239169 0.03829785 0.9523501 0.3019802 0.04286357 0.5800577 0.8141569 0.0261074 0.3486044 0.9371386 0.01569013 0.16331 0.9865474 0.007350363 0.8210962 0.523917 -0.2265216 0.9189843 0.3019803 -0.2535266 0.5597354 0.8141568 -0.1544181 0.336391 0.9371386 -0.09280254 0.1575886 0.9865474 -0.04347508 0.71091 0.5239169 -0.4691674 0.795662 0.3019802 -0.5250998 0.4846222 0.8141568 -0.3198281 0.2912493 0.9371386 -0.192211 0.1364411 0.9865474 -0.09004474 0.5311349 0.5239168 -0.6658881 0.5944548 0.30198 -0.7452728 0.3620709 0.8141568 -0.4539311 0.2175982 0.9371386 -0.2728045 0.1019378 0.9865474 -0.1278002 0.2993686 0.5239168 -0.7974269 0.3350582 0.30198 -0.8924932 0.2040774 0.8141568 -0.5436001 0.1226468 0.9371386 -0.326694 0.05745614 0.9865474 -0.1530457 0.03829787 0.5239168 -0.850908 0.04286359 0.30198 -0.9523501 0.02610741 0.8141568 -0.5800578 0.0156901 0.9371386 -0.3486044 0.007350272 0.9865474 -0.1633101 -0.2265209 0.523917 -0.8210964 -0.2535258 0.3019802 -0.9189845 -0.1544176 0.8141568 -0.5597355 -0.09280221 0.9371386 -0.3363912 -0.04347491 0.9865474 -0.1575885 5.96216E-09 1 2.33409E-09</float_array>
                    <technique_common>
                        <accessor count="101" offset="0" source="skay_ref_0-geometry-NORMAL-array" stride="3">
                            <param name="X" type="float" />
                            <param name="Y" type="float" />
                            <param name="Z" type="float" />
                        </accessor>
                    </technique_common>
                </source>
                <source id="skay_ref_0-geometry-TEXCOORD">
                    <float_array id="skay_ref_0-geometry-TEXCOORD-array" count="250">0 0.00181067 0.05 0.2 0.05 0.00181067 0 0.2 0.05 0.4000001 0 0.4000001 0.05 0.6000001 0 0.6000001 0.05 0.8000002 0 0.8000002 0.1 0.2 0.1 0.00181067 0.1 0.4000001 0.1 0.6000001 0.1 0.8000002 0.15 0.2 0.15 0.00181067 0.15 0.4000001 0.15 0.6000001 0.15 0.8000002 0.2 0.2 0.2 0.00181067 0.2 0.4000001 0.2 0.6000001 0.2 0.8000002 0.25 0.2 0.25 0.00181067 0.25 0.4000001 0.25 0.6000001 0.25 0.8000002 0.3 0.2 0.3 0.00181067 0.3 0.4000001 0.3 0.6000001 0.3 0.8000002 0.35 0.2 0.35 0.00181067 0.35 0.4000001 0.35 0.6000001 0.35 0.8000002 0.4 0.2 0.4 0.00181067 0.4 0.4000001 0.4 0.6000001 0.4 0.8000002 0.45 0.2 0.45 0.00181067 0.45 0.4000001 0.45 0.6000001 0.45 0.8000002 0.5000001 0.2 0.5000001 0.00181067 0.5000001 0.4000001 0.5000001 0.6000001 0.5000001 0.8000002 0.5500001 0.2 0.5500001 0.00181067 0.5500001 0.4000001 0.5500001 0.6000001 0.5500001 0.8000002 0.6000001 0.2 0.6000001 0.00181067 0.6000001 0.4000001 0.6000001 0.6000001 0.6000001 0.8000002 0.6500001 0.2 0.6500001 0.00181067 0.6500001 0.4000001 0.6500001 0.6000001 0.6500001 0.8000002 0.7000001 0.2 0.7000001 0.00181067 0.7000001 0.4000001 0.7000001 0.6000001 0.7000001 0.8000002 0.7500001 0.2 0.7500001 0.00181067 0.7500001 0.4000001 0.7500001 0.6000001 0.7500001 0.8000002 0.8000001 0.2 0.8000001 0.00181067 0.8000001 0.4000001 0.8000001 0.6000001 0.8000001 0.8000002 0.8500001 0.2 0.8500001 0.00181067 0.8500001 0.4000001 0.8500001 0.6000001 0.8500001 0.8000002 0.9000002 0.2 0.9000002 0.00181067 0.9000002 0.4000001 0.9000002 0.6000001 0.9000002 0.8000002 0.9500002 0.2 0.9500002 0.00181067 0.9500002 0.4000001 0.9500002 0.6000001 0.9500002 0.8000002 1 0.2 1 0.00181067 1 0.4000001 1 0.6000001 1 0.8000002 0.025 0.9950241 0.075 0.9950241 0.125 0.9950241 0.175 0.9950241 0.225 0.9950241 0.275 0.9950241 0.325 0.9950241 0.375 0.9950241 0.425 0.9950241 0.475 0.9950241 0.525 0.9950241 0.575 0.9950241 0.625 0.9950241 0.675 0.9950241 0.725 0.9950241 0.775 0.9950241 0.825 0.9950241 0.875 0.9950241 0.925 0.9950241 0.975 0.9950241</float_array>
                    <technique_common>
                        <accessor count="125" offset="0" source="skay_ref_0-geometry-TEXCOORD-array" stride="2">
                            <param name="S" type="float" />
                            <param name="T" type="float" />
                        </accessor>
                    </technique_common>
                </source>
                <source id="skay_ref_0-geometry-COLOR">
                    <float_array id="skay_ref_0-geometry-COLOR-array" count="4">1 1 1 1</float_array>
                    <technique_common>
                        <accessor count="1" offset="0" source="skay_ref_0-geometry-COLOR-array" stride="4">
                            <param name="R" type="double" />
                            <param name="G" type="double" />
                            <param name="B" type="double" />
                            <param name="A" type="double" />
                        </accessor>
                    </technique_common>
                </source>
                <vertices id="skay_ref_0-vertices">
                    <input semantic="POSITION" source="#skay_ref_0-geometry-POSITION" />
                </vertices>
                <triangles count="180" material="skay:mirr_lambert_sky">
                    <input semantic="VERTEX" source="#skay_ref_0-vertices" offset="0" set="0" />
                    <input semantic="NORMAL" source="#skay_ref_0-geometry-NORMAL" offset="1" set="0" />
                    <input semantic="TEXCOORD" source="#skay_ref_0-geometry-TEXCOORD" offset="2" set="0" />
                    <input semantic="COLOR" source="#skay_ref_0-geometry-COLOR" offset="3" set="0" />
                    <p>2 2 2 0 1 1 1 0 0 0 0 0 5 0 0 0 4 1 1 0 3 3 3 0 8 1 1 0 7 4 4 0 6 3 3 0 11 3 3 0 10 4 4 0 9 5 5 0 14 4 4 0 13 6 6 0 12 5 5 0 17 5 5 0 16 6 6 0 15 7 7 0 20 6 6 0 19 8 8 0 18 7 7 0 23 7 7 0 22 8 8 0 21 9 9 0 26 11 11 0 25 10 10 0 24 2 2 0 29 2 2 0 28 10 10 0 27 1 1 0 32 10 10 0 31 12 12 0 30 1 1 0 35 1 1 0 34 12 12 0 33 4 4 0 38 12 12 0 37 13 13 0 36 4 4 0 41 4 4 0 40 13 13 0 39 6 6 0 44 13 13 0 43 14 14 0 42 6 6 0 47 6 6 0 46 14 14 0 45 8 8 0 50 16 16 0 49 15 15 0 48 11 11 0 53 11 11 0 52 15 15 0 51 10 10 0 56 15 15 0 55 17 17 0 54 10 10 0 59 10 10 0 58 17 17 0 57 12 12 0 62 17 17 0 61 18 18 0 60 12 12 0 65 12 12 0 64 18 18 0 63 13 13 0 68 18 18 0 67 19 19 0 66 13 13 0 71 13 13 0 70 19 19 0 69 14 14 0 74 21 21 0 73 20 20 0 72 16 16 0 77 16 16 0 76 20 20 0 75 15 15 0 80 20 20 0 79 22 22 0 78 15 15 0 83 15 15 0 82 22 22 0 81 17 17 0 86 22 22 0 85 23 23 0 84 17 17 0 89 17 17 0 88 23 23 0 87 18 18 0 92 23 23 0 91 24 24 0 90 18 18 0 95 18 18 0 94 24 24 0 93 19 19 0 98 26 26 0 97 25 25 0 96 21 21 0 101 21 21 0 100 25 25 0 99 20 20 0 104 25 25 0 103 27 27 0 102 20 20 0 107 20 20 0 106 27 27 0 105 22 22 0 110 27 27 0 109 28 28 0 108 22 22 0 113 22 22 0 112 28 28 0 111 23 23 0 116 28 28 0 115 29 29 0 114 23 23 0 119 23 23 0 118 29 29 0 117 24 24 0 122 31 31 0 121 30 30 0 120 26 26 0 125 26 26 0 124 30 30 0 123 25 25 0 128 30 30 0 127 32 32 0 126 25 25 0 131 25 25 0 130 32 32 0 129 27 27 0 134 32 32 0 133 33 33 0 132 27 27 0 137 27 27 0 136 33 33 0 135 28 28 0 140 33 33 0 139 34 34 0 138 28 28 0 143 28 28 0 142 34 34 0 141 29 29 0 146 36 36 0 145 35 35 0 144 31 31 0 149 31 31 0 148 35 35 0 147 30 30 0 152 35 35 0 151 37 37 0 150 30 30 0 155 30 30 0 154 37 37 0 153 32 32 0 158 37 37 0 157 38 38 0 156 32 32 0 161 32 32 0 160 38 38 0 159 33 33 0 164 38 38 0 163 39 39 0 162 33 33 0 167 33 33 0 166 39 39 0 165 34 34 0 170 41 41 0 169 40 40 0 168 36 36 0 173 36 36 0 172 40 40 0 171 35 35 0 176 40 40 0 175 42 42 0 174 35 35 0 179 35 35 0 178 42 42 0 177 37 37 0 182 42 42 0 181 43 43 0 180 37 37 0 185 37 37 0 184 43 43 0 183 38 38 0 188 43 43 0 187 44 44 0 186 38 38 0 191 38 38 0 190 44 44 0 189 39 39 0 194 46 46 0 193 45 45 0 192 41 41 0 197 41 41 0 196 45 45 0 195 40 40 0 200 45 45 0 199 47 47 0 198 40 40 0 203 40 40 0 202 47 47 0 201 42 42 0 206 47 47 0 205 48 48 0 204 42 42 0 209 42 42 0 208 48 48 0 207 43 43 0 212 48 48 0 211 49 49 0 210 43 43 0 215 43 43 0 214 49 49 0 213 44 44 0 218 51 51 0 217 50 50 0 216 46 46 0 221 46 46 0 220 50 50 0 219 45 45 0 224 50 50 0 223 52 52 0 222 45 45 0 227 45 45 0 226 52 52 0 225 47 47 0 230 52 52 0 229 53 53 0 228 47 47 0 233 47 47 0 232 53 53 0 231 48 48 0 236 53 53 0 235 54 54 0 234 48 48 0 239 48 48 0 238 54 54 0 237 49 49 0 242 56 56 0 241 55 55 0 240 51 51 0 245 51 51 0 244 55 55 0 243 50 50 0 248 55 55 0 247 57 57 0 246 50 50 0 251 50 50 0 250 57 57 0 249 52 52 0 254 57 57 0 253 58 58 0 252 52 52 0 257 52 52 0 256 58 58 0 255 53 53 0 260 58 58 0 259 59 59 0 258 53 53 0 263 53 53 0 262 59 59 0 261 54 54 0 266 61 61 0 265 60 60 0 264 56 56 0 269 56 56 0 268 60 60 0 267 55 55 0 272 60 60 0 271 62 62 0 270 55 55 0 275 55 55 0 274 62 62 0 273 57 57 0 278 62 62 0 277 63 63 0 276 57 57 0 281 57 57 0 280 63 63 0 279 58 58 0 284 63 63 0 283 64 64 0 282 58 58 0 287 58 58 0 286 64 64 0 285 59 59 0 290 66 66 0 289 65 65 0 288 61 61 0 293 61 61 0 292 65 65 0 291 60 60 0 296 65 65 0 295 67 67 0 294 60 60 0 299 60 60 0 298 67 67 0 297 62 62 0 302 67 67 0 301 68 68 0 300 62 62 0 305 62 62 0 304 68 68 0 303 63 63 0 308 68 68 0 307 69 69 0 306 63 63 0 311 63 63 0 310 69 69 0 309 64 64 0 314 71 71 0 313 70 70 0 312 66 66 0 317 66 66 0 316 70 70 0 315 65 65 0 320 70 70 0 319 72 72 0 318 65 65 0 323 65 65 0 322 72 72 0 321 67 67 0 326 72 72 0 325 73 73 0 324 67 67 0 329 67 67 0 328 73 73 0 327 68 68 0 332 73 73 0 331 74 74 0 330 68 68 0 335 68 68 0 334 74 74 0 333 69 69 0 338 76 76 0 337 75 75 0 336 71 71 0 341 71 71 0 340 75 75 0 339 70 70 0 344 75 75 0 343 77 77 0 342 70 70 0 347 70 70 0 346 77 77 0 345 72 72 0 350 77 77 0 349 78 78 0 348 72 72 0 353 72 72 0 352 78 78 0 351 73 73 0 356 78 78 0 355 79 79 0 354 73 73 0 359 73 73 0 358 79 79 0 357 74 74 0 362 81 81 0 361 80 80 0 360 76 76 0 365 76 76 0 364 80 80 0 363 75 75 0 368 80 80 0 367 82 82 0 366 75 75 0 371 75 75 0 370 82 82 0 369 77 77 0 374 82 82 0 373 83 83 0 372 77 77 0 377 77 77 0 376 83 83 0 375 78 78 0 380 83 83 0 379 84 84 0 378 78 78 0 383 78 78 0 382 84 84 0 381 79 79 0 386 86 86 0 385 85 85 0 384 81 81 0 389 81 81 0 388 85 85 0 387 80 80 0 392 85 85 0 391 87 87 0 390 80 80 0 395 80 80 0 394 87 87 0 393 82 82 0 398 87 87 0 397 88 88 0 396 82 82 0 401 82 82 0 400 88 88 0 399 83 83 0 404 88 88 0 403 89 89 0 402 83 83 0 407 83 83 0 406 89 89 0 405 84 84 0 410 91 91 0 409 90 90 0 408 86 86 0 413 86 86 0 412 90 90 0 411 85 85 0 416 90 90 0 415 92 92 0 414 85 85 0 419 85 85 0 418 92 92 0 417 87 87 0 422 92 92 0 421 93 93 0 420 87 87 0 425 87 87 0 424 93 93 0 423 88 88 0 428 93 93 0 427 94 94 0 426 88 88 0 431 88 88 0 430 94 94 0 429 89 89 0 434 96 96 0 433 95 95 0 432 91 91 0 437 91 91 0 436 95 95 0 435 90 90 0 440 95 95 0 439 97 97 0 438 90 90 0 443 90 90 0 442 97 97 0 441 92 92 0 446 97 97 0 445 98 98 0 444 92 92 0 449 92 92 0 448 98 98 0 447 93 93 0 452 98 98 0 451 99 99 0 450 93 93 0 455 93 93 0 454 99 99 0 453 94 94 0 458 0 101 0 457 3 100 0 456 96 96 0 461 96 96 0 460 3 100 0 459 95 95 0 464 3 100 0 463 5 102 0 462 95 95 0 467 95 95 0 466 5 102 0 465 97 97 0 470 5 102 0 469 7 103 0 468 97 97 0 473 97 97 0 472 7 103 0 471 98 98 0 476 7 103 0 475 9 104 0 474 98 98 0 479 98 98 0 478 9 104 0 477 99 99 0 482 9 9 0 481 8 8 0 480 100 105 0 485 8 8 0 484 14 14 0 483 100 106 0 488 14 14 0 487 19 19 0 486 100 107 0 491 19 19 0 490 24 24 0 489 100 108 0 494 24 24 0 493 29 29 0 492 100 109 0 497 29 29 0 496 34 34 0 495 100 110 0 500 34 34 0 499 39 39 0 498 100 111 0 503 39 39 0 502 44 44 0 501 100 112 0 506 44 44 0 505 49 49 0 504 100 113 0 509 49 49 0 508 54 54 0 507 100 114 0 512 54 54 0 511 59 59 0 510 100 115 0 515 59 59 0 514 64 64 0 513 100 116 0 518 64 64 0 517 69 69 0 516 100 117 0 521 69 69 0 520 74 74 0 519 100 118 0 524 74 74 0 523 79 79 0 522 100 119 0 527 79 79 0 526 84 84 0 525 100 120 0 530 84 84 0 529 89 89 0 528 100 121 0 533 89 89 0 532 94 94 0 531 100 122 0 536 94 94 0 535 99 99 0 534 100 123 0 539 99 99 0 538 9 104 0 537 100 124 0</p>
                </triangles>
            </mesh>
        </geometry>
        <geometry id="sun1_0-geometry" name="sun1_0">
            <mesh>
                <source id="sun1_0-geometry-POSITION">
                    <float_array id="sun1_0-geometry-POSITION-array" count="630">7320.432 7435.497 -6730.668 7242.152 7454.221 -6770.921 7292.108 7466.833 -6707.053 7278.186 7424.832 -6784.678 7242.152 7454.221 -6770.921 7320.432 7435.497 -6730.668 7278.186 7424.832 -6784.678 7209.065 7427.714 -6841.344 7242.152 7454.221 -6770.921 7250.207 7402.416 -6844.231 7209.065 7427.714 -6841.344 7278.186 7424.832 -6784.678 7250.207 7402.416 -6844.231 7191.805 7391.449 -6912.891 7209.065 7427.714 -6841.344 7235.61 7371.749 -6904.734 7191.805 7391.449 -6912.891 7250.207 7402.416 -6844.231 7235.61 7371.749 -6904.734 7195.214 7348.949 -6976.005 7191.805 7391.449 -6912.891 7238.494 7335.809 -6958.106 7195.214 7348.949 -6976.005 7235.61 7371.749 -6904.734 7238.494 7335.809 -6958.106 7215.276 7301.387 -7032.215 7195.214 7348.949 -6976.005 7255.459 7295.587 -7005.64 7215.276 7301.387 -7032.215 7238.494 7335.809 -6958.106 7255.459 7295.587 -7005.64 7258.432 7244.054 -7083.061 7215.276 7301.387 -7032.215 7291.953 7247.104 -7048.637 7258.432 7244.054 -7083.061 7255.459 7295.587 -7005.64 7291.953 7247.104 -7048.637 7314.47 7187.911 -7120.621 7258.432 7244.054 -7083.061 7339.342 7199.627 -7080.4 7314.47 7187.911 -7120.621 7291.953 7247.104 -7048.637 7339.342 7199.627 -7080.4 7381.357 7141.832 -7133.113 7314.47 7187.911 -7120.621 7395.904 7160.66 -7090.965 7381.357 7141.832 -7133.113 7339.342 7199.627 -7080.4 7395.904 7160.66 -7090.965 7453.799 7103.037 -7129.337 7381.357 7141.832 -7133.113 7457.165 7127.854 -7087.771 7453.799 7103.037 -7129.337 7395.904 7160.66 -7090.965 7457.165 7127.854 -7087.771 7527.617 7076.054 -7105.878 7453.799 7103.037 -7129.337 7519.589 7105.036 -7067.933 7527.617 7076.054 -7105.878 7457.165 7127.854 -7087.771 7519.589 7105.036 -7067.933 7598.272 7060.277 -7067.773 7527.617 7076.054 -7105.878 7579.338 7091.694 -7035.71 7598.272 7060.277 -7067.773 7519.589 7105.036 -7067.933 7579.338 7091.694 -7035.71 7659.497 7060.722 -7012.979 7598.272 7060.277 -7067.773 7631.113 7092.07 -6989.374 7659.497 7060.722 -7012.979 7579.338 7091.694 -7035.71 7631.113 7092.07 -6989.374 7709.696 7073.286 -6949.077 7659.497 7060.722 -7012.979 7673.564 7102.695 -6935.335 7709.696 7073.286 -6949.077 7631.113 7092.07 -6989.374 7673.564 7102.695 -6935.335 7742.54 7099.84 -6878.688 7709.696 7073.286 -6949.077 7701.338 7125.15 -6875.811 7742.54 7099.84 -6878.688 7673.564 7102.695 -6935.335 7701.338 7125.15 -6875.811 7759.407 7136.182 -6807.197 7742.54 7099.84 -6878.688 7715.602 7155.883 -6815.354 7759.407 7136.182 -6807.197 7701.338 7125.15 -6875.811 7715.602 7155.883 -6815.354 7753.942 7182.667 -6739.882 7759.407 7136.182 -6807.197 7710.98 7195.193 -6758.43 7753.942 7182.667 -6739.882 7715.602 7155.883 -6815.354 7710.98 7195.193 -6758.43 7731.822 7234.003 -6679.74 7753.942 7182.667 -6739.882 7692.274 7238.604 -6707.57 7731.822 7234.003 -6679.74 7710.98 7195.193 -6758.43 7692.274 7238.604 -6707.57 7690.725 7287.563 -6632.827 7731.822 7234.003 -6679.74 7657.521 7283.898 -6667.898 7690.725 7287.563 -6632.827 7692.274 7238.604 -6707.57 7657.521 7283.898 -6667.898 7636.742 7339.721 -6599.468 7690.725 7287.563 -6632.827 7611.87 7328.004 -6639.688 7636.742 7339.721 -6599.468 7657.521 7283.898 -6667.898 7611.87 7328.004 -6639.688 7570.248 7385.723 -6586.919 7636.742 7339.721 -6599.468 7555.64 7366.906 -6629.077 7570.248 7385.723 -6586.919 7611.87 7328.004 -6639.688 7555.64 7366.906 -6629.077 7498.049 7424.471 -6590.662 7570.248 7385.723 -6586.919 7494.585 7399.673 -6632.242 7498.049 7424.471 -6590.662 7555.64 7366.906 -6629.077 7494.585 7399.673 -6632.242 7423.988 7451.5 -6614.155 7498.049 7424.471 -6590.662 7431.955 7422.531 -6652.108 7423.988 7451.5 -6614.155 7494.585 7399.673 -6632.242 7431.955 7422.531 -6652.108 7352.94 7467.354 -6652.314 7423.988 7451.5 -6614.155 7371.874 7435.938 -6684.378 7352.94 7467.354 -6652.314 7431.955 7422.531 -6652.108 7352.94 7467.354 -6652.314 7320.432 7435.497 -6730.668 7292.108 7466.833 -6707.053 7371.874 7435.938 -6684.378 7320.432 7435.497 -6730.668 7352.94 7467.354 -6652.314 7371.874 7435.938 -6684.378 7701.338 7125.15 -6875.811 7320.432 7435.497 -6730.668 7715.602 7155.883 -6815.354 7701.338 7125.15 -6875.811 7371.874 7435.938 -6684.378 7611.87 7328.004 -6639.688 7657.521 7283.898 -6667.898 7555.64 7366.906 -6629.077 7235.61 7371.749 -6904.734 7631.113 7092.07 -6989.374 7579.338 7091.694 -7035.71 7250.207 7402.416 -6844.231 7631.113 7092.07 -6989.374 7235.61 7371.749 -6904.734 7250.207 7402.416 -6844.231 7673.564 7102.695 -6935.335 7631.113 7092.07 -6989.374 7278.186 7424.832 -6784.678 7673.564 7102.695 -6935.335 7250.207 7402.416 -6844.231 7278.186 7424.832 -6784.678 7701.338 7125.15 -6875.811 7673.564 7102.695 -6935.335 7320.432 7435.497 -6730.668 7701.338 7125.15 -6875.811 7278.186 7424.832 -6784.678 7579.338 7091.694 -7035.71 7238.494 7335.809 -6958.106 7235.61 7371.749 -6904.734 7519.589 7105.036 -7067.933 7238.494 7335.809 -6958.106 7579.338 7091.694 -7035.71 7519.589 7105.036 -7067.933 7255.459 7295.587 -7005.64 7238.494 7335.809 -6958.106 7457.165 7127.854 -7087.771 7255.459 7295.587 -7005.64 7519.589 7105.036 -7067.933 7457.165 7127.854 -7087.771 7291.953 7247.104 -7048.637 7255.459 7295.587 -7005.64 7395.904 7160.66 -7090.965 7291.953 7247.104 -7048.637 7457.165 7127.854 -7087.771 7339.342 7199.627 -7080.4 7291.953 7247.104 -7048.637 7395.904 7160.66 -7090.965 7371.874 7435.938 -6684.378 7710.98 7195.193 -6758.43 7715.602 7155.883 -6815.354 7431.955 7422.531 -6652.108 7710.98 7195.193 -6758.43 7371.874 7435.938 -6684.378 7431.955 7422.531 -6652.108 7692.274 7238.604 -6707.57 7710.98 7195.193 -6758.43 7494.585 7399.673 -6632.242 7692.274 7238.604 -6707.57 7431.955 7422.531 -6652.108 7494.585 7399.673 -6632.242 7657.521 7283.898 -6667.898 7692.274 7238.604 -6707.57 7555.64 7366.906 -6629.077 7657.521 7283.898 -6667.898 7494.585 7399.673 -6632.242</float_array>
                    <technique_common>
                        <accessor count="210" offset="0" source="sun1_0-geometry-POSITION-array" stride="3">
                            <param name="X" type="float" />
                            <param name="Y" type="float" />
                            <param name="Z" type="float" />
                        </accessor>
                    </technique_common>
                </source>
                <source id="sun1_0-geometry-NORMAL">
                    <float_array id="sun1_0-geometry-NORMAL-array" count="144">-0.00102626 -0.001800684 0.001157984 -0.001025942 -0.00180031 0.001158847 -0.001026433 -0.001800491 0.00115813 -0.001025748 -0.001800467 0.001158773 -0.001025527 -0.001800066 0.001159592 -0.001025275 -0.00180022 0.001159576 -0.001025559 -0.001800647 0.001158661 -0.001025597 -0.001800654 0.001158618 -0.001025681 -0.001801179 0.001157727 -0.00102599 -0.001801073 0.001157618 -0.001025961 -0.001800605 0.00115837 -0.001025669 -0.001800578 0.001158671 -0.001026317 -0.001800038 0.001158937 -0.001024756 -0.001799816 0.001160662 -0.001025527 -0.001800647 0.001158689 -0.001024303 -0.001800101 0.001160621 -0.0010248 -0.001801274 0.00115836 -0.001023998 -0.001800434 0.001160373 -0.001025592 -0.00180089 0.001158255 -0.001025484 -0.00180072 0.001158613 -0.001026392 -0.001800558 0.001158062 -0.001026346 -0.001800762 0.001157786 -0.001025557 -0.001800625 0.001158698 -0.001025596 -0.001800642 0.001158636 -0.001024681 -0.001800757 0.001159268 -0.001024852 -0.001800566 0.001159413 -0.00102517 -0.001800939 0.001158552 -0.001025362 -0.001800782 0.001158626 -0.001025582 -0.001801183 0.001157807 -0.001025835 -0.00180103 0.001157823 -0.001025554 -0.001800625 0.001158699 -0.001025522 -0.00180061 0.001158752 -0.001025434 -0.001800108 0.001159609 -0.001025136 -0.001800198 0.001159733 -0.001025133 -0.001800674 0.001158997 -0.001025446 -0.001800698 0.001158682 -0.001024748 -0.001801249 0.001158445 -0.001026438 -0.001801542 0.001156492 -0.001025556 -0.001800623 0.0011587 -0.001026924 -0.001801269 0.001156487 -0.001026312 -0.001799974 0.001159041 -0.001027219 -0.001800905 0.00115679 -0.001025519 -0.001800359 0.001159144 -0.00102564 -0.00180054 0.001158756 -0.00102472 -0.001800691 0.001159335 -0.00102478 -0.001800489 0.001159596 -0.001025557 -0.001800624 0.001158698 -0.001025523 -0.001800609 0.001158752</float_array>
                    <technique_common>
                        <accessor count="48" offset="0" source="sun1_0-geometry-NORMAL-array" stride="3">
                            <param name="X" type="float" />
                            <param name="Y" type="float" />
                            <param name="Z" type="float" />
                        </accessor>
                    </technique_common>
                </source>
                <source id="sun1_0-geometry-TEXCOORD">
                    <float_array id="sun1_0-geometry-TEXCOORD-array" count="2">0 1</float_array>
                    <technique_common>
                        <accessor count="1" offset="0" source="sun1_0-geometry-TEXCOORD-array" stride="2">
                            <param name="S" type="float" />
                            <param name="T" type="float" />
                        </accessor>
                    </technique_common>
                </source>
                <source id="sun1_0-geometry-COLOR">
                    <float_array id="sun1_0-geometry-COLOR-array" count="8">0.7686275 0.7333333 0.5176471 1 1 1 0.8352941 1</float_array>
                    <technique_common>
                        <accessor count="2" offset="0" source="sun1_0-geometry-COLOR-array" stride="4">
                            <param name="R" type="double" />
                            <param name="G" type="double" />
                            <param name="B" type="double" />
                            <param name="A" type="double" />
                        </accessor>
                    </technique_common>
                </source>
                <vertices id="sun1_0-vertices">
                    <input semantic="POSITION" source="#sun1_0-geometry-POSITION" />
                </vertices>
                <triangles count="70" material="lambert1">
                    <input semantic="VERTEX" source="#sun1_0-vertices" offset="0" set="0" />
                    <input semantic="NORMAL" source="#sun1_0-geometry-NORMAL" offset="1" set="0" />
                    <input semantic="TEXCOORD" source="#sun1_0-geometry-TEXCOORD" offset="2" set="0" />
                    <input semantic="COLOR" source="#sun1_0-geometry-COLOR" offset="3" set="0" />
                    <p>2 2 0 1 1 1 0 1 0 0 0 0 5 0 0 0 4 1 0 1 3 3 0 0 8 1 0 1 7 4 0 1 6 3 0 0 11 3 0 0 10 4 0 1 9 5 0 0 14 4 0 1 13 6 0 1 12 5 0 0 17 5 0 0 16 6 0 1 15 7 0 0 20 6 0 1 19 8 0 1 18 7 0 0 23 7 0 0 22 8 0 1 21 9 0 0 26 8 0 1 25 10 0 1 24 9 0 0 29 9 0 0 28 10 0 1 27 11 0 0 32 10 0 1 31 12 0 1 30 11 0 0 35 11 0 0 34 12 0 1 33 13 0 0 38 12 0 1 37 14 0 1 36 13 0 0 41 13 0 0 40 14 0 1 39 15 0 0 44 14 0 1 43 16 0 1 42 15 0 0 47 15 0 0 46 16 0 1 45 17 0 0 50 16 0 1 49 18 0 1 48 17 0 0 53 17 0 0 52 18 0 1 51 19 0 0 56 18 0 1 55 20 0 1 54 19 0 0 59 19 0 0 58 20 0 1 57 21 0 0 62 20 0 1 61 22 0 1 60 21 0 0 65 21 0 0 64 22 0 1 63 23 0 0 68 22 0 1 67 24 0 1 66 23 0 0 71 23 0 0 70 24 0 1 69 25 0 0 74 24 0 1 73 26 0 1 72 25 0 0 77 25 0 0 76 26 0 1 75 27 0 0 80 26 0 1 79 28 0 1 78 27 0 0 83 27 0 0 82 28 0 1 81 29 0 0 86 28 0 1 85 30 0 1 84 29 0 0 89 29 0 0 88 30 0 1 87 31 0 0 92 30 0 1 91 32 0 1 90 31 0 0 95 31 0 0 94 32 0 1 93 33 0 0 98 32 0 1 97 34 0 1 96 33 0 0 101 33 0 0 100 34 0 1 99 35 0 0 104 34 0 1 103 36 0 1 102 35 0 0 107 35 0 0 106 36 0 1 105 37 0 0 110 36 0 1 109 38 0 1 108 37 0 0 113 37 0 0 112 38 0 1 111 39 0 0 116 38 0 1 115 40 0 1 114 39 0 0 119 39 0 0 118 40 0 1 117 41 0 0 122 40 0 1 121 42 0 1 120 41 0 0 125 41 0 0 124 42 0 1 123 43 0 0 128 42 0 1 127 44 0 1 126 43 0 0 131 43 0 0 130 44 0 1 129 45 0 0 134 44 0 1 133 46 0 1 132 45 0 0 137 45 0 0 136 46 0 1 135 47 0 0 140 2 0 1 139 0 0 0 138 46 0 1 143 46 0 1 142 0 0 0 141 47 0 0 146 0 0 0 145 29 0 0 144 47 0 0 149 47 0 0 148 29 0 0 147 31 0 0 152 41 0 0 151 37 0 0 150 39 0 0 155 23 0 0 154 25 0 0 153 7 0 0 158 7 0 0 157 25 0 0 156 5 0 0 161 25 0 0 160 27 0 0 159 5 0 0 164 5 0 0 163 27 0 0 162 3 0 0 167 27 0 0 166 29 0 0 165 3 0 0 170 3 0 0 169 29 0 0 168 0 0 0 173 7 0 0 172 9 0 0 171 23 0 0 176 23 0 0 175 9 0 0 174 21 0 0 179 9 0 0 178 11 0 0 177 21 0 0 182 21 0 0 181 11 0 0 180 19 0 0 185 11 0 0 184 13 0 0 183 19 0 0 188 19 0 0 187 13 0 0 186 17 0 0 191 17 0 0 190 13 0 0 189 15 0 0 194 31 0 0 193 33 0 0 192 47 0 0 197 47 0 0 196 33 0 0 195 45 0 0 200 33 0 0 199 35 0 0 198 45 0 0 203 45 0 0 202 35 0 0 201 43 0 0 206 35 0 0 205 37 0 0 204 43 0 0 209 43 0 0 208 37 0 0 207 41 0 0</p>
                </triangles>
            </mesh>
        </geometry>
        <geometry id="sun_0-geometry" name="sun_0">
            <mesh>
                <source id="sun_0-geometry-POSITION">
                    <float_array id="sun_0-geometry-POSITION-array" count="648">6338.233 8042.41 -6093.906 5245.207 8238.634 -6779.521 5756.506 8557.077 -5712.138 6013.858 7840.385 -6771.069 5245.207 8238.634 -6779.521 6338.233 8042.41 -6093.906 6013.858 7840.385 -6771.069 5298.398 7627.721 -7840.697 5245.207 8238.634 -6779.521 6047.603 7452.814 -7444.294 5298.398 7627.721 -7840.697 6013.858 7840.385 -6771.069 6047.603 7452.814 -7444.294 5899.611 6888.869 -8611.916 5298.398 7627.721 -7840.697 6429.021 6984.075 -7933.566 5899.611 6888.869 -8611.916 6047.603 7452.814 -7444.294 6429.021 6984.075 -7933.566 6889.617 6219.935 -8884.962 5899.611 6888.869 -8611.916 7057.095 6559.694 -8106.791 6889.617 6219.935 -8884.962 6429.021 6984.075 -7933.566 7057.095 6559.694 -8106.791 8002.129 5799.525 -8588.797 6889.617 6219.935 -8884.962 7762.888 6292.981 -7918.899 8002.129 5799.525 -8588.797 7057.095 6559.694 -8106.791 7762.888 6292.981 -7918.899 8938.943 5741.505 -7800.667 8002.129 5799.525 -8588.797 8357.216 6256.171 -7418.898 8938.943 5741.505 -7800.667 7762.888 6292.981 -7918.899 8357.216 6256.171 -7418.898 9450.242 6059.948 -6733.284 8938.943 5741.505 -7800.667 8681.591 6458.196 -6741.735 9450.242 6059.948 -6733.284 8357.216 6256.171 -7418.898 8681.591 6458.196 -6741.735 9397.051 6670.861 -5672.107 9450.242 6059.948 -6733.284 8647.846 6845.768 -6068.51 9397.051 6670.861 -5672.107 8681.591 6458.196 -6741.735 8647.846 6845.768 -6068.51 8795.838 7409.713 -4900.889 9397.051 6670.861 -5672.107 8266.428 7314.506 -5579.239 8795.838 7409.713 -4900.889 8647.846 6845.768 -6068.51 8266.428 7314.506 -5579.239 7805.832 8078.647 -4627.843 8795.838 7409.713 -4900.889 7638.354 7738.887 -5406.014 7805.832 8078.647 -4627.843 8266.428 7314.506 -5579.239 7638.354 7738.887 -5406.014 6693.321 8499.056 -4924.007 7805.832 8078.647 -4627.843 6932.562 8005.601 -5593.905 6693.321 8499.056 -4924.007 7638.354 7738.887 -5406.014 6693.321 8499.056 -4924.007 6338.233 8042.41 -6093.906 5756.506 8557.077 -5712.138 6932.562 8005.601 -5593.905 6338.233 8042.41 -6093.906 6693.321 8499.056 -4924.007 6932.562 8005.601 -5593.905 6841.58 7597.088 -6424.236 6338.233 8042.41 -6093.906 7139.567 7578.633 -6173.543 6841.58 7597.088 -6424.236 6932.562 8005.601 -5593.905 6678.942 7495.796 -6763.756 6047.603 7452.814 -7444.294 6013.858 7840.385 -6771.069 6695.862 7301.473 -7101.302 6047.603 7452.814 -7444.294 6678.942 7495.796 -6763.756 6695.862 7301.473 -7101.302 6429.021 6984.075 -7933.566 6047.603 7452.814 -7444.294 6887.1 7066.454 -7346.615 6429.021 6984.075 -7933.566 6695.862 7301.473 -7101.302 6887.1 7066.454 -7346.615 7057.095 6559.694 -8106.791 6429.021 6984.075 -7933.566 7202.007 6853.676 -7433.468 7057.095 6559.694 -8106.791 6887.1 7066.454 -7346.615 7202.007 6853.676 -7433.468 7762.888 6292.981 -7918.899 7057.095 6559.694 -8106.791 7555.882 6719.949 -7339.262 7762.888 6292.981 -7918.899 7202.007 6853.676 -7433.468 7555.882 6719.949 -7339.262 8357.216 6256.171 -7418.898 7762.888 6292.981 -7918.899 7853.87 6701.494 -7088.568 8357.216 6256.171 -7418.898 7555.882 6719.949 -7339.262 7853.87 6701.494 -7088.568 8681.591 6458.196 -6741.735 8357.216 6256.171 -7418.898 8016.506 6802.786 -6749.049 8681.591 6458.196 -6741.735 7853.87 6701.494 -7088.568 8016.506 6802.786 -6749.049 8647.846 6845.768 -6068.51 8681.591 6458.196 -6741.735 7999.587 6997.109 -6411.503 8647.846 6845.768 -6068.51 8016.506 6802.786 -6749.049 7999.587 6997.109 -6411.503 8266.428 7314.506 -5579.239 8647.846 6845.768 -6068.51 7808.349 7232.127 -6166.189 8266.428 7314.506 -5579.239 7999.587 6997.109 -6411.503 7808.349 7232.127 -6166.189 7638.354 7738.887 -5406.014 8266.428 7314.506 -5579.239 7493.442 7444.906 -6079.337 7638.354 7738.887 -5406.014 7808.349 7232.127 -6166.189 7493.442 7444.906 -6079.337 6932.562 8005.601 -5593.905 7638.354 7738.887 -5406.014 7139.567 7578.633 -6173.543 6932.562 8005.601 -5593.905 7493.442 7444.906 -6079.337 6841.58 7597.088 -6424.236 6678.942 7495.796 -6763.756 6013.858 7840.385 -6771.069 6841.58 7597.088 -6424.236 6013.858 7840.385 -6771.069 6338.233 8042.41 -6093.906 7493.442 7444.906 -6079.337 7296.47 7255.009 -6612.883 7139.567 7578.633 -6173.543 7461.145 7169.688 -6611.073 7296.47 7255.009 -6612.883 7493.442 7444.906 -6079.337 7461.145 7169.688 -6611.073 7347.725 7149.291 -6756.402 7296.47 7255.009 -6612.883 7512.4 7063.97 -6754.592 7347.725 7149.291 -6756.402 7461.145 7169.688 -6611.073 7512.4 7063.97 -6754.592 7398.979 7043.573 -6899.921 7347.725 7149.291 -6756.402 7853.87 6701.494 -7088.568 7398.979 7043.573 -6899.921 7512.4 7063.97 -6754.592 7853.87 6701.494 -7088.568 7555.882 6719.949 -7339.262 7398.979 7043.573 -6899.921 7202.007 6853.676 -7433.468 7398.979 7043.573 -6899.921 7555.882 6719.949 -7339.262 7202.007 6853.676 -7433.468 7234.304 7128.894 -6901.732 7398.979 7043.573 -6899.921 6887.1 7066.454 -7346.615 7234.304 7128.894 -6901.732 7202.007 6853.676 -7433.468 6887.1 7066.454 -7346.615 6695.862 7301.473 -7101.302 7234.304 7128.894 -6901.732 7183.049 7234.612 -6758.213 7234.304 7128.894 -6901.732 6695.862 7301.473 -7101.302 7183.049 7234.612 -6758.213 7347.725 7149.291 -6756.402 7234.304 7128.894 -6901.732 7296.47 7255.009 -6612.883 7347.725 7149.291 -6756.402 7183.049 7234.612 -6758.213 7183.049 7234.612 -6758.213 6841.58 7597.088 -6424.236 7296.47 7255.009 -6612.883 6678.942 7495.796 -6763.756 6841.58 7597.088 -6424.236 7183.049 7234.612 -6758.213 7183.049 7234.612 -6758.213 6695.862 7301.473 -7101.302 6678.942 7495.796 -6763.756 7347.725 7149.291 -6756.402 7398.979 7043.573 -6899.921 7234.304 7128.894 -6901.732 7296.47 7255.009 -6612.883 6841.58 7597.088 -6424.236 7139.567 7578.633 -6173.543 7512.4 7063.97 -6754.592 8016.506 6802.786 -6749.049 7853.87 6701.494 -7088.568 7999.587 6997.109 -6411.503 8016.506 6802.786 -6749.049 7512.4 7063.97 -6754.592 7512.4 7063.97 -6754.592 7461.145 7169.688 -6611.073 7999.587 6997.109 -6411.503 7808.349 7232.127 -6166.189 7999.587 6997.109 -6411.503 7461.145 7169.688 -6611.073 7461.145 7169.688 -6611.073 7493.442 7444.906 -6079.337 7808.349 7232.127 -6166.189</float_array>
                    <technique_common>
                        <accessor count="216" offset="0" source="sun_0-geometry-POSITION-array" stride="3">
                            <param name="X" type="float" />
                            <param name="Y" type="float" />
                            <param name="Z" type="float" />
                        </accessor>
                    </technique_common>
                </source>
                <source id="sun_0-geometry-NORMAL">
                    <float_array id="sun_0-geometry-NORMAL-array" count="21">-0.0006976974 -0.00133109 0.0007313287 -0.0006976973 -0.00133109 0.0007313287 -0.0006976973 -0.00133109 0.0007313288 -0.0006976974 -0.00133109 0.0007313288 -0.0006976975 -0.00133109 0.0007313288 -0.0006976975 -0.00133109 0.0007313287 -0.0006976973 -0.00133109 0.0007313286</float_array>
                    <technique_common>
                        <accessor count="7" offset="0" source="sun_0-geometry-NORMAL-array" stride="3">
                            <param name="X" type="float" />
                            <param name="Y" type="float" />
                            <param name="Z" type="float" />
                        </accessor>
                    </technique_common>
                </source>
                <source id="sun_0-geometry-TEXCOORD">
                    <float_array id="sun_0-geometry-TEXCOORD-array" count="2">0 1</float_array>
                    <technique_common>
                        <accessor count="1" offset="0" source="sun_0-geometry-TEXCOORD-array" stride="2">
                            <param name="S" type="float" />
                            <param name="T" type="float" />
                        </accessor>
                    </technique_common>
                </source>
                <source id="sun_0-geometry-COLOR">
                    <float_array id="sun_0-geometry-COLOR-array" count="92">0.4078431 0.3882353 0.2745098 1 0 0 0 1 0.427451 0.4117647 0.2901961 1 0.4431373 0.4235294 0.2980392 1 0.4470588 0.4235294 0.2980392 1 0.4588235 0.4392157 0.3098039 1 0.4509804 0.4313726 0.3058824 1 0.4392157 0.4196078 0.2980392 1 0.4392157 0.4196078 0.2941177 1 0.427451 0.4078431 0.2901961 1 0.5764706 0.5529412 0.3882353 1 0.5450981 0.5215687 0.3686275 1 0.572549 0.5450981 0.3843137 1 0.5764706 0.5490196 0.3882353 1 0.5411765 0.5137255 0.3647059 1 0.5686275 0.5450981 0.3843137 1 0.5490196 0.5254902 0.3686275 1 0.5843138 0.5568628 0.3921569 1 0.5411765 0.5176471 0.3647059 1 0.5607843 0.5372549 0.3803922 1 0.5333334 0.509804 0.3607843 1 0.5803922 0.5529412 0.3921569 1 1 0.8823529 0.4705882 1</float_array>
                    <technique_common>
                        <accessor count="23" offset="0" source="sun_0-geometry-COLOR-array" stride="4">
                            <param name="R" type="double" />
                            <param name="G" type="double" />
                            <param name="B" type="double" />
                            <param name="A" type="double" />
                        </accessor>
                    </technique_common>
                </source>
                <vertices id="sun_0-vertices">
                    <input semantic="POSITION" source="#sun_0-geometry-POSITION" />
                </vertices>
                <triangles count="72" material="lambert10">
                    <input semantic="VERTEX" source="#sun_0-vertices" offset="0" set="0" />
                    <input semantic="NORMAL" source="#sun_0-geometry-NORMAL" offset="1" set="0" />
                    <input semantic="TEXCOORD" source="#sun_0-geometry-TEXCOORD" offset="2" set="0" />
                    <input semantic="COLOR" source="#sun_0-geometry-COLOR" offset="3" set="0" />
                    <p>2 1 0 1 1 1 0 1 0 0 0 0 5 0 0 0 4 1 0 1 3 1 0 2 8 1 0 1 7 1 0 1 6 1 0 2 11 1 0 2 10 1 0 1 9 0 0 3 14 1 0 1 13 2 0 1 12 0 0 3 17 0 0 3 16 2 0 1 15 2 0 4 20 2 0 1 19 3 0 1 18 2 0 4 23 2 0 4 22 3 0 1 21 0 0 5 26 3 0 1 25 3 0 1 24 0 0 5 29 0 0 5 28 3 0 1 27 4 0 6 32 3 0 1 31 0 0 1 30 4 0 6 35 4 0 6 34 0 0 1 33 0 0 3 38 0 0 1 37 5 0 1 36 0 0 3 41 0 0 3 40 5 0 1 39 5 0 7 44 5 0 1 43 5 0 1 42 5 0 7 47 5 0 7 46 5 0 1 45 0 0 7 50 5 0 1 49 5 0 1 48 0 0 7 53 0 0 7 52 5 0 1 51 5 0 3 56 5 0 1 55 0 0 1 54 5 0 3 59 5 0 3 58 0 0 1 57 0 0 8 62 0 0 1 61 6 0 1 60 0 0 8 65 0 0 8 64 6 0 1 63 1 0 9 68 1 0 1 67 0 0 0 66 6 0 1 71 6 0 1 70 0 0 0 69 1 0 9 74 0 0 0 73 4 0 10 72 1 0 9 77 1 0 9 76 4 0 10 75 1 0 11 80 1 0 2 79 0 0 3 78 1 0 12 83 1 0 12 82 0 0 3 81 5 0 13 86 0 0 3 85 2 0 4 84 5 0 13 89 5 0 13 88 2 0 4 87 3 0 14 92 2 0 4 91 0 0 5 90 3 0 14 95 3 0 14 94 0 0 5 93 5 0 15 98 0 0 5 97 4 0 6 96 5 0 15 101 5 0 15 100 4 0 6 99 4 0 16 104 4 0 6 103 0 0 3 102 4 0 16 107 4 0 16 106 0 0 3 105 1 0 17 110 0 0 3 109 5 0 7 108 1 0 17 113 1 0 17 112 5 0 7 111 5 0 18 116 5 0 7 115 0 0 7 114 5 0 18 119 5 0 18 118 0 0 7 117 2 0 19 122 0 0 7 121 5 0 3 120 2 0 19 125 2 0 19 124 5 0 3 123 0 0 20 128 5 0 3 127 0 0 8 126 0 0 20 131 0 0 20 130 0 0 8 129 2 0 21 134 0 0 8 133 1 0 9 132 2 0 21 137 2 0 21 136 1 0 9 135 1 0 11 140 1 0 2 139 1 0 12 138 4 0 10 143 0 0 0 142 1 0 2 141 4 0 10 146 1 0 11 145 4 0 22 144 2 0 21 149 2 0 21 148 4 0 22 147 3 0 22 152 4 0 22 151 0 0 22 150 3 0 22 155 3 0 22 154 0 0 22 153 3 0 22 158 0 0 22 157 1 0 22 156 3 0 22 161 3 0 22 160 1 0 22 159 1 0 17 164 1 0 22 163 4 0 16 162 1 0 17 167 4 0 16 166 1 0 22 165 5 0 15 170 1 0 22 169 0 0 22 168 5 0 15 173 5 0 15 172 0 0 22 171 3 0 14 176 0 0 22 175 5 0 13 174 3 0 14 179 5 0 13 178 0 0 22 177 5 0 22 182 0 0 22 181 0 0 22 180 5 0 22 185 5 0 22 184 0 0 22 183 4 0 22 188 4 0 22 187 4 0 10 186 5 0 22 191 5 0 22 190 4 0 10 189 1 0 12 194 1 0 12 193 5 0 13 192 5 0 22 197 0 0 22 196 1 0 22 195 0 0 22 200 1 0 11 199 4 0 10 198 4 0 22 203 1 0 17 202 5 0 18 201 3 0 22 206 3 0 22 205 5 0 18 204 2 0 19 209 2 0 19 208 3 0 22 207 3 0 22 212 3 0 22 211 2 0 19 210 0 0 20 215 0 0 20 214 2 0 21 213 3 0 22</p>
                </triangles>
            </mesh>
        </geometry>
    </library_geometries>
    <library_controllers>
        <controller id="skay_0-controller" name="skay_0">
            <skin source="#skay_0-geometry">
                <bind_shape_matrix>1 0 0 0 0 1 0 0 0 0 1 0 0 0 0 1</bind_shape_matrix>
                <source id="skay_0-joints">
                    <Name_array id="skay_0-joints-array" count="1">skay</Name_array>
                    <technique_common>
                        <accessor count="1" offset="0" source="#skay_0-joints-array" stride="1">
                            <param name="JOINT" type="Name" />
                        </accessor>
                    </technique_common>
                </source>
                <source id="skay_0-matrices">
                    <float_array id="skay_0-matrices-array" count="16">0.5508193 1E-06 0.8346263 1E-06 1E-06 1.000001 1E-06 -435.5953 -0.8346242 1E-06 0.5508193 1E-06 1E-06 1E-06 1E-06 1.000001</float_array>
                    <technique_common>
                        <accessor count="1" offset="0" source="#skay_0-matrices-array" stride="16">
                            <param name="TRANSFORM" type="float4x4" />
                        </accessor>
                    </technique_common>
                </source>
                <source id="skay_0-weights">
                    <float_array id="skay_0-weights-array" count="1">1</float_array>
                    <technique_common>
                        <accessor count="1" offset="0" source="#skay_0-weights-array" stride="1">
                            <param name="WEIGHT" type="float" />
                        </accessor>
                    </technique_common>
                </source>
                <joints>
                    <input semantic="JOINT" source="#skay_0-joints" />
                    <input semantic="INV_BIND_MATRIX" source="#skay_0-matrices" />
                </joints>
                <vertex_weights count="660">
                    <input semantic="JOINT" source="#skay_0-joints" offset="0" set="0" />
                    <input semantic="WEIGHT" source="#skay_0-weights" offset="1" set="0" />
                    <vcount>1 1 1 1 1 1 1 1 1 1 1 1 1 1 1 1 1 1 1 1 1 1 1 1 1 1 1 1 1 1 1 1 1 1 1 1 1 1 1 1 1 1 1 1 1 1 1 1 1 1 1 1 1 1 1 1 1 1 1 1 1 1 1 1 1 1 1 1 1 1 1 1 1 1 1 1 1 1 1 1 1 1 1 1 1 1 1 1 1 1 1 1 1 1 1 1 1 1 1 1 1 1 1 1 1 1 1 1 1 1 1 1 1 1 1 1 1 1 1 1 1 1 1 1 1 1 1 1 1 1 1 1 1 1 1 1 1 1 1 1 1 1 1 1 1 1 1 1 1 1 1 1 1 1 1 1 1 1 1 1 1 1 1 1 1 1 1 1 1 1 1 1 1 1 1 1 1 1 1 1 1 1 1 1 1 1 1 1 1 1 1 1 1 1 1 1 1 1 1 1 1 1 1 1 1 1 1 1 1 1 1 1 1 1 1 1 1 1 1 1 1 1 1 1 1 1 1 1 1 1 1 1 1 1 1 1 1 1 1 1 1 1 1 1 1 1 1 1 1 1 1 1 1 1 1 1 1 1 1 1 1 1 1 1 1 1 1 1 1 1 1 1 1 1 1 1 1 1 1 1 1 1 1 1 1 1 1 1 1 1 1 1 1 1 1 1 1 1 1 1 1 1 1 1 1 1 1 1 1 1 1 1 1 1 1 1 1 1 1 1 1 1 1 1 1 1 1 1 1 1 1 1 1 1 1 1 1 1 1 1 1 1 1 1 1 1 1 1 1 1 1 1 1 1 1 1 1 1 1 1 1 1 1 1 1 1 1 1 1 1 1 1 1 1 1 1 1 1 1 1 1 1 1 1 1 1 1 1 1 1 1 1 1 1 1 1 1 1 1 1 1 1 1 1 1 1 1 1 1 1 1 1 1 1 1 1 1 1 1 1 1 1 1 1 1 1 1 1 1 1 1 1 1 1 1 1 1 1 1 1 1 1 1 1 1 1 1 1 1 1 1 1 1 1 1 1 1 1 1 1 1 1 1 1 1 1 1 1 1 1 1 1 1 1 1 1 1 1 1 1 1 1 1 1 1 1 1 1 1 1 1 1 1 1 1 1 1 1 1 1 1 1 1 1 1 1 1 1 1 1 1 1 1 1 1 1 1 1 1 1 1 1 1 1 1 1 1 1 1 1 1 1 1 1 1 1 1 1 1 1 1 1 1 1 1 1 1 1 1 1 1 1 1 1 1 1 1 1 1 1 1 1 1 1 1 1 1 1 1 1 1 1 1 1 1 1 1 1 1 1 1 1 1 1 1 1 1 1 1 1 1 1 1 1 1 1 1 1 1 1 1 1 1 1 1 1 1 1 1 1 1 1 1 1 1 1 1 1 1 1 1 1 1 1 1 1 1 1 1 1 1 1 1 1 1 1 1 1 1 1 1 1 1 1 1 1 1 1 1 1 1 1 1 1 1 1 1 1 1 1</vcount>
                    <v>0 0 0 0 0 0 0 0 0 0 0 0 0 0 0 0 0 0 0 0 0 0 0 0 0 0 0 0 0 0 0 0 0 0 0 0 0 0 0 0 0 0 0 0 0 0 0 0 0 0 0 0 0 0 0 0 0 0 0 0 0 0 0 0 0 0 0 0 0 0 0 0 0 0 0 0 0 0 0 0 0 0 0 0 0 0 0 0 0 0 0 0 0 0 0 0 0 0 0 0 0 0 0 0 0 0 0 0 0 0 0 0 0 0 0 0 0 0 0 0 0 0 0 0 0 0 0 0 0 0 0 0 0 0 0 0 0 0 0 0 0 0 0 0 0 0 0 0 0 0 0 0 0 0 0 0 0 0 0 0 0 0 0 0 0 0 0 0 0 0 0 0 0 0 0 0 0 0 0 0 0 0 0 0 0 0 0 0 0 0 0 0 0 0 0 0 0 0 0 0 0 0 0 0 0 0 0 0 0 0 0 0 0 0 0 0 0 0 0 0 0 0 0 0 0 0 0 0 0 0 0 0 0 0 0 0 0 0 0 0 0 0 0 0 0 0 0 0 0 0 0 0 0 0 0 0 0 0 0 0 0 0 0 0 0 0 0 0 0 0 0 0 0 0 0 0 0 0 0 0 0 0 0 0 0 0 0 0 0 0 0 0 0 0 0 0 0 0 0 0 0 0 0 0 0 0 0 0 0 0 0 0 0 0 0 0 0 0 0 0 0 0 0 0 0 0 0 0 0 0 0 0 0 0 0 0 0 0 0 0 0 0 0 0 0 0 0 0 0 0 0 0 0 0 0 0 0 0 0 0 0 0 0 0 0 0 0 0 0 0 0 0 0 0 0 0 0 0 0 0 0 0 0 0 0 0 0 0 0 0 0 0 0 0 0 0 0 0 0 0 0 0 0 0 0 0 0 0 0 0 0 0 0 0 0 0 0 0 0 0 0 0 0 0 0 0 0 0 0 0 0 0 0 0 0 0 0 0 0 0 0 0 0 0 0 0 0 0 0 0 0 0 0 0 0 0 0 0 0 0 0 0 0 0 0 0 0 0 0 0 0 0 0 0 0 0 0 0 0 0 0 0 0 0 0 0 0 0 0 0 0 0 0 0 0 0 0 0 0 0 0 0 0 0 0 0 0 0 0 0 0 0 0 0 0 0 0 0 0 0 0 0 0 0 0 0 0 0 0 0 0 0 0 0 0 0 0 0 0 0 0 0 0 0 0 0 0 0 0 0 0 0 0 0 0 0 0 0 0 0 0 0 0 0 0 0 0 0 0 0 0 0 0 0 0 0 0 0 0 0 0 0 0 0 0 0 0 0 0 0 0 0 0 0 0 0 0 0 0 0 0 0 0 0 0 0 0 0 0 0 0 0 0 0 0 0 0 0 0 0 0 0 0 0 0 0 0 0 0 0 0 0 0 0 0 0 0 0 0 0 0 0 0 0 0 0 0 0 0 0 0 0 0 0 0 0 0 0 0 0 0 0 0 0 0 0 0 0 0 0 0 0 0 0 0 0 0 0 0 0 0 0 0 0 0 0 0 0 0 0 0 0 0 0 0 0 0 0 0 0 0 0 0 0 0 0 0 0 0 0 0 0 0 0 0 0 0 0 0 0 0 0 0 0 0 0 0 0 0 0 0 0 0 0 0 0 0 0 0 0 0 0 0 0 0 0 0 0 0 0 0 0 0 0 0 0 0 0 0 0 0 0 0 0 0 0 0 0 0 0 0 0 0 0 0 0 0 0 0 0 0 0 0 0 0 0 0 0 0 0 0 0 0 0 0 0 0 0 0 0 0 0 0 0 0 0 0 0 0 0 0 0 0 0 0 0 0 0 0 0 0 0 0 0 0 0 0 0 0 0 0 0 0 0 0 0 0 0 0 0 0 0 0 0 0 0 0 0 0 0 0 0 0 0 0 0 0 0 0 0 0 0 0 0 0 0 0 0 0 0 0 0 0 0 0 0 0 0 0 0 0 0 0 0 0 0 0 0 0 0 0 0 0 0 0 0 0 0 0 0 0 0 0 0 0 0 0 0 0 0 0 0 0 0 0 0 0 0 0 0 0 0 0 0 0 0 0 0 0 0 0 0 0 0 0 0 0 0 0 0 0 0 0 0 0 0 0 0 0 0 0 0 0 0 0 0 0 0 0 0 0 0 0 0 0 0 0 0 0 0 0 0 0 0 0 0 0 0 0 0 0 0 0 0 0 0 0 0 0 0 0 0 0 0 0 0 0 0 0 0 0 0 0 0 0 0 0 0 0 0 0 0 0 0 0 0 0 0 0 0 0 0 0 0 0 0 0 0 0 0 0 0 0 0 0 0 0 0 0 0 0 0 0 0 0 0 0 0 0 0 0 0 0 0 0 0 0 0 0 0 0 0 0 0 0 0 0 0 0 0 0 0 0 0 0 0 0 0 0 0 0 0 0 0 0 0 0 0 0 0 0 0 0 0 0 0 0 0 0 0 0 0 0 0 0 0 0 0 0 0 0 0 0 0 0 0 0 0 0 0 0 0 0 0 0 0 0 0 0 0 0 0 0 0 0 0 0 0 0 0 0 0 0 0 0 0 0 0 0 0 0 0 0 0 0 0 0 0 0 0 0 0 0 0 0 0 0 0 0 0 0 0 0 0 0 0 0 0 0 0 0 0 0 0 0 0 0 0 0 0 0 0 0 0 0 0 0 0 0 0 0 0 0 0 0 0 0 0 0 0 0 0 0 0 0 0 0 0 0 0 0 0 0 0 0 0 0 0 0 0 0 0 0 0 0 0 0 0 0 0 0 0 0 0 0 0 0 0 0 0 0 0 0 0 0 0 0 0 0 0 0 0 0 0 0 0 0 0 0 0 0 0 0 0 0 0 0 0 0 0 0 0 0 0 0 0 0 0 0 0 0 0 0 0 0 0 0 0 0 0 0 0 0 0 0 0 0 0 0 0 0 0 0 0 0 0 0 0 0 0</v>
                </vertex_weights>
            </skin>
        </controller>
        <controller id="skay_ref_0-controller" name="skay_ref_0">
            <skin source="#skay_ref_0-geometry">
                <bind_shape_matrix>1 0 0 0 0 1 0 0 0 0 1 0 0 0 0 1</bind_shape_matrix>
                <source id="skay_ref_0-joints">
                    <Name_array id="skay_ref_0-joints-array" count="1">skay_ref</Name_array>
                    <technique_common>
                        <accessor count="1" offset="0" source="#skay_ref_0-joints-array" stride="1">
                            <param name="JOINT" type="Name" />
                        </accessor>
                    </technique_common>
                </source>
                <source id="skay_ref_0-matrices">
                    <float_array id="skay_ref_0-matrices-array" count="16">0.5508193 1E-06 0.8346263 1E-06 1E-06 1.000001 1E-06 -435.5953 -0.8346242 1E-06 0.5508193 1E-06 1E-06 1E-06 1E-06 1.000001</float_array>
                    <technique_common>
                        <accessor count="1" offset="0" source="#skay_ref_0-matrices-array" stride="16">
                            <param name="TRANSFORM" type="float4x4" />
                        </accessor>
                    </technique_common>
                </source>
                <source id="skay_ref_0-weights">
                    <float_array id="skay_ref_0-weights-array" count="1">1</float_array>
                    <technique_common>
                        <accessor count="1" offset="0" source="#skay_ref_0-weights-array" stride="1">
                            <param name="WEIGHT" type="float" />
                        </accessor>
                    </technique_common>
                </source>
                <joints>
                    <input semantic="JOINT" source="#skay_ref_0-joints" />
                    <input semantic="INV_BIND_MATRIX" source="#skay_ref_0-matrices" />
                </joints>
                <vertex_weights count="540">
                    <input semantic="JOINT" source="#skay_ref_0-joints" offset="0" set="0" />
                    <input semantic="WEIGHT" source="#skay_ref_0-weights" offset="1" set="0" />
                    <vcount>1 1 1 1 1 1 1 1 1 1 1 1 1 1 1 1 1 1 1 1 1 1 1 1 1 1 1 1 1 1 1 1 1 1 1 1 1 1 1 1 1 1 1 1 1 1 1 1 1 1 1 1 1 1 1 1 1 1 1 1 1 1 1 1 1 1 1 1 1 1 1 1 1 1 1 1 1 1 1 1 1 1 1 1 1 1 1 1 1 1 1 1 1 1 1 1 1 1 1 1 1 1 1 1 1 1 1 1 1 1 1 1 1 1 1 1 1 1 1 1 1 1 1 1 1 1 1 1 1 1 1 1 1 1 1 1 1 1 1 1 1 1 1 1 1 1 1 1 1 1 1 1 1 1 1 1 1 1 1 1 1 1 1 1 1 1 1 1 1 1 1 1 1 1 1 1 1 1 1 1 1 1 1 1 1 1 1 1 1 1 1 1 1 1 1 1 1 1 1 1 1 1 1 1 1 1 1 1 1 1 1 1 1 1 1 1 1 1 1 1 1 1 1 1 1 1 1 1 1 1 1 1 1 1 1 1 1 1 1 1 1 1 1 1 1 1 1 1 1 1 1 1 1 1 1 1 1 1 1 1 1 1 1 1 1 1 1 1 1 1 1 1 1 1 1 1 1 1 1 1 1 1 1 1 1 1 1 1 1 1 1 1 1 1 1 1 1 1 1 1 1 1 1 1 1 1 1 1 1 1 1 1 1 1 1 1 1 1 1 1 1 1 1 1 1 1 1 1 1 1 1 1 1 1 1 1 1 1 1 1 1 1 1 1 1 1 1 1 1 1 1 1 1 1 1 1 1 1 1 1 1 1 1 1 1 1 1 1 1 1 1 1 1 1 1 1 1 1 1 1 1 1 1 1 1 1 1 1 1 1 1 1 1 1 1 1 1 1 1 1 1 1 1 1 1 1 1 1 1 1 1 1 1 1 1 1 1 1 1 1 1 1 1 1 1 1 1 1 1 1 1 1 1 1 1 1 1 1 1 1 1 1 1 1 1 1 1 1 1 1 1 1 1 1 1 1 1 1 1 1 1 1 1 1 1 1 1 1 1 1 1 1 1 1 1 1 1 1 1 1 1 1 1 1 1 1 1 1 1 1 1 1 1 1 1 1 1 1 1 1 1 1 1 1 1 1 1 1 1 1 1 1 1 1 1 1 1 1 1 1 1 1 1 1 1 1 1 1 1 1 1 1 1 1 1 1 1 1 1 1</vcount>
                    <v>0 0 0 0 0 0 0 0 0 0 0 0 0 0 0 0 0 0 0 0 0 0 0 0 0 0 0 0 0 0 0 0 0 0 0 0 0 0 0 0 0 0 0 0 0 0 0 0 0 0 0 0 0 0 0 0 0 0 0 0 0 0 0 0 0 0 0 0 0 0 0 0 0 0 0 0 0 0 0 0 0 0 0 0 0 0 0 0 0 0 0 0 0 0 0 0 0 0 0 0 0 0 0 0 0 0 0 0 0 0 0 0 0 0 0 0 0 0 0 0 0 0 0 0 0 0 0 0 0 0 0 0 0 0 0 0 0 0 0 0 0 0 0 0 0 0 0 0 0 0 0 0 0 0 0 0 0 0 0 0 0 0 0 0 0 0 0 0 0 0 0 0 0 0 0 0 0 0 0 0 0 0 0 0 0 0 0 0 0 0 0 0 0 0 0 0 0 0 0 0 0 0 0 0 0 0 0 0 0 0 0 0 0 0 0 0 0 0 0 0 0 0 0 0 0 0 0 0 0 0 0 0 0 0 0 0 0 0 0 0 0 0 0 0 0 0 0 0 0 0 0 0 0 0 0 0 0 0 0 0 0 0 0 0 0 0 0 0 0 0 0 0 0 0 0 0 0 0 0 0 0 0 0 0 0 0 0 0 0 0 0 0 0 0 0 0 0 0 0 0 0 0 0 0 0 0 0 0 0 0 0 0 0 0 0 0 0 0 0 0 0 0 0 0 0 0 0 0 0 0 0 0 0 0 0 0 0 0 0 0 0 0 0 0 0 0 0 0 0 0 0 0 0 0 0 0 0 0 0 0 0 0 0 0 0 0 0 0 0 0 0 0 0 0 0 0 0 0 0 0 0 0 0 0 0 0 0 0 0 0 0 0 0 0 0 0 0 0 0 0 0 0 0 0 0 0 0 0 0 0 0 0 0 0 0 0 0 0 0 0 0 0 0 0 0 0 0 0 0 0 0 0 0 0 0 0 0 0 0 0 0 0 0 0 0 0 0 0 0 0 0 0 0 0 0 0 0 0 0 0 0 0 0 0 0 0 0 0 0 0 0 0 0 0 0 0 0 0 0 0 0 0 0 0 0 0 0 0 0 0 0 0 0 0 0 0 0 0 0 0 0 0 0 0 0 0 0 0 0 0 0 0 0 0 0 0 0 0 0 0 0 0 0 0 0 0 0 0 0 0 0 0 0 0 0 0 0 0 0 0 0 0 0 0 0 0 0 0 0 0 0 0 0 0 0 0 0 0 0 0 0 0 0 0 0 0 0 0 0 0 0 0 0 0 0 0 0 0 0 0 0 0 0 0 0 0 0 0 0 0 0 0 0 0 0 0 0 0 0 0 0 0 0 0 0 0 0 0 0 0 0 0 0 0 0 0 0 0 0 0 0 0 0 0 0 0 0 0 0 0 0 0 0 0 0 0 0 0 0 0 0 0 0 0 0 0 0 0 0 0 0 0 0 0 0 0 0 0 0 0 0 0 0 0 0 0 0 0 0 0 0 0 0 0 0 0 0 0 0 0 0 0 0 0 0 0 0 0 0 0 0 0 0 0 0 0 0 0 0 0 0 0 0 0 0 0 0 0 0 0 0 0 0 0 0 0 0 0 0 0 0 0 0 0 0 0 0 0 0 0 0 0 0 0 0 0 0 0 0 0 0 0 0 0 0 0 0 0 0 0 0 0 0 0 0 0 0 0 0 0 0 0 0 0 0 0 0 0 0 0 0 0 0 0 0 0 0 0 0 0 0 0 0 0 0 0 0 0 0 0 0 0 0 0 0 0 0 0 0 0 0 0 0 0 0 0 0 0 0 0 0 0 0 0 0 0 0 0 0 0 0 0 0 0 0 0 0 0 0 0 0 0 0 0 0 0 0 0 0 0 0 0 0 0 0 0 0 0 0 0 0 0 0 0 0 0 0 0 0 0 0 0 0 0 0 0 0 0 0 0 0 0 0 0 0 0 0 0 0 0 0 0 0 0 0 0 0 0 0 0 0 0 0 0 0 0 0 0 0 0 0 0 0 0 0 0 0 0 0 0 0 0 0 0 0 0 0 0 0 0 0 0 0 0 0 0 0 0 0 0 0 0 0 0 0 0 0 0 0 0 0 0 0 0 0 0 0 0 0 0 0 0 0 0 0 0 0 0 0 0 0 0 0 0 0 0 0 0 0 0 0 0 0 0 0 0 0 0 0 0 0 0 0 0 0 0 0 0 0 0 0 0 0 0 0 0 0 0 0 0 0 0 0 0 0 0 0 0 0 0 0 0 0 0 0 0 0 0 0 0 0 0 0 0 0 0 0 0 0 0 0 0 0 0 0 0 0 0 0 0 0 0 0 0 0 0 0 0 0 0 0 0 0 0 0 0 0 0 0 0 0 0 0 0 0 0 0 0 0 0 0 0 0 0 0 0 0 0 0 0</v>
                </vertex_weights>
            </skin>
        </controller>
        <controller id="sun1_0-controller" name="sun1_0">
            <skin source="#sun1_0-geometry">
                <bind_shape_matrix>1 0 0 0 0 1 0 0 0 0 1 0 0 0 0 1</bind_shape_matrix>
                <source id="sun1_0-joints">
                    <Name_array id="sun1_0-joints-array" count="1">sun1</Name_array>
                    <technique_common>
                        <accessor count="1" offset="0" source="#sun1_0-joints-array" stride="1">
                            <param name="JOINT" type="Name" />
                        </accessor>
                    </technique_common>
                </source>
                <source id="sun1_0-matrices">
                    <float_array id="sun1_0-matrices-array" count="16">0.005392334 0.002540655 0.008719456 1.057929 -0.001024554 -0.001799625 0.0011597 29.69478 0.0078528 -0.00639631 -0.002990897 -32.75261 1E-06 1E-06 1E-06 1.000001</float_array>
                    <technique_common>
                        <accessor count="1" offset="0" source="#sun1_0-matrices-array" stride="16">
                            <param name="TRANSFORM" type="float4x4" />
                        </accessor>
                    </technique_common>
                </source>
                <source id="sun1_0-weights">
                    <float_array id="sun1_0-weights-array" count="1">1</float_array>
                    <technique_common>
                        <accessor count="1" offset="0" source="#sun1_0-weights-array" stride="1">
                            <param name="WEIGHT" type="float" />
                        </accessor>
                    </technique_common>
                </source>
                <joints>
                    <input semantic="JOINT" source="#sun1_0-joints" />
                    <input semantic="INV_BIND_MATRIX" source="#sun1_0-matrices" />
                </joints>
                <vertex_weights count="210">
                    <input semantic="JOINT" source="#sun1_0-joints" offset="0" set="0" />
                    <input semantic="WEIGHT" source="#sun1_0-weights" offset="1" set="0" />
                    <vcount>1 1 1 1 1 1 1 1 1 1 1 1 1 1 1 1 1 1 1 1 1 1 1 1 1 1 1 1 1 1 1 1 1 1 1 1 1 1 1 1 1 1 1 1 1 1 1 1 1 1 1 1 1 1 1 1 1 1 1 1 1 1 1 1 1 1 1 1 1 1 1 1 1 1 1 1 1 1 1 1 1 1 1 1 1 1 1 1 1 1 1 1 1 1 1 1 1 1 1 1 1 1 1 1 1 1 1 1 1 1 1 1 1 1 1 1 1 1 1 1 1 1 1 1 1 1 1 1 1 1 1 1 1 1 1 1 1 1 1 1 1 1 1 1 1 1 1 1 1 1 1 1 1 1 1 1 1 1 1 1 1 1 1 1 1 1 1 1 1 1 1 1 1 1 1 1 1 1 1 1 1 1 1 1 1 1 1 1 1 1 1 1 1 1 1 1 1 1 1 1 1 1 1 1 1 1 1 1 1 1</vcount>
                    <v>0 0 0 0 0 0 0 0 0 0 0 0 0 0 0 0 0 0 0 0 0 0 0 0 0 0 0 0 0 0 0 0 0 0 0 0 0 0 0 0 0 0 0 0 0 0 0 0 0 0 0 0 0 0 0 0 0 0 0 0 0 0 0 0 0 0 0 0 0 0 0 0 0 0 0 0 0 0 0 0 0 0 0 0 0 0 0 0 0 0 0 0 0 0 0 0 0 0 0 0 0 0 0 0 0 0 0 0 0 0 0 0 0 0 0 0 0 0 0 0 0 0 0 0 0 0 0 0 0 0 0 0 0 0 0 0 0 0 0 0 0 0 0 0 0 0 0 0 0 0 0 0 0 0 0 0 0 0 0 0 0 0 0 0 0 0 0 0 0 0 0 0 0 0 0 0 0 0 0 0 0 0 0 0 0 0 0 0 0 0 0 0 0 0 0 0 0 0 0 0 0 0 0 0 0 0 0 0 0 0 0 0 0 0 0 0 0 0 0 0 0 0 0 0 0 0 0 0 0 0 0 0 0 0 0 0 0 0 0 0 0 0 0 0 0 0 0 0 0 0 0 0 0 0 0 0 0 0 0 0 0 0 0 0 0 0 0 0 0 0 0 0 0 0 0 0 0 0 0 0 0 0 0 0 0 0 0 0 0 0 0 0 0 0 0 0 0 0 0 0 0 0 0 0 0 0 0 0 0 0 0 0 0 0 0 0 0 0 0 0 0 0 0 0 0 0 0 0 0 0 0 0 0 0 0 0 0 0 0 0 0 0 0 0 0 0 0 0 0 0 0 0 0 0 0 0 0 0 0 0 0 0 0 0 0 0 0 0 0 0 0 0 0 0 0 0 0 0 0 0 0 0 0 0 0 0 0 0 0 0 0 0 0 0 0 0 0 0 0 0 0 0 0 0 0 0 0 0 0 0 0 0 0 0 0 0 0 0 0 0</v>
                </vertex_weights>
            </skin>
        </controller>
        <controller id="sun_0-controller" name="sun_0">
            <skin source="#sun_0-geometry">
                <bind_shape_matrix>1 0 0 0 0 1 0 0 0 0 1 0 0 0 0 1</bind_shape_matrix>
                <source id="sun_0-joints">
                    <Name_array id="sun_0-joints-array" count="1">sun</Name_array>
                    <technique_common>
                        <accessor count="1" offset="0" source="#sun_0-joints-array" stride="1">
                            <param name="JOINT" type="Name" />
                        </accessor>
                    </technique_common>
                </source>
                <source id="sun_0-matrices">
                    <float_array id="sun_0-matrices-array" count="16">0.004547305 0.0008185874 0.005826323 0.1080717 -0.0006966974 -0.00133009 0.000732329 20.58399 0.00499812 -0.004420061 -0.003278445 -27.26726 1E-06 1E-06 1E-06 1.000001</float_array>
                    <technique_common>
                        <accessor count="1" offset="0" source="#sun_0-matrices-array" stride="16">
                            <param name="TRANSFORM" type="float4x4" />
                        </accessor>
                    </technique_common>
                </source>
                <source id="sun_0-weights">
                    <float_array id="sun_0-weights-array" count="1">1</float_array>
                    <technique_common>
                        <accessor count="1" offset="0" source="#sun_0-weights-array" stride="1">
                            <param name="WEIGHT" type="float" />
                        </accessor>
                    </technique_common>
                </source>
                <joints>
                    <input semantic="JOINT" source="#sun_0-joints" />
                    <input semantic="INV_BIND_MATRIX" source="#sun_0-matrices" />
                </joints>
                <vertex_weights count="216">
                    <input semantic="JOINT" source="#sun_0-joints" offset="0" set="0" />
                    <input semantic="WEIGHT" source="#sun_0-weights" offset="1" set="0" />
                    <vcount>1 1 1 1 1 1 1 1 1 1 1 1 1 1 1 1 1 1 1 1 1 1 1 1 1 1 1 1 1 1 1 1 1 1 1 1 1 1 1 1 1 1 1 1 1 1 1 1 1 1 1 1 1 1 1 1 1 1 1 1 1 1 1 1 1 1 1 1 1 1 1 1 1 1 1 1 1 1 1 1 1 1 1 1 1 1 1 1 1 1 1 1 1 1 1 1 1 1 1 1 1 1 1 1 1 1 1 1 1 1 1 1 1 1 1 1 1 1 1 1 1 1 1 1 1 1 1 1 1 1 1 1 1 1 1 1 1 1 1 1 1 1 1 1 1 1 1 1 1 1 1 1 1 1 1 1 1 1 1 1 1 1 1 1 1 1 1 1 1 1 1 1 1 1 1 1 1 1 1 1 1 1 1 1 1 1 1 1 1 1 1 1 1 1 1 1 1 1 1 1 1 1 1 1 1 1 1 1 1 1 1 1 1 1 1 1</vcount>
                    <v>0 0 0 0 0 0 0 0 0 0 0 0 0 0 0 0 0 0 0 0 0 0 0 0 0 0 0 0 0 0 0 0 0 0 0 0 0 0 0 0 0 0 0 0 0 0 0 0 0 0 0 0 0 0 0 0 0 0 0 0 0 0 0 0 0 0 0 0 0 0 0 0 0 0 0 0 0 0 0 0 0 0 0 0 0 0 0 0 0 0 0 0 0 0 0 0 0 0 0 0 0 0 0 0 0 0 0 0 0 0 0 0 0 0 0 0 0 0 0 0 0 0 0 0 0 0 0 0 0 0 0 0 0 0 0 0 0 0 0 0 0 0 0 0 0 0 0 0 0 0 0 0 0 0 0 0 0 0 0 0 0 0 0 0 0 0 0 0 0 0 0 0 0 0 0 0 0 0 0 0 0 0 0 0 0 0 0 0 0 0 0 0 0 0 0 0 0 0 0 0 0 0 0 0 0 0 0 0 0 0 0 0 0 0 0 0 0 0 0 0 0 0 0 0 0 0 0 0 0 0 0 0 0 0 0 0 0 0 0 0 0 0 0 0 0 0 0 0 0 0 0 0 0 0 0 0 0 0 0 0 0 0 0 0 0 0 0 0 0 0 0 0 0 0 0 0 0 0 0 0 0 0 0 0 0 0 0 0 0 0 0 0 0 0 0 0 0 0 0 0 0 0 0 0 0 0 0 0 0 0 0 0 0 0 0 0 0 0 0 0 0 0 0 0 0 0 0 0 0 0 0 0 0 0 0 0 0 0 0 0 0 0 0 0 0 0 0 0 0 0 0 0 0 0 0 0 0 0 0 0 0 0 0 0 0 0 0 0 0 0 0 0 0 0 0 0 0 0 0 0 0 0 0 0 0 0 0 0 0 0 0 0 0 0 0 0 0 0 0 0 0 0 0 0 0 0 0 0 0 0 0 0 0 0 0 0 0 0 0 0 0 0 0 0 0 0 0 0 0 0 0 0</v>
                </vertex_weights>
            </skin>
        </controller>
    </library_controllers>
    <library_visual_scenes>
        <visual_scene id="Scene" name="Scene">
            <node id="g_skay" sid="g_skay" name="g_skay" type="JOINT">
                <matrix sid="transform">0.5647246 0 -0.8252794 0 0 1 0 435.5952 0.8252794 0 0.5647246 0 0 0 0 1</matrix>
                <node id="skay" sid="skay" name="skay" type="JOINT">
                    <matrix sid="transform">0.9998596 0 -0.01675438 0 0 1 0 0 0.01675438 0 0.9998596 0 0 0 0 1</matrix>
                </node>
                <node id="skay_ref" sid="skay_ref" name="skay_ref" type="JOINT">
                    <matrix sid="transform">0.9998596 0 -0.01675438 0 0 1 0 0 0.01675438 0 0.9998596 0 0 0 0 1</matrix>
                </node>
                <node id="sun1" sid="sun1" name="sun1" type="JOINT">
                    <matrix sid="transform">91.81371 66.90126 17.61851 -1506.698 22.7715 -319.4525 -57.36069 7147.673 4.251573 266.2449 -73.25105 -10309.74 0 0 0 1</matrix>
                </node>
                <node id="sun" sid="sun" name="sun" type="JOINT">
                    <matrix sid="transform">133.4304 75.01328 2.090358 -1501.494 14.79214 -476.5083 -79.98772 7190.204 -8.363568 353.9722 -108.1204 -10233.4 0 0 0 1</matrix>
                </node>
            </node>
            <node id="skay_0" sid="skay_0" name="skay_0">
                <instance_controller url="#skay_0-controller">
                    <skeleton>#g_skay</skeleton>
                    <bind_material>
                        <technique_common>
                            <instance_material target="#skay:lambert_sky" symbol="skay:lambert_sky" />
                        </technique_common>
                    </bind_material>
                </instance_controller>
            </node>
            <node id="skay_ref_0" sid="skay_ref_0" name="skay_ref_0">
                <instance_controller url="#skay_ref_0-controller">
                    <skeleton>#g_skay</skeleton>
                    <bind_material>
                        <technique_common>
                            <instance_material target="#skay:mirr_lambert_sky" symbol="skay:mirr_lambert_sky" />
                        </technique_common>
                    </bind_material>
                </instance_controller>
            </node>
            <node id="sun1_0" sid="sun1_0" name="sun1_0">
                <instance_controller url="#sun1_0-controller">
                    <skeleton>#g_skay</skeleton>
                    <bind_material>
                        <technique_common>
                            <instance_material target="#lambert1" symbol="lambert1" />
                        </technique_common>
                    </bind_material>
                </instance_controller>
            </node>
            <node id="sun_0" sid="sun_0" name="sun_0">
                <instance_controller url="#sun_0-controller">
                    <skeleton>#g_skay</skeleton>
                    <bind_material>
                        <technique_common>
                            <instance_material target="#lambert10" symbol="lambert10" />
                        </technique_common>
                    </bind_material>
                </instance_controller>
            </node>
        </visual_scene>
    </library_visual_scenes>
    <scene>
        <instance_visual_scene url="#Scene" />
    </scene>
</COLLADA>