<?xml version="1.0" encoding="utf-8"?>
<COLLADA xmlns:xsi="http://www.w3.org/2001/XMLSchema-instance" xmlns:xsd="http://www.w3.org/2001/XMLSchema" version="1.4.1" xmlns="http://www.collada.org/2005/11/COLLADASchema">
    <asset>
        <created>2022-10-28T08:36:19.3277724-05:00</created>
        <modified>2022-10-28T08:36:19.3277724-05:00</modified>
        <unit name="Meter" />
        <contributor>
            <authoring_tool>IONET Exporter</authoring_tool>
        </contributor>
    </asset>
    <library_images>
        <image id="Texture_26_CMP-image" name="Texture_26_CMP">
            <init_from>Texture_26_CMP.png</init_from>
        </image>
        <image id="Texture_27_CMP-image" name="Texture_27_CMP">
            <init_from>Texture_27_CMP.png</init_from>
        </image>
        <image id="Texture_28_CMP-image" name="Texture_28_CMP">
            <init_from>Texture_28_CMP.png</init_from>
        </image>
        <image id="Texture_26_CMP-image_0" name="Texture_26_CMP">
            <init_from>Texture_26_CMP.png</init_from>
        </image>
        <image id="Texture_27_CMP-image_0" name="Texture_27_CMP">
            <init_from>Texture_27_CMP.png</init_from>
        </image>
        <image id="Texture_28_CMP-image_0" name="Texture_28_CMP">
            <init_from>Texture_28_CMP.png</init_from>
        </image>
        <image id="Texture_26_CMP-image_1" name="Texture_26_CMP">
            <init_from>Texture_26_CMP.png</init_from>
        </image>
        <image id="Texture_27_CMP-image_1" name="Texture_27_CMP">
            <init_from>Texture_27_CMP.png</init_from>
        </image>
        <image id="Texture_28_CMP-image_1" name="Texture_28_CMP">
            <init_from>Texture_28_CMP.png</init_from>
        </image>
    </library_images>
    <library_materials>
        <material id="tach_s" name="tach_s">
            <instance_effect url="#tach_s-effect" />
        </material>
        <material id="to_s" name="to_s">
            <instance_effect url="#to_s-effect" />
        </material>
        <material id="light_s" name="light_s">
            <instance_effect url="#light_s-effect" />
        </material>
        <material id="tach_s0" name="tach_s0">
            <instance_effect url="#tach_s0-effect" />
        </material>
        <material id="to_s0" name="to_s0">
            <instance_effect url="#to_s0-effect" />
        </material>
        <material id="light_s0" name="light_s0">
            <instance_effect url="#light_s0-effect" />
        </material>
        <material id="tach_s1" name="tach_s1">
            <instance_effect url="#tach_s1-effect" />
        </material>
        <material id="to_s1" name="to_s1">
            <instance_effect url="#to_s1-effect" />
        </material>
        <material id="light_s1" name="light_s1">
            <instance_effect url="#light_s1-effect" />
        </material>
    </library_materials>
    <library_effects>
        <effect id="tach_s-effect" name="tach_s">
            <profile_COMMON>
                <newparam sid="Texture_26_CMP-image_surface">
                    <surface type="2D">
                        <init_from>Texture_26_CMP-image</init_from>
                    </surface>
                </newparam>
                <newparam sid="Texture_26_CMP-image_sampler">
                    <sampler2D>
                        <source>Texture_26_CMP-image_surface</source>
                        <wrap_s>CLAMP</wrap_s>
                        <wrap_t>CLAMP</wrap_t>
                    </sampler2D>
                </newparam>
                <technique sid="standard">
                    <phong>
                        <emission>
                            <color sid="emission">0 0 0 1</color>
                        </emission>
                        <ambient>
                            <color sid="ambient">0 0 0 1</color>
                        </ambient>
                        <diffuse>
                            <texture texture="Texture_26_CMP-image_sampler" texcoord="CHANNEL0" />
                        </diffuse>
                        <specular>
                            <color sid="specular">0.2352941 0.4588235 0.7607843 0.5607843</color>
                        </specular>
                        <reflective>
                            <color sid="reflective">1 1 1 1</color>
                        </reflective>
                        <shininess>
                            <float sid="shininess">54.904</float>
                        </shininess>
                        <reflectivity>
                            <float sid="reflectivity">1</float>
                        </reflectivity>
                        <transparency>
                            <float sid="transparency">1</float>
                        </transparency>
                    </phong>
                </technique>
            </profile_COMMON>
        </effect>
        <effect id="to_s-effect" name="to_s">
            <profile_COMMON>
                <newparam sid="Texture_27_CMP-image_surface">
                    <surface type="2D">
                        <init_from>Texture_27_CMP-image</init_from>
                    </surface>
                </newparam>
                <newparam sid="Texture_27_CMP-image_sampler">
                    <sampler2D>
                        <source>Texture_27_CMP-image_surface</source>
                        <wrap_s>CLAMP</wrap_s>
                        <wrap_t>CLAMP</wrap_t>
                    </sampler2D>
                </newparam>
                <technique sid="standard">
                    <phong>
                        <emission>
                            <color sid="emission">0 0 0 1</color>
                        </emission>
                        <ambient>
                            <color sid="ambient">0 0 0 1</color>
                        </ambient>
                        <diffuse>
                            <texture texture="Texture_27_CMP-image_sampler" texcoord="CHANNEL0" />
                        </diffuse>
                        <specular>
                            <color sid="specular">0.2352941 0.4588235 0.7607843 0.5607843</color>
                        </specular>
                        <reflective>
                            <color sid="reflective">1 1 1 1</color>
                        </reflective>
                        <shininess>
                            <float sid="shininess">50</float>
                        </shininess>
                        <reflectivity>
                            <float sid="reflectivity">1</float>
                        </reflectivity>
                        <transparency>
                            <float sid="transparency">1</float>
                        </transparency>
                    </phong>
                </technique>
            </profile_COMMON>
        </effect>
        <effect id="light_s-effect" name="light_s">
            <profile_COMMON>
                <newparam sid="Texture_28_CMP-image_surface">
                    <surface type="2D">
                        <init_from>Texture_28_CMP-image</init_from>
                    </surface>
                </newparam>
                <newparam sid="Texture_28_CMP-image_sampler">
                    <sampler2D>
                        <source>Texture_28_CMP-image_surface</source>
                        <wrap_s>CLAMP</wrap_s>
                        <wrap_t>CLAMP</wrap_t>
                    </sampler2D>
                </newparam>
                <technique sid="standard">
                    <phong>
                        <emission>
                            <color sid="emission">0 0 0 1</color>
                        </emission>
                        <ambient>
                            <color sid="ambient">0 0 0 1</color>
                        </ambient>
                        <diffuse>
                            <texture texture="Texture_28_CMP-image_sampler" texcoord="CHANNEL0" />
                        </diffuse>
                        <specular>
                            <color sid="specular">0.2352941 0.4588235 0.7607843 0.5607843</color>
                        </specular>
                        <reflective>
                            <color sid="reflective">1 1 1 1</color>
                        </reflective>
                        <shininess>
                            <float sid="shininess">64.444</float>
                        </shininess>
                        <reflectivity>
                            <float sid="reflectivity">1</float>
                        </reflectivity>
                        <transparency>
                            <float sid="transparency">1</float>
                        </transparency>
                    </phong>
                </technique>
            </profile_COMMON>
        </effect>
        <effect id="tach_s0-effect" name="tach_s0">
            <profile_COMMON>
                <newparam sid="Texture_26_CMP-image_0_surface">
                    <surface type="2D">
                        <init_from>Texture_26_CMP-image_0</init_from>
                    </surface>
                </newparam>
                <newparam sid="Texture_26_CMP-image_0_sampler">
                    <sampler2D>
                        <source>Texture_26_CMP-image_0_surface</source>
                        <wrap_s>CLAMP</wrap_s>
                        <wrap_t>CLAMP</wrap_t>
                    </sampler2D>
                </newparam>
                <technique sid="standard">
                    <phong>
                        <emission>
                            <color sid="emission">0 0 0 1</color>
                        </emission>
                        <ambient>
                            <color sid="ambient">0 0 0 1</color>
                        </ambient>
                        <diffuse>
                            <texture texture="Texture_26_CMP-image_0_sampler" texcoord="CHANNEL0" />
                        </diffuse>
                        <specular>
                            <color sid="specular">0.2352941 0.4588235 0.7607843 0.5607843</color>
                        </specular>
                        <reflective>
                            <color sid="reflective">1 1 1 1</color>
                        </reflective>
                        <shininess>
                            <float sid="shininess">54.904</float>
                        </shininess>
                        <reflectivity>
                            <float sid="reflectivity">1</float>
                        </reflectivity>
                        <transparency>
                            <float sid="transparency">1</float>
                        </transparency>
                    </phong>
                </technique>
            </profile_COMMON>
        </effect>
        <effect id="to_s0-effect" name="to_s0">
            <profile_COMMON>
                <newparam sid="Texture_27_CMP-image_0_surface">
                    <surface type="2D">
                        <init_from>Texture_27_CMP-image_0</init_from>
                    </surface>
                </newparam>
                <newparam sid="Texture_27_CMP-image_0_sampler">
                    <sampler2D>
                        <source>Texture_27_CMP-image_0_surface</source>
                        <wrap_s>CLAMP</wrap_s>
                        <wrap_t>CLAMP</wrap_t>
                    </sampler2D>
                </newparam>
                <technique sid="standard">
                    <phong>
                        <emission>
                            <color sid="emission">0 0 0 1</color>
                        </emission>
                        <ambient>
                            <color sid="ambient">0 0 0 1</color>
                        </ambient>
                        <diffuse>
                            <texture texture="Texture_27_CMP-image_0_sampler" texcoord="CHANNEL0" />
                        </diffuse>
                        <specular>
                            <color sid="specular">0.2352941 0.4588235 0.7607843 0.5607843</color>
                        </specular>
                        <reflective>
                            <color sid="reflective">1 1 1 1</color>
                        </reflective>
                        <shininess>
                            <float sid="shininess">50</float>
                        </shininess>
                        <reflectivity>
                            <float sid="reflectivity">1</float>
                        </reflectivity>
                        <transparency>
                            <float sid="transparency">1</float>
                        </transparency>
                    </phong>
                </technique>
            </profile_COMMON>
        </effect>
        <effect id="light_s0-effect" name="light_s0">
            <profile_COMMON>
                <newparam sid="Texture_28_CMP-image_0_surface">
                    <surface type="2D">
                        <init_from>Texture_28_CMP-image_0</init_from>
                    </surface>
                </newparam>
                <newparam sid="Texture_28_CMP-image_0_sampler">
                    <sampler2D>
                        <source>Texture_28_CMP-image_0_surface</source>
                        <wrap_s>CLAMP</wrap_s>
                        <wrap_t>CLAMP</wrap_t>
                    </sampler2D>
                </newparam>
                <technique sid="standard">
                    <phong>
                        <emission>
                            <color sid="emission">0 0 0 1</color>
                        </emission>
                        <ambient>
                            <color sid="ambient">0 0 0 1</color>
                        </ambient>
                        <diffuse>
                            <texture texture="Texture_28_CMP-image_0_sampler" texcoord="CHANNEL0" />
                        </diffuse>
                        <specular>
                            <color sid="specular">0.2352941 0.4588235 0.7607843 0.5607843</color>
                        </specular>
                        <reflective>
                            <color sid="reflective">1 1 1 1</color>
                        </reflective>
                        <shininess>
                            <float sid="shininess">64.444</float>
                        </shininess>
                        <reflectivity>
                            <float sid="reflectivity">1</float>
                        </reflectivity>
                        <transparency>
                            <float sid="transparency">1</float>
                        </transparency>
                    </phong>
                </technique>
            </profile_COMMON>
        </effect>
        <effect id="tach_s1-effect" name="tach_s1">
            <profile_COMMON>
                <newparam sid="Texture_26_CMP-image_1_surface">
                    <surface type="2D">
                        <init_from>Texture_26_CMP-image_1</init_from>
                    </surface>
                </newparam>
                <newparam sid="Texture_26_CMP-image_1_sampler">
                    <sampler2D>
                        <source>Texture_26_CMP-image_1_surface</source>
                        <wrap_s>CLAMP</wrap_s>
                        <wrap_t>CLAMP</wrap_t>
                    </sampler2D>
                </newparam>
                <technique sid="standard">
                    <phong>
                        <emission>
                            <color sid="emission">0 0 0 1</color>
                        </emission>
                        <ambient>
                            <color sid="ambient">0 0 0 1</color>
                        </ambient>
                        <diffuse>
                            <texture texture="Texture_26_CMP-image_1_sampler" texcoord="CHANNEL0" />
                        </diffuse>
                        <specular>
                            <color sid="specular">0.2352941 0.4588235 0.7607843 0.5607843</color>
                        </specular>
                        <reflective>
                            <color sid="reflective">1 1 1 1</color>
                        </reflective>
                        <shininess>
                            <float sid="shininess">54.904</float>
                        </shininess>
                        <reflectivity>
                            <float sid="reflectivity">1</float>
                        </reflectivity>
                        <transparency>
                            <float sid="transparency">1</float>
                        </transparency>
                    </phong>
                </technique>
            </profile_COMMON>
        </effect>
        <effect id="to_s1-effect" name="to_s1">
            <profile_COMMON>
                <newparam sid="Texture_27_CMP-image_1_surface">
                    <surface type="2D">
                        <init_from>Texture_27_CMP-image_1</init_from>
                    </surface>
                </newparam>
                <newparam sid="Texture_27_CMP-image_1_sampler">
                    <sampler2D>
                        <source>Texture_27_CMP-image_1_surface</source>
                        <wrap_s>CLAMP</wrap_s>
                        <wrap_t>CLAMP</wrap_t>
                    </sampler2D>
                </newparam>
                <technique sid="standard">
                    <phong>
                        <emission>
                            <color sid="emission">0 0 0 1</color>
                        </emission>
                        <ambient>
                            <color sid="ambient">0 0 0 1</color>
                        </ambient>
                        <diffuse>
                            <texture texture="Texture_27_CMP-image_1_sampler" texcoord="CHANNEL0" />
                        </diffuse>
                        <specular>
                            <color sid="specular">0.2352941 0.4588235 0.7607843 0.5607843</color>
                        </specular>
                        <reflective>
                            <color sid="reflective">1 1 1 1</color>
                        </reflective>
                        <shininess>
                            <float sid="shininess">50</float>
                        </shininess>
                        <reflectivity>
                            <float sid="reflectivity">1</float>
                        </reflectivity>
                        <transparency>
                            <float sid="transparency">1</float>
                        </transparency>
                    </phong>
                </technique>
            </profile_COMMON>
        </effect>
        <effect id="light_s1-effect" name="light_s1">
            <profile_COMMON>
                <newparam sid="Texture_28_CMP-image_1_surface">
                    <surface type="2D">
                        <init_from>Texture_28_CMP-image_1</init_from>
                    </surface>
                </newparam>
                <newparam sid="Texture_28_CMP-image_1_sampler">
                    <sampler2D>
                        <source>Texture_28_CMP-image_1_surface</source>
                        <wrap_s>CLAMP</wrap_s>
                        <wrap_t>CLAMP</wrap_t>
                    </sampler2D>
                </newparam>
                <technique sid="standard">
                    <phong>
                        <emission>
                            <color sid="emission">0 0 0 1</color>
                        </emission>
                        <ambient>
                            <color sid="ambient">0 0 0 1</color>
                        </ambient>
                        <diffuse>
                            <texture texture="Texture_28_CMP-image_1_sampler" texcoord="CHANNEL0" />
                        </diffuse>
                        <specular>
                            <color sid="specular">0.2352941 0.4588235 0.7607843 0.5607843</color>
                        </specular>
                        <reflective>
                            <color sid="reflective">1 1 1 1</color>
                        </reflective>
                        <shininess>
                            <float sid="shininess">64.444</float>
                        </shininess>
                        <reflectivity>
                            <float sid="reflectivity">1</float>
                        </reflectivity>
                        <transparency>
                            <float sid="transparency">1</float>
                        </transparency>
                    </phong>
                </technique>
            </profile_COMMON>
        </effect>
    </library_effects>
    <library_geometries>
        <geometry id="green_1_0-geometry" name="green_1_0">
            <mesh>
                <source id="green_1_0-geometry-POSITION">
                    <float_array id="green_1_0-geometry-POSITION-array" count="4680">-189.3333 113.1672 -315.5585 -179.2338 116.1845 -318.9484 -179.739 115.2335 -320.3145 -188.9634 114.089 -314.1253 -179.2338 116.1845 -318.9484 -189.3333 113.1672 -315.5585 -188.9634 114.089 -314.1253 -179.703 117.7233 -319.3333 -179.2338 116.1845 -318.9484 -189.6515 115.5807 -314.4016 -179.703 117.7233 -319.3333 -188.9634 114.089 -314.1253 -189.6515 115.5807 -314.4016 -180.4982 117.7233 -320.9373 -179.703 117.7233 -319.3333 -190.4466 115.5807 -316.0057 -180.4982 117.7233 -320.9373 -189.6515 115.5807 -314.4016 -190.4466 115.5807 -316.0057 -180.5204 116.1845 -321.5438 -180.4982 117.7233 -320.9373 -190.25 114.089 -316.7207 -180.5204 116.1845 -321.5438 -190.4466 115.5807 -316.0057 -190.25 114.089 -316.7207 -179.739 115.2335 -320.3145 -180.5204 116.1845 -321.5438 -189.3333 113.1672 -315.5585 -179.739 115.2335 -320.3145 -190.25 114.089 -316.7207 -198.5329 109.77 -310.9982 -188.9634 114.089 -314.1253 -189.3333 113.1672 -315.5585 -198.2927 110.644 -309.5006 -188.9634 114.089 -314.1253 -198.5329 109.77 -310.9982 -198.2927 110.644 -309.5006 -189.6515 115.5807 -314.4016 -188.9634 114.089 -314.1253 -199.1907 112.0581 -309.6729 -189.6515 115.5807 -314.4016 -198.2927 110.644 -309.5006 -199.1907 112.0581 -309.6729 -190.4466 115.5807 -316.0057 -189.6515 115.5807 -314.4016 -199.9859 112.0581 -311.277 -190.4466 115.5807 -316.0057 -199.1907 112.0581 -309.6729 -199.9859 112.0581 -311.277 -190.25 114.089 -316.7207 -190.4466 115.5807 -316.0057 -199.5793 110.644 -312.0961 -190.25 114.089 -316.7207 -199.9859 112.0581 -311.277 -199.5793 110.644 -312.0961 -189.3333 113.1672 -315.5585 -190.25 114.089 -316.7207 -198.5329 109.77 -310.9982 -189.3333 113.1672 -315.5585 -199.5793 110.644 -312.0961 -207.1505 105.1112 -306.7263 -198.2927 110.644 -309.5006 -198.5329 109.77 -310.9982 -207.0318 105.9194 -305.1685 -198.2927 110.644 -309.5006 -207.1505 105.1112 -306.7263 -207.0318 105.9194 -305.1685 -199.1907 112.0581 -309.6729 -198.2927 110.644 -309.5006 -208.1264 107.2272 -305.2433 -199.1907 112.0581 -309.6729 -207.0318 105.9194 -305.1685 -208.1264 107.2272 -305.2433 -199.9859 112.0581 -311.277 -199.1907 112.0581 -309.6729 -208.9216 107.2272 -306.8474 -199.9859 112.0581 -311.277 -208.1264 107.2272 -305.2433 -208.9216 107.2272 -306.8474 -199.5793 110.644 -312.0961 -199.9859 112.0581 -311.277 -208.3184 105.9194 -307.7639 -199.5793 110.644 -312.0961 -208.9216 107.2272 -306.8474 -208.3184 105.9194 -307.7639 -198.5329 109.77 -310.9982 -199.5793 110.644 -312.0961 -207.1505 105.1112 -306.7263 -198.5329 109.77 -310.9982 -208.3184 105.9194 -307.7639 -215.0107 99.28554 -302.8298 -207.0318 105.9194 -305.1685 -207.1505 105.1112 -306.7263 -215.0029 100.0117 -301.2171 -207.0318 105.9194 -305.1685 -215.0107 99.28554 -302.8298 -215.0029 100.0117 -301.2171 -208.1264 107.2272 -305.2433 -207.0318 105.9194 -305.1685 -216.2768 101.1865 -301.2031 -208.1264 107.2272 -305.2433 -215.0029 100.0117 -301.2171 -216.2768 101.1865 -301.2031 -208.9216 107.2272 -306.8474 -208.1264 107.2272 -305.2433 -217.072 101.1865 -302.8072 -208.9216 107.2272 -306.8474 -216.2768 101.1865 -301.2031 -217.072 101.1865 -302.8072 -208.3184 105.9194 -307.7639 -208.9216 107.2272 -306.8474 -216.2895 100.0117 -303.8126 -208.3184 105.9194 -307.7639 -217.072 101.1865 -302.8072 -216.2895 100.0117 -303.8126 -207.1505 105.1112 -306.7263 -208.3184 105.9194 -307.7639 -215.0107 99.28554 -302.8298 -207.1505 105.1112 -306.7263 -216.2895 100.0117 -303.8126 -221.9535 92.41168 -299.3882 -215.0029 100.0117 -301.2171 -215.0107 99.28554 -302.8298 -222.0436 93.04086 -297.7269 -215.0029 100.0117 -301.2171 -221.9535 92.41168 -299.3882 -222.0436 93.04086 -297.7269 -216.2768 101.1865 -301.2031 -215.0029 100.0117 -301.2171 -223.476 94.05891 -297.6343 -216.2768 101.1865 -301.2031 -222.0436 93.04086 -297.7269 -223.476 94.05891 -297.6343 -217.072 101.1865 -302.8072 -216.2768 101.1865 -301.2031 -224.2711 94.05891 -299.2384 -217.072 101.1865 -302.8072 -223.476 94.05891 -297.6343 -224.2711 94.05891 -299.2384 -216.2895 100.0117 -303.8126 -217.072 101.1865 -302.8072 -223.3302 93.04086 -300.3224 -216.2895 100.0117 -303.8126 -224.2711 94.05891 -299.2384 -223.3302 93.04086 -300.3224 -215.0107 99.28554 -302.8298 -216.2895 100.0117 -303.8126 -221.9535 92.41168 -299.3882 -215.0107 99.28554 -302.8298 -223.3302 93.04086 -300.3224 -103.9165 66.98932 -357.901 -102.353 56.45077 -357.0594 -103.9273 56.45611 -357.8956 -102.3421 67.25999 -357.0648 -102.353 56.45077 -357.0594 -103.9165 66.98932 -357.901 -102.3421 67.25999 -357.0648 -101.0924 56.44206 -358.3018 -102.353 56.45077 -357.0594 -101.0812 67.69798 -358.3073 -101.0924 56.44206 -358.3018 -102.3421 67.25999 -357.0648 -101.0812 67.69798 -358.3073 -101.8876 56.44206 -359.9059 -101.0924 56.44206 -358.3018 -101.8764 67.69798 -359.9114 -101.8876 56.44206 -359.9059 -101.0812 67.69798 -358.3073 -101.8764 67.69798 -359.9114 -103.6396 56.45077 -359.6549 -101.8876 56.44206 -359.9059 -103.6287 67.25999 -359.6603 -103.6396 56.45077 -359.6549 -101.8764 67.69798 -359.9114 -103.6287 67.25999 -359.6603 -103.9273 56.45611 -357.8956 -103.6396 56.45077 -359.6549 -103.9165 66.98932 -357.901 -103.9273 56.45611 -357.8956 -103.6287 67.25999 -359.6603 -107.3478 76.0975 -356.2 -102.3421 67.25999 -357.0648 -103.9165 66.98932 -357.901 -105.8217 76.49663 -355.3399 -102.3421 67.25999 -357.0648 -107.3478 76.0975 -356.2 -105.8217 76.49663 -355.3399 -101.0812 67.69798 -358.3073 -102.3421 67.25999 -357.0648 -104.6391 77.14243 -356.5436 -101.0812 67.69798 -358.3073 -105.8217 76.49663 -355.3399 -104.6391 77.14243 -356.5436 -101.8764 67.69798 -359.9114 -101.0812 67.69798 -358.3073 -105.4343 77.14243 -358.1477 -101.8764 67.69798 -359.9114 -104.6391 77.14243 -356.5436 -105.4343 77.14243 -358.1477 -103.6287 67.25999 -359.6603 -101.8764 67.69798 -359.9114 -107.1083 76.49663 -357.9354 -103.6287 67.25999 -359.6603 -105.4343 77.14243 -358.1477 -107.1083 76.49663 -357.9354 -103.9165 66.98932 -357.901 -103.6287 67.25999 -359.6603 -107.3478 76.0975 -356.2 -103.9165 66.98932 -357.901 -107.1083 76.49663 -357.9354 -112.0533 84.62952 -353.8674 -105.8217 76.49663 -355.3399 -107.3478 76.0975 -356.2 -110.5937 85.14896 -352.9744 -105.8217 76.49663 -355.3399 -112.0533 84.62952 -353.8674 -110.5937 85.14896 -352.9744 -104.6391 77.14243 -356.5436 -105.8217 76.49663 -355.3399 -109.5184 85.98943 -354.1249 -104.6391 77.14243 -356.5436 -110.5937 85.14896 -352.9744 -109.5184 85.98943 -354.1249 -105.4343 77.14243 -358.1477 -104.6391 77.14243 -356.5436 -110.3136 85.98943 -355.729 -105.4343 77.14243 -358.1477 -109.5184 85.98943 -354.1249 -110.3136 85.98943 -355.729 -107.1083 76.49663 -357.9354 -105.4343 77.14243 -358.1477 -111.8803 85.14896 -355.5699 -107.1083 76.49663 -357.9354 -110.3136 85.98943 -355.729 -111.8803 85.14896 -355.5699 -107.3478 76.0975 -356.2 -107.1083 76.49663 -357.9354 -112.0533 84.62952 -353.8674 -107.3478 76.0975 -356.2 -111.8803 85.14896 -355.5699 -117.9374 92.41165 -350.9506 -110.5937 85.14896 -352.9744 -112.0533 84.62952 -353.8674 -116.5607 93.04085 -350.0164 -110.5937 85.14896 -352.9744 -117.9374 92.41165 -350.9506 -116.5607 93.04085 -350.0164 -109.5184 85.98943 -354.1249 -110.5937 85.14896 -352.9744 -115.6198 94.05888 -351.1003 -109.5184 85.98943 -354.1249 -116.5607 93.04085 -350.0164 -115.6198 94.05888 -351.1003 -110.3136 85.98943 -355.729 -109.5184 85.98943 -354.1249 -116.4149 94.05888 -352.7044 -110.3136 85.98943 -355.729 -115.6198 94.05888 -351.1003 -116.4149 94.05888 -352.7044 -111.8803 85.14896 -355.5699 -110.3136 85.98943 -355.729 -117.8473 93.04085 -352.6119 -111.8803 85.14896 -355.5699 -116.4149 94.05888 -352.7044 -117.8473 93.04085 -352.6119 -112.0533 84.62952 -353.8674 -111.8803 85.14896 -355.5699 -117.9374 92.41165 -350.9506 -112.0533 84.62952 -353.8674 -117.8473 93.04085 -352.6119 -124.8802 99.28552 -347.5089 -116.5607 93.04085 -350.0164 -117.9374 92.41165 -350.9506 -123.6014 100.0116 -346.5262 -116.5607 93.04085 -350.0164 -124.8802 99.28552 -347.5089 -123.6014 100.0116 -346.5262 -115.6198 94.05888 -351.1003 -116.5607 93.04085 -350.0164 -122.8189 101.1865 -347.5316 -115.6198 94.05888 -351.1003 -123.6014 100.0116 -346.5262 -122.8189 101.1865 -347.5316 -116.4149 94.05888 -352.7044 -115.6198 94.05888 -351.1003 -123.6141 101.1865 -349.1357 -116.4149 94.05888 -352.7044 -122.8189 101.1865 -347.5316 -123.6141 101.1865 -349.1357 -117.8473 93.04085 -352.6119 -116.4149 94.05888 -352.7044 -124.888 100.0116 -349.1217 -117.8473 93.04085 -352.6119 -123.6141 101.1865 -349.1357 -124.888 100.0116 -349.1217 -117.9374 92.41165 -350.9506 -117.8473 93.04085 -352.6119 -124.8802 99.28552 -347.5089 -117.9374 92.41165 -350.9506 -124.888 100.0116 -349.1217 -132.7405 105.1112 -343.6125 -123.6014 100.0116 -346.5262 -124.8802 99.28552 -347.5089 -131.5725 105.9194 -342.5748 -123.6014 100.0116 -346.5262 -132.7405 105.1112 -343.6125 -131.5725 105.9194 -342.5748 -122.8189 101.1865 -347.5316 -123.6014 100.0116 -346.5262 -130.9693 107.2272 -343.4913 -122.8189 101.1865 -347.5316 -131.5725 105.9194 -342.5748 -130.9693 107.2272 -343.4913 -123.6141 101.1865 -349.1357 -122.8189 101.1865 -347.5316 -131.7645 107.2272 -345.0954 -123.6141 101.1865 -349.1357 -130.9693 107.2272 -343.4913 -131.7645 107.2272 -345.0954 -124.888 100.0116 -349.1217 -123.6141 101.1865 -349.1357 -132.8591 105.9194 -345.1703 -124.888 100.0116 -349.1217 -131.7645 107.2272 -345.0954 -132.8591 105.9194 -345.1703 -124.8802 99.28552 -347.5089 -124.888 100.0116 -349.1217 -132.7405 105.1112 -343.6125 -124.8802 99.28552 -347.5089 -132.8591 105.9194 -345.1703 -141.3581 109.77 -339.3406 -131.5725 105.9194 -342.5748 -132.7405 105.1112 -343.6125 -140.3116 110.644 -338.2427 -131.5725 105.9194 -342.5748 -141.3581 109.77 -339.3406 -140.3116 110.644 -338.2427 -130.9693 107.2272 -343.4913 -131.5725 105.9194 -342.5748 -139.9051 112.0581 -339.0617 -130.9693 107.2272 -343.4913 -140.3116 110.644 -338.2427 -139.9051 112.0581 -339.0617 -131.7645 107.2272 -345.0954 -130.9693 107.2272 -343.4913 -140.7002 112.0581 -340.6658 -131.7645 107.2272 -345.0954 -139.9051 112.0581 -339.0617 -140.7002 112.0581 -340.6658 -132.8591 105.9194 -345.1703 -131.7645 107.2272 -345.0954 -141.5982 110.644 -340.8382 -132.8591 105.9194 -345.1703 -140.7002 112.0581 -340.6658 -141.5982 110.644 -340.8382 -132.7405 105.1112 -343.6125 -132.8591 105.9194 -345.1703 -141.3581 109.77 -339.3406 -132.7405 105.1112 -343.6125 -141.5982 110.644 -340.8382 -150.5576 113.1672 -334.7802 -140.3116 110.644 -338.2427 -141.3581 109.77 -339.3406 -149.6409 114.089 -333.618 -140.3116 110.644 -338.2427 -150.5576 113.1672 -334.7802 -149.6409 114.089 -333.618 -139.9051 112.0581 -339.0617 -140.3116 110.644 -338.2427 -149.4442 115.5807 -334.333 -139.9051 112.0581 -339.0617 -149.6409 114.089 -333.618 -149.4442 115.5807 -334.333 -140.7002 112.0581 -340.6658 -139.9051 112.0581 -339.0617 -150.2394 115.5807 -335.9371 -140.7002 112.0581 -340.6658 -149.4442 115.5807 -334.333 -150.2394 115.5807 -335.9371 -141.5982 110.644 -340.8382 -140.7002 112.0581 -340.6658 -150.9275 114.089 -336.2135 -141.5982 110.644 -340.8382 -150.2394 115.5807 -335.9371 -150.9275 114.089 -336.2135 -141.3581 109.77 -339.3406 -141.5982 110.644 -340.8382 -150.5576 113.1672 -334.7802 -141.3581 109.77 -339.3406 -150.9275 114.089 -336.2135 -160.1519 115.2335 -330.0242 -149.6409 114.089 -333.618 -150.5576 113.1672 -334.7802 -159.3704 116.1846 -328.7949 -149.6409 114.089 -333.618 -160.1519 115.2335 -330.0242 -159.3704 116.1846 -328.7949 -149.4442 115.5807 -334.333 -149.6409 114.089 -333.618 -159.3927 117.7233 -329.4014 -149.4442 115.5807 -334.333 -159.3704 116.1846 -328.7949 -159.3927 117.7233 -329.4014 -150.2394 115.5807 -335.9371 -149.4442 115.5807 -334.333 -160.1879 117.7233 -331.0055 -150.2394 115.5807 -335.9371 -159.3927 117.7233 -329.4014 -160.1879 117.7233 -331.0055 -150.9275 114.089 -336.2135 -150.2394 115.5807 -335.9371 -160.6571 116.1846 -331.3904 -150.9275 114.089 -336.2135 -160.1879 117.7233 -331.0055 -160.6571 116.1846 -331.3904 -150.5576 113.1672 -334.7802 -150.9275 114.089 -336.2135 -160.1519 115.2335 -330.0242 -150.5576 113.1672 -334.7802 -160.6571 116.1846 -331.3904 -169.9455 115.927 -325.1694 -159.3704 116.1846 -328.7949 -160.1519 115.2335 -330.0242 -169.3022 116.8878 -323.8716 -159.3704 116.1846 -328.7949 -169.9455 115.927 -325.1694 -169.3022 116.8878 -323.8716 -159.3927 117.7233 -329.4014 -159.3704 116.1846 -328.7949 -169.5479 118.4424 -324.3673 -159.3927 117.7233 -329.4014 -169.3022 116.8878 -323.8716 -169.5479 118.4424 -324.3673 -160.1879 117.7233 -331.0055 -159.3927 117.7233 -329.4014 -170.3431 118.4424 -325.9714 -160.1879 117.7233 -331.0055 -169.5479 118.4424 -324.3673 -170.3431 118.4424 -325.9714 -160.6571 116.1846 -331.3904 -160.1879 117.7233 -331.0055 -170.5888 116.8878 -326.4671 -160.6571 116.1846 -331.3904 -170.3431 118.4424 -325.9714 -170.5888 116.8878 -326.4671 -160.1519 115.2335 -330.0242 -160.6571 116.1846 -331.3904 -169.9455 115.927 -325.1694 -160.1519 115.2335 -330.0242 -170.5888 116.8878 -326.4671 -179.739 115.2335 -320.3145 -169.3022 116.8878 -323.8716 -169.9455 115.927 -325.1694 -179.2338 116.1845 -318.9484 -169.3022 116.8878 -323.8716 -179.739 115.2335 -320.3145 -179.2338 116.1845 -318.9484 -169.5479 118.4424 -324.3673 -169.3022 116.8878 -323.8716 -179.703 117.7233 -319.3333 -169.5479 118.4424 -324.3673 -179.2338 116.1845 -318.9484 -179.703 117.7233 -319.3333 -170.3431 118.4424 -325.9714 -169.5479 118.4424 -324.3673 -180.4982 117.7233 -320.9373 -170.3431 118.4424 -325.9714 -179.703 117.7233 -319.3333 -180.4982 117.7233 -320.9373 -170.5888 116.8878 -326.4671 -170.3431 118.4424 -325.9714 -180.5204 116.1845 -321.5438 -170.5888 116.8878 -326.4671 -180.4982 117.7233 -320.9373 -180.5204 116.1845 -321.5438 -169.9455 115.927 -325.1694 -170.5888 116.8878 -326.4671 -179.739 115.2335 -320.3145 -169.9455 115.927 -325.1694 -180.5204 116.1845 -321.5438 -303.8724 113.1672 -207.5714 -296.1135 116.1845 -214.8713 -297.1433 115.2335 -215.9014 -302.9374 114.089 -206.4238 -296.1135 116.1845 -214.8713 -303.8724 113.1672 -207.5714 -302.9374 114.089 -206.4238 -296.7005 117.7233 -215.0249 -296.1135 116.1845 -214.8713 -303.678 115.5807 -206.3874 -296.7005 117.7233 -215.0249 -302.9374 114.089 -206.4238 -303.678 115.5807 -206.3874 -298.0933 117.7233 -216.15 -296.7005 117.7233 -215.0249 -305.0707 115.5807 -207.5124 -298.0933 117.7233 -216.15 -303.678 115.5807 -206.3874 -305.0707 115.5807 -207.5124 -298.3669 116.1845 -216.6916 -298.0933 117.7233 -216.15 -305.1909 114.089 -208.2442 -298.3669 116.1845 -216.6916 -305.0707 115.5807 -207.5124 -305.1909 114.089 -208.2442 -297.1433 115.2335 -215.9014 -298.3669 116.1845 -216.6916 -303.8724 113.1672 -207.5714 -297.1433 115.2335 -215.9014 -305.1909 114.089 -208.2442 -310.3246 109.77 -199.584 -302.9374 114.089 -206.4238 -303.8724 113.1672 -207.5714 -309.4806 110.644 -198.3238 -302.9374 114.089 -206.4238 -310.3246 109.77 -199.584 -309.4806 110.644 -198.3238 -303.678 115.5807 -206.3874 -302.9374 114.089 -206.4238 -310.3685 112.0581 -198.1052 -303.678 115.5807 -206.3874 -309.4806 110.644 -198.3238 -310.3685 112.0581 -198.1052 -305.0707 115.5807 -207.5124 -303.678 115.5807 -206.3874 -311.7612 112.0581 -199.2302 -305.0707 115.5807 -207.5124 -310.3685 112.0581 -198.1052 -311.7612 112.0581 -199.2302 -305.1909 114.089 -208.2442 -305.0707 115.5807 -207.5124 -311.7341 110.644 -200.1442 -305.1909 114.089 -208.2442 -311.7612 112.0581 -199.2302 -311.7341 110.644 -200.1442 -303.8724 113.1672 -207.5714 -305.1909 114.089 -208.2442 -310.3246 109.77 -199.584 -303.8724 113.1672 -207.5714 -311.7341 110.644 -200.1442 -316.3687 105.1112 -192.102 -309.4806 110.644 -198.3238 -310.3246 109.77 -199.584 -315.61 105.9194 -190.7363 -309.4806 110.644 -198.3238 -316.3687 105.1112 -192.102 -315.61 105.9194 -190.7363 -310.3685 112.0581 -198.1052 -309.4806 110.644 -198.3238 -316.6357 107.2272 -190.3469 -310.3685 112.0581 -198.1052 -315.61 105.9194 -190.7363 -316.6357 107.2272 -190.3469 -311.7612 112.0581 -199.2302 -310.3685 112.0581 -198.1052 -318.0284 107.2272 -191.4719 -311.7612 112.0581 -199.2302 -316.6357 107.2272 -190.3469 -318.0284 107.2272 -191.4719 -311.7341 110.644 -200.1442 -311.7612 112.0581 -199.2302 -317.8634 105.9194 -192.5567 -311.7341 110.644 -200.1442 -318.0284 107.2272 -191.4719 -317.8634 105.9194 -192.5567 -310.3246 109.77 -199.584 -311.7341 110.644 -200.1442 -316.3687 105.1112 -192.102 -310.3246 109.77 -199.584 -317.8634 105.9194 -192.5567 -321.8816 99.28554 -185.2775 -315.61 105.9194 -190.7363 -316.3687 105.1112 -192.102 -321.2006 100.0117 -183.8156 -315.61 105.9194 -190.7363 -321.8816 99.28554 -185.2775 -321.2006 100.0117 -183.8156 -316.6357 107.2272 -190.3469 -315.61 105.9194 -190.7363 -322.3521 101.1865 -183.2705 -316.6357 107.2272 -190.3469 -321.2006 100.0117 -183.8156 -322.3521 101.1865 -183.2705 -318.0284 107.2272 -191.4719 -316.6357 107.2272 -190.3469 -323.7448 101.1865 -184.3955 -318.0284 107.2272 -191.4719 -322.3521 101.1865 -183.2705 -323.7448 101.1865 -184.3955 -317.8634 105.9194 -192.5567 -318.0284 107.2272 -191.4719 -323.454 100.0117 -185.6359 -317.8634 105.9194 -192.5567 -323.7448 101.1865 -184.3955 -323.454 100.0117 -185.6359 -316.3687 105.1112 -192.102 -317.8634 105.9194 -192.5567 -321.8816 99.28554 -185.2775 -316.3687 105.1112 -192.102 -323.454 100.0117 -185.6359 -326.7511 92.41168 -179.2496 -321.2006 100.0117 -183.8156 -321.8816 99.28554 -185.2775 -326.1387 93.04086 -177.7026 -321.2006 100.0117 -183.8156 -326.7511 92.41168 -179.2496 -326.1387 93.04086 -177.7026 -322.3521 101.1865 -183.2705 -321.2006 100.0117 -183.8156 -327.4014 94.05891 -177.02 -322.3521 101.1865 -183.2705 -326.1387 93.04086 -177.7026 -327.4014 94.05891 -177.02 -323.7448 101.1865 -184.3955 -322.3521 101.1865 -183.2705 -328.7941 94.05891 -178.145 -323.7448 101.1865 -184.3955 -327.4014 94.05891 -177.02 -328.7941 94.05891 -178.145 -323.454 100.0117 -185.6359 -323.7448 101.1865 -184.3955 -328.3922 93.04086 -179.523 -323.454 100.0117 -185.6359 -328.7941 94.05891 -178.145 -328.3922 93.04086 -179.523 -321.8816 99.28554 -185.2775 -323.454 100.0117 -185.6359 -326.7511 92.41168 -179.2496 -321.8816 99.28554 -185.2775 -328.3922 93.04086 -179.523 -330.878 84.62953 -174.1408 -326.1387 93.04086 -177.7026 -326.7511 92.41168 -179.2496 -330.3238 85.14897 -172.5218 -326.1387 93.04086 -177.7026 -330.878 84.62953 -174.1408 -330.3238 85.14897 -172.5218 -327.4014 94.05891 -177.02 -326.1387 93.04086 -177.7026 -331.6806 85.98946 -171.7226 -327.4014 94.05891 -177.02 -330.3238 85.14897 -172.5218 -331.6806 85.98946 -171.7226 -328.7941 94.05891 -178.145 -327.4014 94.05891 -177.02 -333.0733 85.98946 -172.8477 -328.7941 94.05891 -178.145 -331.6806 85.98946 -171.7226 -333.0733 85.98946 -172.8477 -328.3922 93.04086 -179.523 -328.7941 94.05891 -178.145 -332.5772 85.14897 -174.3422 -328.3922 93.04086 -179.523 -333.0733 85.98946 -172.8477 -332.5772 85.14897 -174.3422 -326.7511 92.41168 -179.2496 -328.3922 93.04086 -179.523 -330.878 84.62953 -174.1408 -326.7511 92.41168 -179.2496 -332.5772 85.14897 -174.3422 -334.1783 76.09753 -170.0553 -330.3238 85.14897 -172.5218 -330.878 84.62953 -174.1408 -333.6707 76.49666 -168.3787 -330.3238 85.14897 -172.5218 -334.1783 76.09753 -170.0553 -333.6707 76.49666 -168.3787 -331.6806 85.98946 -171.7226 -330.3238 85.14897 -172.5218 -335.1028 77.14247 -167.4863 -331.6806 85.98946 -171.7226 -333.6707 76.49666 -168.3787 -335.1028 77.14247 -167.4863 -333.0733 85.98946 -172.8477 -331.6806 85.98946 -171.7226 -336.4955 77.14247 -168.6113 -333.0733 85.98946 -172.8477 -335.1028 77.14247 -167.4863 -336.4955 77.14247 -168.6113 -332.5772 85.14897 -174.3422 -333.0733 85.98946 -172.8477 -335.9241 76.49666 -170.1991 -332.5772 85.14897 -174.3422 -336.4955 77.14247 -168.6113 -335.9241 76.49666 -170.1991 -330.878 84.62953 -174.1408 -332.5772 85.14897 -174.3422 -334.1783 76.09753 -170.0553 -330.878 84.62953 -174.1408 -335.9241 76.49666 -170.1991 -336.5848 66.98935 -167.0762 -333.6707 76.49666 -168.3787 -334.1783 76.09753 -170.0553 -336.1111 67.26004 -165.3576 -333.6707 76.49666 -168.3787 -336.5848 66.98935 -167.0762 -336.1111 67.26004 -165.3576 -335.1028 77.14247 -167.4863 -333.6707 76.49666 -168.3787 -337.5982 67.69801 -164.3972 -335.1028 77.14247 -167.4863 -336.1111 67.26004 -165.3576 -337.5982 67.69801 -164.3972 -336.4955 77.14247 -168.6113 -335.1028 77.14247 -167.4863 -338.9909 67.69801 -165.5222 -336.4955 77.14247 -168.6113 -337.5982 67.69801 -164.3972 -338.9909 67.69801 -165.5222 -335.9241 76.49666 -170.1991 -336.4955 77.14247 -168.6113 -338.3646 67.26004 -167.178 -335.9241 76.49666 -170.1991 -338.9909 67.69801 -165.5222 -338.3646 67.26004 -167.178 -334.1783 76.09753 -170.0553 -335.9241 76.49666 -170.1991 -336.5848 66.98935 -167.0762 -334.1783 76.09753 -170.0553 -338.3646 67.26004 -167.178 -336.5773 56.45611 -167.0855 -336.1111 67.26004 -165.3576 -336.5848 66.98935 -167.0762 -336.1035 56.45077 -165.367 -336.1111 67.26004 -165.3576 -336.5773 56.45611 -167.0855 -336.1035 56.45077 -165.367 -337.5982 67.69801 -164.3972 -336.1111 67.26004 -165.3576 -337.5904 56.44207 -164.4068 -337.5982 67.69801 -164.3972 -336.1035 56.45077 -165.367 -337.5904 56.44207 -164.4068 -338.9909 67.69801 -165.5222 -337.5982 67.69801 -164.3972 -338.9831 56.44207 -165.5319 -338.9909 67.69801 -165.5222 -337.5904 56.44207 -164.4068 -338.9831 56.44207 -165.5319 -338.3646 67.26004 -167.178 -338.9909 67.69801 -165.5222 -338.357 56.45077 -167.1874 -338.3646 67.26004 -167.178 -338.9831 56.44207 -165.5319 -338.357 56.45077 -167.1874 -336.5848 66.98935 -167.0762 -338.3646 67.26004 -167.178 -336.5773 56.45611 -167.0855 -336.5848 66.98935 -167.0762 -338.357 56.45077 -167.1874 -258.6673 99.28552 -263.5313 -250.9076 92.12035 -270.2763 -252.5487 91.49115 -270.5497 -257.0948 100.0116 -263.1729 -250.9076 92.12035 -270.2763 -258.6673 99.28552 -263.5313 -257.0948 100.0116 -263.1729 -250.5057 93.13838 -271.6542 -250.9076 92.12035 -270.2763 -256.804 101.1865 -264.4133 -250.5057 93.13838 -271.6542 -257.0948 100.0116 -263.1729 -256.804 101.1865 -264.4133 -251.8984 93.13838 -272.7793 -250.5057 93.13838 -271.6542 -258.1967 101.1865 -265.5384 -251.8984 93.13838 -272.7793 -256.804 101.1865 -264.4133 -258.1967 101.1865 -265.5384 -253.161 92.12035 -272.0967 -251.8984 93.13838 -272.7793 -259.3483 100.0116 -264.9933 -253.161 92.12035 -272.0967 -258.1967 101.1865 -265.5384 -259.3483 100.0116 -264.9933 -252.5487 91.49115 -270.5497 -253.161 92.12035 -272.0967 -258.6673 99.28552 -263.5313 -252.5487 91.49115 -270.5497 -259.3483 100.0116 -264.9933 -264.1802 105.1112 -256.7069 -257.0948 100.0116 -263.1729 -258.6673 99.28552 -263.5313 -262.6855 105.9194 -256.2522 -257.0948 100.0116 -263.1729 -264.1802 105.1112 -256.7069 -262.6855 105.9194 -256.2522 -256.804 101.1865 -264.4133 -257.0948 100.0116 -263.1729 -262.5204 107.2272 -257.3369 -256.804 101.1865 -264.4133 -262.6855 105.9194 -256.2522 -262.5204 107.2272 -257.3369 -258.1967 101.1865 -265.5384 -256.804 101.1865 -264.4133 -263.9131 107.2272 -258.462 -258.1967 101.1865 -265.5384 -262.5204 107.2272 -257.3369 -263.9131 107.2272 -258.462 -259.3483 100.0116 -264.9933 -258.1967 101.1865 -265.5384 -264.9389 105.9194 -258.0726 -259.3483 100.0116 -264.9933 -263.9131 107.2272 -258.462 -264.9389 105.9194 -258.0726 -258.6673 99.28552 -263.5313 -259.3483 100.0116 -264.9933 -264.1802 105.1112 -256.7069 -258.6673 99.28552 -263.5313 -264.9389 105.9194 -258.0726 -270.2242 109.77 -249.2248 -262.6855 105.9194 -256.2522 -264.1802 105.1112 -256.7069 -268.8148 110.644 -248.6647 -262.6855 105.9194 -256.2522 -270.2242 109.77 -249.2248 -268.8148 110.644 -248.6647 -262.5204 107.2272 -257.3369 -262.6855 105.9194 -256.2522 -268.7876 112.0581 -249.5786 -262.5204 107.2272 -257.3369 -268.8148 110.644 -248.6647 -268.7876 112.0581 -249.5786 -263.9131 107.2272 -258.462 -262.5204 107.2272 -257.3369 -270.1804 112.0581 -250.7037 -263.9131 107.2272 -258.462 -268.7876 112.0581 -249.5786 -270.1804 112.0581 -250.7037 -264.9389 105.9194 -258.0726 -263.9131 107.2272 -258.462 -271.0682 110.644 -250.485 -264.9389 105.9194 -258.0726 -270.1804 112.0581 -250.7037 -271.0682 110.644 -250.485 -264.1802 105.1112 -256.7069 -264.9389 105.9194 -258.0726 -270.2242 109.77 -249.2248 -264.1802 105.1112 -256.7069 -271.0682 110.644 -250.485 -276.6765 113.1672 -241.2375 -268.8148 110.644 -248.6647 -270.2242 109.77 -249.2248 -275.358 114.089 -240.5647 -268.8148 110.644 -248.6647 -276.6765 113.1672 -241.2375 -275.358 114.089 -240.5647 -268.7876 112.0581 -249.5786 -268.8148 110.644 -248.6647 -275.4781 115.5807 -241.2964 -268.7876 112.0581 -249.5786 -275.358 114.089 -240.5647 -275.4781 115.5807 -241.2964 -270.1804 112.0581 -250.7037 -268.7876 112.0581 -249.5786 -276.8708 115.5807 -242.4215 -270.1804 112.0581 -250.7037 -275.4781 115.5807 -241.2964 -276.8708 115.5807 -242.4215 -271.0682 110.644 -250.485 -270.1804 112.0581 -250.7037 -277.6115 114.089 -242.3851 -271.0682 110.644 -250.485 -276.8708 115.5807 -242.4215 -277.6115 114.089 -242.3851 -270.2242 109.77 -249.2248 -271.0682 110.644 -250.485 -276.6765 113.1672 -241.2375 -270.2242 109.77 -249.2248 -277.6115 114.089 -242.3851 -283.4055 115.2335 -232.9075 -275.358 114.089 -240.5647 -276.6765 113.1672 -241.2375 -282.1819 116.1846 -232.1172 -275.358 114.089 -240.5647 -283.4055 115.2335 -232.9075 -282.1819 116.1846 -232.1172 -275.4781 115.5807 -241.2964 -275.358 114.089 -240.5647 -282.4556 117.7233 -232.6589 -275.4781 115.5807 -241.2964 -282.1819 116.1846 -232.1172 -282.4556 117.7233 -232.6589 -276.8708 115.5807 -242.4215 -275.4781 115.5807 -241.2964 -283.8483 117.7233 -233.784 -276.8708 115.5807 -242.4215 -282.4556 117.7233 -232.6589 -283.8483 117.7233 -233.784 -277.6115 114.089 -242.3851 -276.8708 115.5807 -242.4215 -284.4354 116.1846 -233.9376 -277.6115 114.089 -242.3851 -283.8483 117.7233 -233.784 -284.4354 116.1846 -233.9376 -276.6765 113.1672 -241.2375 -277.6115 114.089 -242.3851 -283.4055 115.2335 -232.9075 -276.6765 113.1672 -241.2375 -284.4354 116.1846 -233.9376 -290.2744 115.927 -224.4044 -282.1819 116.1846 -232.1172 -283.4055 115.2335 -232.9075 -289.1477 116.8878 -223.4942 -282.1819 116.1846 -232.1172 -290.2744 115.927 -224.4044 -289.1477 116.8878 -223.4942 -282.4556 117.7233 -232.6589 -282.1819 116.1846 -232.1172 -289.5781 118.4424 -223.8419 -282.4556 117.7233 -232.6589 -289.1477 116.8878 -223.4942 -289.5781 118.4424 -223.8419 -283.8483 117.7233 -233.784 -282.4556 117.7233 -232.6589 -290.9708 118.4424 -224.9669 -283.8483 117.7233 -233.784 -289.5781 118.4424 -223.8419 -290.9708 118.4424 -224.9669 -284.4354 116.1846 -233.9376 -283.8483 117.7233 -233.784 -291.4012 116.8878 -225.3146 -284.4354 116.1846 -233.9376 -290.9708 118.4424 -224.9669 -291.4012 116.8878 -225.3146 -283.4055 115.2335 -232.9075 -284.4354 116.1846 -233.9376 -290.2744 115.927 -224.4044 -283.4055 115.2335 -232.9075 -291.4012 116.8878 -225.3146 -297.1433 115.2335 -215.9014 -289.1477 116.8878 -223.4942 -290.2744 115.927 -224.4044 -296.1135 116.1845 -214.8713 -289.1477 116.8878 -223.4942 -297.1433 115.2335 -215.9014 -296.1135 116.1845 -214.8713 -289.5781 118.4424 -223.8419 -289.1477 116.8878 -223.4942 -296.7005 117.7233 -215.0249 -289.5781 118.4424 -223.8419 -296.1135 116.1845 -214.8713 -296.7005 117.7233 -215.0249 -290.9708 118.4424 -224.9669 -289.5781 118.4424 -223.8419 -298.0933 117.7233 -216.15 -290.9708 118.4424 -224.9669 -296.7005 117.7233 -215.0249 -298.0933 117.7233 -216.15 -291.4012 116.8878 -225.3146 -290.9708 118.4424 -224.9669 -298.3669 116.1845 -216.6916 -291.4012 116.8878 -225.3146 -298.0933 117.7233 -216.15 -298.3669 116.1845 -216.6916 -290.2744 115.927 -224.4044 -291.4012 116.8878 -225.3146 -297.1433 115.2335 -215.9014 -290.2744 115.927 -224.4044 -298.3669 116.1845 -216.6916 -363.3315 113.1672 -58.43362 -359.4192 116.1845 -68.34236 -360.7896 115.2335 -68.83592 -361.9969 114.089 -57.79337 -359.4192 116.1845 -68.34236 -363.3315 113.1672 -58.43362 -361.9969 114.089 -57.79337 -360.0158 117.7233 -68.23141 -359.4192 116.1845 -68.34236 -362.6516 115.5807 -57.44507 -360.0158 117.7233 -68.23141 -361.9969 114.089 -57.79337 -362.6516 115.5807 -57.44507 -361.755 117.7233 -68.6564 -360.0158 117.7233 -68.23141 -364.3907 115.5807 -57.87006 -361.755 117.7233 -68.6564 -362.6516 115.5807 -57.44507 -364.3907 115.5807 -57.87006 -362.2332 116.1845 -69.03001 -361.755 117.7233 -68.6564 -364.811 114.089 -58.48101 -362.2332 116.1845 -69.03001 -364.3907 115.5807 -57.87006 -364.811 114.089 -58.48101 -360.7896 115.2335 -68.83592 -362.2332 116.1845 -69.03001 -363.3315 113.1672 -58.43362 -360.7896 115.2335 -68.83592 -364.811 114.089 -58.48101 -365.7689 109.77 -48.45924 -361.9969 114.089 -57.79337 -363.3315 113.1672 -58.43362 -364.4686 110.644 -47.67833 -361.9969 114.089 -57.79337 -365.7689 109.77 -48.45924 -364.4686 110.644 -47.67833 -362.6516 115.5807 -57.44507 -361.9969 114.089 -57.79337 -365.1789 112.0581 -47.10244 -362.6516 115.5807 -57.44507 -364.4686 110.644 -47.67833 -365.1789 112.0581 -47.10244 -364.3907 115.5807 -57.87006 -362.6516 115.5807 -57.44507 -366.9181 112.0581 -47.52744 -364.3907 115.5807 -57.87006 -365.1789 112.0581 -47.10244 -366.9181 112.0581 -47.52744 -364.811 114.089 -58.48101 -364.3907 115.5807 -57.87006 -367.2827 110.644 -48.36598 -364.811 114.089 -58.48101 -366.9181 112.0581 -47.52744 -367.2827 110.644 -48.36598 -363.3315 113.1672 -58.43362 -364.811 114.089 -58.48101 -365.7689 109.77 -48.45924 -363.3315 113.1672 -58.43362 -367.2827 110.644 -48.36598 -368.052 105.1112 -39.11583 -364.4686 110.644 -47.67833 -365.7689 109.77 -48.45924 -366.784 105.9194 -38.20316 -364.4686 110.644 -47.67833 -368.052 105.1112 -39.11583 -366.784 105.9194 -38.20316 -365.1789 112.0581 -47.10244 -364.4686 110.644 -47.67833 -367.5463 107.2272 -37.41409 -365.1789 112.0581 -47.10244 -366.784 105.9194 -38.20316 -367.5463 107.2272 -37.41409 -366.9181 112.0581 -47.52744 -365.1789 112.0581 -47.10244 -369.2855 107.2272 -37.83907 -366.9181 112.0581 -47.52744 -367.5463 107.2272 -37.41409 -369.2855 107.2272 -37.83907 -367.2827 110.644 -48.36598 -366.9181 112.0581 -47.52744 -369.5981 105.9194 -38.89081 -367.2827 110.644 -48.36598 -369.2855 107.2272 -37.83907 -369.5981 105.9194 -38.89081 -365.7689 109.77 -48.45924 -367.2827 110.644 -48.36598 -368.052 105.1112 -39.11583 -365.7689 109.77 -48.45924 -369.5981 105.9194 -38.89081 -370.1345 99.28554 -30.59359 -366.784 105.9194 -38.20316 -368.052 105.1112 -39.11583 -368.8958 100.0117 -29.56075 -366.784 105.9194 -38.20316 -370.1345 99.28554 -30.59359 -368.8958 100.0117 -29.56075 -367.5463 107.2272 -37.41409 -366.784 105.9194 -38.20316 -369.7057 101.1865 -28.57722 -367.5463 107.2272 -37.41409 -368.8958 100.0117 -29.56075 -369.7057 101.1865 -28.57722 -369.2855 107.2272 -37.83907 -367.5463 107.2272 -37.41409 -371.4449 101.1865 -29.00221 -369.2855 107.2272 -37.83907 -369.7057 101.1865 -28.57722 -371.4449 101.1865 -29.00221 -369.5981 105.9194 -38.89081 -369.2855 107.2272 -37.83907 -371.7099 100.0117 -30.2484 -369.5981 105.9194 -38.89081 -371.4449 101.1865 -29.00221 -371.7099 100.0117 -30.2484 -368.052 105.1112 -39.11583 -369.5981 105.9194 -38.89081 -370.1345 99.28554 -30.59359 -368.052 105.1112 -39.11583 -371.7099 100.0117 -30.2484 -371.9739 92.41168 -23.06602 -368.8958 100.0117 -29.56075 -370.1345 99.28554 -30.59359 -370.7612 93.04086 -21.92703 -368.8958 100.0117 -29.56075 -371.9739 92.41168 -23.06602 -370.7612 93.04086 -21.92703 -369.7057 101.1865 -28.57722 -368.8958 100.0117 -29.56075 -371.613 94.05891 -20.77174 -369.7057 101.1865 -28.57722 -370.7612 93.04086 -21.92703 -371.613 94.05891 -20.77174 -371.4449 101.1865 -29.00221 -369.7057 101.1865 -28.57722 -373.3522 94.05891 -21.19673 -371.4449 101.1865 -29.00221 -371.613 94.05891 -20.77174 -373.3522 94.05891 -21.19673 -371.7099 100.0117 -30.2484 -371.4449 101.1865 -29.00221 -373.5753 93.04086 -22.61467 -371.7099 100.0117 -30.2484 -373.3522 94.05891 -21.19673 -373.5753 93.04086 -22.61467 -370.1345 99.28554 -30.59359 -371.7099 100.0117 -30.2484 -371.9739 92.41168 -23.06602 -370.1345 99.28554 -30.59359 -373.5753 93.04086 -22.61467 -373.5329 84.62953 -16.68635 -370.7612 93.04086 -21.92703 -371.9739 92.41168 -23.06602 -372.3421 85.14897 -15.4574 -370.7612 93.04086 -21.92703 -373.5329 84.62953 -16.68635 -372.3421 85.14897 -15.4574 -371.613 94.05891 -20.77174 -370.7612 93.04086 -21.92703 -373.2295 85.98946 -14.15654 -371.613 94.05891 -20.77174 -372.3421 85.14897 -15.4574 -373.2295 85.98946 -14.15654 -373.3522 94.05891 -21.19673 -371.613 94.05891 -20.77174 -374.9687 85.98946 -14.58153 -373.3522 94.05891 -21.19673 -373.2295 85.98946 -14.15654 -374.9687 85.98946 -14.58153 -373.5753 93.04086 -22.61467 -373.3522 94.05891 -21.19673 -375.1562 85.14897 -16.14504 -373.5753 93.04086 -22.61467 -374.9687 85.98946 -14.58153 -375.1562 85.14897 -16.14504 -371.9739 92.41168 -23.06602 -373.5753 93.04086 -22.61467 -373.5329 84.62953 -16.68635 -371.9739 92.41168 -23.06602 -375.1562 85.14897 -16.14504 -374.7795 76.09753 -11.58446 -372.3421 85.14897 -15.4574 -373.5329 84.62953 -16.68635 -373.6064 76.49666 -10.28356 -372.3421 85.14897 -15.4574 -374.7795 76.09753 -11.58446 -373.6064 76.49666 -10.28356 -373.2295 85.98946 -14.15654 -372.3421 85.14897 -15.4574 -374.5222 77.14247 -8.866298 -373.2295 85.98946 -14.15654 -373.6064 76.49666 -10.28356 -374.5222 77.14247 -8.866298 -374.9687 85.98946 -14.58153 -373.2295 85.98946 -14.15654 -376.2614 77.14247 -9.291286 -374.9687 85.98946 -14.58153 -374.5222 77.14247 -8.866298 -376.2614 77.14247 -9.291286 -375.1562 85.14897 -16.14504 -374.9687 85.98946 -14.58153 -376.4205 76.49666 -10.97121 -375.1562 85.14897 -16.14504 -376.2614 77.14247 -9.291286 -376.4205 76.49666 -10.97121 -373.5329 84.62953 -16.68635 -375.1562 85.14897 -16.14504 -374.7795 76.09753 -11.58446 -373.5329 84.62953 -16.68635 -376.4205 76.49666 -10.97121 -375.6886 66.98935 -7.864207 -373.6064 76.49666 -10.28356 -374.7795 76.09753 -11.58446 -374.5283 67.26004 -6.510844 -373.6064 76.49666 -10.28356 -375.6886 66.98935 -7.864207 -374.5283 67.26004 -6.510844 -374.5222 77.14247 -8.866298 -373.6064 76.49666 -10.28356 -375.4649 67.69801 -5.008693 -374.5222 77.14247 -8.866298 -374.5283 67.26004 -6.510844 -375.4649 67.69801 -5.008693 -376.2614 77.14247 -9.291286 -374.5222 77.14247 -8.866298 -377.2041 67.69801 -5.433682 -376.2614 77.14247 -9.291286 -375.4649 67.69801 -5.008693 -377.2041 67.69801 -5.433682 -376.4205 76.49666 -10.97121 -376.2614 77.14247 -9.291286 -377.3424 67.26004 -7.198491 -376.4205 76.49666 -10.97121 -377.2041 67.69801 -5.433682 -377.3424 67.26004 -7.198491 -374.7795 76.09753 -11.58446 -376.4205 76.49666 -10.97121 -375.6886 66.98935 -7.864207 -374.7795 76.09753 -11.58446 -377.3424 67.26004 -7.198491 -375.6858 56.45611 -7.875865 -374.5283 67.26004 -6.510844 -375.6886 66.98935 -7.864207 -374.5254 56.45077 -6.522666 -374.5283 67.26004 -6.510844 -375.6858 56.45611 -7.875865 -374.5254 56.45077 -6.522666 -375.4649 67.69801 -5.008693 -374.5283 67.26004 -6.510844 -375.4619 56.44207 -5.020782 -375.4649 67.69801 -5.008693 -374.5254 56.45077 -6.522666 -375.4619 56.44207 -5.020782 -377.2041 67.69801 -5.433682 -375.4649 67.69801 -5.008693 -377.2011 56.44207 -5.445771 -377.2041 67.69801 -5.433682 -375.4619 56.44207 -5.020782 -377.2011 56.44207 -5.445771 -377.3424 67.26004 -7.198491 -377.2041 67.69801 -5.433682 -377.3395 56.45077 -7.210312 -377.3424 67.26004 -7.198491 -377.2011 56.44207 -5.445771 -377.3395 56.45077 -7.210312 -375.6886 66.98935 -7.864207 -377.3424 67.26004 -7.198491 -375.6858 56.45611 -7.875865 -375.6886 66.98935 -7.864207 -377.3395 56.45077 -7.210312 -340.7012 66.98932 -151.0445 -339.0504 56.45077 -151.6984 -340.704 56.45611 -151.0328 -339.0475 67.25999 -151.7102 -339.0504 56.45077 -151.6984 -340.7012 66.98932 -151.0445 -339.0475 67.25999 -151.7102 -339.1887 56.44206 -153.4629 -339.0504 56.45077 -151.6984 -339.1858 67.69798 -153.475 -339.1887 56.44206 -153.4629 -339.0475 67.25999 -151.7102 -339.1858 67.69798 -153.475 -340.9279 56.44206 -153.8879 -339.1887 56.44206 -153.4629 -340.925 67.69798 -153.9 -340.9279 56.44206 -153.8879 -339.1858 67.69798 -153.475 -340.925 67.69798 -153.9 -341.8644 56.45077 -152.386 -340.9279 56.44206 -153.8879 -341.8615 67.25999 -152.3979 -341.8644 56.45077 -152.386 -340.925 67.69798 -153.9 -341.8615 67.25999 -152.3979 -340.704 56.45611 -151.0328 -341.8644 56.45077 -152.386 -340.7012 66.98932 -151.0445 -340.704 56.45611 -151.0328 -341.8615 67.25999 -152.3979 -341.6103 76.0975 -147.3242 -339.0475 67.25999 -151.7102 -340.7012 66.98932 -151.0445 -339.9694 76.49663 -147.9375 -339.0475 67.25999 -151.7102 -341.6103 76.0975 -147.3242 -339.9694 76.49663 -147.9375 -339.1858 67.69798 -153.475 -339.0475 67.25999 -151.7102 -340.1284 77.14243 -149.6174 -339.1858 67.69798 -153.475 -339.9694 76.49663 -147.9375 -340.1284 77.14243 -149.6174 -340.925 67.69798 -153.9 -339.1858 67.69798 -153.475 -341.8676 77.14243 -150.0424 -340.925 67.69798 -153.9 -340.1284 77.14243 -149.6174 -341.8676 77.14243 -150.0424 -341.8615 67.25999 -152.3979 -340.925 67.69798 -153.9 -342.7834 76.49663 -148.6252 -341.8615 67.25999 -152.3979 -341.8676 77.14243 -150.0424 -342.7834 76.49663 -148.6252 -340.7012 66.98932 -151.0445 -341.8615 67.25999 -152.3979 -341.6103 76.0975 -147.3242 -340.7012 66.98932 -151.0445 -342.7834 76.49663 -148.6252 -342.857 84.62952 -142.2224 -339.9694 76.49663 -147.9375 -341.6103 76.0975 -147.3242 -341.2336 85.14896 -142.7637 -339.9694 76.49663 -147.9375 -342.857 84.62952 -142.2224 -341.2336 85.14896 -142.7637 -340.1284 77.14243 -149.6174 -339.9694 76.49663 -147.9375 -341.4211 85.98943 -144.3272 -340.1284 77.14243 -149.6174 -341.2336 85.14896 -142.7637 -341.4211 85.98943 -144.3272 -341.8676 77.14243 -150.0424 -340.1284 77.14243 -149.6174 -343.1603 85.98943 -144.7522 -341.8676 77.14243 -150.0424 -341.4211 85.98943 -144.3272 -343.1603 85.98943 -144.7522 -342.7834 76.49663 -148.6252 -341.8676 77.14243 -150.0424 -344.0477 85.14896 -143.4513 -342.7834 76.49663 -148.6252 -343.1603 85.98943 -144.7522 -344.0477 85.14896 -143.4513 -341.6103 76.0975 -147.3242 -342.7834 76.49663 -148.6252 -342.857 84.62952 -142.2224 -341.6103 76.0975 -147.3242 -344.0477 85.14896 -143.4513 -344.4159 92.41165 -135.8427 -341.2336 85.14896 -142.7637 -342.857 84.62952 -142.2224 -342.8145 93.04085 -136.2941 -341.2336 85.14896 -142.7637 -344.4159 92.41165 -135.8427 -342.8145 93.04085 -136.2941 -341.4211 85.98943 -144.3272 -341.2336 85.14896 -142.7637 -343.0376 94.05888 -137.712 -341.4211 85.98943 -144.3272 -342.8145 93.04085 -136.2941 -343.0376 94.05888 -137.712 -343.1603 85.98943 -144.7522 -341.4211 85.98943 -144.3272 -344.7768 94.05888 -138.137 -343.1603 85.98943 -144.7522 -343.0376 94.05888 -137.712 -344.7768 94.05888 -138.137 -344.0477 85.14896 -143.4513 -343.1603 85.98943 -144.7522 -345.6286 93.04085 -136.9817 -344.0477 85.14896 -143.4513 -344.7768 94.05888 -138.137 -345.6286 93.04085 -136.9817 -342.857 84.62952 -142.2224 -344.0477 85.14896 -143.4513 -344.4159 92.41165 -135.8427 -342.857 84.62952 -142.2224 -345.6286 93.04085 -136.9817 -346.2553 99.28552 -128.3151 -342.8145 93.04085 -136.2941 -344.4159 92.41165 -135.8427 -344.6799 100.0116 -128.6603 -342.8145 93.04085 -136.2941 -346.2553 99.28552 -128.3151 -344.6799 100.0116 -128.6603 -343.0376 94.05888 -137.712 -342.8145 93.04085 -136.2941 -344.9449 101.1865 -129.9065 -343.0376 94.05888 -137.712 -344.6799 100.0116 -128.6603 -344.9449 101.1865 -129.9065 -344.7768 94.05888 -138.137 -343.0376 94.05888 -137.712 -346.6841 101.1865 -130.3315 -344.7768 94.05888 -138.137 -344.9449 101.1865 -129.9065 -346.6841 101.1865 -130.3315 -345.6286 93.04085 -136.9817 -344.7768 94.05888 -138.137 -347.494 100.0116 -129.348 -345.6286 93.04085 -136.9817 -346.6841 101.1865 -130.3315 -347.494 100.0116 -129.348 -344.4159 92.41165 -135.8427 -345.6286 93.04085 -136.9817 -346.2553 99.28552 -128.3151 -344.4159 92.41165 -135.8427 -347.494 100.0116 -129.348 -348.3378 105.1112 -119.7929 -344.6799 100.0116 -128.6603 -346.2553 99.28552 -128.3151 -346.7918 105.9194 -120.0179 -344.6799 100.0116 -128.6603 -348.3378 105.1112 -119.7929 -346.7918 105.9194 -120.0179 -344.9449 101.1865 -129.9065 -344.6799 100.0116 -128.6603 -347.1043 107.2272 -121.0697 -344.9449 101.1865 -129.9065 -346.7918 105.9194 -120.0179 -347.1043 107.2272 -121.0697 -346.6841 101.1865 -130.3315 -344.9449 101.1865 -129.9065 -348.8435 107.2272 -121.4946 -346.6841 101.1865 -130.3315 -347.1043 107.2272 -121.0697 -348.8435 107.2272 -121.4946 -347.494 100.0116 -129.348 -346.6841 101.1865 -130.3315 -349.6059 105.9194 -120.7056 -347.494 100.0116 -129.348 -348.8435 107.2272 -121.4946 -349.6059 105.9194 -120.7056 -346.2553 99.28552 -128.3151 -347.494 100.0116 -129.348 -348.3378 105.1112 -119.7929 -346.2553 99.28552 -128.3151 -349.6059 105.9194 -120.7056 -350.621 109.77 -110.4495 -346.7918 105.9194 -120.0179 -348.3378 105.1112 -119.7929 -349.1071 110.644 -110.5428 -346.7918 105.9194 -120.0179 -350.621 109.77 -110.4495 -349.1071 110.644 -110.5428 -347.1043 107.2272 -121.0697 -346.7918 105.9194 -120.0179 -349.4717 112.0581 -111.3813 -347.1043 107.2272 -121.0697 -349.1071 110.644 -110.5428 -349.4717 112.0581 -111.3813 -348.8435 107.2272 -121.4946 -347.1043 107.2272 -121.0697 -351.2109 112.0581 -111.8063 -348.8435 107.2272 -121.4946 -349.4717 112.0581 -111.3813 -351.2109 112.0581 -111.8063 -349.6059 105.9194 -120.7056 -348.8435 107.2272 -121.4946 -351.9212 110.644 -111.2304 -349.6059 105.9194 -120.7056 -351.2109 112.0581 -111.8063 -351.9212 110.644 -111.2304 -348.3378 105.1112 -119.7929 -349.6059 105.9194 -120.7056 -350.621 109.77 -110.4495 -348.3378 105.1112 -119.7929 -351.9212 110.644 -111.2304 -353.0583 113.1672 -100.4751 -349.1071 110.644 -110.5428 -350.621 109.77 -110.4495 -351.5788 114.089 -100.4277 -349.1071 110.644 -110.5428 -353.0583 113.1672 -100.4751 -351.5788 114.089 -100.4277 -349.4717 112.0581 -111.3813 -349.1071 110.644 -110.5428 -351.9991 115.5807 -101.0387 -349.4717 112.0581 -111.3813 -351.5788 114.089 -100.4277 -351.9991 115.5807 -101.0387 -351.2109 112.0581 -111.8063 -349.4717 112.0581 -111.3813 -353.7383 115.5807 -101.4637 -351.2109 112.0581 -111.8063 -351.9991 115.5807 -101.0387 -353.7383 115.5807 -101.4637 -351.9212 110.644 -111.2304 -351.2109 112.0581 -111.8063 -354.3929 114.089 -101.1154 -351.9212 110.644 -111.2304 -353.7383 115.5807 -101.4637 -354.3929 114.089 -101.1154 -350.621 109.77 -110.4495 -351.9212 110.644 -111.2304 -353.0583 113.1672 -100.4751 -350.621 109.77 -110.4495 -354.3929 114.089 -101.1154 -355.6002 115.2335 -90.07281 -351.5788 114.089 -100.4277 -353.0583 113.1672 -100.4751 -354.1566 116.1846 -89.87872 -351.5788 114.089 -100.4277 -355.6002 115.2335 -90.07281 -354.1566 116.1846 -89.87872 -351.9991 115.5807 -101.0387 -351.5788 114.089 -100.4277 -354.6348 117.7233 -90.25233 -351.9991 115.5807 -101.0387 -354.1566 116.1846 -89.87872 -354.6348 117.7233 -90.25233 -353.7383 115.5807 -101.4637 -351.9991 115.5807 -101.0387 -356.374 117.7233 -90.67732 -353.7383 115.5807 -101.4637 -354.6348 117.7233 -90.25233 -356.374 117.7233 -90.67732 -354.3929 114.089 -101.1154 -353.7383 115.5807 -101.4637 -356.9706 116.1846 -90.56638 -354.3929 114.089 -101.1154 -356.374 117.7233 -90.67732 -356.9706 116.1846 -90.56638 -353.0583 113.1672 -100.4751 -354.3929 114.089 -101.1154 -355.6002 115.2335 -90.07281 -353.0583 113.1672 -100.4751 -356.9706 116.1846 -90.56638 -358.1949 115.927 -79.45435 -354.1566 116.1846 -89.87872 -355.6002 115.2335 -90.07281 -356.7879 116.8878 -79.11052 -354.1566 116.1846 -89.87872 -358.1949 115.927 -79.45435 -356.7879 116.8878 -79.11052 -354.6348 117.7233 -90.25233 -354.1566 116.1846 -89.87872 -357.3253 118.4424 -79.24185 -354.6348 117.7233 -90.25233 -356.7879 116.8878 -79.11052 -357.3253 118.4424 -79.24185 -356.374 117.7233 -90.67732 -354.6348 117.7233 -90.25233 -359.0645 118.4424 -79.66684 -356.374 117.7233 -90.67732 -357.3253 118.4424 -79.24185 -359.0645 118.4424 -79.66684 -356.9706 116.1846 -90.56638 -356.374 117.7233 -90.67732 -359.602 116.8878 -79.79817 -356.9706 116.1846 -90.56638 -359.0645 118.4424 -79.66684 -359.602 116.8878 -79.79817 -355.6002 115.2335 -90.07281 -356.9706 116.1846 -90.56638 -358.1949 115.927 -79.45435 -355.6002 115.2335 -90.07281 -359.602 116.8878 -79.79817 -360.7896 115.2335 -68.83592 -356.7879 116.8878 -79.11052 -358.1949 115.927 -79.45435 -359.4192 116.1845 -68.34236 -356.7879 116.8878 -79.11052 -360.7896 115.2335 -68.83592 -359.4192 116.1845 -68.34236 -357.3253 118.4424 -79.24185 -356.7879 116.8878 -79.11052 -360.0158 117.7233 -68.23141 -357.3253 118.4424 -79.24185 -359.4192 116.1845 -68.34236 -360.0158 117.7233 -68.23141 -359.0645 118.4424 -79.66684 -357.3253 118.4424 -79.24185 -361.755 117.7233 -68.6564 -359.0645 118.4424 -79.66684 -360.0158 117.7233 -68.23141 -361.755 117.7233 -68.6564 -359.602 116.8878 -79.79817 -359.0645 118.4424 -79.66684 -362.2332 116.1845 -69.03001 -359.602 116.8878 -79.79817 -361.755 117.7233 -68.6564 -362.2332 116.1845 -69.03001 -358.1949 115.927 -79.45435 -359.602 116.8878 -79.79817 -360.7896 115.2335 -68.83592 -358.1949 115.927 -79.45435 -362.2332 116.1845 -69.03001</float_array>
                    <technique_common>
                        <accessor count="1560" offset="0" source="green_1_0-geometry-POSITION-array" stride="3">
                            <param name="X" type="float" />
                            <param name="Y" type="float" />
                            <param name="Z" type="float" />
                        </accessor>
                    </technique_common>
                </source>
                <source id="green_1_0-geometry-NORMAL">
                    <float_array id="green_1_0-geometry-NORMAL-array" count="825">0.2259929 -0.9676656 -0.1120293 0.4572618 -0.3129615 0.8324462 0.1134386 -0.9919525 -0.05623048 0.4927501 -0.3048556 0.8150218 0.163774 0.8099549 0.5631617 0.07236355 0.7895502 0.6094046 -0.349035 0.8099602 -0.4713163 -0.4411819 0.7895562 -0.426567 -0.3856531 -0.3129555 -0.8679462 -0.3502956 -0.3048458 -0.8856421 0.3366249 -0.9267347 -0.1668729 0.5274722 -0.2912559 0.7980871 -0.01701395 0.7552773 0.6551844 -0.5317341 0.7552787 -0.3831617 -0.3157899 -0.2912537 -0.9030216 0.4439891 -0.8685809 -0.2200929 0.5609223 -0.2720838 0.7818802 -0.1032108 0.706806 0.6998377 -0.6194669 0.7068027 -0.3416002 -0.2826392 -0.272089 -0.9198275 0.5462881 -0.7926137 -0.2708005 0.5924767 -0.2472999 0.7666904 -0.1847885 0.6438368 0.7425143 -0.7028238 0.6438341 -0.3025167 -0.2514404 -0.2473015 -0.9357455 0.5945568 -0.7480905 -0.294725 0.6075095 -0.2334843 0.7592216 -0.223887 0.6076503 0.7619945 -0.7419985 0.60765 -0.2831956 -0.2363883 -0.2334813 -0.9431899 -0.878512 -0.1963684 0.4354953 0.1444041 0.0003556699 0.9895187 -0.8959568 0.001133293 0.4441397 0.1565506 -0.05984371 0.9858553 0.9862173 -0.0008965972 0.1654529 0.9702365 0.1580278 0.1834893 0.4654522 -0.0008970675 -0.8850725 0.4414216 0.1580269 -0.8832749 -0.7000878 0.0003551595 -0.7140566 -0.6898222 -0.05984394 -0.7215012 -0.7967278 -0.4574201 0.3949579 0.1772122 -0.1407985 0.9740491 0.9054495 0.3695095 0.2088634 0.3820008 0.3695094 -0.8470763 -0.6679186 -0.1408009 -0.730794 -0.725763 -0.5863693 0.3597764 0.1978907 -0.181284 0.9633148 0.8482794 0.4744901 0.2351198 0.3264892 0.4744906 -0.8174738 -0.6468516 -0.1812863 -0.7407551 -0.6411786 -0.6984756 0.3178393 0.2229201 -0.2169532 0.9503883 0.7798685 0.5662819 0.2667019 0.2599335 0.5662819 -0.7821505 -0.6214052 -0.2169511 -0.752853 -0.5462891 -0.7926134 0.2707992 0.2514395 -0.247304 0.9357451 0.7028226 0.6438355 0.3025165 0.1847848 0.6438348 -0.7425168 -0.5924772 -0.2472994 -0.7666901 -0.4439911 -0.86858 0.2200925 0.2826376 -0.2720897 0.9198278 0.6194671 0.7068025 0.3416004 0.1032101 0.7068044 -0.6998395 -0.5609217 -0.2720851 -0.7818801 -0.3366257 -0.9267342 0.1668737 0.3157931 -0.2912565 0.9030195 0.5317379 0.7552752 0.3831632 0.01701562 0.7552817 -0.6551794 -0.5274744 -0.2912501 -0.7980878 -0.2259914 -0.967666 0.1120284 0.3502965 -0.3048537 0.8856391 0.4411856 0.7895515 0.4265721 -0.07235712 0.7895585 -0.6093947 -0.4927487 -0.3048456 -0.8150263 -0.1134367 -0.9919528 0.05622917 0.3856524 -0.3129592 0.8679451 0.3490352 0.8099585 0.4713191 -0.163769 0.8099608 -0.5631546 -0.4572593 -0.3129547 -0.8324502 8.281721E-07 -1 -5.730055E-07 0.4214348 -0.3156507 0.8501514 0.2562772 0.8167309 0.5169841 -0.2562764 0.8167321 -0.5169827 -0.4214334 -0.3156495 -0.8501525 0.1585041 -0.9676667 -0.1962079 0.763276 -0.3129631 0.5652114 0.07956107 -0.9919528 -0.09848686 0.7882386 -0.304852 0.5345513 0.3841168 0.8099546 0.4432017 0.320393 0.7895521 0.5234079 -0.5140496 0.8099593 -0.2823453 -0.5790677 0.789555 -0.2031834 -0.7130551 -0.3129568 -0.6273839 -0.6883275 -0.304852 -0.6582329 0.2360992 -0.926735 -0.292266 0.8127084 -0.2912517 0.5046559 0.258323 0.7552795 0.6023472 -0.6431944 0.7552798 -0.1259103 -0.6642402 -0.2912554 -0.6884441 0.3114021 -0.8685791 -0.3854854 0.8363242 -0.2720865 0.4759525 0.1986739 0.7068036 0.6789384 -0.7055304 0.7068065 -0.05149182 -0.6411436 -0.2720857 -0.7175683 0.3831481 -0.7926118 -0.4743037 0.858646 -0.2473043 0.4489627 0.1423954 0.6438335 0.7517992 -0.7649302 0.6438374 0.0188478 -0.6194534 -0.2472981 -0.7450645 0.4496951 -0.6984774 -0.55669 0.879144 -0.2169564 0.4243062 0.09068093 0.5662829 0.8192074 -0.8199624 0.566283 0.08357821 -0.5996613 -0.216952 -0.7702845 0.5090204 -0.5863719 -0.6301319 0.8972064 -0.1812898 0.4026842 0.04497719 0.4744919 0.87911 -0.8689167 0.4744927 0.1408558 -0.5823194 -0.1812854 -0.7924896 0.5587983 -0.4574199 -0.6917452 0.9121824 -0.1408027 0.384835 0.006915374 0.36951 0.929201 -0.9098854 0.3695111 0.1886004 -0.5680138 -0.1407992 -0.8108858 0.6161584 -0.1963676 -0.7627506 0.9282001 -0.0598436 0.3672373 -0.03194223 0.1580285 0.9869178 -0.958142 0.1580271 0.2387287 -0.55418 -0.0598452 -0.8302428 0.6283905 0.001132877 -0.7778972 0.9344173 0.0003557438 0.3561799 -0.05302174 -0.0008961318 0.998593 -0.9651233 -0.0008981545 0.2617942 -0.5446794 0.0003533861 -0.8386443 -0.3756095 -0.8010584 0.466072 0.6012756 -0.2203113 0.7680694 -0.40255 -0.7664344 0.5005317 0.6157928 -0.2407783 0.7502167 0.7728181 0.6338254 -0.03190031 0.7544415 0.6563133 -0.008416054 -0.1187347 0.6110549 -0.7826327 -0.1442459 0.645449 -0.7500591 -0.8521214 -0.2586172 -0.4549794 -0.8498986 -0.2598428 -0.4584257 -0.311404 -0.8685794 0.3854832 0.6411407 -0.272094 0.7175677 0.7055361 0.7068006 0.05149382 -0.1986748 0.7068036 -0.6789382 -0.8363261 -0.2720852 -0.47595 -0.2360995 -0.9267341 0.2922685 0.6642393 -0.2912613 0.6884425 0.6431999 0.7552748 0.125912 -0.2583208 0.7552795 -0.602348 -0.8127087 -0.2912507 -0.5046559 -0.1585005 -0.967666 0.1962144 0.6883253 -0.3048567 0.658233 0.5790741 0.7895493 0.2031872 -0.3203848 0.789556 -0.523407 -0.7882386 -0.3048468 -0.5345544 -0.07955822 -0.9919526 0.09849132 0.7130528 -0.3129585 0.6273856 0.5140512 0.8099577 0.282347 -0.3841104 0.8099591 -0.4431991 -0.7632772 -0.3129579 -0.5652127 8.057897E-07 -1 2.417369E-07 0.7381256 -0.3156505 0.5962678 0.4488603 0.8167309 0.362595 -0.4488601 0.816731 -0.3625948 -0.7381263 -0.3156504 -0.596267 0.05987852 -0.9676662 -0.2450238 0.9312895 -0.3129594 0.1864304 0.030059 -0.9919525 -0.1229904 0.9408197 -0.3048538 0.1480625 0.5362647 0.8099549 0.2374725 0.5127567 0.7895507 0.3371798 -0.5853436 0.8099588 -0.03660203 -0.6104658 0.7895563 0.06270812 -0.9123181 -0.3129576 -0.2640706 -0.9030797 -0.3048487 -0.3025133 0.08918931 -0.9267352 -0.3649754 0.9502314 -0.291255 0.1105925 0.4902067 0.755277 0.4350334 -0.6355902 0.7552792 0.1599327 -0.8941484 -0.291256 -0.3401008 0.1176329 -0.8685801 -0.4813845 0.9593803 -0.2720839 0.07456425 0.4688423 0.7068052 0.5297294 -0.660312 0.7068013 0.2538109 -0.8856494 -0.2720913 -0.3762865 0.1447346 -0.7926117 -0.5922993 0.9680864 -0.2472999 0.04063908 0.4489434 0.6438349 0.619618 -0.6841086 0.6438327 0.3427461 -0.8777299 -0.2473038 -0.4104036 0.1698737 -0.6984765 -0.6951788 0.9761345 -0.2169545 0.009603078 0.4308545 0.5662808 0.7026311 -0.7063394 0.5662821 0.4247462 -0.8705595 -0.2169555 -0.4416521 0.1922833 -0.5863724 -0.7868892 0.983272 -0.1812863 -0.01764985 0.4150026 0.4744938 0.7762915 -0.7262464 0.4744936 0.4974153 -0.864323 -0.1812874 -0.4691276 0.211088 -0.4574204 -0.8638336 0.9892225 -0.1408001 -0.04017699 0.4018897 0.3695105 0.8378226 -0.7429872 0.3695102 0.5580612 -0.859213 -0.1407997 -0.4918622 0.2327557 -0.1963677 -0.9525043 0.9962229 -0.05984319 -0.06291949 0.3913055 0.1580266 0.9065912 -0.7653071 0.1580252 0.6239657 -0.8549388 -0.05984439 -0.5152653 0.2373755 0.001133323 -0.9714173 0.9971403 0.0003563919 -0.07557123 0.3772032 -0.0008972616 0.9261301 -0.7618032 -0.0008978051 0.647808 -0.8499205 0.0003544801 -0.5269109 -0.2327555 -0.1963698 0.952504 0.8499181 0.0003563728 0.5269147 -0.2373762 0.0011334 0.9714172 0.8549372 -0.05984523 0.5152678 0.7618055 -0.0008962 -0.6478052 0.765308 0.1580268 -0.6239641 -0.3772045 -0.000897005 -0.9261296 -0.3913059 0.1580254 -0.9065912 -0.9971403 0.0003554536 0.07557102 -0.9962226 -0.05984529 0.06292065 -0.2110859 -0.4574194 0.8638346 0.8592131 -0.1407994 0.4918621 0.7429867 0.3695117 -0.5580608 -0.4018894 0.3695101 -0.8378229 -0.9892223 -0.1408006 0.04017949 -0.1922805 -0.5863709 0.7868909 0.864324 -0.1812862 0.4691261 0.7262471 0.4744904 -0.4974173 -0.4150018 0.4744914 -0.7762933 -0.9832719 -0.1812868 0.01765056 -0.169874 -0.6984748 0.6951804 0.8705595 -0.2169552 0.4416522 0.7063408 0.5662789 -0.4247481 -0.4308555 0.5662791 -0.7026318 -0.9761344 -0.2169548 -0.009603173 -0.1447371 -0.7926105 0.5923004 0.8777293 -0.247303 0.4104053 0.6841087 0.6438321 -0.3427469 -0.4489467 0.6438329 -0.6196178 -0.9680859 -0.2473019 -0.04063837 -0.1176338 -0.8685791 0.4813862 0.8856488 -0.272091 0.376288 0.6603137 0.7067986 -0.253814 -0.4688426 0.7068031 -0.529732 -0.9593801 -0.2720847 -0.07456387 -0.08918798 -0.9267335 0.3649801 0.8941483 -0.2912555 0.3401015 0.6355934 0.7552761 -0.1599348 -0.4902024 0.7552794 -0.435034 -0.9502335 -0.291249 -0.1105909 -0.05987187 -0.967666 0.2450263 0.9030793 -0.3048513 0.3025121 0.6104701 0.789553 -0.06270865 -0.5127492 0.7895563 -0.3371782 -0.9408216 -0.304848 -0.1480621 -0.030052 -0.9919527 0.1229908 0.9123183 -0.3129562 0.2640711 0.5853428 0.8099592 0.03660278 -0.5362568 0.8099607 -0.2374706 -0.9312904 -0.3129556 -0.1864323 1.826461E-06 -1 9.400902E-08 0.9217561 -0.3156469 0.2252394 0.5605255 0.8167315 0.13697 -0.5605263 0.8167312 -0.1369688 -0.9217554 -0.3156492 -0.2252388</float_array>
                    <technique_common>
                        <accessor count="275" offset="0" source="green_1_0-geometry-NORMAL-array" stride="3">
                            <param name="X" type="float" />
                            <param name="Y" type="float" />
                            <param name="Z" type="float" />
                        </accessor>
                    </technique_common>
                </source>
                <source id="green_1_0-geometry-TEXCOORD">
                    <float_array id="green_1_0-geometry-TEXCOORD-array" count="252">0.5999997 1 0.5499997 0.8000001 0.5499997 1 0.5999997 0.8000001 0.5499997 0.6 0.5999997 0.6 0.5499997 0.4 0.5999997 0.4 0.5499997 0.1999999 0.5999997 0.1999999 0.5499997 5.960464E-08 0.5999997 5.960464E-08 0.6499997 1 0.6499997 0.8000001 0.6499997 0.6 0.6499997 0.4 0.6499997 0.1999999 0.6499997 5.960464E-08 0.6999999 1 0.6999999 0.8000001 0.6999999 0.6 0.6999999 0.4 0.6999999 0.1999999 0.6999999 5.960464E-08 0.7499999 1 0.7499999 0.8000001 0.7499999 0.6 0.7499999 0.4 0.7499999 0.1999999 0.7499999 5.960464E-08 0.7999999 1 0.7999999 0.8000001 0.7999999 0.6 0.7999999 0.4 0.7999999 0.1999999 0.7999999 5.960464E-08 0.04999994 1 -1.301953E-08 0.8000001 -1.301953E-08 1 0.04999994 0.8000001 -1.301953E-08 0.6 0.04999994 0.6 -1.301953E-08 0.4 0.04999994 0.4 -1.301953E-08 0.1999999 0.04999994 0.1999999 -1.301953E-08 5.960464E-08 0.04999994 5.960464E-08 0.09999994 1 0.09999994 0.8000001 0.09999994 0.6 0.09999994 0.4 0.09999994 0.1999999 0.09999994 5.960464E-08 0.1499999 1 0.1499999 0.8000001 0.1499999 0.6 0.1499999 0.4 0.1499999 0.1999999 0.1499999 5.960464E-08 0.1999999 1 0.1999999 0.8000001 0.1999999 0.6 0.1999999 0.4 0.1999999 0.1999999 0.1999999 5.960464E-08 0.2499998 1 0.2499998 0.8000001 0.2499998 0.6 0.2499998 0.4 0.2499998 0.1999999 0.2499998 5.960464E-08 0.2999998 1 0.2999998 0.8000001 0.2999998 0.6 0.2999998 0.4 0.2999998 0.1999999 0.2999998 5.960464E-08 0.3499998 1 0.3499998 0.8000001 0.3499998 0.6 0.3499998 0.4 0.3499998 0.1999999 0.3499998 5.960464E-08 0.3999998 1 0.3999998 0.8000001 0.3999998 0.6 0.3999998 0.4 0.3999998 0.1999999 0.3999998 5.960464E-08 0.4499997 1 0.4499997 0.8000001 0.4499997 0.6 0.4499997 0.4 0.4499997 0.1999999 0.4499997 5.960464E-08 0.4999997 1 0.4999997 0.8000001 0.4999997 0.6 0.4999997 0.4 0.4999997 0.1999999 0.4999997 5.960464E-08 0.8499998 1 0.8499998 0.8000001 0.8499998 0.6 0.8499998 0.4 0.8499998 0.1999999 0.8499998 5.960464E-08 0.8999998 1 0.8999998 0.8000001 0.8999998 0.6 0.8999998 0.4 0.8999998 0.1999999 0.8999998 5.960464E-08 0.9499998 1 0.9499998 0.8000001 0.9499998 0.6 0.9499998 0.4 0.9499998 0.1999999 0.9499998 5.960464E-08 1 1 1 0.8000001 1 0.6 1 0.4 1 0.1999999 1 5.960464E-08</float_array>
                    <technique_common>
                        <accessor count="126" offset="0" source="green_1_0-geometry-TEXCOORD-array" stride="2">
                            <param name="S" type="float" />
                            <param name="T" type="float" />
                        </accessor>
                    </technique_common>
                </source>
                <source id="green_1_0-geometry-COLOR">
                    <float_array id="green_1_0-geometry-COLOR-array" count="12">0.5921569 0.6 0.6745098 1 1 1 0.9764706 1 1 0.9764706 0.8941177 1</float_array>
                    <technique_common>
                        <accessor count="3" offset="0" source="green_1_0-geometry-COLOR-array" stride="4">
                            <param name="R" type="double" />
                            <param name="G" type="double" />
                            <param name="B" type="double" />
                            <param name="A" type="double" />
                        </accessor>
                    </technique_common>
                </source>
                <vertices id="green_1_0-vertices">
                    <input semantic="POSITION" source="#green_1_0-geometry-POSITION" />
                </vertices>
                <triangles count="520" material="tach_s">
                    <input semantic="VERTEX" source="#green_1_0-vertices" offset="0" set="0" />
                    <input semantic="NORMAL" source="#green_1_0-geometry-NORMAL" offset="1" set="0" />
                    <input semantic="TEXCOORD" source="#green_1_0-geometry-TEXCOORD" offset="2" set="0" />
                    <input semantic="COLOR" source="#green_1_0-geometry-COLOR" offset="3" set="0" />
                    <p>2 2 2 0 1 1 1 0 0 0 0 0 5 0 0 0 4 1 1 0 3 3 3 0 8 1 1 0 7 4 4 1 6 3 3 0 11 3 3 0 10 4 4 1 9 5 5 1 14 4 4 1 13 6 6 1 12 5 5 1 17 5 5 1 16 6 6 1 15 7 7 1 20 6 6 1 19 8 8 0 18 7 7 1 23 7 7 1 22 8 8 0 21 9 9 0 26 8 8 0 25 2 10 0 24 9 9 0 29 9 9 0 28 2 10 0 27 0 11 0 32 0 0 0 31 3 3 0 30 10 12 0 35 10 12 0 34 3 3 0 33 11 13 0 38 3 3 0 37 5 5 1 36 11 13 0 41 11 13 0 40 5 5 1 39 12 14 1 44 5 5 1 43 7 7 1 42 12 14 1 47 12 14 1 46 7 7 1 45 13 15 1 50 7 7 1 49 9 9 0 48 13 15 1 53 13 15 1 52 9 9 0 51 14 16 0 56 9 9 0 55 0 11 0 54 14 16 0 59 14 16 0 58 0 11 0 57 10 17 0 62 10 12 0 61 11 13 0 60 15 18 0 65 15 18 0 64 11 13 0 63 16 19 1 68 11 13 0 67 12 14 1 66 16 19 1 71 16 19 1 70 12 14 1 69 17 20 1 74 12 14 1 73 13 15 1 72 17 20 1 77 17 20 1 76 13 15 1 75 18 21 1 80 13 15 1 79 14 16 0 78 18 21 1 83 18 21 1 82 14 16 0 81 19 22 0 86 14 16 0 85 10 17 0 84 19 22 0 89 19 22 0 88 10 17 0 87 15 23 0 92 15 18 0 91 16 19 1 90 20 24 0 95 20 24 0 94 16 19 1 93 21 25 1 98 16 19 1 97 17 20 1 96 21 25 1 101 21 25 1 100 17 20 1 99 22 26 1 104 17 20 1 103 18 21 1 102 22 26 1 107 22 26 1 106 18 21 1 105 23 27 0 110 18 21 1 109 19 22 0 108 23 27 0 113 23 27 0 112 19 22 0 111 24 28 0 116 19 22 0 115 15 23 0 114 24 28 0 119 24 28 0 118 15 23 0 117 20 29 0 122 20 24 0 121 21 25 1 120 25 30 0 125 25 30 0 124 21 25 1 123 26 31 1 128 21 25 1 127 22 26 1 126 26 31 1 131 26 31 1 130 22 26 1 129 27 32 1 134 22 26 1 133 23 27 0 132 27 32 1 137 27 32 1 136 23 27 0 135 28 33 0 140 23 27 0 139 24 28 0 138 28 33 0 143 28 33 0 142 24 28 0 141 29 34 0 146 24 28 0 145 20 29 0 144 29 34 0 149 29 34 0 148 20 29 0 147 25 35 0 152 32 38 0 151 31 37 0 150 30 36 0 155 30 36 0 154 31 37 0 153 33 39 0 158 31 37 0 157 34 40 1 156 33 39 0 161 33 39 0 160 34 40 1 159 35 41 1 164 34 40 1 163 36 42 1 162 35 41 1 167 35 41 1 166 36 42 1 165 37 43 1 170 36 42 1 169 38 44 0 168 37 43 1 173 37 43 1 172 38 44 0 171 39 45 0 176 38 44 0 175 32 46 0 174 39 45 0 179 39 45 0 178 32 46 0 177 30 47 0 182 30 36 0 181 33 39 0 180 40 48 0 185 40 48 0 184 33 39 0 183 41 49 0 188 33 39 0 187 35 41 1 186 41 49 0 191 41 49 0 190 35 41 1 189 42 50 1 194 35 41 1 193 37 43 1 192 42 50 1 197 42 50 1 196 37 43 1 195 43 51 1 200 37 43 1 199 39 45 0 198 43 51 1 203 43 51 1 202 39 45 0 201 44 52 0 206 39 45 0 205 30 47 0 204 44 52 0 209 44 52 0 208 30 47 0 207 40 53 0 212 40 48 0 211 41 49 0 210 45 54 0 215 45 54 0 214 41 49 0 213 46 55 0 218 41 49 0 217 42 50 1 216 46 55 0 221 46 55 0 220 42 50 1 219 47 56 1 224 42 50 1 223 43 51 1 222 47 56 1 227 47 56 1 226 43 51 1 225 48 57 1 230 43 51 1 229 44 52 0 228 48 57 1 233 48 57 1 232 44 52 0 231 49 58 0 236 44 52 0 235 40 53 0 234 49 58 0 239 49 58 0 238 40 53 0 237 45 59 0 242 45 54 0 241 46 55 0 240 50 60 0 245 50 60 0 244 46 55 0 243 51 61 0 248 46 55 0 247 47 56 1 246 51 61 0 251 51 61 0 250 47 56 1 249 52 62 1 254 47 56 1 253 48 57 1 252 52 62 1 257 52 62 1 256 48 57 1 255 53 63 1 260 48 57 1 259 49 58 0 258 53 63 1 263 53 63 1 262 49 58 0 261 54 64 0 266 49 58 0 265 45 59 0 264 54 64 0 269 54 64 0 268 45 59 0 267 50 65 0 272 50 60 0 271 51 61 0 270 55 66 0 275 55 66 0 274 51 61 0 273 56 67 0 278 51 61 0 277 52 62 1 276 56 67 0 281 56 67 0 280 52 62 1 279 57 68 1 284 52 62 1 283 53 63 1 282 57 68 1 287 57 68 1 286 53 63 1 285 58 69 1 290 53 63 1 289 54 64 0 288 58 69 1 293 58 69 1 292 54 64 0 291 59 70 0 296 54 64 0 295 50 65 0 294 59 70 0 299 59 70 0 298 50 65 0 297 55 71 0 302 55 66 0 301 56 67 0 300 60 72 0 305 60 72 0 304 56 67 0 303 61 73 0 308 56 67 0 307 57 68 1 306 61 73 0 311 61 73 0 310 57 68 1 309 62 74 1 314 57 68 1 313 58 69 1 312 62 74 1 317 62 74 1 316 58 69 1 315 63 75 1 320 58 69 1 319 59 70 0 318 63 75 1 323 63 75 1 322 59 70 0 321 64 76 0 326 59 70 0 325 55 71 0 324 64 76 0 329 64 76 0 328 55 71 0 327 60 77 0 332 60 72 0 331 61 73 0 330 65 78 0 335 65 78 0 334 61 73 0 333 66 79 0 338 61 73 0 337 62 74 1 336 66 79 0 341 66 79 0 340 62 74 1 339 67 80 1 344 62 74 1 343 63 75 1 342 67 80 1 347 67 80 1 346 63 75 1 345 68 81 1 350 63 75 1 349 64 76 0 348 68 81 1 353 68 81 1 352 64 76 0 351 69 82 0 356 64 76 0 355 60 77 0 354 69 82 0 359 69 82 0 358 60 77 0 357 65 83 0 362 65 78 0 361 66 79 0 360 70 84 0 365 70 84 0 364 66 79 0 363 71 85 0 368 66 79 0 367 67 80 1 366 71 85 0 371 71 85 0 370 67 80 1 369 72 86 1 374 67 80 1 373 68 81 1 372 72 86 1 377 72 86 1 376 68 81 1 375 73 87 1 380 68 81 1 379 69 82 0 378 73 87 1 383 73 87 1 382 69 82 0 381 74 88 0 386 69 82 0 385 65 83 0 384 74 88 0 389 74 88 0 388 65 83 0 387 70 89 0 392 70 84 0 391 71 85 0 390 75 90 0 395 75 90 0 394 71 85 0 393 76 91 0 398 71 85 0 397 72 86 1 396 76 91 0 401 76 91 0 400 72 86 1 399 77 92 1 404 72 86 1 403 73 87 1 402 77 92 1 407 77 92 1 406 73 87 1 405 78 93 1 410 73 87 1 409 74 88 0 408 78 93 1 413 78 93 1 412 74 88 0 411 79 94 0 416 74 88 0 415 70 89 0 414 79 94 0 419 79 94 0 418 70 89 0 417 75 95 0 422 75 90 0 421 76 91 0 420 80 96 0 425 80 96 0 424 76 91 0 423 81 97 0 428 76 91 0 427 77 92 1 426 81 97 0 431 81 97 0 430 77 92 1 429 82 98 1 434 77 92 1 433 78 93 1 432 82 98 1 437 82 98 1 436 78 93 1 435 83 99 1 440 78 93 1 439 79 94 0 438 83 99 1 443 83 99 1 442 79 94 0 441 84 100 0 446 79 94 0 445 75 95 0 444 84 100 0 449 84 100 0 448 75 95 0 447 80 101 0 452 80 96 0 451 81 97 0 450 2 2 0 455 2 2 0 454 81 97 0 453 1 1 0 458 81 97 0 457 82 98 1 456 1 1 0 461 1 1 0 460 82 98 1 459 4 4 1 464 82 98 1 463 83 99 1 462 4 4 1 467 4 4 1 466 83 99 1 465 6 6 1 470 83 99 1 469 84 100 0 468 6 6 1 473 6 6 1 472 84 100 0 471 8 8 0 476 84 100 0 475 80 101 0 474 8 8 0 479 8 8 0 478 80 101 0 477 2 10 0 482 87 2 0 481 86 1 1 480 85 0 0 485 85 0 0 484 86 1 1 483 88 3 1 488 86 1 1 487 89 4 1 486 88 3 1 491 88 3 1 490 89 4 1 489 90 5 1 494 89 4 1 493 91 6 1 492 90 5 1 497 90 5 1 496 91 6 1 495 92 7 1 500 91 6 1 499 93 8 0 498 92 7 1 503 92 7 1 502 93 8 0 501 94 9 0 506 93 8 0 505 87 10 0 504 94 9 0 509 94 9 0 508 87 10 0 507 85 11 0 512 85 0 0 511 88 3 1 510 95 12 0 515 95 12 0 514 88 3 1 513 96 13 1 518 88 3 1 517 90 5 1 516 96 13 1 521 96 13 1 520 90 5 1 519 97 14 1 524 90 5 1 523 92 7 1 522 97 14 1 527 97 14 1 526 92 7 1 525 98 15 1 530 92 7 1 529 94 9 0 528 98 15 1 533 98 15 1 532 94 9 0 531 99 16 0 536 94 9 0 535 85 11 0 534 99 16 0 539 99 16 0 538 85 11 0 537 95 17 0 542 95 12 0 541 96 13 1 540 100 18 0 545 100 18 0 544 96 13 1 543 101 19 1 548 96 13 1 547 97 14 1 546 101 19 1 551 101 19 1 550 97 14 1 549 102 20 1 554 97 14 1 553 98 15 1 552 102 20 1 557 102 20 1 556 98 15 1 555 103 21 0 560 98 15 1 559 99 16 0 558 103 21 0 563 103 21 0 562 99 16 0 561 104 22 0 566 99 16 0 565 95 17 0 564 104 22 0 569 104 22 0 568 95 17 0 567 100 23 0 572 100 18 0 571 101 19 1 570 105 24 0 575 105 24 0 574 101 19 1 573 106 25 1 578 101 19 1 577 102 20 1 576 106 25 1 581 106 25 1 580 102 20 1 579 107 26 1 584 102 20 1 583 103 21 0 582 107 26 1 587 107 26 1 586 103 21 0 585 108 27 0 590 103 21 0 589 104 22 0 588 108 27 0 593 108 27 0 592 104 22 0 591 109 28 0 596 104 22 0 595 100 23 0 594 109 28 0 599 109 28 0 598 100 23 0 597 105 29 0 602 105 24 0 601 106 25 1 600 110 30 0 605 110 30 0 604 106 25 1 603 111 31 1 608 106 25 1 607 107 26 1 606 111 31 1 611 111 31 1 610 107 26 1 609 112 32 1 614 107 26 1 613 108 27 0 612 112 32 1 617 112 32 1 616 108 27 0 615 113 33 0 620 108 27 0 619 109 28 0 618 113 33 0 623 113 33 0 622 109 28 0 621 114 34 0 626 109 28 0 625 105 29 0 624 114 34 0 629 114 34 0 628 105 29 0 627 110 35 0 632 110 30 0 631 111 31 1 630 115 102 1 635 115 102 1 634 111 31 1 633 116 103 1 638 111 31 1 637 112 32 1 636 116 103 1 641 116 103 1 640 112 32 1 639 117 104 1 644 112 32 1 643 113 33 0 642 117 104 1 647 117 104 1 646 113 33 0 645 118 105 0 650 113 33 0 649 114 34 0 648 118 105 0 653 118 105 0 652 114 34 0 651 119 106 0 656 114 34 0 655 110 35 0 654 119 106 0 659 119 106 0 658 110 35 0 657 115 107 1 662 115 102 1 661 116 103 1 660 120 108 1 665 120 108 1 664 116 103 1 663 121 109 1 668 116 103 1 667 117 104 1 666 121 109 1 671 121 109 1 670 117 104 1 669 122 110 1 674 117 104 1 673 118 105 0 672 122 110 1 677 122 110 1 676 118 105 0 675 123 111 0 680 118 105 0 679 119 106 0 678 123 111 0 683 123 111 0 682 119 106 0 681 124 112 0 686 119 106 0 685 115 107 1 684 124 112 0 689 124 112 0 688 115 107 1 687 120 113 1 692 120 108 1 691 121 109 1 690 125 114 1 695 125 114 1 694 121 109 1 693 126 115 1 698 121 109 1 697 122 110 1 696 126 115 1 701 126 115 1 700 122 110 1 699 127 116 0 704 122 110 1 703 123 111 0 702 127 116 0 707 127 116 0 706 123 111 0 705 128 117 0 710 123 111 0 709 124 112 0 708 128 117 0 713 128 117 0 712 124 112 0 711 129 118 0 716 124 112 0 715 120 113 1 714 129 118 0 719 129 118 0 718 120 113 1 717 125 119 1 722 125 114 1 721 126 115 1 720 130 120 1 725 130 120 1 724 126 115 1 723 131 121 1 728 126 115 1 727 127 116 0 726 131 121 1 731 131 121 1 730 127 116 0 729 132 122 0 734 127 116 0 733 128 117 0 732 132 122 0 737 132 122 0 736 128 117 0 735 133 123 0 740 128 117 0 739 129 118 0 738 133 123 0 743 133 123 0 742 129 118 0 741 134 124 0 746 129 118 0 745 125 119 1 744 134 124 0 749 134 124 0 748 125 119 1 747 130 125 1 752 137 60 0 751 136 61 1 750 135 66 0 755 135 66 0 754 136 61 1 753 138 67 1 758 136 61 1 757 139 62 1 756 138 67 1 761 138 67 1 760 139 62 1 759 140 68 1 764 139 62 1 763 141 63 1 762 140 68 1 767 140 68 1 766 141 63 1 765 142 69 1 770 141 63 1 769 143 64 0 768 142 69 1 773 142 69 1 772 143 64 0 771 144 70 0 776 143 64 0 775 137 65 0 774 144 70 0 779 144 70 0 778 137 65 0 777 135 71 0 782 135 66 0 781 138 67 1 780 145 72 0 785 145 72 0 784 138 67 1 783 146 73 1 788 138 67 1 787 140 68 1 786 146 73 1 791 146 73 1 790 140 68 1 789 147 74 1 794 140 68 1 793 142 69 1 792 147 74 1 797 147 74 1 796 142 69 1 795 148 75 1 800 142 69 1 799 144 70 0 798 148 75 1 803 148 75 1 802 144 70 0 801 149 76 0 806 144 70 0 805 135 71 0 804 149 76 0 809 149 76 0 808 135 71 0 807 145 77 0 812 145 72 0 811 146 73 1 810 150 78 0 815 150 78 0 814 146 73 1 813 151 79 1 818 146 73 1 817 147 74 1 816 151 79 1 821 151 79 1 820 147 74 1 819 152 80 1 824 147 74 1 823 148 75 1 822 152 80 1 827 152 80 1 826 148 75 1 825 153 81 1 830 148 75 1 829 149 76 0 828 153 81 1 833 153 81 1 832 149 76 0 831 154 82 0 836 149 76 0 835 145 77 0 834 154 82 0 839 154 82 0 838 145 77 0 837 150 83 0 842 150 78 0 841 151 79 1 840 155 84 0 845 155 84 0 844 151 79 1 843 156 85 1 848 151 79 1 847 152 80 1 846 156 85 1 851 156 85 1 850 152 80 1 849 157 86 1 854 152 80 1 853 153 81 1 852 157 86 1 857 157 86 1 856 153 81 1 855 158 87 1 860 153 81 1 859 154 82 0 858 158 87 1 863 158 87 1 862 154 82 0 861 159 88 0 866 154 82 0 865 150 83 0 864 159 88 0 869 159 88 0 868 150 83 0 867 155 89 0 872 155 84 0 871 156 85 1 870 160 90 0 875 160 90 0 874 156 85 1 873 161 91 1 878 156 85 1 877 157 86 1 876 161 91 1 881 161 91 1 880 157 86 1 879 162 92 1 884 157 86 1 883 158 87 1 882 162 92 1 887 162 92 1 886 158 87 1 885 163 93 1 890 158 87 1 889 159 88 0 888 163 93 1 893 163 93 1 892 159 88 0 891 164 94 0 896 159 88 0 895 155 89 0 894 164 94 0 899 164 94 0 898 155 89 0 897 160 95 0 902 160 90 0 901 161 91 1 900 165 96 0 905 165 96 0 904 161 91 1 903 166 97 1 908 161 91 1 907 162 92 1 906 166 97 1 911 166 97 1 910 162 92 1 909 167 98 1 914 162 92 1 913 163 93 1 912 167 98 1 917 167 98 1 916 163 93 1 915 168 99 1 920 163 93 1 919 164 94 0 918 168 99 1 923 168 99 1 922 164 94 0 921 169 100 0 926 164 94 0 925 160 95 0 924 169 100 0 929 169 100 0 928 160 95 0 927 165 101 0 932 165 96 0 931 166 97 1 930 87 2 0 935 87 2 0 934 166 97 1 933 86 1 1 938 166 97 1 937 167 98 1 936 86 1 1 941 86 1 1 940 167 98 1 939 89 4 1 944 167 98 1 943 168 99 1 942 89 4 1 947 89 4 1 946 168 99 1 945 91 6 1 950 168 99 1 949 169 100 0 948 91 6 1 953 91 6 1 952 169 100 0 951 93 8 0 956 169 100 0 955 165 101 0 954 93 8 0 959 93 8 0 958 165 101 0 957 87 10 0 962 172 2 0 961 171 1 1 960 170 0 0 965 170 0 0 964 171 1 1 963 173 3 1 968 171 1 1 967 174 4 1 966 173 3 1 971 173 3 1 970 174 4 1 969 175 5 1 974 174 4 1 973 176 6 1 972 175 5 1 977 175 5 1 976 176 6 1 975 177 7 1 980 176 6 1 979 178 8 0 978 177 7 1 983 177 7 1 982 178 8 0 981 179 9 0 986 178 8 0 985 172 10 0 984 179 9 0 989 179 9 0 988 172 10 0 987 170 11 0 992 170 0 0 991 173 3 1 990 180 12 0 995 180 12 0 994 173 3 1 993 181 13 1 998 173 3 1 997 175 5 1 996 181 13 1 1001 181 13 1 1000 175 5 1 999 182 14 1 1004 175 5 1 1003 177 7 1 1002 182 14 1 1007 182 14 1 1006 177 7 1 1005 183 15 2 1010 177 7 1 1009 179 9 0 1008 183 15 2 1013 183 15 2 1012 179 9 0 1011 184 16 0 1016 179 9 0 1015 170 11 0 1014 184 16 0 1019 184 16 0 1018 170 11 0 1017 180 17 0 1022 180 12 0 1021 181 13 1 1020 185 18 0 1025 185 18 0 1024 181 13 1 1023 186 19 1 1028 181 13 1 1027 182 14 1 1026 186 19 1 1031 186 19 1 1030 182 14 1 1029 187 20 1 1034 182 14 1 1033 183 15 2 1032 187 20 1 1037 187 20 1 1036 183 15 2 1035 188 21 0 1040 183 15 2 1039 184 16 0 1038 188 21 0 1043 188 21 0 1042 184 16 0 1041 189 22 0 1046 184 16 0 1045 180 17 0 1044 189 22 0 1049 189 22 0 1048 180 17 0 1047 185 23 0 1052 185 18 0 1051 186 19 1 1050 190 24 0 1055 190 24 0 1054 186 19 1 1053 191 25 1 1058 186 19 1 1057 187 20 1 1056 191 25 1 1061 191 25 1 1060 187 20 1 1059 192 26 1 1064 187 20 1 1063 188 21 0 1062 192 26 1 1067 192 26 1 1066 188 21 0 1065 193 27 0 1070 188 21 0 1069 189 22 0 1068 193 27 0 1073 193 27 0 1072 189 22 0 1071 194 28 0 1076 189 22 0 1075 185 23 0 1074 194 28 0 1079 194 28 0 1078 185 23 0 1077 190 29 0 1082 190 24 0 1081 191 25 1 1080 195 30 0 1085 195 30 0 1084 191 25 1 1083 196 31 1 1088 191 25 1 1087 192 26 1 1086 196 31 1 1091 196 31 1 1090 192 26 1 1089 197 32 1 1094 192 26 1 1093 193 27 0 1092 197 32 1 1097 197 32 1 1096 193 27 0 1095 198 33 0 1100 193 27 0 1099 194 28 0 1098 198 33 0 1103 198 33 0 1102 194 28 0 1101 199 34 0 1106 194 28 0 1105 190 29 0 1104 199 34 0 1109 199 34 0 1108 190 29 0 1107 195 35 0 1112 195 30 0 1111 196 31 1 1110 200 102 0 1115 200 102 0 1114 196 31 1 1113 201 103 1 1118 196 31 1 1117 197 32 1 1116 201 103 1 1121 201 103 1 1120 197 32 1 1119 202 104 1 1124 197 32 1 1123 198 33 0 1122 202 104 1 1127 202 104 1 1126 198 33 0 1125 203 105 0 1130 198 33 0 1129 199 34 0 1128 203 105 0 1133 203 105 0 1132 199 34 0 1131 204 106 0 1136 199 34 0 1135 195 35 0 1134 204 106 0 1139 204 106 0 1138 195 35 0 1137 200 107 0 1142 200 102 0 1141 201 103 1 1140 205 108 0 1145 205 108 0 1144 201 103 1 1143 206 109 1 1148 201 103 1 1147 202 104 1 1146 206 109 1 1151 206 109 1 1150 202 104 1 1149 207 110 1 1154 202 104 1 1153 203 105 0 1152 207 110 1 1157 207 110 1 1156 203 105 0 1155 208 111 0 1160 203 105 0 1159 204 106 0 1158 208 111 0 1163 208 111 0 1162 204 106 0 1161 209 112 0 1166 204 106 0 1165 200 107 0 1164 209 112 0 1169 209 112 0 1168 200 107 0 1167 205 113 0 1172 205 108 0 1171 206 109 1 1170 210 114 1 1175 210 114 1 1174 206 109 1 1173 211 115 1 1178 206 109 1 1177 207 110 1 1176 211 115 1 1181 211 115 1 1180 207 110 1 1179 212 116 1 1184 207 110 1 1183 208 111 0 1182 212 116 1 1187 212 116 1 1186 208 111 0 1185 213 117 0 1190 208 111 0 1189 209 112 0 1188 213 117 0 1193 213 117 0 1192 209 112 0 1191 214 118 0 1196 209 112 0 1195 205 113 0 1194 214 118 0 1199 214 118 0 1198 205 113 0 1197 210 119 1 1202 210 114 1 1201 211 115 1 1200 215 120 1 1205 215 120 1 1204 211 115 1 1203 216 121 1 1208 211 115 1 1207 212 116 1 1206 216 121 1 1211 216 121 1 1210 212 116 1 1209 217 122 1 1214 212 116 1 1213 213 117 0 1212 217 122 1 1217 217 122 1 1216 213 117 0 1215 218 123 0 1220 213 117 0 1219 214 118 0 1218 218 123 0 1223 218 123 0 1222 214 118 0 1221 219 124 0 1226 214 118 0 1225 210 119 1 1224 219 124 0 1229 219 124 0 1228 210 119 1 1227 215 125 1 1232 222 38 0 1231 221 37 1 1230 220 36 0 1235 220 36 0 1234 221 37 1 1233 223 39 1 1238 221 37 1 1237 224 40 1 1236 223 39 1 1241 223 39 1 1240 224 40 1 1239 225 41 1 1244 224 40 1 1243 226 42 0 1242 225 41 1 1247 225 41 1 1246 226 42 0 1245 227 43 0 1250 226 42 0 1249 228 44 0 1248 227 43 0 1253 227 43 0 1252 228 44 0 1251 229 45 0 1256 228 44 0 1255 222 46 0 1254 229 45 0 1259 229 45 0 1258 222 46 0 1257 220 47 0 1262 220 36 0 1261 223 39 1 1260 230 48 0 1265 230 48 0 1264 223 39 1 1263 231 49 1 1268 223 39 1 1267 225 41 1 1266 231 49 1 1271 231 49 1 1270 225 41 1 1269 232 50 1 1274 225 41 1 1273 227 43 0 1272 232 50 1 1277 232 50 1 1276 227 43 0 1275 233 51 1 1280 227 43 0 1279 229 45 0 1278 233 51 1 1283 233 51 1 1282 229 45 0 1281 234 52 0 1286 229 45 0 1285 220 47 0 1284 234 52 0 1289 234 52 0 1288 220 47 0 1287 230 53 0 1292 230 48 0 1291 231 49 1 1290 235 54 0 1295 235 54 0 1294 231 49 1 1293 236 55 1 1298 231 49 1 1297 232 50 1 1296 236 55 1 1301 236 55 1 1300 232 50 1 1299 237 56 1 1304 232 50 1 1303 233 51 1 1302 237 56 1 1307 237 56 1 1306 233 51 1 1305 238 57 1 1310 233 51 1 1309 234 52 0 1308 238 57 1 1313 238 57 1 1312 234 52 0 1311 239 58 0 1316 234 52 0 1315 230 53 0 1314 239 58 0 1319 239 58 0 1318 230 53 0 1317 235 59 0 1322 235 54 0 1321 236 55 1 1320 240 60 0 1325 240 60 0 1324 236 55 1 1323 241 61 1 1328 236 55 1 1327 237 56 1 1326 241 61 1 1331 241 61 1 1330 237 56 1 1329 242 62 1 1334 237 56 1 1333 238 57 1 1332 242 62 1 1337 242 62 1 1336 238 57 1 1335 243 63 1 1340 238 57 1 1339 239 58 0 1338 243 63 1 1343 243 63 1 1342 239 58 0 1341 244 64 0 1346 239 58 0 1345 235 59 0 1344 244 64 0 1349 244 64 0 1348 235 59 0 1347 240 65 0 1352 240 60 0 1351 241 61 1 1350 245 66 0 1355 245 66 0 1354 241 61 1 1353 246 67 1 1358 241 61 1 1357 242 62 1 1356 246 67 1 1361 246 67 1 1360 242 62 1 1359 247 68 1 1364 242 62 1 1363 243 63 1 1362 247 68 1 1367 247 68 1 1366 243 63 1 1365 248 69 1 1370 243 63 1 1369 244 64 0 1368 248 69 1 1373 248 69 1 1372 244 64 0 1371 249 70 0 1376 244 64 0 1375 240 65 0 1374 249 70 0 1379 249 70 0 1378 240 65 0 1377 245 71 0 1382 245 66 0 1381 246 67 1 1380 250 72 0 1385 250 72 0 1384 246 67 1 1383 251 73 1 1388 246 67 1 1387 247 68 1 1386 251 73 1 1391 251 73 1 1390 247 68 1 1389 252 74 1 1394 247 68 1 1393 248 69 1 1392 252 74 1 1397 252 74 1 1396 248 69 1 1395 253 75 1 1400 248 69 1 1399 249 70 0 1398 253 75 1 1403 253 75 1 1402 249 70 0 1401 254 76 0 1406 249 70 0 1405 245 71 0 1404 254 76 0 1409 254 76 0 1408 245 71 0 1407 250 77 0 1412 250 72 0 1411 251 73 1 1410 255 78 0 1415 255 78 0 1414 251 73 1 1413 256 79 1 1418 251 73 1 1417 252 74 1 1416 256 79 1 1421 256 79 1 1420 252 74 1 1419 257 80 1 1424 252 74 1 1423 253 75 1 1422 257 80 1 1427 257 80 1 1426 253 75 1 1425 258 81 1 1430 253 75 1 1429 254 76 0 1428 258 81 1 1433 258 81 1 1432 254 76 0 1431 259 82 0 1436 254 76 0 1435 250 77 0 1434 259 82 0 1439 259 82 0 1438 250 77 0 1437 255 83 0 1442 255 78 0 1441 256 79 1 1440 260 84 0 1445 260 84 0 1444 256 79 1 1443 261 85 1 1448 256 79 1 1447 257 80 1 1446 261 85 1 1451 261 85 1 1450 257 80 1 1449 262 86 1 1454 257 80 1 1453 258 81 1 1452 262 86 1 1457 262 86 1 1456 258 81 1 1455 263 87 1 1460 258 81 1 1459 259 82 0 1458 263 87 1 1463 263 87 1 1462 259 82 0 1461 264 88 0 1466 259 82 0 1465 255 83 0 1464 264 88 0 1469 264 88 0 1468 255 83 0 1467 260 89 0 1472 260 84 0 1471 261 85 1 1470 265 90 0 1475 265 90 0 1474 261 85 1 1473 266 91 1 1478 261 85 1 1477 262 86 1 1476 266 91 1 1481 266 91 1 1480 262 86 1 1479 267 92 1 1484 262 86 1 1483 263 87 1 1482 267 92 1 1487 267 92 1 1486 263 87 1 1485 268 93 1 1490 263 87 1 1489 264 88 0 1488 268 93 1 1493 268 93 1 1492 264 88 0 1491 269 94 0 1496 264 88 0 1495 260 89 0 1494 269 94 0 1499 269 94 0 1498 260 89 0 1497 265 95 0 1502 265 90 0 1501 266 91 1 1500 270 96 0 1505 270 96 0 1504 266 91 1 1503 271 97 1 1508 266 91 1 1507 267 92 1 1506 271 97 1 1511 271 97 1 1510 267 92 1 1509 272 98 1 1514 267 92 1 1513 268 93 1 1512 272 98 1 1517 272 98 1 1516 268 93 1 1515 273 99 1 1520 268 93 1 1519 269 94 0 1518 273 99 1 1523 273 99 1 1522 269 94 0 1521 274 100 0 1526 269 94 0 1525 265 95 0 1524 274 100 0 1529 274 100 0 1528 265 95 0 1527 270 101 0 1532 270 96 0 1531 271 97 1 1530 172 2 0 1535 172 2 0 1534 271 97 1 1533 171 1 1 1538 271 97 1 1537 272 98 1 1536 171 1 1 1541 171 1 1 1540 272 98 1 1539 174 4 1 1544 272 98 1 1543 273 99 1 1542 174 4 1 1547 174 4 1 1546 273 99 1 1545 176 6 1 1550 273 99 1 1549 274 100 0 1548 176 6 1 1553 176 6 1 1552 274 100 0 1551 178 8 0 1556 274 100 0 1555 270 101 0 1554 178 8 0 1559 178 8 0 1558 270 101 0 1557 172 10 0</p>
                </triangles>
            </mesh>
        </geometry>
        <geometry id="green_1_1-geometry" name="green_1_1">
            <mesh>
                <source id="green_1_1-geometry-POSITION">
                    <float_array id="green_1_1-geometry-POSITION-array" count="1620">-102.2853 60.08032 -356.223 -103.8497 60.49184 -357.9541 -102.3997 60.49184 -357.1591 -104.7174 60.08032 -357.5565 -103.8497 60.49184 -357.9541 -102.2853 60.08032 -356.223 -104.7174 60.08032 -357.5565 -103.5417 60.49184 -359.5788 -103.8497 60.49184 -357.9541 -104.2007 60.08032 -360.2816 -103.5417 60.49184 -359.5788 -104.7174 60.08032 -357.5565 -104.2007 60.08032 -360.2816 -101.9013 60.49184 -359.7879 -103.5417 60.49184 -359.5788 -101.4493 60.08032 -360.6323 -101.9013 60.49184 -359.7879 -104.2007 60.08032 -360.2816 -102.3997 60.49184 -357.1591 -100.2656 60.08032 -358.1239 -102.2853 60.08032 -356.223 -101.1955 60.49184 -358.2924 -100.2656 60.08032 -358.1239 -102.3997 60.49184 -357.1591 -101.1955 60.49184 -358.2924 -101.4493 60.08032 -360.6323 -100.2656 60.08032 -358.1239 -101.9013 60.49184 -359.7879 -101.4493 60.08032 -360.6323 -101.1955 60.49184 -358.2924 -102.2853 58.27907 -356.223 -104.7174 60.08032 -357.5565 -102.2853 60.08032 -356.223 -104.7174 58.27907 -357.5565 -104.7174 60.08032 -357.5565 -102.2853 58.27907 -356.223 -104.7174 58.27907 -357.5565 -104.2007 60.08032 -360.2816 -104.7174 60.08032 -357.5565 -104.2007 58.27907 -360.2816 -104.2007 60.08032 -360.2816 -104.7174 58.27907 -357.5565 -104.2007 58.27907 -360.2816 -101.4493 60.08032 -360.6323 -104.2007 60.08032 -360.2816 -101.4493 58.27907 -360.6323 -101.4493 60.08032 -360.6323 -104.2007 58.27907 -360.2816 -102.2853 60.08032 -356.223 -100.2656 58.27907 -358.1239 -102.2853 58.27907 -356.223 -100.2656 60.08032 -358.1239 -100.2656 58.27907 -358.1239 -102.2853 60.08032 -356.223 -100.2656 60.08032 -358.1239 -101.4493 58.27907 -360.6323 -100.2656 58.27907 -358.1239 -101.4493 60.08032 -360.6323 -101.4493 58.27907 -360.6323 -100.2656 60.08032 -358.1239 -102.3997 57.86755 -357.1591 -104.7174 58.27907 -357.5565 -102.2853 58.27907 -356.223 -103.8497 57.86755 -357.9541 -104.7174 58.27907 -357.5565 -102.3997 57.86755 -357.1591 -103.8497 57.86755 -357.9541 -104.2007 58.27907 -360.2816 -104.7174 58.27907 -357.5565 -103.5417 57.86755 -359.5788 -104.2007 58.27907 -360.2816 -103.8497 57.86755 -357.9541 -103.5417 57.86755 -359.5788 -101.4493 58.27907 -360.6323 -104.2007 58.27907 -360.2816 -101.9013 57.86755 -359.7879 -101.4493 58.27907 -360.6323 -103.5417 57.86755 -359.5788 -102.2853 58.27907 -356.223 -101.1955 57.86755 -358.2924 -102.3997 57.86755 -357.1591 -100.2656 58.27907 -358.1239 -101.1955 57.86755 -358.2924 -102.2853 58.27907 -356.223 -100.2656 58.27907 -358.1239 -101.9013 57.86755 -359.7879 -101.1955 57.86755 -358.2924 -101.4493 58.27907 -360.6323 -101.9013 57.86755 -359.7879 -100.2656 58.27907 -358.1239 -220.1686 96.16803 -302.8124 -218.4874 96.13322 -301.1813 -219.697 96.66856 -302.0475 -218.0705 95.2395 -301.3101 -218.4874 96.13322 -301.1813 -220.1686 96.16803 -302.8124 -218.0705 95.2395 -301.3101 -218.4926 96.80661 -299.7625 -218.4874 96.13322 -301.1813 -218.0795 96.40749 -298.8491 -218.4926 96.80661 -299.7625 -218.0705 95.2395 -301.3101 -218.0795 96.40749 -298.8491 -219.7054 97.7581 -299.7517 -218.4926 96.80661 -299.7625 -220.1831 98.05786 -298.8304 -219.7054 97.7581 -299.7517 -218.0795 96.40749 -298.8491 -219.697 96.66856 -302.0475 -221.4742 97.90987 -301.2799 -220.1686 96.16803 -302.8124 -220.4498 97.67279 -301.1639 -221.4742 97.90987 -301.2799 -219.697 96.66856 -302.0475 -220.4498 97.67279 -301.1639 -220.1831 98.05786 -298.8304 -221.4742 97.90987 -301.2799 -219.7054 97.7581 -299.7517 -220.1831 98.05786 -298.8304 -220.4498 97.67279 -301.1639 -221.3617 94.89359 -302.0911 -218.0705 95.2395 -301.3101 -220.1686 96.16803 -302.8124 -219.2636 93.96506 -300.5888 -218.0705 95.2395 -301.3101 -221.3617 94.89359 -302.0911 -219.2636 93.96506 -300.5888 -218.0795 96.40749 -298.8491 -218.0705 95.2395 -301.3101 -219.2726 95.13303 -298.1278 -218.0795 96.40749 -298.8491 -219.2636 93.96506 -300.5888 -219.2726 95.13303 -298.1278 -220.1831 98.05786 -298.8304 -218.0795 96.40749 -298.8491 -221.3762 96.7834 -298.1092 -220.1831 98.05786 -298.8304 -219.2726 95.13303 -298.1278 -220.1686 96.16803 -302.8124 -222.6673 96.63542 -300.5586 -221.3617 94.89359 -302.0911 -221.4742 97.90987 -301.2799 -222.6673 96.63542 -300.5586 -220.1686 96.16803 -302.8124 -221.4742 97.90987 -301.2799 -221.3762 96.7834 -298.1092 -222.6673 96.63542 -300.5586 -220.1831 98.05786 -298.8304 -221.3762 96.7834 -298.1092 -221.4742 97.90987 -301.2799 -221.378 94.87302 -301.0313 -219.2636 93.96506 -300.5888 -221.3617 94.89359 -302.0911 -220.1684 94.33768 -300.1652 -219.2636 93.96506 -300.5888 -221.378 94.87302 -301.0313 -220.1684 94.33768 -300.1652 -219.2726 95.13303 -298.1278 -219.2636 93.96506 -300.5888 -220.1735 95.01106 -298.7463 -219.2726 95.13303 -298.1278 -220.1684 94.33768 -300.1652 -220.1735 95.01106 -298.7463 -221.3762 96.7834 -298.1092 -219.2726 95.13303 -298.1278 -221.3863 95.96255 -298.7355 -221.3762 96.7834 -298.1092 -220.1735 95.01106 -298.7463 -221.3617 94.89359 -302.0911 -222.1307 95.87724 -300.1477 -221.378 94.87302 -301.0313 -222.6673 96.63542 -300.5586 -222.1307 95.87724 -300.1477 -221.3617 94.89359 -302.0911 -222.6673 96.63542 -300.5586 -221.3863 95.96255 -298.7355 -222.1307 95.87724 -300.1477 -221.3762 96.7834 -298.1092 -221.3863 95.96255 -298.7355 -222.6673 96.63542 -300.5586 -254.8452 97.36964 -270.168 -253.6416 97.02826 -268.1197 -254.9653 97.08173 -269.1845 -252.6853 97.28241 -268.4305 -253.6416 97.02826 -268.1197 -254.8452 97.36964 -270.168 -252.6853 97.28241 -268.4305 -253.882 95.83942 -267.0539 -253.6416 97.02826 -268.1197 -253.0777 95.34254 -266.6914 -253.882 95.83942 -267.0539 -252.6853 97.28241 -268.4305 -253.0777 95.34254 -266.6914 -255.3543 95.15814 -267.46 -253.882 95.83942 -267.0539 -255.4801 94.23088 -267.354 -255.3543 95.15814 -267.46 -253.0777 95.34254 -266.6914 -254.9653 97.08173 -269.1845 -256.5724 95.48369 -269.5027 -254.8452 97.36964 -270.168 -256.0238 95.92592 -268.7768 -256.5724 95.48369 -269.5027 -254.9653 97.08173 -269.1845 -256.0238 95.92592 -268.7768 -255.4801 94.23088 -267.354 -256.5724 95.48369 -269.5027 -255.3543 95.15814 -267.46 -255.4801 94.23088 -267.354 -256.0238 95.92592 -268.7768 -253.8945 96.27705 -271.4156 -252.6853 97.28241 -268.4305 -254.8452 97.36964 -270.168 -251.7346 96.18982 -269.6781 -252.6853 97.28241 -268.4305 -253.8945 96.27705 -271.4156 -251.7346 96.18982 -269.6781 -253.0777 95.34254 -266.6914 -252.6853 97.28241 -268.4305 -252.127 94.24994 -267.939 -253.0777 95.34254 -266.6914 -251.7346 96.18982 -269.6781 -252.127 94.24994 -267.939 -255.4801 94.23088 -267.354 -253.0777 95.34254 -266.6914 -254.5294 93.13826 -268.6016 -255.4801 94.23088 -267.354 -252.127 94.24994 -267.939 -254.8452 97.36964 -270.168 -255.6218 94.3911 -270.7503 -253.8945 96.27705 -271.4156 -256.5724 95.48369 -269.5027 -255.6218 94.3911 -270.7503 -254.8452 97.36964 -270.168 -256.5724 95.48369 -269.5027 -254.5294 93.13826 -268.6016 -255.6218 94.3911 -270.7503 -255.4801 94.23088 -267.354 -254.5294 93.13826 -268.6016 -256.5724 95.48369 -269.5027 -253.5415 95.44545 -271.0529 -251.7346 96.18982 -269.6781 -253.8945 96.27705 -271.4156 -252.2179 95.39198 -269.9881 -251.7346 96.18982 -269.6781 -253.5415 95.44545 -271.0529 -252.2179 95.39198 -269.9881 -252.127 94.24994 -267.939 -251.7346 96.18982 -269.6781 -252.4583 94.20316 -268.9222 -252.127 94.24994 -267.939 -252.2179 95.39198 -269.9881 -252.4583 94.20316 -268.9222 -254.5294 93.13826 -268.6016 -252.127 94.24994 -267.939 -253.9306 93.52188 -269.3283 -254.5294 93.13826 -268.6016 -252.4583 94.20316 -268.9222 -253.8945 96.27705 -271.4156 -254.6001 94.28964 -270.6451 -253.5415 95.44545 -271.0529 -255.6218 94.3911 -270.7503 -254.6001 94.28964 -270.6451 -253.8945 96.27705 -271.4156 -255.6218 94.3911 -270.7503 -253.9306 93.52188 -269.3283 -254.6001 94.28964 -270.6451 -254.5294 93.13826 -268.6016 -253.9306 93.52188 -269.3283 -255.6218 94.3911 -270.7503 -337.4711 60.08032 -163.5159 -338.7805 60.45102 -165.4263 -337.4778 60.45102 -164.4937 -339.7265 60.08032 -165.1303 -338.7805 60.45102 -165.4263 -337.4711 60.08032 -163.5159 -339.7265 60.08032 -165.1303 -338.2962 60.45102 -166.9535 -338.7805 60.45102 -165.4263 -338.8881 60.08032 -167.7742 -338.2962 60.45102 -166.9535 -339.7265 60.08032 -165.1303 -338.8881 60.08032 -167.7742 -336.6941 60.45102 -166.9648 -338.2962 60.45102 -166.9535 -336.1145 60.08032 -167.7937 -336.6941 60.45102 -166.9648 -338.8881 60.08032 -167.7742 -337.4778 60.45102 -164.4937 -335.2388 60.08032 -165.162 -337.4711 60.08032 -163.5159 -336.1882 60.45102 -165.4446 -335.2388 60.08032 -165.162 -337.4778 60.45102 -164.4937 -336.1882 60.45102 -165.4446 -336.1145 60.08032 -167.7937 -335.2388 60.08032 -165.162 -336.6941 60.45102 -166.9648 -336.1145 60.08032 -167.7937 -336.1882 60.45102 -165.4446 -337.4711 58.27907 -163.5159 -339.7265 60.08032 -165.1303 -337.4711 60.08032 -163.5159 -339.7265 58.27907 -165.1303 -339.7265 60.08032 -165.1303 -337.4711 58.27907 -163.5159 -339.7265 58.27907 -165.1303 -338.8881 60.08032 -167.7742 -339.7265 60.08032 -165.1303 -338.8881 58.27907 -167.7742 -338.8881 60.08032 -167.7742 -339.7265 58.27907 -165.1303 -338.8881 58.27907 -167.7742 -336.1145 60.08032 -167.7937 -338.8881 60.08032 -167.7742 -336.1145 58.27907 -167.7937 -336.1145 60.08032 -167.7937 -338.8881 58.27907 -167.7742 -337.4711 60.08032 -163.5159 -335.2388 58.27907 -165.162 -337.4711 58.27907 -163.5159 -335.2388 60.08032 -165.162 -335.2388 58.27907 -165.162 -337.4711 60.08032 -163.5159 -335.2388 60.08032 -165.162 -336.1145 58.27907 -167.7937 -335.2388 58.27907 -165.162 -336.1145 60.08032 -167.7937 -336.1145 58.27907 -167.7937 -335.2388 60.08032 -165.162 -337.4778 57.90838 -164.4937 -339.7265 58.27907 -165.1303 -337.4711 58.27907 -163.5159 -338.7805 57.90838 -165.4263 -339.7265 58.27907 -165.1303 -337.4778 57.90838 -164.4937 -338.7805 57.90838 -165.4263 -338.8881 58.27907 -167.7742 -339.7265 58.27907 -165.1303 -338.2962 57.90838 -166.9535 -338.8881 58.27907 -167.7742 -338.7805 57.90838 -165.4263 -338.2962 57.90838 -166.9535 -336.1145 58.27907 -167.7937 -338.8881 58.27907 -167.7742 -336.6941 57.90838 -166.9648 -336.1145 58.27907 -167.7937 -338.2962 57.90838 -166.9535 -337.4711 58.27907 -163.5159 -336.1882 57.90838 -165.4446 -337.4778 57.90838 -164.4937 -335.2388 58.27907 -165.162 -336.1882 57.90838 -165.4446 -337.4711 58.27907 -163.5159 -335.2388 58.27907 -165.162 -336.6941 57.90838 -166.9648 -336.1882 57.90838 -165.4446 -336.1145 58.27907 -167.7937 -336.6941 57.90838 -166.9648 -335.2388 58.27907 -165.162 -338.367 60.08032 -151.2114 -340.7262 60.51431 -151.1054 -339.1577 60.51431 -151.7127 -340.9536 60.08032 -150.21 -340.7262 60.51431 -151.1054 -338.367 60.08032 -151.2114 -340.9536 60.08032 -150.21 -341.7884 60.51431 -152.4095 -340.7262 60.51431 -151.1054 -342.7052 60.08032 -152.3605 -341.7884 60.51431 -152.4095 -340.9536 60.08032 -150.21 -342.7052 60.08032 -152.3605 -340.8764 60.51431 -153.8228 -341.7884 60.51431 -152.4095 -341.2013 60.08032 -154.691 -340.8764 60.51431 -153.8228 -342.7052 60.08032 -152.3605 -339.1577 60.51431 -151.7127 -338.5201 60.08032 -153.9808 -338.367 60.08032 -151.2114 -339.2505 60.51431 -153.3921 -338.5201 60.08032 -153.9808 -339.1577 60.51431 -151.7127 -339.2505 60.51431 -153.3921 -341.2013 60.08032 -154.691 -338.5201 60.08032 -153.9808 -340.8764 60.51431 -153.8228 -341.2013 60.08032 -154.691 -339.2505 60.51431 -153.3921 -338.367 58.27907 -151.2114 -340.9536 60.08032 -150.21 -338.367 60.08032 -151.2114 -340.9536 58.27907 -150.21 -340.9536 60.08032 -150.21 -338.367 58.27907 -151.2114 -340.9536 58.27907 -150.21 -342.7052 60.08032 -152.3605 -340.9536 60.08032 -150.21 -342.7052 58.27907 -152.3605 -342.7052 60.08032 -152.3605 -340.9536 58.27907 -150.21 -342.7052 58.27907 -152.3605 -341.2013 60.08032 -154.691 -342.7052 60.08032 -152.3605 -341.2013 58.27907 -154.691 -341.2013 60.08032 -154.691 -342.7052 58.27907 -152.3605 -338.367 60.08032 -151.2114 -338.5201 58.27907 -153.9808 -338.367 58.27907 -151.2114 -338.5201 60.08032 -153.9808 -338.5201 58.27907 -153.9808 -338.367 60.08032 -151.2114 -338.5201 60.08032 -153.9808 -341.2013 58.27907 -154.691 -338.5201 58.27907 -153.9808 -341.2013 60.08032 -154.691 -341.2013 58.27907 -154.691 -338.5201 60.08032 -153.9808 -339.1577 57.84508 -151.7127 -340.9536 58.27907 -150.21 -338.367 58.27907 -151.2114 -340.7262 57.84508 -151.1054 -340.9536 58.27907 -150.21 -339.1577 57.84508 -151.7127 -340.7262 57.84508 -151.1054 -342.7052 58.27907 -152.3605 -340.9536 58.27907 -150.21 -341.7884 57.84508 -152.4095 -342.7052 58.27907 -152.3605 -340.7262 57.84508 -151.1054 -341.7884 57.84508 -152.4095 -341.2013 58.27907 -154.691 -342.7052 58.27907 -152.3605 -340.8764 57.84508 -153.8228 -341.2013 58.27907 -154.691 -341.7884 57.84508 -152.4095 -338.367 58.27907 -151.2114 -339.2505 57.84508 -153.3921 -339.1577 57.84508 -151.7127 -338.5201 58.27907 -153.9808 -339.2505 57.84508 -153.3921 -338.367 58.27907 -151.2114 -338.5201 58.27907 -153.9808 -340.8764 57.84508 -153.8228 -339.2505 57.84508 -153.3921 -341.2013 58.27907 -154.691 -340.8764 57.84508 -153.8228 -338.5201 58.27907 -153.9808 -374.9883 60.08032 -4.193366 -376.9855 60.45317 -5.387566 -375.4069 60.45317 -5.097966 -377.7164 60.08032 -4.693855 -376.9855 60.45317 -5.387566 -374.9883 60.08032 -4.193366 -377.7164 60.08032 -4.693855 -377.1979 60.45317 -6.978375 -376.9855 60.45317 -5.387566 -378.0834 60.08032 -7.443106 -377.1979 60.45317 -6.978375 -377.7164 60.08032 -4.693855 -378.0834 60.08032 -7.443106 -375.7505 60.45317 -7.67195 -377.1979 60.45317 -6.978375 -375.5821 60.08032 -8.641747 -375.7505 60.45317 -7.67195 -378.0834 60.08032 -7.443106 -375.4069 60.45317 -5.097966 -373.6692 60.08032 -6.633298 -374.9883 60.08032 -4.193366 -374.6436 60.45317 -6.509793 -373.6692 60.08032 -6.633298 -375.4069 60.45317 -5.097966 -374.6436 60.45317 -6.509793 -375.5821 60.08032 -8.641747 -373.6692 60.08032 -6.633298 -375.7505 60.45317 -7.67195 -375.5821 60.08032 -8.641747 -374.6436 60.45317 -6.509793 -374.9883 58.27907 -4.193366 -377.7164 60.08032 -4.693855 -374.9883 60.08032 -4.193366 -377.7164 58.27907 -4.693855 -377.7164 60.08032 -4.693855 -374.9883 58.27907 -4.193366 -377.7164 58.27907 -4.693855 -378.0834 60.08032 -7.443106 -377.7164 60.08032 -4.693855 -378.0834 58.27907 -7.443106 -378.0834 60.08032 -7.443106 -377.7164 58.27907 -4.693855 -378.0834 58.27907 -7.443106 -375.5821 60.08032 -8.641747 -378.0834 60.08032 -7.443106 -375.5821 58.27907 -8.641747 -375.5821 60.08032 -8.641747 -378.0834 58.27907 -7.443106 -374.9883 60.08032 -4.193366 -373.6692 58.27907 -6.633298 -374.9883 58.27907 -4.193366 -373.6692 60.08032 -6.633298 -373.6692 58.27907 -6.633298 -374.9883 60.08032 -4.193366 -373.6692 60.08032 -6.633298 -375.5821 58.27907 -8.641747 -373.6692 58.27907 -6.633298 -375.5821 60.08032 -8.641747 -375.5821 58.27907 -8.641747 -373.6692 60.08032 -6.633298 -375.4069 57.90622 -5.097966 -377.7164 58.27907 -4.693855 -374.9883 58.27907 -4.193366 -376.9855 57.90622 -5.387566 -377.7164 58.27907 -4.693855 -375.4069 57.90622 -5.097966 -376.9855 57.90622 -5.387566 -378.0834 58.27907 -7.443106 -377.7164 58.27907 -4.693855 -377.1979 57.90622 -6.978375 -378.0834 58.27907 -7.443106 -376.9855 57.90622 -5.387566 -377.1979 57.90622 -6.978375 -375.5821 58.27907 -8.641747 -378.0834 58.27907 -7.443106 -375.7505 57.90622 -7.67195 -375.5821 58.27907 -8.641747 -377.1979 57.90622 -6.978375 -374.9883 58.27907 -4.193366 -374.6436 57.90622 -6.509793 -375.4069 57.90622 -5.097966 -373.6692 58.27907 -6.633298 -374.6436 57.90622 -6.509793 -374.9883 58.27907 -4.193366 -373.6692 58.27907 -6.633298 -375.7505 57.90622 -7.67195 -374.6436 57.90622 -6.509793 -375.5821 58.27907 -8.641747 -375.7505 57.90622 -7.67195 -373.6692 58.27907 -6.633298</float_array>
                    <technique_common>
                        <accessor count="540" offset="0" source="green_1_1-geometry-POSITION-array" stride="3">
                            <param name="X" type="float" />
                            <param name="Y" type="float" />
                            <param name="Z" type="float" />
                        </accessor>
                    </technique_common>
                </source>
                <source id="green_1_1-geometry-NORMAL">
                    <float_array id="green_1_1-geometry-NORMAL-array" count="360">0.1023018 0.593644 0.7981987 -0.3573036 0.9182671 0.1706449 0.05141597 0.916537 0.3966312 -0.7257995 0.5958081 0.3438428 -0.2694272 0.9196185 -0.2858511 -0.5497009 0.5975098 -0.5837902 0.1912539 0.9187554 -0.3454134 0.3868324 0.5964211 -0.7033083 0.7902012 0.5940308 0.1506968 0.3920023 0.9168466 0.07567385 0.1023006 -0.5936444 0.7981985 -0.7257989 -0.595809 0.3438424 -0.5496995 -0.5975096 -0.5837917 0.3868318 -0.5964187 -0.7033107 0.7902007 -0.5940318 0.1506957 0.05141409 -0.9165375 0.3966304 -0.3573032 -0.9182673 0.1706446 -0.2694265 -0.9196176 -0.2858547 0.1912538 -0.9187535 -0.3454185 0.392001 -0.9168473 0.07567198 0.1683442 0.232129 -0.9580064 0.7855267 0.43047 -0.444571 0.4592875 0.5866538 -0.6670025 0.8797157 -0.1306768 -0.4571912 0.7713726 0.6322308 -0.07258523 0.8700458 0.3294167 0.3667492 0.4417974 0.8949627 -0.06210294 0.1601206 0.9192586 0.3596179 -0.2576889 0.8666615 -0.4271934 0.2494765 0.8719793 -0.4212049 -0.5406154 -0.664931 -0.5153657 0.1491611 -0.9886237 -0.01933883 0.1447095 -0.5834994 0.7991168 -0.5620165 0.05173679 0.8255064 -0.9999181 -0.003543016 -0.0122996 -0.6228985 -0.7819111 -0.0247479 -0.2888384 -0.9350418 0.2055947 -0.3064342 -0.744464 0.5931876 -0.6461795 -0.4579286 0.6105354 -0.8486125 -0.479325 0.2238399 -0.3611615 0.8969355 -0.2550865 -0.05272805 0.8464406 0.529866 -0.463026 0.8642933 0.1964794 0.3707283 0.8660306 0.335487 -0.1370998 0.4293025 0.8926942 0.2469839 0.1167572 0.9619598 -0.6137697 0.1712543 0.7706872 -0.5978863 -0.3441432 0.7239457 -0.9844638 0.1729318 -0.03042532 -0.8204347 0.4596173 0.3400571 0.1505042 0.2248632 -0.9626967 0.9192506 0.1878501 -0.3459635 0.7640859 -0.5904278 0.2599379 -0.07086419 -0.9968528 0.03553693 -0.4487421 -0.5353729 -0.7155463 0.3604118 -0.2401704 -0.9013443 0.7887378 -0.2616544 -0.556264 0.6922268 -0.6933305 -0.2002868 0.2129806 -0.9255429 -0.313065 0.01132211 -0.6623574 -0.7491024 0.005579441 0.6178852 0.7862485 -0.3316001 0.9366012 0.1132233 0.002547043 0.9350673 0.354461 -0.7438876 0.620012 0.2494321 -0.2054646 0.9389518 -0.2759598 -0.4649331 0.6233128 -0.6287435 0.201674 0.9389115 -0.2788776 0.4560834 0.6232542 -0.6352497 0.7474087 0.6199208 0.2389112 0.3333412 0.9365355 0.1085576 0.005579383 -0.6178905 0.7862443 -0.7438829 -0.6200182 0.2494307 -0.4649308 -0.6233162 -0.6287419 0.4560828 -0.6232569 -0.6352475 0.7474064 -0.6199243 0.2389092 0.002546946 -0.9350702 0.3544535 -0.3315916 -0.9366046 0.1132207 -0.2054597 -0.9389542 -0.2759554 0.201673 -0.9389127 -0.2788745 0.3333362 -0.9365378 0.1085541 0.682598 0.5823264 0.4415381 -0.1105366 0.9050902 0.4106012 0.3526701 0.9072453 0.2291936 -0.2096869 0.5797703 0.7873359 -0.4266863 0.9040841 0.0238877 -0.8143673 0.5785862 0.04521094 -0.1548694 0.9056439 -0.3947463 -0.2951385 0.5804262 -0.7589458 0.6297416 0.5827326 -0.5136616 0.3249976 0.9075839 -0.2658346 0.6825952 -0.5823305 0.4415371 -0.209687 -0.5797731 0.7873338 -0.8143674 -0.5785859 0.04521171 -0.2951393 -0.5804262 -0.7589454 0.6297395 -0.5827368 -0.5136594 0.3526674 -0.9072465 0.229193 -0.1105372 -0.9050907 0.4106 -0.4266855 -0.9040846 0.02388885 -0.1548696 -0.9056452 -0.3947432 0.3249947 -0.9075859 -0.2658314 0.340287 0.6200057 0.7069636 -0.251108 0.9378561 0.2395219 0.153273 0.9365962 0.315111 -0.5670143 0.6217658 0.5402796 -0.3064592 0.9369769 -0.167801 -0.6892397 0.6205337 -0.3740141 0.06535465 0.9351444 -0.3481864 0.1428084 0.6179914 -0.7731056 0.7794396 0.61766 -0.1047369 0.3516428 0.9349042 -0.04797287 0.340286 -0.620007 0.7069631 -0.5670074 -0.6217739 0.5402776 -0.6892316 -0.620544 -0.374012 0.1428077 -0.6179962 -0.773102 0.7794368 -0.6176637 -0.104737 0.1532706 -0.9365975 0.3151084 -0.2510986 -0.9378591 0.2395198 -0.3064484 -0.9369808 -0.1677986 0.06535356 -0.9351465 -0.348181 0.3516378 -0.9349061 -0.04797281</float_array>
                    <technique_common>
                        <accessor count="120" offset="0" source="green_1_1-geometry-NORMAL-array" stride="3">
                            <param name="X" type="float" />
                            <param name="Y" type="float" />
                            <param name="Z" type="float" />
                        </accessor>
                    </technique_common>
                </source>
                <source id="green_1_1-geometry-TEXCOORD">
                    <float_array id="green_1_1-geometry-TEXCOORD-array" count="48">0.5329978 0.8286268 0.4557074 0.854826 0.5329978 0.854826 0.4557074 0.8286268 0.378417 0.854826 0.378417 0.8286268 0.3011266 0.854826 0.3011266 0.8286268 0.6102882 0.8286268 0.6102882 0.854826 0.6875786 0.8286268 0.6875786 0.854826 0.5329978 0.8285297 0.4557074 0.8547291 0.5329978 0.8547291 0.4557074 0.8285297 0.378417 0.8547291 0.378417 0.8285297 0.3011266 0.8547291 0.3011266 0.8285297 0.6102882 0.8285297 0.6102882 0.8547291 0.6875786 0.8285297 0.6875786 0.8547291</float_array>
                    <technique_common>
                        <accessor count="24" offset="0" source="green_1_1-geometry-TEXCOORD-array" stride="2">
                            <param name="S" type="float" />
                            <param name="T" type="float" />
                        </accessor>
                    </technique_common>
                </source>
                <source id="green_1_1-geometry-COLOR">
                    <float_array id="green_1_1-geometry-COLOR-array" count="12">1 1 0.9764706 1 0.5921569 0.6 0.6745098 1 1 1 0.9411765 1</float_array>
                    <technique_common>
                        <accessor count="3" offset="0" source="green_1_1-geometry-COLOR-array" stride="4">
                            <param name="R" type="double" />
                            <param name="G" type="double" />
                            <param name="B" type="double" />
                            <param name="A" type="double" />
                        </accessor>
                    </technique_common>
                </source>
                <vertices id="green_1_1-vertices">
                    <input semantic="POSITION" source="#green_1_1-geometry-POSITION" />
                </vertices>
                <triangles count="180" material="to_s">
                    <input semantic="VERTEX" source="#green_1_1-vertices" offset="0" set="0" />
                    <input semantic="NORMAL" source="#green_1_1-geometry-NORMAL" offset="1" set="0" />
                    <input semantic="TEXCOORD" source="#green_1_1-geometry-TEXCOORD" offset="2" set="0" />
                    <input semantic="COLOR" source="#green_1_1-geometry-COLOR" offset="3" set="0" />
                    <p>2 2 2 0 1 1 1 0 0 0 0 0 5 0 0 0 4 1 1 0 3 3 3 1 8 1 1 0 7 4 4 0 6 3 3 1 11 3 3 1 10 4 4 0 9 5 5 0 14 4 4 0 13 6 6 0 12 5 5 0 17 5 5 0 16 6 6 0 15 7 7 0 20 0 0 0 19 8 8 0 18 2 2 0 23 2 2 0 22 8 8 0 21 9 9 0 26 8 8 0 25 7 10 0 24 9 9 0 29 9 9 0 28 7 10 0 27 6 11 0 32 0 14 0 31 3 13 1 30 10 12 1 35 10 12 1 34 3 13 1 33 11 15 1 38 3 13 1 37 5 16 0 36 11 15 1 41 11 15 1 40 5 16 0 39 12 17 1 44 5 16 0 43 7 18 0 42 12 17 1 47 12 17 1 46 7 18 0 45 13 19 1 50 10 12 1 49 14 20 0 48 0 14 0 53 0 14 0 52 14 20 0 51 8 21 0 56 14 20 0 55 13 22 1 54 8 21 0 59 8 21 0 58 13 22 1 57 7 23 0 62 10 14 1 61 11 13 1 60 15 12 1 65 15 12 1 64 11 13 1 63 16 15 1 68 11 13 1 67 12 16 1 66 16 15 1 71 16 15 1 70 12 16 1 69 17 17 1 74 12 16 1 73 13 18 1 72 17 17 1 77 17 17 1 76 13 18 1 75 18 19 1 80 15 12 1 79 19 20 1 78 10 14 1 83 10 14 1 82 19 20 1 81 14 21 0 86 19 20 1 85 18 22 1 84 14 21 0 89 14 21 0 88 18 22 1 87 13 23 1 92 22 2 0 91 21 1 0 90 20 0 0 95 20 0 0 94 21 1 0 93 23 3 0 98 21 1 0 97 24 4 0 96 23 3 0 101 23 3 0 100 24 4 0 99 25 5 0 104 24 4 0 103 26 6 0 102 25 5 0 107 25 5 0 106 26 6 0 105 27 7 0 110 20 0 0 109 28 8 0 108 22 2 0 113 22 2 0 112 28 8 0 111 29 9 0 116 28 8 0 115 27 10 0 114 29 9 0 119 29 9 0 118 27 10 0 117 26 11 0 122 20 14 0 121 23 13 0 120 30 12 1 125 30 12 1 124 23 13 0 123 31 15 1 128 23 13 0 127 25 16 0 126 31 15 1 131 31 15 1 130 25 16 0 129 32 17 1 134 25 16 0 133 27 18 0 132 32 17 1 137 32 17 1 136 27 18 0 135 33 19 1 140 30 12 1 139 34 20 1 138 20 14 0 143 20 14 0 142 34 20 1 141 28 21 0 146 34 20 1 145 33 22 1 144 28 21 0 149 28 21 0 148 33 22 1 147 27 23 0 152 30 14 1 151 31 13 1 150 35 12 1 155 35 12 1 154 31 13 1 153 36 15 1 158 31 13 1 157 32 16 1 156 36 15 1 161 36 15 1 160 32 16 1 159 37 17 1 164 32 16 1 163 33 18 1 162 37 17 1 167 37 17 1 166 33 18 1 165 38 19 1 170 35 12 1 169 39 20 1 168 30 14 1 173 30 14 1 172 39 20 1 171 34 21 1 176 39 20 1 175 38 22 1 174 34 21 1 179 34 21 1 178 38 22 1 177 33 23 1 182 42 2 0 181 41 1 0 180 40 0 0 185 40 0 0 184 41 1 0 183 43 3 0 188 41 1 0 187 44 4 1 186 43 3 0 191 43 3 0 190 44 4 1 189 45 5 0 194 44 4 1 193 46 6 1 192 45 5 0 197 45 5 0 196 46 6 1 195 47 7 1 200 40 0 0 199 48 8 1 198 42 2 0 203 42 2 0 202 48 8 1 201 49 9 1 206 48 8 1 205 47 10 1 204 49 9 1 209 49 9 1 208 47 10 1 207 46 11 1 212 40 14 0 211 43 13 0 210 50 12 0 215 50 12 0 214 43 13 0 213 51 15 0 218 43 13 0 217 45 16 0 216 51 15 0 221 51 15 0 220 45 16 0 219 52 17 0 224 45 16 0 223 47 18 1 222 52 17 0 227 52 17 0 226 47 18 1 225 53 19 1 230 50 12 0 229 54 20 1 228 40 14 0 233 40 14 0 232 54 20 1 231 48 21 1 236 54 20 1 235 53 22 1 234 48 21 1 239 48 21 1 238 53 22 1 237 47 23 1 242 50 14 0 241 51 13 0 240 55 12 0 245 55 12 0 244 51 13 0 243 56 15 0 248 51 13 0 247 52 16 0 246 56 15 0 251 56 15 0 250 52 16 0 249 57 17 0 254 52 16 0 253 53 18 1 252 57 17 0 257 57 17 0 256 53 18 1 255 58 19 1 260 55 12 0 259 59 20 1 258 50 14 0 263 50 14 0 262 59 20 1 261 54 21 1 266 59 20 1 265 58 22 1 264 54 21 1 269 54 21 1 268 58 22 1 267 53 23 1 272 62 2 0 271 61 1 0 270 60 0 0 275 60 0 0 274 61 1 0 273 63 3 1 278 61 1 0 277 64 4 0 276 63 3 1 281 63 3 1 280 64 4 0 279 65 5 0 284 64 4 0 283 66 6 0 282 65 5 0 287 65 5 0 286 66 6 0 285 67 7 0 290 60 0 0 289 68 8 0 288 62 2 0 293 62 2 0 292 68 8 0 291 69 9 0 296 68 8 0 295 67 10 0 294 69 9 0 299 69 9 0 298 67 10 0 297 66 11 0 302 60 14 0 301 63 13 1 300 70 12 1 305 70 12 1 304 63 13 1 303 71 15 1 308 63 13 1 307 65 16 0 306 71 15 1 311 71 15 1 310 65 16 0 309 72 17 1 314 65 16 0 313 67 18 0 312 72 17 1 317 72 17 1 316 67 18 0 315 73 19 2 320 70 12 1 319 74 20 0 318 60 14 0 323 60 14 0 322 74 20 0 321 68 21 0 326 74 20 0 325 73 22 2 324 68 21 0 329 68 21 0 328 73 22 2 327 67 23 0 332 70 14 1 331 71 13 1 330 75 12 1 335 75 12 1 334 71 13 1 333 76 15 1 338 71 13 1 337 72 16 1 336 76 15 1 341 76 15 1 340 72 16 1 339 77 17 1 344 72 16 1 343 73 18 2 342 77 17 1 347 77 17 1 346 73 18 2 345 78 19 1 350 75 12 1 349 79 20 1 348 70 14 1 353 70 14 1 352 79 20 1 351 74 21 0 356 79 20 1 355 78 22 1 354 74 21 0 359 74 21 0 358 78 22 1 357 73 23 2 362 82 2 0 361 81 1 0 360 80 0 0 365 80 0 0 364 81 1 0 363 83 3 0 368 81 1 0 367 84 4 0 366 83 3 0 371 83 3 0 370 84 4 0 369 85 5 1 374 84 4 0 373 86 6 0 372 85 5 1 377 85 5 1 376 86 6 0 375 87 7 0 380 80 0 0 379 88 8 0 378 82 2 0 383 82 2 0 382 88 8 0 381 89 9 0 386 88 8 0 385 87 10 0 384 89 9 0 389 89 9 0 388 87 10 0 387 86 11 0 392 80 14 0 391 83 13 0 390 90 12 1 395 90 12 1 394 83 13 0 393 91 15 1 398 83 13 0 397 85 16 1 396 91 15 1 401 91 15 1 400 85 16 1 399 92 17 1 404 85 16 1 403 87 18 0 402 92 17 1 407 92 17 1 406 87 18 0 405 93 19 1 410 90 12 1 409 94 20 0 408 80 14 0 413 80 14 0 412 94 20 0 411 88 21 0 416 94 20 0 415 93 22 1 414 88 21 0 419 88 21 0 418 93 22 1 417 87 23 0 422 90 14 1 421 91 13 1 420 95 12 1 425 95 12 1 424 91 13 1 423 96 15 1 428 91 13 1 427 92 16 1 426 96 15 1 431 96 15 1 430 92 16 1 429 97 17 1 434 92 16 1 433 93 18 1 432 97 17 1 437 97 17 1 436 93 18 1 435 98 19 1 440 95 12 1 439 99 20 1 438 90 14 1 443 90 14 1 442 99 20 1 441 94 21 0 446 99 20 1 445 98 22 1 444 94 21 0 449 94 21 0 448 98 22 1 447 93 23 1 452 102 2 0 451 101 1 0 450 100 0 0 455 100 0 0 454 101 1 0 453 103 3 1 458 101 1 0 457 104 4 0 456 103 3 1 461 103 3 1 460 104 4 0 459 105 5 1 464 104 4 0 463 106 6 0 462 105 5 1 467 105 5 1 466 106 6 0 465 107 7 0 470 100 0 0 469 108 8 0 468 102 2 0 473 102 2 0 472 108 8 0 471 109 9 0 476 108 8 0 475 107 10 0 474 109 9 0 479 109 9 0 478 107 10 0 477 106 11 0 482 100 14 0 481 103 13 1 480 110 12 1 485 110 12 1 484 103 13 1 483 111 15 1 488 103 13 1 487 105 16 1 486 111 15 1 491 111 15 1 490 105 16 1 489 112 17 1 494 105 16 1 493 107 18 0 492 112 17 1 497 112 17 1 496 107 18 0 495 113 19 1 500 110 12 1 499 114 20 0 498 100 14 0 503 100 14 0 502 114 20 0 501 108 21 0 506 114 20 0 505 113 22 1 504 108 21 0 509 108 21 0 508 113 22 1 507 107 23 0 512 110 14 1 511 111 13 1 510 115 12 1 515 115 12 1 514 111 13 1 513 116 15 1 518 111 13 1 517 112 16 1 516 116 15 1 521 116 15 1 520 112 16 1 519 117 17 1 524 112 16 1 523 113 18 1 522 117 17 1 527 117 17 1 526 113 18 1 525 118 19 1 530 115 12 1 529 119 20 1 528 110 14 1 533 110 14 1 532 119 20 1 531 114 21 0 536 119 20 1 535 118 22 1 534 114 21 0 539 114 21 0 538 118 22 1 537 113 23 1</p>
                </triangles>
            </mesh>
        </geometry>
        <geometry id="green_1_2-geometry" name="green_1_2">
            <mesh>
                <source id="green_1_2-geometry-POSITION">
                    <float_array id="green_1_2-geometry-POSITION-array" count="5508">-141.2087 97.56454 -339.6004 -140.9937 110.6272 -339.3451 -141.2087 110.6272 -339.6004 -140.9937 97.56454 -339.3451 -140.9937 110.6272 -339.3451 -141.2087 97.56454 -339.6004 -140.9937 97.56454 -339.3451 -141.2491 110.6272 -339.13 -140.9937 110.6272 -339.3451 -141.2491 97.56454 -339.13 -141.2491 110.6272 -339.13 -140.9937 97.56454 -339.3451 -141.2491 97.56454 -339.13 -141.4641 97.56454 -339.3854 -141.4641 110.6272 -339.3854 -141.2491 97.56454 -339.13 -141.4641 110.6272 -339.3854 -141.2491 110.6272 -339.13 -198.3805 97.56454 -310.86 -198.5955 97.56454 -311.1154 -198.5955 110.6272 -311.1154 -198.3805 97.56454 -310.86 -198.5955 110.6272 -311.1154 -198.3805 110.6272 -310.86 -169.9476 103.047 -324.9344 -170.1626 103.047 -325.1898 -170.1626 116.1097 -325.1898 -169.9476 103.047 -324.9344 -170.1626 116.1097 -325.1898 -169.9476 116.1097 -324.9344 -270.0372 97.56454 -249.079 -270.3393 97.56454 -249.2212 -270.3393 110.6272 -249.2212 -270.0372 97.56454 -249.079 -270.3393 110.6272 -249.2212 -270.0372 110.6272 -249.079 -310.1285 97.56454 -199.5222 -310.4306 97.56454 -199.6644 -310.4306 110.6272 -199.6644 -310.1285 97.56454 -199.5222 -310.4306 110.6272 -199.6644 -310.1285 110.6272 -199.5222 -290.36 103.1172 -224.0703 -290.6621 103.1172 -224.2124 -290.6621 116.1799 -224.2124 -290.36 103.1172 -224.0703 -290.6621 116.1799 -224.2124 -290.36 116.1799 -224.0703 -350.3897 97.56454 -110.3972 -350.7235 97.56454 -110.3972 -350.7235 110.6272 -110.3972 -350.3897 97.56454 -110.3972 -350.7235 110.6272 -110.3972 -350.3897 110.6272 -110.3972 -365.5651 97.56454 -48.48681 -365.8989 97.56454 -48.48681 -365.8989 110.6272 -48.48681 -365.5651 97.56454 -48.48681 -365.8989 110.6272 -48.48681 -365.5651 110.6272 -48.48681 -357.9877 103.034 -79.21526 -358.3216 103.034 -79.21526 -358.3216 116.0967 -79.21526 -357.9877 103.034 -79.21526 -358.3216 116.0967 -79.21526 -357.9877 116.0967 -79.21526 -141.2087 110.6272 -339.6004 -141.4641 110.6272 -339.3854 -141.4641 97.56454 -339.3854 -141.2087 110.6272 -339.6004 -141.4641 97.56454 -339.3854 -141.2087 97.56454 -339.6004 -142.5104 95.23146 -339.0987 -141.9902 96.11177 -337.1846 -141.662 95.23146 -338.0912 -143.4597 96.11177 -338.9296 -141.9902 96.11177 -337.1846 -142.5104 95.23146 -339.0987 -143.4597 96.11177 -338.9296 -142.1103 97.31432 -336.8527 -141.9902 96.11177 -337.1846 -143.8071 97.31432 -338.8677 -142.1103 97.31432 -336.8527 -143.4597 96.11177 -338.9296 -143.8071 97.31432 -338.8677 -141.9902 98.51685 -337.1846 -142.1103 97.31432 -336.8527 -143.4597 98.51685 -338.9296 -141.9902 98.51685 -337.1846 -143.8071 97.31432 -338.8677 -143.4597 98.51685 -338.9296 -141.662 99.39717 -338.0912 -141.9902 98.51685 -337.1846 -142.5104 99.39717 -339.0987 -141.662 99.39717 -338.0912 -143.4597 98.51685 -338.9296 -141.662 95.23146 -338.0912 -139.7442 96.11177 -337.5846 -140.3653 95.23146 -338.3222 -141.9902 96.11177 -337.1846 -139.7442 96.11177 -337.5846 -141.662 95.23146 -338.0912 -141.9902 96.11177 -337.1846 -139.5169 97.31432 -337.3147 -139.7442 96.11177 -337.5846 -142.1103 97.31432 -336.8527 -139.5169 97.31432 -337.3147 -141.9902 96.11177 -337.1846 -142.1103 97.31432 -336.8527 -139.7442 98.51685 -337.5846 -139.5169 97.31432 -337.3147 -141.9902 98.51685 -337.1846 -139.7442 98.51685 -337.5846 -142.1103 97.31432 -336.8527 -141.9902 98.51685 -337.1846 -140.3653 99.39717 -338.3222 -139.7442 98.51685 -337.5846 -141.662 99.39717 -338.0912 -140.3653 99.39717 -338.3222 -141.9902 98.51685 -337.1846 -140.3653 95.23146 -338.3222 -138.9677 96.11177 -339.7297 -139.9169 95.23146 -339.5606 -139.7442 96.11177 -337.5846 -138.9677 96.11177 -339.7297 -140.3653 95.23146 -338.3222 -139.7442 96.11177 -337.5846 -138.6202 97.31432 -339.7916 -138.9677 96.11177 -339.7297 -139.5169 97.31432 -337.3147 -138.6202 97.31432 -339.7916 -139.7442 96.11177 -337.5846 -139.5169 97.31432 -337.3147 -138.9677 98.51685 -339.7297 -138.6202 97.31432 -339.7916 -139.7442 98.51685 -337.5846 -138.9677 98.51685 -339.7297 -139.5169 97.31432 -337.3147 -139.7442 98.51685 -337.5846 -139.9169 99.39717 -339.5606 -138.9677 98.51685 -339.7297 -140.3653 99.39717 -338.3222 -139.9169 99.39717 -339.5606 -139.7442 98.51685 -337.5846 -139.9169 95.23146 -339.5606 -140.4371 96.11177 -341.4748 -140.7653 95.23146 -340.5681 -138.9677 96.11177 -339.7297 -140.4371 96.11177 -341.4748 -139.9169 95.23146 -339.5606 -138.9677 96.11177 -339.7297 -140.317 97.31432 -341.8066 -140.4371 96.11177 -341.4748 -138.6202 97.31432 -339.7916 -140.317 97.31432 -341.8066 -138.9677 96.11177 -339.7297 -138.6202 97.31432 -339.7916 -140.4371 98.51685 -341.4748 -140.317 97.31432 -341.8066 -138.9677 98.51685 -339.7297 -140.4371 98.51685 -341.4748 -138.6202 97.31432 -339.7916 -138.9677 98.51685 -339.7297 -140.7653 99.39717 -340.5681 -140.4371 98.51685 -341.4748 -139.9169 99.39717 -339.5606 -140.7653 99.39717 -340.5681 -138.9677 98.51685 -339.7297 -140.7653 95.23146 -340.5681 -142.6831 96.11177 -341.0747 -142.0621 95.23146 -340.3372 -140.4371 96.11177 -341.4748 -142.6831 96.11177 -341.0747 -140.7653 95.23146 -340.5681 -140.4371 96.11177 -341.4748 -142.9105 97.31432 -341.3447 -142.6831 96.11177 -341.0747 -140.317 97.31432 -341.8066 -142.9105 97.31432 -341.3447 -140.4371 96.11177 -341.4748 -140.317 97.31432 -341.8066 -142.6831 98.51685 -341.0747 -142.9105 97.31432 -341.3447 -140.4371 98.51685 -341.4748 -142.6831 98.51685 -341.0747 -140.317 97.31432 -341.8066 -140.4371 98.51685 -341.4748 -142.0621 99.39717 -340.3372 -142.6831 98.51685 -341.0747 -140.7653 99.39717 -340.5681 -142.0621 99.39717 -340.3372 -140.4371 98.51685 -341.4748 -142.0621 95.23146 -340.3372 -143.4597 96.11177 -338.9296 -142.5104 95.23146 -339.0987 -142.6831 96.11177 -341.0747 -143.4597 96.11177 -338.9296 -142.0621 95.23146 -340.3372 -142.6831 96.11177 -341.0747 -143.8071 97.31432 -338.8677 -143.4597 96.11177 -338.9296 -142.9105 97.31432 -341.3447 -143.8071 97.31432 -338.8677 -142.6831 96.11177 -341.0747 -142.9105 97.31432 -341.3447 -143.4597 98.51685 -338.9296 -143.8071 97.31432 -338.8677 -142.6831 98.51685 -341.0747 -143.4597 98.51685 -338.9296 -142.9105 97.31432 -341.3447 -142.6831 98.51685 -341.0747 -142.5104 99.39717 -339.0987 -143.4597 98.51685 -338.9296 -142.0621 99.39717 -340.3372 -142.5104 99.39717 -339.0987 -142.6831 98.51685 -341.0747 -141.2137 94.90926 -339.3297 -142.5104 95.23146 -339.0987 -141.662 95.23146 -338.0912 -141.2137 94.90926 -339.3297 -141.662 95.23146 -338.0912 -140.3653 95.23146 -338.3222 -141.2137 94.90926 -339.3297 -140.3653 95.23146 -338.3222 -139.9169 95.23146 -339.5606 -141.2137 94.90926 -339.3297 -139.9169 95.23146 -339.5606 -140.7653 95.23146 -340.5681 -141.2137 94.90926 -339.3297 -140.7653 95.23146 -340.5681 -142.0621 95.23146 -340.3372 -141.2137 94.90926 -339.3297 -142.0621 95.23146 -340.3372 -142.5104 95.23146 -339.0987 -141.2137 99.71938 -339.3297 -141.662 99.39717 -338.0912 -142.5104 99.39717 -339.0987 -141.2137 99.71938 -339.3297 -140.3653 99.39717 -338.3222 -141.662 99.39717 -338.0912 -141.2137 99.71938 -339.3297 -139.9169 99.39717 -339.5606 -140.3653 99.39717 -338.3222 -141.2137 99.71938 -339.3297 -140.7653 99.39717 -340.5681 -139.9169 99.39717 -339.5606 -141.2137 99.71938 -339.3297 -142.0621 99.39717 -340.3372 -140.7653 99.39717 -340.5681 -141.2137 99.71938 -339.3297 -142.5104 99.39717 -339.0987 -142.0621 99.39717 -340.3372 -198.3401 97.56454 -311.3305 -198.1251 110.6272 -311.0751 -198.3401 110.6272 -311.3305 -198.1251 97.56454 -311.0751 -198.1251 110.6272 -311.0751 -198.3401 97.56454 -311.3305 -198.1251 97.56454 -311.0751 -198.3805 110.6272 -310.86 -198.1251 110.6272 -311.0751 -198.3805 97.56454 -310.86 -198.3805 110.6272 -310.86 -198.1251 97.56454 -311.0751 -198.3401 110.6272 -311.3305 -198.5955 110.6272 -311.1154 -198.5955 97.56454 -311.1154 -198.3401 110.6272 -311.3305 -198.5955 97.56454 -311.1154 -198.3401 97.56454 -311.3305 -199.6418 95.23146 -310.8287 -199.1216 96.11177 -308.9146 -198.7934 95.23146 -309.8212 -200.5911 96.11177 -310.6596 -199.1216 96.11177 -308.9146 -199.6418 95.23146 -310.8287 -200.5911 96.11177 -310.6596 -199.2417 97.31432 -308.5827 -199.1216 96.11177 -308.9146 -200.9385 97.31432 -310.5977 -199.2417 97.31432 -308.5827 -200.5911 96.11177 -310.6596 -200.9385 97.31432 -310.5977 -199.1216 98.51685 -308.9146 -199.2417 97.31432 -308.5827 -200.5911 98.51685 -310.6596 -199.1216 98.51685 -308.9146 -200.9385 97.31432 -310.5977 -200.5911 98.51685 -310.6596 -198.7934 99.39717 -309.8212 -199.1216 98.51685 -308.9146 -199.6418 99.39717 -310.8287 -198.7934 99.39717 -309.8212 -200.5911 98.51685 -310.6596 -198.7934 95.23146 -309.8212 -196.8756 96.11177 -309.3147 -197.4967 95.23146 -310.0522 -199.1216 96.11177 -308.9146 -196.8756 96.11177 -309.3147 -198.7934 95.23146 -309.8212 -199.1216 96.11177 -308.9146 -196.6483 97.31432 -309.0447 -196.8756 96.11177 -309.3147 -199.2417 97.31432 -308.5827 -196.6483 97.31432 -309.0447 -199.1216 96.11177 -308.9146 -199.2417 97.31432 -308.5827 -196.8756 98.51685 -309.3147 -196.6483 97.31432 -309.0447 -199.1216 98.51685 -308.9146 -196.8756 98.51685 -309.3147 -199.2417 97.31432 -308.5827 -199.1216 98.51685 -308.9146 -197.4967 99.39717 -310.0522 -196.8756 98.51685 -309.3147 -198.7934 99.39717 -309.8212 -197.4967 99.39717 -310.0522 -199.1216 98.51685 -308.9146 -197.4967 95.23146 -310.0522 -196.0991 96.11177 -311.4598 -197.0483 95.23146 -311.2907 -196.8756 96.11177 -309.3147 -196.0991 96.11177 -311.4598 -197.4967 95.23146 -310.0522 -196.8756 96.11177 -309.3147 -195.7516 97.31432 -311.5217 -196.0991 96.11177 -311.4598 -196.6483 97.31432 -309.0447 -195.7516 97.31432 -311.5217 -196.8756 96.11177 -309.3147 -196.6483 97.31432 -309.0447 -196.0991 98.51685 -311.4598 -195.7516 97.31432 -311.5217 -196.8756 98.51685 -309.3147 -196.0991 98.51685 -311.4598 -196.6483 97.31432 -309.0447 -196.8756 98.51685 -309.3147 -197.0483 99.39717 -311.2907 -196.0991 98.51685 -311.4598 -197.4967 99.39717 -310.0522 -197.0483 99.39717 -311.2907 -196.8756 98.51685 -309.3147 -197.0483 95.23146 -311.2907 -197.5686 96.11177 -313.2048 -197.8967 95.23146 -312.2982 -196.0991 96.11177 -311.4598 -197.5686 96.11177 -313.2048 -197.0483 95.23146 -311.2907 -196.0991 96.11177 -311.4598 -197.4484 97.31432 -313.5367 -197.5686 96.11177 -313.2048 -195.7516 97.31432 -311.5217 -197.4484 97.31432 -313.5367 -196.0991 96.11177 -311.4598 -195.7516 97.31432 -311.5217 -197.5686 98.51685 -313.2048 -197.4484 97.31432 -313.5367 -196.0991 98.51685 -311.4598 -197.5686 98.51685 -313.2048 -195.7516 97.31432 -311.5217 -196.0991 98.51685 -311.4598 -197.8967 99.39717 -312.2982 -197.5686 98.51685 -313.2048 -197.0483 99.39717 -311.2907 -197.8967 99.39717 -312.2982 -196.0991 98.51685 -311.4598 -197.8967 95.23146 -312.2982 -199.8145 96.11177 -312.8047 -199.1935 95.23146 -312.0672 -197.5686 96.11177 -313.2048 -199.8145 96.11177 -312.8047 -197.8967 95.23146 -312.2982 -197.5686 96.11177 -313.2048 -200.0419 97.31432 -313.0747 -199.8145 96.11177 -312.8047 -197.4484 97.31432 -313.5367 -200.0419 97.31432 -313.0747 -197.5686 96.11177 -313.2048 -197.4484 97.31432 -313.5367 -199.8145 98.51685 -312.8047 -200.0419 97.31432 -313.0747 -197.5686 98.51685 -313.2048 -199.8145 98.51685 -312.8047 -197.4484 97.31432 -313.5367 -197.5686 98.51685 -313.2048 -199.1935 99.39717 -312.0672 -199.8145 98.51685 -312.8047 -197.8967 99.39717 -312.2982 -199.1935 99.39717 -312.0672 -197.5686 98.51685 -313.2048 -199.1935 95.23146 -312.0672 -200.5911 96.11177 -310.6596 -199.6418 95.23146 -310.8287 -199.8145 96.11177 -312.8047 -200.5911 96.11177 -310.6596 -199.1935 95.23146 -312.0672 -199.8145 96.11177 -312.8047 -200.9385 97.31432 -310.5977 -200.5911 96.11177 -310.6596 -200.0419 97.31432 -313.0747 -200.9385 97.31432 -310.5977 -199.8145 96.11177 -312.8047 -200.0419 97.31432 -313.0747 -200.5911 98.51685 -310.6596 -200.9385 97.31432 -310.5977 -199.8145 98.51685 -312.8047 -200.5911 98.51685 -310.6596 -200.0419 97.31432 -313.0747 -199.8145 98.51685 -312.8047 -199.6418 99.39717 -310.8287 -200.5911 98.51685 -310.6596 -199.1935 99.39717 -312.0672 -199.6418 99.39717 -310.8287 -199.8145 98.51685 -312.8047 -198.3451 94.90926 -311.0597 -199.6418 95.23146 -310.8287 -198.7934 95.23146 -309.8212 -198.3451 94.90926 -311.0597 -198.7934 95.23146 -309.8212 -197.4967 95.23146 -310.0522 -198.3451 94.90926 -311.0597 -197.4967 95.23146 -310.0522 -197.0483 95.23146 -311.2907 -198.3451 94.90926 -311.0597 -197.0483 95.23146 -311.2907 -197.8967 95.23146 -312.2982 -198.3451 94.90926 -311.0597 -197.8967 95.23146 -312.2982 -199.1935 95.23146 -312.0672 -198.3451 94.90926 -311.0597 -199.1935 95.23146 -312.0672 -199.6418 95.23146 -310.8287 -198.3451 99.71938 -311.0597 -198.7934 99.39717 -309.8212 -199.6418 99.39717 -310.8287 -198.3451 99.71938 -311.0597 -197.4967 99.39717 -310.0522 -198.7934 99.39717 -309.8212 -198.3451 99.71938 -311.0597 -197.0483 99.39717 -311.2907 -197.4967 99.39717 -310.0522 -198.3451 99.71938 -311.0597 -197.8967 99.39717 -312.2982 -197.0483 99.39717 -311.2907 -198.3451 99.71938 -311.0597 -199.1935 99.39717 -312.0672 -197.8967 99.39717 -312.2982 -198.3451 99.71938 -311.0597 -199.6418 99.39717 -310.8287 -199.1935 99.39717 -312.0672 -169.9072 103.047 -325.4048 -169.6922 116.1097 -325.1494 -169.9072 116.1097 -325.4048 -169.6922 103.047 -325.1494 -169.6922 116.1097 -325.1494 -169.9072 103.047 -325.4048 -169.6922 103.047 -325.1494 -169.9476 116.1097 -324.9344 -169.6922 116.1097 -325.1494 -169.9476 103.047 -324.9344 -169.9476 116.1097 -324.9344 -169.6922 103.047 -325.1494 -169.9072 116.1097 -325.4048 -170.1626 116.1097 -325.1898 -170.1626 103.047 -325.1898 -169.9072 116.1097 -325.4048 -170.1626 103.047 -325.1898 -169.9072 103.047 -325.4048 -171.2884 98.66637 -325.0111 -170.7682 99.54668 -323.097 -170.44 98.66637 -324.0036 -172.2377 99.54668 -324.8421 -170.7682 99.54668 -323.097 -171.2884 98.66637 -325.0111 -172.2377 99.54668 -324.8421 -170.8883 100.7492 -322.7651 -170.7682 99.54668 -323.097 -172.5851 100.7492 -324.7802 -170.8883 100.7492 -322.7651 -172.2377 99.54668 -324.8421 -172.5851 100.7492 -324.7802 -170.7682 101.9518 -323.097 -170.8883 100.7492 -322.7651 -172.2377 101.9518 -324.8421 -170.7682 101.9518 -323.097 -172.5851 100.7492 -324.7802 -172.2377 101.9518 -324.8421 -170.44 102.8321 -324.0036 -170.7682 101.9518 -323.097 -171.2884 102.8321 -325.0111 -170.44 102.8321 -324.0036 -172.2377 101.9518 -324.8421 -170.44 98.66637 -324.0036 -168.5222 99.54668 -323.4971 -169.1433 98.66637 -324.2346 -170.7682 99.54668 -323.097 -168.5222 99.54668 -323.4971 -170.44 98.66637 -324.0036 -170.7682 99.54668 -323.097 -168.2949 100.7492 -323.2271 -168.5222 99.54668 -323.4971 -170.8883 100.7492 -322.7651 -168.2949 100.7492 -323.2271 -170.7682 99.54668 -323.097 -170.8883 100.7492 -322.7651 -168.5222 101.9518 -323.4971 -168.2949 100.7492 -323.2271 -170.7682 101.9518 -323.097 -168.5222 101.9518 -323.4971 -170.8883 100.7492 -322.7651 -170.7682 101.9518 -323.097 -169.1433 102.8321 -324.2346 -168.5222 101.9518 -323.4971 -170.44 102.8321 -324.0036 -169.1433 102.8321 -324.2346 -170.7682 101.9518 -323.097 -169.1433 98.66637 -324.2346 -167.7457 99.54668 -325.6422 -168.695 98.66637 -325.4731 -168.5222 99.54668 -323.4971 -167.7457 99.54668 -325.6422 -169.1433 98.66637 -324.2346 -168.5222 99.54668 -323.4971 -167.3982 100.7492 -325.7041 -167.7457 99.54668 -325.6422 -168.2949 100.7492 -323.2271 -167.3982 100.7492 -325.7041 -168.5222 99.54668 -323.4971 -168.2949 100.7492 -323.2271 -167.7457 101.9518 -325.6422 -167.3982 100.7492 -325.7041 -168.5222 101.9518 -323.4971 -167.7457 101.9518 -325.6422 -168.2949 100.7492 -323.2271 -168.5222 101.9518 -323.4971 -168.695 102.8321 -325.4731 -167.7457 101.9518 -325.6422 -169.1433 102.8321 -324.2346 -168.695 102.8321 -325.4731 -168.5222 101.9518 -323.4971 -168.695 98.66637 -325.4731 -169.2152 99.54668 -327.3872 -169.5434 98.66637 -326.4806 -167.7457 99.54668 -325.6422 -169.2152 99.54668 -327.3872 -168.695 98.66637 -325.4731 -167.7457 99.54668 -325.6422 -169.095 100.7492 -327.7191 -169.2152 99.54668 -327.3872 -167.3982 100.7492 -325.7041 -169.095 100.7492 -327.7191 -167.7457 99.54668 -325.6422 -167.3982 100.7492 -325.7041 -169.2152 101.9518 -327.3872 -169.095 100.7492 -327.7191 -167.7457 101.9518 -325.6422 -169.2152 101.9518 -327.3872 -167.3982 100.7492 -325.7041 -167.7457 101.9518 -325.6422 -169.5434 102.8321 -326.4806 -169.2152 101.9518 -327.3872 -168.695 102.8321 -325.4731 -169.5434 102.8321 -326.4806 -167.7457 101.9518 -325.6422 -169.5434 98.66637 -326.4806 -171.4612 99.54668 -326.9872 -170.8401 98.66637 -326.2496 -169.2152 99.54668 -327.3872 -171.4612 99.54668 -326.9872 -169.5434 98.66637 -326.4806 -169.2152 99.54668 -327.3872 -171.6885 100.7492 -327.2571 -171.4612 99.54668 -326.9872 -169.095 100.7492 -327.7191 -171.6885 100.7492 -327.2571 -169.2152 99.54668 -327.3872 -169.095 100.7492 -327.7191 -171.4612 101.9518 -326.9872 -171.6885 100.7492 -327.2571 -169.2152 101.9518 -327.3872 -171.4612 101.9518 -326.9872 -169.095 100.7492 -327.7191 -169.2152 101.9518 -327.3872 -170.8401 102.8321 -326.2496 -171.4612 101.9518 -326.9872 -169.5434 102.8321 -326.4806 -170.8401 102.8321 -326.2496 -169.2152 101.9518 -327.3872 -170.8401 98.66637 -326.2496 -172.2377 99.54668 -324.8421 -171.2884 98.66637 -325.0111 -171.4612 99.54668 -326.9872 -172.2377 99.54668 -324.8421 -170.8401 98.66637 -326.2496 -171.4612 99.54668 -326.9872 -172.5851 100.7492 -324.7802 -172.2377 99.54668 -324.8421 -171.6885 100.7492 -327.2571 -172.5851 100.7492 -324.7802 -171.4612 99.54668 -326.9872 -171.6885 100.7492 -327.2571 -172.2377 101.9518 -324.8421 -172.5851 100.7492 -324.7802 -171.4612 101.9518 -326.9872 -172.2377 101.9518 -324.8421 -171.6885 100.7492 -327.2571 -171.4612 101.9518 -326.9872 -171.2884 102.8321 -325.0111 -172.2377 101.9518 -324.8421 -170.8401 102.8321 -326.2496 -171.2884 102.8321 -325.0111 -171.4612 101.9518 -326.9872 -169.9917 98.34415 -325.2421 -171.2884 98.66637 -325.0111 -170.44 98.66637 -324.0036 -169.9917 98.34415 -325.2421 -170.44 98.66637 -324.0036 -169.1433 98.66637 -324.2346 -169.9917 98.34415 -325.2421 -169.1433 98.66637 -324.2346 -168.695 98.66637 -325.4731 -169.9917 98.34415 -325.2421 -168.695 98.66637 -325.4731 -169.5434 98.66637 -326.4806 -169.9917 98.34415 -325.2421 -169.5434 98.66637 -326.4806 -170.8401 98.66637 -326.2496 -169.9917 98.34415 -325.2421 -170.8401 98.66637 -326.2496 -171.2884 98.66637 -325.0111 -169.9917 103.1543 -325.2421 -170.44 102.8321 -324.0036 -171.2884 102.8321 -325.0111 -169.9917 103.1543 -325.2421 -169.1433 102.8321 -324.2346 -170.44 102.8321 -324.0036 -169.9917 103.1543 -325.2421 -168.695 102.8321 -325.4731 -169.1433 102.8321 -324.2346 -169.9917 103.1543 -325.2421 -169.5434 102.8321 -326.4806 -168.695 102.8321 -325.4731 -169.9917 103.1543 -325.2421 -170.8401 102.8321 -326.2496 -169.5434 102.8321 -326.4806 -169.9917 103.1543 -325.2421 -171.2884 102.8321 -325.0111 -170.8401 102.8321 -326.2496 -270.1971 97.56454 -249.5233 -269.8951 110.6272 -249.3811 -270.1971 110.6272 -249.5233 -269.8951 97.56454 -249.3811 -269.8951 110.6272 -249.3811 -270.1971 97.56454 -249.5233 -269.8951 97.56454 -249.3811 -270.0372 110.6272 -249.079 -269.8951 110.6272 -249.3811 -270.0372 97.56454 -249.079 -270.0372 110.6272 -249.079 -269.8951 97.56454 -249.3811 -270.1971 110.6272 -249.5233 -270.3393 110.6272 -249.2212 -270.3393 97.56454 -249.2212 -270.1971 110.6272 -249.5233 -270.3393 97.56454 -249.2212 -270.1971 97.56454 -249.5233 -271.17 95.23146 -248.5235 -269.8976 96.11177 -247.0019 -269.9783 95.23146 -247.9627 -271.9618 96.11177 -247.9733 -269.8976 96.11177 -247.0019 -271.17 95.23146 -248.5235 -271.9618 96.11177 -247.9733 -269.868 97.31432 -246.6502 -269.8976 96.11177 -247.0019 -272.2516 97.31432 -247.7718 -269.868 97.31432 -246.6502 -271.9618 96.11177 -247.9733 -272.2516 97.31432 -247.7718 -269.8976 98.51685 -247.0019 -269.868 97.31432 -246.6502 -271.9618 98.51685 -247.9733 -269.8976 98.51685 -247.0019 -272.2516 97.31432 -247.7718 -271.9618 98.51685 -247.9733 -269.9783 99.39717 -247.9627 -269.8976 98.51685 -247.0019 -271.17 99.39717 -248.5235 -269.9783 99.39717 -247.9627 -271.9618 98.51685 -247.9733 -269.9783 95.23146 -247.9627 -268.0243 96.11177 -248.3039 -268.8967 95.23146 -248.7144 -269.8976 96.11177 -247.0019 -268.0243 96.11177 -248.3039 -269.9783 95.23146 -247.9627 -269.8976 96.11177 -247.0019 -267.7049 97.31432 -248.1536 -268.0243 96.11177 -248.3039 -269.868 97.31432 -246.6502 -267.7049 97.31432 -248.1536 -269.8976 96.11177 -247.0019 -269.868 97.31432 -246.6502 -268.0243 98.51685 -248.3039 -267.7049 97.31432 -248.1536 -269.8976 98.51685 -247.0019 -268.0243 98.51685 -248.3039 -269.868 97.31432 -246.6502 -269.8976 98.51685 -247.0019 -268.8967 99.39717 -248.7144 -268.0243 98.51685 -248.3039 -269.9783 99.39717 -247.9627 -268.8967 99.39717 -248.7144 -269.8976 98.51685 -247.0019 -268.8967 95.23146 -248.7144 -268.2151 96.11177 -250.5772 -269.0069 95.23146 -250.0269 -268.0243 96.11177 -248.3039 -268.2151 96.11177 -250.5772 -268.8967 95.23146 -248.7144 -268.0243 96.11177 -248.3039 -267.9254 97.31432 -250.7787 -268.2151 96.11177 -250.5772 -267.7049 97.31432 -248.1536 -267.9254 97.31432 -250.7787 -268.0243 96.11177 -248.3039 -267.7049 97.31432 -248.1536 -268.2151 98.51685 -250.5772 -267.9254 97.31432 -250.7787 -268.0243 98.51685 -248.3039 -268.2151 98.51685 -250.5772 -267.7049 97.31432 -248.1536 -268.0243 98.51685 -248.3039 -269.0069 99.39717 -250.0269 -268.2151 98.51685 -250.5772 -268.8967 99.39717 -248.7144 -269.0069 99.39717 -250.0269 -268.0243 98.51685 -248.3039 -269.0069 95.23146 -250.0269 -270.2794 96.11177 -251.5486 -270.1987 95.23146 -250.5878 -268.2151 96.11177 -250.5772 -270.2794 96.11177 -251.5486 -269.0069 95.23146 -250.0269 -268.2151 96.11177 -250.5772 -270.3089 97.31432 -251.9003 -270.2794 96.11177 -251.5486 -267.9254 97.31432 -250.7787 -270.3089 97.31432 -251.9003 -268.2151 96.11177 -250.5772 -267.9254 97.31432 -250.7787 -270.2794 98.51685 -251.5486 -270.3089 97.31432 -251.9003 -268.2151 98.51685 -250.5772 -270.2794 98.51685 -251.5486 -267.9254 97.31432 -250.7787 -268.2151 98.51685 -250.5772 -270.1987 99.39717 -250.5878 -270.2794 98.51685 -251.5486 -269.0069 99.39717 -250.0269 -270.1987 99.39717 -250.5878 -268.2151 98.51685 -250.5772 -270.1987 95.23146 -250.5878 -272.1527 96.11177 -250.2466 -271.2803 95.23146 -249.836 -270.2794 96.11177 -251.5486 -272.1527 96.11177 -250.2466 -270.1987 95.23146 -250.5878 -270.2794 96.11177 -251.5486 -272.472 97.31432 -250.3969 -272.1527 96.11177 -250.2466 -270.3089 97.31432 -251.9003 -272.472 97.31432 -250.3969 -270.2794 96.11177 -251.5486 -270.3089 97.31432 -251.9003 -272.1527 98.51685 -250.2466 -272.472 97.31432 -250.3969 -270.2794 98.51685 -251.5486 -272.1527 98.51685 -250.2466 -270.3089 97.31432 -251.9003 -270.2794 98.51685 -251.5486 -271.2803 99.39717 -249.836 -272.1527 98.51685 -250.2466 -270.1987 99.39717 -250.5878 -271.2803 99.39717 -249.836 -270.2794 98.51685 -251.5486 -271.2803 95.23146 -249.836 -271.9618 96.11177 -247.9733 -271.17 95.23146 -248.5235 -272.1527 96.11177 -250.2466 -271.9618 96.11177 -247.9733 -271.2803 95.23146 -249.836 -272.1527 96.11177 -250.2466 -272.2516 97.31432 -247.7718 -271.9618 96.11177 -247.9733 -272.472 97.31432 -250.3969 -272.2516 97.31432 -247.7718 -272.1527 96.11177 -250.2466 -272.472 97.31432 -250.3969 -271.9618 98.51685 -247.9733 -272.2516 97.31432 -247.7718 -272.1527 98.51685 -250.2466 -271.9618 98.51685 -247.9733 -272.472 97.31432 -250.3969 -272.1527 98.51685 -250.2466 -271.17 99.39717 -248.5235 -271.9618 98.51685 -247.9733 -271.2803 99.39717 -249.836 -271.17 99.39717 -248.5235 -272.1527 98.51685 -250.2466 -270.0885 94.90926 -249.2752 -271.17 95.23146 -248.5235 -269.9783 95.23146 -247.9627 -270.0885 94.90926 -249.2752 -269.9783 95.23146 -247.9627 -268.8967 95.23146 -248.7144 -270.0885 94.90926 -249.2752 -268.8967 95.23146 -248.7144 -269.0069 95.23146 -250.0269 -270.0885 94.90926 -249.2752 -269.0069 95.23146 -250.0269 -270.1987 95.23146 -250.5878 -270.0885 94.90926 -249.2752 -270.1987 95.23146 -250.5878 -271.2803 95.23146 -249.836 -270.0885 94.90926 -249.2752 -271.2803 95.23146 -249.836 -271.17 95.23146 -248.5235 -270.0885 99.71938 -249.2752 -269.9783 99.39717 -247.9627 -271.17 99.39717 -248.5235 -270.0885 99.71938 -249.2752 -268.8967 99.39717 -248.7144 -269.9783 99.39717 -247.9627 -270.0885 99.71938 -249.2752 -269.0069 99.39717 -250.0269 -268.8967 99.39717 -248.7144 -270.0885 99.71938 -249.2752 -270.1987 99.39717 -250.5878 -269.0069 99.39717 -250.0269 -270.0885 99.71938 -249.2752 -271.2803 99.39717 -249.836 -270.1987 99.39717 -250.5878 -270.0885 99.71938 -249.2752 -271.17 99.39717 -248.5235 -271.2803 99.39717 -249.836 -310.2884 97.56454 -199.9665 -309.9863 110.6272 -199.8243 -310.2884 110.6272 -199.9665 -309.9863 97.56454 -199.8243 -309.9863 110.6272 -199.8243 -310.2884 97.56454 -199.9665 -309.9863 97.56454 -199.8243 -310.1285 110.6272 -199.5222 -309.9863 110.6272 -199.8243 -310.1285 97.56454 -199.5222 -310.1285 110.6272 -199.5222 -309.9863 97.56454 -199.8243 -310.2884 110.6272 -199.9665 -310.4306 110.6272 -199.6644 -310.4306 97.56454 -199.6644 -310.2884 110.6272 -199.9665 -310.4306 97.56454 -199.6644 -310.2884 97.56454 -199.9665 -311.2613 95.23146 -198.9667 -309.9889 96.11177 -197.4451 -310.0695 95.23146 -198.4059 -312.0531 96.11177 -198.4164 -309.9889 96.11177 -197.4451 -311.2613 95.23146 -198.9667 -312.0531 96.11177 -198.4164 -309.9593 97.31432 -197.0934 -309.9889 96.11177 -197.4451 -312.3429 97.31432 -198.215 -309.9593 97.31432 -197.0934 -312.0531 96.11177 -198.4164 -312.3429 97.31432 -198.215 -309.9889 98.51685 -197.4451 -309.9593 97.31432 -197.0934 -312.0531 98.51685 -198.4164 -309.9889 98.51685 -197.4451 -312.3429 97.31432 -198.215 -312.0531 98.51685 -198.4164 -310.0695 99.39717 -198.4059 -309.9889 98.51685 -197.4451 -311.2613 99.39717 -198.9667 -310.0695 99.39717 -198.4059 -312.0531 98.51685 -198.4164 -310.0695 95.23146 -198.4059 -308.1155 96.11177 -198.7471 -308.9879 95.23146 -199.1576 -309.9889 96.11177 -197.4451 -308.1155 96.11177 -198.7471 -310.0695 95.23146 -198.4059 -309.9889 96.11177 -197.4451 -307.7962 97.31432 -198.5968 -308.1155 96.11177 -198.7471 -309.9593 97.31432 -197.0934 -307.7962 97.31432 -198.5968 -309.9889 96.11177 -197.4451 -309.9593 97.31432 -197.0934 -308.1155 98.51685 -198.7471 -307.7962 97.31432 -198.5968 -309.9889 98.51685 -197.4451 -308.1155 98.51685 -198.7471 -309.9593 97.31432 -197.0934 -309.9889 98.51685 -197.4451 -308.9879 99.39717 -199.1576 -308.1155 98.51685 -198.7471 -310.0695 99.39717 -198.4059 -308.9879 99.39717 -199.1576 -309.9889 98.51685 -197.4451 -308.9879 95.23146 -199.1576 -308.3064 96.11177 -201.0204 -309.0982 95.23146 -200.4701 -308.1155 96.11177 -198.7471 -308.3064 96.11177 -201.0204 -308.9879 95.23146 -199.1576 -308.1155 96.11177 -198.7471 -308.0166 97.31432 -201.2218 -308.3064 96.11177 -201.0204 -307.7962 97.31432 -198.5968 -308.0166 97.31432 -201.2218 -308.1155 96.11177 -198.7471 -307.7962 97.31432 -198.5968 -308.3064 98.51685 -201.0204 -308.0166 97.31432 -201.2218 -308.1155 98.51685 -198.7471 -308.3064 98.51685 -201.0204 -307.7962 97.31432 -198.5968 -308.1155 98.51685 -198.7471 -309.0982 99.39717 -200.4701 -308.3064 98.51685 -201.0204 -308.9879 99.39717 -199.1576 -309.0982 99.39717 -200.4701 -308.1155 98.51685 -198.7471 -309.0982 95.23146 -200.4701 -310.3707 96.11177 -201.9918 -310.2899 95.23146 -201.0309 -308.3064 96.11177 -201.0204 -310.3707 96.11177 -201.9918 -309.0982 95.23146 -200.4701 -308.3064 96.11177 -201.0204 -310.4002 97.31432 -202.3434 -310.3707 96.11177 -201.9918 -308.0166 97.31432 -201.2218 -310.4002 97.31432 -202.3434 -308.3064 96.11177 -201.0204 -308.0166 97.31432 -201.2218 -310.3707 98.51685 -201.9918 -310.4002 97.31432 -202.3434 -308.3064 98.51685 -201.0204 -310.3707 98.51685 -201.9918 -308.0166 97.31432 -201.2218 -308.3064 98.51685 -201.0204 -310.2899 99.39717 -201.0309 -310.3707 98.51685 -201.9918 -309.0982 99.39717 -200.4701 -310.2899 99.39717 -201.0309 -308.3064 98.51685 -201.0204 -310.2899 95.23146 -201.0309 -312.244 96.11177 -200.6898 -311.3715 95.23146 -200.2792 -310.3707 96.11177 -201.9918 -312.244 96.11177 -200.6898 -310.2899 95.23146 -201.0309 -310.3707 96.11177 -201.9918 -312.5633 97.31432 -200.84 -312.244 96.11177 -200.6898 -310.4002 97.31432 -202.3434 -312.5633 97.31432 -200.84 -310.3707 96.11177 -201.9918 -310.4002 97.31432 -202.3434 -312.244 98.51685 -200.6898 -312.5633 97.31432 -200.84 -310.3707 98.51685 -201.9918 -312.244 98.51685 -200.6898 -310.4002 97.31432 -202.3434 -310.3707 98.51685 -201.9918 -311.3715 99.39717 -200.2792 -312.244 98.51685 -200.6898 -310.2899 99.39717 -201.0309 -311.3715 99.39717 -200.2792 -310.3707 98.51685 -201.9918 -311.3715 95.23146 -200.2792 -312.0531 96.11177 -198.4164 -311.2613 95.23146 -198.9667 -312.244 96.11177 -200.6898 -312.0531 96.11177 -198.4164 -311.3715 95.23146 -200.2792 -312.244 96.11177 -200.6898 -312.3429 97.31432 -198.215 -312.0531 96.11177 -198.4164 -312.5633 97.31432 -200.84 -312.3429 97.31432 -198.215 -312.244 96.11177 -200.6898 -312.5633 97.31432 -200.84 -312.0531 98.51685 -198.4164 -312.3429 97.31432 -198.215 -312.244 98.51685 -200.6898 -312.0531 98.51685 -198.4164 -312.5633 97.31432 -200.84 -312.244 98.51685 -200.6898 -311.2613 99.39717 -198.9667 -312.0531 98.51685 -198.4164 -311.3715 99.39717 -200.2792 -311.2613 99.39717 -198.9667 -312.244 98.51685 -200.6898 -310.1797 94.90926 -199.7184 -311.2613 95.23146 -198.9667 -310.0695 95.23146 -198.4059 -310.1797 94.90926 -199.7184 -310.0695 95.23146 -198.4059 -308.9879 95.23146 -199.1576 -310.1797 94.90926 -199.7184 -308.9879 95.23146 -199.1576 -309.0982 95.23146 -200.4701 -310.1797 94.90926 -199.7184 -309.0982 95.23146 -200.4701 -310.2899 95.23146 -201.0309 -310.1797 94.90926 -199.7184 -310.2899 95.23146 -201.0309 -311.3715 95.23146 -200.2792 -310.1797 94.90926 -199.7184 -311.3715 95.23146 -200.2792 -311.2613 95.23146 -198.9667 -310.1797 99.71938 -199.7184 -310.0695 99.39717 -198.4059 -311.2613 99.39717 -198.9667 -310.1797 99.71938 -199.7184 -308.9879 99.39717 -199.1576 -310.0695 99.39717 -198.4059 -310.1797 99.71938 -199.7184 -309.0982 99.39717 -200.4701 -308.9879 99.39717 -199.1576 -310.1797 99.71938 -199.7184 -310.2899 99.39717 -201.0309 -309.0982 99.39717 -200.4701 -310.1797 99.71938 -199.7184 -311.3715 99.39717 -200.2792 -310.2899 99.39717 -201.0309 -310.1797 99.71938 -199.7184 -311.2613 99.39717 -198.9667 -311.3715 99.39717 -200.2792 -290.5199 103.1172 -224.5145 -290.2178 116.1799 -224.3724 -290.5199 116.1799 -224.5145 -290.2178 103.1172 -224.3724 -290.2178 116.1799 -224.3724 -290.5199 103.1172 -224.5145 -290.2178 103.1172 -224.3724 -290.36 116.1799 -224.0703 -290.2178 116.1799 -224.3724 -290.36 103.1172 -224.0703 -290.36 116.1799 -224.0703 -290.2178 103.1172 -224.3724 -290.5199 116.1799 -224.5145 -290.6621 116.1799 -224.2124 -290.6621 103.1172 -224.2124 -290.5199 116.1799 -224.5145 -290.6621 103.1172 -224.2124 -290.5199 103.1172 -224.5145 -291.4905 98.67215 -223.572 -290.218 99.55246 -222.0504 -290.2987 98.67215 -223.0112 -292.2822 99.55246 -223.0218 -290.218 99.55246 -222.0504 -291.4905 98.67215 -223.572 -292.2822 99.55246 -223.0218 -290.1885 100.755 -221.6987 -290.218 99.55246 -222.0504 -292.572 100.755 -222.8203 -290.1885 100.755 -221.6987 -292.2822 99.55246 -223.0218 -292.572 100.755 -222.8203 -290.218 101.9575 -222.0504 -290.1885 100.755 -221.6987 -292.2822 101.9575 -223.0218 -290.218 101.9575 -222.0504 -292.572 100.755 -222.8203 -292.2822 101.9575 -223.0218 -290.2987 102.8378 -223.0112 -290.218 101.9575 -222.0504 -291.4905 102.8378 -223.572 -290.2987 102.8378 -223.0112 -292.2822 101.9575 -223.0218 -290.2987 98.67215 -223.0112 -288.3447 99.55246 -223.3524 -289.2171 98.67215 -223.7629 -290.218 99.55246 -222.0504 -288.3447 99.55246 -223.3524 -290.2987 98.67215 -223.0112 -290.218 99.55246 -222.0504 -288.0253 100.755 -223.2021 -288.3447 99.55246 -223.3524 -290.1885 100.755 -221.6987 -288.0253 100.755 -223.2021 -290.218 99.55246 -222.0504 -290.1885 100.755 -221.6987 -288.3447 101.9575 -223.3524 -288.0253 100.755 -223.2021 -290.218 101.9575 -222.0504 -288.3447 101.9575 -223.3524 -290.1885 100.755 -221.6987 -290.218 101.9575 -222.0504 -289.2171 102.8378 -223.7629 -288.3447 101.9575 -223.3524 -290.2987 102.8378 -223.0112 -289.2171 102.8378 -223.7629 -290.218 101.9575 -222.0504 -289.2171 98.67215 -223.7629 -288.5356 99.55246 -225.6257 -289.3273 98.67215 -225.0755 -288.3447 99.55246 -223.3524 -288.5356 99.55246 -225.6257 -289.2171 98.67215 -223.7629 -288.3447 99.55246 -223.3524 -288.2458 100.755 -225.8271 -288.5356 99.55246 -225.6257 -288.0253 100.755 -223.2021 -288.2458 100.755 -225.8271 -288.3447 99.55246 -223.3524 -288.0253 100.755 -223.2021 -288.5356 101.9575 -225.6257 -288.2458 100.755 -225.8271 -288.3447 101.9575 -223.3524 -288.5356 101.9575 -225.6257 -288.0253 100.755 -223.2021 -288.3447 101.9575 -223.3524 -289.3273 102.8378 -225.0755 -288.5356 101.9575 -225.6257 -289.2171 102.8378 -223.7629 -289.3273 102.8378 -225.0755 -288.3447 101.9575 -223.3524 -289.3273 98.67215 -225.0755 -290.5998 99.55246 -226.5971 -290.5191 98.67215 -225.6363 -288.5356 99.55246 -225.6257 -290.5998 99.55246 -226.5971 -289.3273 98.67215 -225.0755 -288.5356 99.55246 -225.6257 -290.6293 100.755 -226.9488 -290.5998 99.55246 -226.5971 -288.2458 100.755 -225.8271 -290.6293 100.755 -226.9488 -288.5356 99.55246 -225.6257 -288.2458 100.755 -225.8271 -290.5998 101.9575 -226.5971 -290.6293 100.755 -226.9488 -288.5356 101.9575 -225.6257 -290.5998 101.9575 -226.5971 -288.2458 100.755 -225.8271 -288.5356 101.9575 -225.6257 -290.5191 102.8378 -225.6363 -290.5998 101.9575 -226.5971 -289.3273 102.8378 -225.0755 -290.5191 102.8378 -225.6363 -288.5356 101.9575 -225.6257 -290.5191 98.67215 -225.6363 -292.4731 99.55246 -225.2951 -291.6007 98.67215 -224.8846 -290.5998 99.55246 -226.5971 -292.4731 99.55246 -225.2951 -290.5191 98.67215 -225.6363 -290.5998 99.55246 -226.5971 -292.7925 100.755 -225.4454 -292.4731 99.55246 -225.2951 -290.6293 100.755 -226.9488 -292.7925 100.755 -225.4454 -290.5998 99.55246 -226.5971 -290.6293 100.755 -226.9488 -292.4731 101.9575 -225.2951 -292.7925 100.755 -225.4454 -290.5998 101.9575 -226.5971 -292.4731 101.9575 -225.2951 -290.6293 100.755 -226.9488 -290.5998 101.9575 -226.5971 -291.6007 102.8378 -224.8846 -292.4731 101.9575 -225.2951 -290.5191 102.8378 -225.6363 -291.6007 102.8378 -224.8846 -290.5998 101.9575 -226.5971 -291.6007 98.67215 -224.8846 -292.2822 99.55246 -223.0218 -291.4905 98.67215 -223.572 -292.4731 99.55246 -225.2951 -292.2822 99.55246 -223.0218 -291.6007 98.67215 -224.8846 -292.4731 99.55246 -225.2951 -292.572 100.755 -222.8203 -292.2822 99.55246 -223.0218 -292.7925 100.755 -225.4454 -292.572 100.755 -222.8203 -292.4731 99.55246 -225.2951 -292.7925 100.755 -225.4454 -292.2822 101.9575 -223.0218 -292.572 100.755 -222.8203 -292.4731 101.9575 -225.2951 -292.2822 101.9575 -223.0218 -292.7925 100.755 -225.4454 -292.4731 101.9575 -225.2951 -291.4905 102.8378 -223.572 -292.2822 101.9575 -223.0218 -291.6007 102.8378 -224.8846 -291.4905 102.8378 -223.572 -292.4731 101.9575 -225.2951 -290.4089 98.34993 -224.3237 -291.4905 98.67215 -223.572 -290.2987 98.67215 -223.0112 -290.4089 98.34993 -224.3237 -290.2987 98.67215 -223.0112 -289.2171 98.67215 -223.7629 -290.4089 98.34993 -224.3237 -289.2171 98.67215 -223.7629 -289.3273 98.67215 -225.0755 -290.4089 98.34993 -224.3237 -289.3273 98.67215 -225.0755 -290.5191 98.67215 -225.6363 -290.4089 98.34993 -224.3237 -290.5191 98.67215 -225.6363 -291.6007 98.67215 -224.8846 -290.4089 98.34993 -224.3237 -291.6007 98.67215 -224.8846 -291.4905 98.67215 -223.572 -290.4089 103.16 -224.3237 -290.2987 102.8378 -223.0112 -291.4905 102.8378 -223.572 -290.4089 103.16 -224.3237 -289.2171 102.8378 -223.7629 -290.2987 102.8378 -223.0112 -290.4089 103.16 -224.3237 -289.3273 102.8378 -225.0755 -289.2171 102.8378 -223.7629 -290.4089 103.16 -224.3237 -290.5191 102.8378 -225.6363 -289.3273 102.8378 -225.0755 -290.4089 103.16 -224.3237 -291.6007 102.8378 -224.8846 -290.5191 102.8378 -225.6363 -290.4089 103.16 -224.3237 -291.4905 102.8378 -223.572 -291.6007 102.8378 -224.8846 -350.7235 97.56454 -110.7311 -350.3897 110.6272 -110.7311 -350.7235 110.6272 -110.7311 -350.3897 97.56454 -110.7311 -350.3897 110.6272 -110.7311 -350.7235 97.56454 -110.7311 -350.3897 97.56454 -110.7311 -350.3897 110.6272 -110.3972 -350.3897 110.6272 -110.7311 -350.3897 97.56454 -110.3972 -350.3897 110.6272 -110.3972 -350.3897 97.56454 -110.7311 -350.7235 110.6272 -110.7311 -350.7235 110.6272 -110.3972 -350.7235 97.56454 -110.3972 -350.7235 110.6272 -110.7311 -350.7235 97.56454 -110.3972 -350.7235 97.56454 -110.7311 -351.1782 95.23146 -109.4122 -349.3789 96.11177 -108.5772 -349.861 95.23146 -109.4122 -351.6603 96.11177 -108.5772 -349.3789 96.11177 -108.5772 -351.1782 95.23146 -109.4122 -351.6603 96.11177 -108.5772 -349.2025 97.31432 -108.2716 -349.3789 96.11177 -108.5772 -351.8367 97.31432 -108.2716 -349.2025 97.31432 -108.2716 -351.6603 96.11177 -108.5772 -351.8367 97.31432 -108.2716 -349.3789 98.51685 -108.5772 -349.2025 97.31432 -108.2716 -351.6603 98.51685 -108.5772 -349.3789 98.51685 -108.5772 -351.8367 97.31432 -108.2716 -351.6603 98.51685 -108.5772 -349.861 99.39717 -109.4122 -349.3789 98.51685 -108.5772 -351.1782 99.39717 -109.4122 -349.861 99.39717 -109.4122 -351.6603 98.51685 -108.5772 -349.861 95.23146 -109.4122 -348.2383 96.11177 -110.5529 -349.2025 95.23146 -110.5529 -349.3789 96.11177 -108.5772 -348.2383 96.11177 -110.5529 -349.861 95.23146 -109.4122 -349.3789 96.11177 -108.5772 -347.8853 97.31432 -110.5529 -348.2383 96.11177 -110.5529 -349.2025 97.31432 -108.2716 -347.8853 97.31432 -110.5529 -349.3789 96.11177 -108.5772 -349.2025 97.31432 -108.2716 -348.2383 98.51685 -110.5529 -347.8853 97.31432 -110.5529 -349.3789 98.51685 -108.5772 -348.2383 98.51685 -110.5529 -349.2025 97.31432 -108.2716 -349.3789 98.51685 -108.5772 -349.2025 99.39717 -110.5529 -348.2383 98.51685 -110.5529 -349.861 99.39717 -109.4122 -349.2025 99.39717 -110.5529 -349.3789 98.51685 -108.5772 -349.2025 95.23146 -110.5529 -349.3789 96.11177 -112.5286 -349.861 95.23146 -111.6936 -348.2383 96.11177 -110.5529 -349.3789 96.11177 -112.5286 -349.2025 95.23146 -110.5529 -348.2383 96.11177 -110.5529 -349.2025 97.31432 -112.8342 -349.3789 96.11177 -112.5286 -347.8853 97.31432 -110.5529 -349.2025 97.31432 -112.8342 -348.2383 96.11177 -110.5529 -347.8853 97.31432 -110.5529 -349.3789 98.51685 -112.5286 -349.2025 97.31432 -112.8342 -348.2383 98.51685 -110.5529 -349.3789 98.51685 -112.5286 -347.8853 97.31432 -110.5529 -348.2383 98.51685 -110.5529 -349.861 99.39717 -111.6936 -349.3789 98.51685 -112.5286 -349.2025 99.39717 -110.5529 -349.861 99.39717 -111.6936 -348.2383 98.51685 -110.5529 -349.861 95.23146 -111.6936 -351.6603 96.11177 -112.5286 -351.1782 95.23146 -111.6936 -349.3789 96.11177 -112.5286 -351.6603 96.11177 -112.5286 -349.861 95.23146 -111.6936 -349.3789 96.11177 -112.5286 -351.8367 97.31432 -112.8342 -351.6603 96.11177 -112.5286 -349.2025 97.31432 -112.8342 -351.8367 97.31432 -112.8342 -349.3789 96.11177 -112.5286 -349.2025 97.31432 -112.8342 -351.6603 98.51685 -112.5286 -351.8367 97.31432 -112.8342 -349.3789 98.51685 -112.5286 -351.6603 98.51685 -112.5286 -349.2025 97.31432 -112.8342 -349.3789 98.51685 -112.5286 -351.1782 99.39717 -111.6936 -351.6603 98.51685 -112.5286 -349.861 99.39717 -111.6936 -351.1782 99.39717 -111.6936 -349.3789 98.51685 -112.5286 -351.1782 95.23146 -111.6936 -352.8009 96.11177 -110.5529 -351.8367 95.23146 -110.5529 -351.6603 96.11177 -112.5286 -352.8009 96.11177 -110.5529 -351.1782 95.23146 -111.6936 -351.6603 96.11177 -112.5286 -353.1539 97.31432 -110.5529 -352.8009 96.11177 -110.5529 -351.8367 97.31432 -112.8342 -353.1539 97.31432 -110.5529 -351.6603 96.11177 -112.5286 -351.8367 97.31432 -112.8342 -352.8009 98.51685 -110.5529 -353.1539 97.31432 -110.5529 -351.6603 98.51685 -112.5286 -352.8009 98.51685 -110.5529 -351.8367 97.31432 -112.8342 -351.6603 98.51685 -112.5286 -351.8367 99.39717 -110.5529 -352.8009 98.51685 -110.5529 -351.1782 99.39717 -111.6936 -351.8367 99.39717 -110.5529 -351.6603 98.51685 -112.5286 -351.8367 95.23146 -110.5529 -351.6603 96.11177 -108.5772 -351.1782 95.23146 -109.4122 -352.8009 96.11177 -110.5529 -351.6603 96.11177 -108.5772 -351.8367 95.23146 -110.5529 -352.8009 96.11177 -110.5529 -351.8367 97.31432 -108.2716 -351.6603 96.11177 -108.5772 -353.1539 97.31432 -110.5529 -351.8367 97.31432 -108.2716 -352.8009 96.11177 -110.5529 -353.1539 97.31432 -110.5529 -351.6603 98.51685 -108.5772 -351.8367 97.31432 -108.2716 -352.8009 98.51685 -110.5529 -351.6603 98.51685 -108.5772 -353.1539 97.31432 -110.5529 -352.8009 98.51685 -110.5529 -351.1782 99.39717 -109.4122 -351.6603 98.51685 -108.5772 -351.8367 99.39717 -110.5529 -351.1782 99.39717 -109.4122 -352.8009 98.51685 -110.5529 -350.5196 94.90926 -110.5529 -351.1782 95.23146 -109.4122 -349.861 95.23146 -109.4122 -350.5196 94.90926 -110.5529 -349.861 95.23146 -109.4122 -349.2025 95.23146 -110.5529 -350.5196 94.90926 -110.5529 -349.2025 95.23146 -110.5529 -349.861 95.23146 -111.6936 -350.5196 94.90926 -110.5529 -349.861 95.23146 -111.6936 -351.1782 95.23146 -111.6936 -350.5196 94.90926 -110.5529 -351.1782 95.23146 -111.6936 -351.8367 95.23146 -110.5529 -350.5196 94.90926 -110.5529 -351.8367 95.23146 -110.5529 -351.1782 95.23146 -109.4122 -350.5196 99.71938 -110.5529 -349.861 99.39717 -109.4122 -351.1782 99.39717 -109.4122 -350.5196 99.71938 -110.5529 -349.2025 99.39717 -110.5529 -349.861 99.39717 -109.4122 -350.5196 99.71938 -110.5529 -349.861 99.39717 -111.6936 -349.2025 99.39717 -110.5529 -350.5196 99.71938 -110.5529 -351.1782 99.39717 -111.6936 -349.861 99.39717 -111.6936 -350.5196 99.71938 -110.5529 -351.8367 99.39717 -110.5529 -351.1782 99.39717 -111.6936 -350.5196 99.71938 -110.5529 -351.1782 99.39717 -109.4122 -351.8367 99.39717 -110.5529 -365.8989 97.56454 -48.82069 -365.5651 110.6272 -48.82069 -365.8989 110.6272 -48.82069 -365.5651 97.56454 -48.82069 -365.5651 110.6272 -48.82069 -365.8989 97.56454 -48.82069 -365.5651 97.56454 -48.82069 -365.5651 110.6272 -48.48681 -365.5651 110.6272 -48.82069 -365.5651 97.56454 -48.48681 -365.5651 110.6272 -48.48681 -365.5651 97.56454 -48.82069 -365.8989 110.6272 -48.82069 -365.8989 110.6272 -48.48681 -365.8989 97.56454 -48.48681 -365.8989 110.6272 -48.82069 -365.8989 97.56454 -48.48681 -365.8989 97.56454 -48.82069 -366.3535 95.23146 -47.50185 -364.5543 96.11177 -46.66682 -365.0364 95.23146 -47.50185 -366.8357 96.11177 -46.66682 -364.5543 96.11177 -46.66682 -366.3535 95.23146 -47.50185 -366.8357 96.11177 -46.66682 -364.3778 97.31432 -46.36118 -364.5543 96.11177 -46.66682 -367.0121 97.31432 -46.36118 -364.3778 97.31432 -46.36118 -366.8357 96.11177 -46.66682 -367.0121 97.31432 -46.36118 -364.5543 98.51685 -46.66682 -364.3778 97.31432 -46.36118 -366.8357 98.51685 -46.66682 -364.5543 98.51685 -46.66682 -367.0121 97.31432 -46.36118 -366.8357 98.51685 -46.66682 -365.0364 99.39717 -47.50185 -364.5543 98.51685 -46.66682 -366.3535 99.39717 -47.50185 -365.0364 99.39717 -47.50185 -366.8357 98.51685 -46.66682 -365.0364 95.23146 -47.50185 -363.4136 96.11177 -48.64252 -364.3778 95.23146 -48.64252 -364.5543 96.11177 -46.66682 -363.4136 96.11177 -48.64252 -365.0364 95.23146 -47.50185 -364.5543 96.11177 -46.66682 -363.0607 97.31432 -48.64252 -363.4136 96.11177 -48.64252 -364.3778 97.31432 -46.36118 -363.0607 97.31432 -48.64252 -364.5543 96.11177 -46.66682 -364.3778 97.31432 -46.36118 -363.4136 98.51685 -48.64252 -363.0607 97.31432 -48.64252 -364.5543 98.51685 -46.66682 -363.4136 98.51685 -48.64252 -364.3778 97.31432 -46.36118 -364.5543 98.51685 -46.66682 -364.3778 99.39717 -48.64252 -363.4136 98.51685 -48.64252 -365.0364 99.39717 -47.50185 -364.3778 99.39717 -48.64252 -364.5543 98.51685 -46.66682 -364.3778 95.23146 -48.64252 -364.5543 96.11177 -50.61822 -365.0364 95.23146 -49.78319 -363.4136 96.11177 -48.64252 -364.5543 96.11177 -50.61822 -364.3778 95.23146 -48.64252 -363.4136 96.11177 -48.64252 -364.3778 97.31432 -50.92386 -364.5543 96.11177 -50.61822 -363.0607 97.31432 -48.64252 -364.3778 97.31432 -50.92386 -363.4136 96.11177 -48.64252 -363.0607 97.31432 -48.64252 -364.5543 98.51685 -50.61822 -364.3778 97.31432 -50.92386 -363.4136 98.51685 -48.64252 -364.5543 98.51685 -50.61822 -363.0607 97.31432 -48.64252 -363.4136 98.51685 -48.64252 -365.0364 99.39717 -49.78319 -364.5543 98.51685 -50.61822 -364.3778 99.39717 -48.64252 -365.0364 99.39717 -49.78319 -363.4136 98.51685 -48.64252 -365.0364 95.23146 -49.78319 -366.8357 96.11177 -50.61822 -366.3535 95.23146 -49.78319 -364.5543 96.11177 -50.61822 -366.8357 96.11177 -50.61822 -365.0364 95.23146 -49.78319 -364.5543 96.11177 -50.61822 -367.0121 97.31432 -50.92386 -366.8357 96.11177 -50.61822 -364.3778 97.31432 -50.92386 -367.0121 97.31432 -50.92386 -364.5543 96.11177 -50.61822 -364.3778 97.31432 -50.92386 -366.8357 98.51685 -50.61822 -367.0121 97.31432 -50.92386 -364.5543 98.51685 -50.61822 -366.8357 98.51685 -50.61822 -364.3778 97.31432 -50.92386 -364.5543 98.51685 -50.61822 -366.3535 99.39717 -49.78319 -366.8357 98.51685 -50.61822 -365.0364 99.39717 -49.78319 -366.3535 99.39717 -49.78319 -364.5543 98.51685 -50.61822 -366.3535 95.23146 -49.78319 -367.9763 96.11177 -48.64252 -367.0121 95.23146 -48.64252 -366.8357 96.11177 -50.61822 -367.9763 96.11177 -48.64252 -366.3535 95.23146 -49.78319 -366.8357 96.11177 -50.61822 -368.3293 97.31432 -48.64252 -367.9763 96.11177 -48.64252 -367.0121 97.31432 -50.92386 -368.3293 97.31432 -48.64252 -366.8357 96.11177 -50.61822 -367.0121 97.31432 -50.92386 -367.9763 98.51685 -48.64252 -368.3293 97.31432 -48.64252 -366.8357 98.51685 -50.61822 -367.9763 98.51685 -48.64252 -367.0121 97.31432 -50.92386 -366.8357 98.51685 -50.61822 -367.0121 99.39717 -48.64252 -367.9763 98.51685 -48.64252 -366.3535 99.39717 -49.78319 -367.0121 99.39717 -48.64252 -366.8357 98.51685 -50.61822 -367.0121 95.23146 -48.64252 -366.8357 96.11177 -46.66682 -366.3535 95.23146 -47.50185 -367.9763 96.11177 -48.64252 -366.8357 96.11177 -46.66682 -367.0121 95.23146 -48.64252 -367.9763 96.11177 -48.64252 -367.0121 97.31432 -46.36118 -366.8357 96.11177 -46.66682 -368.3293 97.31432 -48.64252 -367.0121 97.31432 -46.36118 -367.9763 96.11177 -48.64252 -368.3293 97.31432 -48.64252 -366.8357 98.51685 -46.66682 -367.0121 97.31432 -46.36118 -367.9763 98.51685 -48.64252 -366.8357 98.51685 -46.66682 -368.3293 97.31432 -48.64252 -367.9763 98.51685 -48.64252 -366.3535 99.39717 -47.50185 -366.8357 98.51685 -46.66682 -367.0121 99.39717 -48.64252 -366.3535 99.39717 -47.50185 -367.9763 98.51685 -48.64252 -365.695 94.90926 -48.64252 -366.3535 95.23146 -47.50185 -365.0364 95.23146 -47.50185 -365.695 94.90926 -48.64252 -365.0364 95.23146 -47.50185 -364.3778 95.23146 -48.64252 -365.695 94.90926 -48.64252 -364.3778 95.23146 -48.64252 -365.0364 95.23146 -49.78319 -365.695 94.90926 -48.64252 -365.0364 95.23146 -49.78319 -366.3535 95.23146 -49.78319 -365.695 94.90926 -48.64252 -366.3535 95.23146 -49.78319 -367.0121 95.23146 -48.64252 -365.695 94.90926 -48.64252 -367.0121 95.23146 -48.64252 -366.3535 95.23146 -47.50185 -365.695 99.71938 -48.64252 -365.0364 99.39717 -47.50185 -366.3535 99.39717 -47.50185 -365.695 99.71938 -48.64252 -364.3778 99.39717 -48.64252 -365.0364 99.39717 -47.50185 -365.695 99.71938 -48.64252 -365.0364 99.39717 -49.78319 -364.3778 99.39717 -48.64252 -365.695 99.71938 -48.64252 -366.3535 99.39717 -49.78319 -365.0364 99.39717 -49.78319 -365.695 99.71938 -48.64252 -367.0121 99.39717 -48.64252 -366.3535 99.39717 -49.78319 -365.695 99.71938 -48.64252 -366.3535 99.39717 -47.50185 -367.0121 99.39717 -48.64252 -358.3216 103.034 -79.54914 -357.9877 116.0967 -79.54914 -358.3216 116.0967 -79.54914 -357.9877 103.034 -79.54914 -357.9877 116.0967 -79.54914 -358.3216 103.034 -79.54914 -357.9877 103.034 -79.54914 -357.9877 116.0967 -79.21526 -357.9877 116.0967 -79.54914 -357.9877 103.034 -79.21526 -357.9877 116.0967 -79.21526 -357.9877 103.034 -79.54914 -358.3216 116.0967 -79.54914 -358.3216 116.0967 -79.21526 -358.3216 103.034 -79.21526 -358.3216 116.0967 -79.54914 -358.3216 103.034 -79.21526 -358.3216 103.034 -79.54914 -358.7699 98.6736 -78.29892 -356.9707 99.55391 -77.46389 -357.4528 98.6736 -78.29892 -359.252 99.55391 -77.46389 -356.9707 99.55391 -77.46389 -358.7699 98.6736 -78.29892 -359.252 99.55391 -77.46389 -356.7942 100.7564 -77.15825 -356.9707 99.55391 -77.46389 -359.4285 100.7564 -77.15825 -356.7942 100.7564 -77.15825 -359.252 99.55391 -77.46389 -359.4285 100.7564 -77.15825 -356.9707 101.959 -77.46389 -356.7942 100.7564 -77.15825 -359.252 101.959 -77.46389 -356.9707 101.959 -77.46389 -359.4285 100.7564 -77.15825 -359.252 101.959 -77.46389 -357.4528 102.8393 -78.29892 -356.9707 101.959 -77.46389 -358.7699 102.8393 -78.29892 -357.4528 102.8393 -78.29892 -359.252 101.959 -77.46389 -357.4528 98.6736 -78.29892 -355.83 99.55391 -79.43959 -356.7942 98.6736 -79.43959 -356.9707 99.55391 -77.46389 -355.83 99.55391 -79.43959 -357.4528 98.6736 -78.29892 -356.9707 99.55391 -77.46389 -355.4771 100.7564 -79.43959 -355.83 99.55391 -79.43959 -356.7942 100.7564 -77.15825 -355.4771 100.7564 -79.43959 -356.9707 99.55391 -77.46389 -356.7942 100.7564 -77.15825 -355.83 101.959 -79.43959 -355.4771 100.7564 -79.43959 -356.9707 101.959 -77.46389 -355.83 101.959 -79.43959 -356.7942 100.7564 -77.15825 -356.9707 101.959 -77.46389 -356.7942 102.8393 -79.43959 -355.83 101.959 -79.43959 -357.4528 102.8393 -78.29892 -356.7942 102.8393 -79.43959 -356.9707 101.959 -77.46389 -356.7942 98.6736 -79.43959 -356.9707 99.55391 -81.41529 -357.4528 98.6736 -80.58026 -355.83 99.55391 -79.43959 -356.9707 99.55391 -81.41529 -356.7942 98.6736 -79.43959 -355.83 99.55391 -79.43959 -356.7942 100.7564 -81.72093 -356.9707 99.55391 -81.41529 -355.4771 100.7564 -79.43959 -356.7942 100.7564 -81.72093 -355.83 99.55391 -79.43959 -355.4771 100.7564 -79.43959 -356.9707 101.959 -81.41529 -356.7942 100.7564 -81.72093 -355.83 101.959 -79.43959 -356.9707 101.959 -81.41529 -355.4771 100.7564 -79.43959 -355.83 101.959 -79.43959 -357.4528 102.8393 -80.58026 -356.9707 101.959 -81.41529 -356.7942 102.8393 -79.43959 -357.4528 102.8393 -80.58026 -355.83 101.959 -79.43959 -357.4528 98.6736 -80.58026 -359.252 99.55391 -81.41529 -358.7699 98.6736 -80.58026 -356.9707 99.55391 -81.41529 -359.252 99.55391 -81.41529 -357.4528 98.6736 -80.58026 -356.9707 99.55391 -81.41529 -359.4285 100.7564 -81.72093 -359.252 99.55391 -81.41529 -356.7942 100.7564 -81.72093 -359.4285 100.7564 -81.72093 -356.9707 99.55391 -81.41529 -356.7942 100.7564 -81.72093 -359.252 101.959 -81.41529 -359.4285 100.7564 -81.72093 -356.9707 101.959 -81.41529 -359.252 101.959 -81.41529 -356.7942 100.7564 -81.72093 -356.9707 101.959 -81.41529 -358.7699 102.8393 -80.58026 -359.252 101.959 -81.41529 -357.4528 102.8393 -80.58026 -358.7699 102.8393 -80.58026 -356.9707 101.959 -81.41529 -358.7699 98.6736 -80.58026 -360.3927 99.55391 -79.43959 -359.4285 98.6736 -79.43959 -359.252 99.55391 -81.41529 -360.3927 99.55391 -79.43959 -358.7699 98.6736 -80.58026 -359.252 99.55391 -81.41529 -360.7456 100.7564 -79.43959 -360.3927 99.55391 -79.43959 -359.4285 100.7564 -81.72093 -360.7456 100.7564 -79.43959 -359.252 99.55391 -81.41529 -359.4285 100.7564 -81.72093 -360.3927 101.959 -79.43959 -360.7456 100.7564 -79.43959 -359.252 101.959 -81.41529 -360.3927 101.959 -79.43959 -359.4285 100.7564 -81.72093 -359.252 101.959 -81.41529 -359.4285 102.8393 -79.43959 -360.3927 101.959 -79.43959 -358.7699 102.8393 -80.58026 -359.4285 102.8393 -79.43959 -359.252 101.959 -81.41529 -359.4285 98.6736 -79.43959 -359.252 99.55391 -77.46389 -358.7699 98.6736 -78.29892 -360.3927 99.55391 -79.43959 -359.252 99.55391 -77.46389 -359.4285 98.6736 -79.43959 -360.3927 99.55391 -79.43959 -359.4285 100.7564 -77.15825 -359.252 99.55391 -77.46389 -360.7456 100.7564 -79.43959 -359.4285 100.7564 -77.15825 -360.3927 99.55391 -79.43959 -360.7456 100.7564 -79.43959 -359.252 101.959 -77.46389 -359.4285 100.7564 -77.15825 -360.3927 101.959 -79.43959 -359.252 101.959 -77.46389 -360.7456 100.7564 -79.43959 -360.3927 101.959 -79.43959 -358.7699 102.8393 -78.29892 -359.252 101.959 -77.46389 -359.4285 102.8393 -79.43959 -358.7699 102.8393 -78.29892 -360.3927 101.959 -79.43959 -358.1114 98.35138 -79.43959 -358.7699 98.6736 -78.29892 -357.4528 98.6736 -78.29892 -358.1114 98.35138 -79.43959 -357.4528 98.6736 -78.29892 -356.7942 98.6736 -79.43959 -358.1114 98.35138 -79.43959 -356.7942 98.6736 -79.43959 -357.4528 98.6736 -80.58026 -358.1114 98.35138 -79.43959 -357.4528 98.6736 -80.58026 -358.7699 98.6736 -80.58026 -358.1114 98.35138 -79.43959 -358.7699 98.6736 -80.58026 -359.4285 98.6736 -79.43959 -358.1114 98.35138 -79.43959 -359.4285 98.6736 -79.43959 -358.7699 98.6736 -78.29892 -358.1114 103.1615 -79.43959 -357.4528 102.8393 -78.29892 -358.7699 102.8393 -78.29892 -358.1114 103.1615 -79.43959 -356.7942 102.8393 -79.43959 -357.4528 102.8393 -78.29892 -358.1114 103.1615 -79.43959 -357.4528 102.8393 -80.58026 -356.7942 102.8393 -79.43959 -358.1114 103.1615 -79.43959 -358.7699 102.8393 -80.58026 -357.4528 102.8393 -80.58026 -358.1114 103.1615 -79.43959 -359.4285 102.8393 -79.43959 -358.7699 102.8393 -80.58026 -358.1114 103.1615 -79.43959 -358.7699 102.8393 -78.29892 -359.4285 102.8393 -79.43959</float_array>
                    <technique_common>
                        <accessor count="1836" offset="0" source="green_1_2-geometry-POSITION-array" stride="3">
                            <param name="X" type="float" />
                            <param name="Y" type="float" />
                            <param name="Z" type="float" />
                        </accessor>
                    </technique_common>
                </source>
                <source id="green_1_2-geometry-NORMAL">
                    <float_array id="green_1_2-geometry-NORMAL-array" count="972">0.08539894 -1.633503E-07 -0.9963468 0.9963448 -2.279574E-07 0.0854224 -0.08545041 -1.693535E-07 0.9963424 -0.9963444 -1.047656E-07 -0.08542692 -0.08539682 6.504359E-08 0.9963471 -0.9963457 2.903057E-08 -0.08541191 -0.0854336 -4.266412E-08 0.9963439 -0.9963454 -7.73971E-08 -0.08541581 0.3387446 -1.918429E-07 0.9408784 -0.9408941 5.683107E-07 0.338701 0.3387513 9.331956E-08 0.9408759 -0.9408766 5.911668E-07 0.3387496 0.3387549 -3.376346E-07 0.9408746 -0.9408731 -3.97276E-07 0.3387593 0.7071101 1.613403E-07 0.7071034 -0.7071034 4.791836E-07 0.7071101 0.7071075 3.808131E-07 0.7071061 -0.7071061 2.597129E-07 0.7071075 0.7071041 1.544687E-07 0.7071095 -0.7071095 4.86058E-07 0.707104 -0.4564714 -0.8860152 0.08130729 -0.2871157 -0.5371122 0.7931426 -0.1578201 -0.8860176 0.4359652 -0.8304402 -0.5371113 0.1479204 -0.3403797 3.062478E-06 0.9402881 -0.9845036 1.793104E-06 0.1753641 -0.2871139 0.5371106 0.7931442 -0.8304414 0.537109 0.1479228 -0.1578197 0.886014 0.4359725 -0.4564719 0.8860149 0.08130874 0.5433254 -0.5371091 0.6452219 0.2986488 -0.8860175 0.3546574 0.6441239 2.046086E-06 0.7649211 0.5433273 0.5371078 0.6452214 0.2986524 0.8860139 0.3546633 0.8304419 -0.537107 -0.1479266 0.456466 -0.8860177 -0.08131084 0.9845031 1.890742E-06 -0.1753674 0.8304436 0.5371047 -0.1479252 0.4564716 0.886015 -0.0813091 0.2871132 -0.537108 -0.7931463 0.1578186 -0.8860146 -0.4359718 0.3403794 1.948441E-06 -0.9402882 0.2871155 0.5371053 -0.7931473 0.1578225 0.8860126 -0.4359744 -0.5433245 -0.5371105 -0.6452215 -0.2986504 -0.8860155 -0.3546611 -0.6441222 8.432892E-07 -0.7649226 -0.5433252 0.5371079 -0.6452231 -0.2986489 0.8860145 -0.3546648 -2.37941E-06 -1 -3.286528E-06 3.736863E-06 1 4.025902E-07 0.08540137 -3.321618E-07 -0.9963467 0.9963479 -2.961604E-07 0.08538631 -0.4564681 -0.8860165 0.08131167 -0.2871185 -0.5371063 0.7931455 -0.1578229 -0.8860126 0.4359744 -0.8304428 -0.5371062 0.1479246 -0.3403854 3.328767E-06 0.940286 -0.9845029 3.976771E-06 0.1753685 -0.2871159 0.5371078 0.7931454 -0.8304409 0.5371085 0.1479269 -0.1578194 0.8860131 0.4359745 -0.4564672 0.8860172 0.08130971 0.5433208 -0.5371122 0.6452232 0.2986472 -0.8860157 0.3546635 0.6441202 8.699231E-07 0.7649243 0.5433236 0.5371081 0.6452242 0.2986494 0.8860135 0.3546668 0.8304395 -0.5371113 -0.1479247 0.4564685 -0.8860164 -0.08131018 0.984503 -7.633993E-07 -0.1753677 0.830443 0.5371054 -0.1479264 0.4564693 0.8860161 -0.0813098 0.2871152 -0.5371095 -0.7931445 0.1578212 -0.8860162 -0.4359675 0.3403795 7.190139E-07 -0.9402881 0.2871124 0.5371071 -0.7931471 0.1578187 0.886015 -0.435971 -0.5433234 -0.5371102 -0.6452227 -0.2986464 -0.8860177 -0.3546588 -0.6441236 3.00034E-06 -0.7649214 -0.5433265 0.5371096 -0.6452206 -0.2986494 0.8860156 -0.3546617 1.471003E-06 -1 2.391024E-06 -9.290534E-08 1 1.863268E-06 0.08544123 1.532685E-07 -0.9963432 0.9963417 1.879877E-07 0.08545902 -0.4564722 -0.8860146 0.08131004 -0.2871134 -0.5371139 0.7931422 -0.1578209 -0.8860138 0.4359726 -0.830439 -0.5371119 0.1479254 -0.3403807 -4.646981E-06 0.9402877 -0.9845034 -3.457481E-06 0.1753654 -0.2871177 0.5371103 0.7931431 -0.8304412 0.537109 0.1479232 -0.157821 0.8860162 0.4359678 -0.4564682 0.8860169 0.0813067 0.5433254 -0.5371102 0.645221 0.2986524 -0.8860139 0.3546636 0.6441246 -1.30488E-06 0.7649205 0.5433226 0.5371131 0.645221 0.2986465 0.8860175 0.3546593 0.8304419 -0.5371082 -0.1479228 0.4564741 -0.8860137 -0.08130881 0.9845032 -2.356769E-06 -0.1753665 0.8304413 0.5371076 -0.1479279 0.4564685 0.8860164 -0.08131018 0.2871178 -0.5371065 -0.7931457 0.1578223 -0.8860136 -0.4359726 0.3403822 -2.44997E-06 -0.9402871 0.2871194 0.5371025 -0.7931477 0.1578229 0.8860142 -0.4359709 -0.5433242 -0.5371085 -0.6452235 -0.2986509 -0.8860148 -0.3546624 -0.6441221 -2.086033E-07 -0.7649227 -0.5433222 0.5371088 -0.6452248 -0.2986466 0.8860169 -0.3546609 -2.529098E-07 -1 -2.412966E-07 3.096846E-07 1 -8.258257E-07 -0.3386888 7.668681E-07 -0.9408984 0.9408828 6.742156E-09 -0.3387323 -0.3807269 -0.8860175 0.264613 0.07058255 -0.5371085 0.8405549 0.03879764 -0.886016 0.4620285 -0.6926493 -0.5371079 0.4814063 0.0836734 2.365648E-06 0.9964932 -0.8211497 3.040275E-06 0.5707129 0.07058031 0.5371045 0.8405577 -0.6926527 0.5371052 0.4814045 0.03879821 0.8860137 0.462033 -0.3807293 0.8860153 0.2646168 0.7632298 -0.5371136 0.3591506 0.4195261 -0.8860168 0.1974134 0.9048262 2.18812E-06 0.4257811 0.7632324 0.5371076 0.3591541 0.4195313 0.8860137 0.1974163 0.6926488 -0.53711 -0.4814047 0.380729 -0.8860156 -0.2646163 0.8211486 2.032775E-06 -0.5707145 0.6926506 0.5371078 -0.4814047 0.3807331 0.8860137 -0.2646168 -0.07058345 -0.5371084 -0.8405549 -0.03879718 -0.8860161 -0.4620283 -0.08368071 2.600879E-06 -0.9964926 -0.07058628 0.5371072 -0.8405555 -0.03879767 0.8860152 -0.46203 -0.763233 -0.5371099 -0.3591496 -0.419525 -0.8860173 -0.1974137 -0.904827 3.421974E-06 -0.4257793 -0.763235 0.5371068 -0.35915 -0.4195281 0.886016 -0.1974127 -4.0259E-07 -1 -2.476187E-06 1.331643E-06 1 -6.390467E-07 -0.3387362 5.229196E-07 -0.9408814 0.9408808 2.506547E-08 -0.338738 -0.3807279 -0.8860164 0.2646151 0.07057989 -0.5371103 0.8405539 0.03879488 -0.8860158 0.462029 -0.69265 -0.5371094 0.4814036 0.08367434 -1.278248E-06 0.9964932 -0.8211503 3.816994E-07 0.570712 0.07057919 0.5371041 0.840558 -0.6926493 0.537109 0.4814052 0.03879436 0.8860137 0.4620333 -0.3807285 0.8860155 0.2646175 0.7632321 -0.5371087 0.3591533 0.4195219 -0.8860182 0.1974159 0.9048257 1.912936E-06 0.4257822 0.7632307 0.5371089 0.3591557 0.4195212 0.8860189 0.1974145 0.6926506 -0.5371078 -0.4814046 0.3807268 -0.8860173 -0.2646139 0.8211499 -1.367015E-06 -0.5707126 0.6926501 0.5371053 -0.481408 0.3807244 0.8860167 -0.264619 -0.07058704 -0.5371093 -0.8405541 -0.03879768 -0.8860169 -0.4620268 -0.08368345 -7.722763E-07 -0.9964924 -0.07058737 0.5371006 -0.8405595 -0.0388 0.8860129 -0.4620342 -0.7632368 -0.5371058 -0.3591474 -0.419526 -0.8860175 -0.1974106 -0.9048286 4.158725E-06 -0.425776 -0.7632343 0.5371068 -0.3591513 -0.4195266 0.8860162 -0.1974147 -1.476162E-06 -1 6.467888E-07 -3.494272E-06 1 -1.321642E-06 -0.3387458 -4.655313E-07 -0.9408779 0.9408795 -4.058886E-07 -0.3387415 -0.3807326 -0.8860139 0.2646169 0.0705808 -0.5371094 0.8405545 0.03879992 -0.8860112 0.4620375 -0.6926508 -0.5371076 0.4814044 0.08366971 -2.898254E-06 0.9964936 -0.8211497 -7.190125E-07 0.5707129 0.07057914 0.5371099 0.8405544 -0.6926513 0.5371066 0.4814049 0.03879572 0.8860161 0.4620284 -0.3807318 0.8860151 0.2646141 0.763229 -0.5371106 0.359157 0.4195303 -0.8860127 0.197423 0.904824 -2.565378E-06 0.4257858 0.7632295 0.5371109 0.3591554 0.4195262 0.8860162 0.1974161 0.6926494 -0.5371129 -0.4814006 0.3807298 -0.8860161 -0.2646136 0.8211504 -3.00922E-06 -0.5707119 0.6926508 0.5371087 -0.4814033 0.3807301 0.8860164 -0.264612 -0.07058728 -0.5371103 -0.8405534 -0.03880115 -0.8860132 -0.4620336 -0.08367998 -1.730959E-06 -0.9964927 -0.07058848 0.5371053 -0.8405564 -0.0388025 0.886015 -0.4620301 -0.7632342 -0.5371094 -0.3591477 -0.4195315 -0.8860133 -0.1974178 -0.904828 8.743582E-07 -0.4257773 -0.763235 0.5371068 -0.3591498 -0.4195318 0.8860136 -0.1974157 -8.103444E-07 -1 -1.125514E-06 -1.878754E-06 1 -7.606633E-07 -0.7071108 4.791786E-07 -0.7071027 0.7071027 1.61342E-07 -0.7071108 -0.2318261 -0.8860185 0.4015321 0.4217523 -0.5371124 0.7305034 0.2318254 -0.8860173 0.4015349 -0.4217602 -0.5371059 0.7305037 0.4999967 -4.704668E-07 0.8660274 -0.5000031 3.16011E-06 0.8660236 0.4217568 0.537106 0.7305055 -0.42176 0.5371046 0.7305047 0.2318307 0.8860149 0.4015373 -0.2318265 0.8860171 0.4015348 0.8435093 -0.5371146 3.708298E-06 0.4636535 -0.8860166 2.159722E-06 1 3.373164E-07 2.787298E-06 0.8435134 0.5371081 3.674034E-06 0.4636592 0.8860136 1.143856E-06 0.4217567 -0.5371113 -0.7305017 0.2318274 -0.886018 -0.4015322 0.5000009 2.5565E-06 -0.8660249 0.4217571 0.5371092 -0.730503 0.2318285 0.8860161 -0.4015357 -0.421759 -0.5371063 -0.730504 -0.2318265 -0.8860178 -0.4015332 -0.5000014 2.65414E-06 -0.8660246 -0.4217588 0.5371069 -0.7305037 -0.231828 0.8860174 -0.4015333 -0.8435176 -0.5371016 -1.216118E-06 -0.4636523 -0.8860173 -9.998729E-07 -1 4.056647E-06 -5.947381E-07 -0.8435165 0.5371032 3.425679E-08 -0.4636541 0.8860163 1.595797E-06 2.673608E-06 -1 2.42586E-07 2.720059E-06 1 -1.883912E-07 -0.7071082 2.597121E-07 -0.7071053 0.7071054 3.808142E-07 -0.7071082 -0.2318278 -0.8860169 0.4015346 0.421756 -0.5371068 0.7305055 0.2318273 -0.8860163 0.401536 -0.4217592 -0.5371064 0.7305039 0.4999975 1.060768E-06 0.8660269 -0.5000013 1.717648E-06 0.8660247 0.4217577 0.5371039 0.7305065 -0.4217581 0.5371072 0.7305039 0.2318293 0.8860151 0.4015376 -0.2318272 0.8860166 0.4015355 0.8435157 -0.5371045 3.888153E-06 0.4636535 -0.8860166 2.799647E-06 1 3.084661E-06 2.11266E-06 0.843515 0.5371056 4.821643E-06 0.4636544 0.8860161 2.307709E-06 0.4217592 -0.5371044 -0.7305053 0.231826 -0.8860177 -0.4015336 0.5000023 3.768167E-06 -0.8660241 0.4217577 0.5371065 -0.7305046 0.2318252 0.8860175 -0.4015347 -0.421758 -0.5371065 -0.7305045 -0.2318261 -0.8860174 -0.4015343 -0.5000009 1.833044E-06 -0.8660249 -0.421759 0.5371045 -0.7305053 -0.2318285 0.8860162 -0.4015355 -0.8435156 -0.5371047 3.08311E-07 -0.4636544 -0.8860161 7.279082E-07 -1 1.797534E-06 -1.207233E-06 -0.843515 0.5371056 -9.591886E-07 -0.4636551 0.8860158 8.758892E-07 3.329103E-07 -1 -1.54842E-08 -2.864576E-07 1 1.29035E-08 -0.7071047 4.860613E-07 -0.7071088 0.7071088 1.544676E-07 -0.7071047 -0.2318302 -0.8860135 0.4015405 0.4217546 -0.5371107 0.7305034 0.2318302 -0.8860126 0.4015427 -0.4217574 -0.5371106 0.7305018 0.4999973 4.837815E-07 0.866027 -0.500001 -4.589273E-06 0.8660249 0.4217547 0.5371116 0.7305027 -0.4217576 0.5371093 0.7305027 0.2318276 0.886018 0.4015321 -0.2318256 0.8860183 0.4015326 0.8435122 -0.53711 2.0811E-06 0.4636603 -0.886013 2.459684E-06 1 -1.242743E-07 2.955953E-06 0.8435124 0.5371097 1.670019E-06 0.463655 0.8860158 -1.551802E-06 0.4217577 -0.5371075 -0.7305039 0.2318298 -0.8860138 -0.4015402 0.500002 -2.121538E-06 -0.8660243 0.4217583 0.5371065 -0.7305043 0.2318276 0.8860161 -0.4015364 -0.4217574 -0.5371087 -0.7305033 -0.2318303 -0.8860132 -0.4015412 -0.5000005 -5.041981E-06 -0.8660251 -0.4217592 0.5371053 -0.7305047 -0.2318277 0.8860172 -0.4015338 -0.8435124 -0.5371097 6.851343E-08 -0.4636605 -0.8860129 -1.539803E-06 -1 -8.135508E-06 -9.94192E-07 -0.8435155 0.5371048 -6.166227E-07 -0.4636533 0.8860167 1.863762E-06 1.163902E-06 -1 1.076158E-06 1.674876E-06 1 -1.073572E-06</float_array>
                    <technique_common>
                        <accessor count="324" offset="0" source="green_1_2-geometry-NORMAL-array" stride="3">
                            <param name="X" type="float" />
                            <param name="Y" type="float" />
                            <param name="Z" type="float" />
                        </accessor>
                    </technique_common>
                </source>
                <source id="green_1_2-geometry-TEXCOORD">
                    <float_array id="green_1_2-geometry-TEXCOORD-array" count="228">1.021037 1.377908 0.02103678 2.377911 1.021037 2.377911 0.02103678 1.377908 -0.9789634 2.377911 -0.9789634 1.377908 0 3 1 3 1 2 0 2 2.021036 2.377911 2.021036 1.377908 2.334193 1.566238 2.500859 1.732904 2.500859 1.566238 2.334193 1.732904 2.500859 1.899571 2.334193 1.899571 2.500859 2.066237 2.334193 2.066237 2.500859 2.232904 2.334193 2.232904 2.667526 1.732904 2.667526 1.566238 2.667526 1.899571 2.667526 2.066237 2.667526 2.232904 2.834193 1.732904 2.834193 1.566238 2.834193 1.899571 2.834193 2.066237 2.834193 2.232904 3.000859 1.732904 3.000859 1.566238 3.000859 1.899571 3.000859 2.066237 3.000859 2.232904 3.167526 1.732904 3.167526 1.566238 3.167526 1.899571 3.167526 2.066237 3.167526 2.232904 3.334193 1.732904 3.334193 1.566238 3.334193 1.899571 3.334193 2.066237 3.334193 2.232904 2.417526 1.399571 2.584193 1.399571 2.750859 1.399571 2.917526 1.399571 3.084193 1.399571 3.25086 1.399571 2.417526 2.399571 2.584193 2.399571 2.750859 2.399571 2.917526 2.399571 3.084193 2.399571 3.25086 2.399571 1 0 0 1 1 1 0 0 -1 1 -1 0 2 1 2 0 0 0.1666667 0.1666667 0.3333334 0.1666667 0.1666667 0 0.3333334 0.1666667 0.5 0 0.5 0.1666667 0.6666667 0 0.6666667 0.1666667 0.8333334 0 0.8333334 0.3333333 0.3333334 0.3333333 0.1666667 0.3333333 0.5 0.3333333 0.6666667 0.3333333 0.8333334 0.5 0.3333334 0.5 0.1666667 0.5 0.5 0.5 0.6666667 0.5 0.8333334 0.6666667 0.3333334 0.6666667 0.1666667 0.6666667 0.5 0.6666667 0.6666667 0.6666667 0.8333334 0.8333334 0.3333334 0.8333334 0.1666667 0.8333334 0.5 0.8333334 0.6666667 0.8333334 0.8333334 1 0.3333334 1 0.1666667 1 0.5 1 0.6666667 1 0.8333334 0.08333334 0 0.25 0 0.4166667 0 0.5833334 0 0.75 0 0.9166667 0 0.08333334 1 0.25 1 0.4166667 1 0.5833334 1 0.75 1 0.9166667 1</float_array>
                    <technique_common>
                        <accessor count="114" offset="0" source="green_1_2-geometry-TEXCOORD-array" stride="2">
                            <param name="S" type="float" />
                            <param name="T" type="float" />
                        </accessor>
                    </technique_common>
                </source>
                <source id="green_1_2-geometry-COLOR">
                    <float_array id="green_1_2-geometry-COLOR-array" count="8">1 1 0.9764706 1 0.5921569 0.6 0.6745098 1</float_array>
                    <technique_common>
                        <accessor count="2" offset="0" source="green_1_2-geometry-COLOR-array" stride="4">
                            <param name="R" type="double" />
                            <param name="G" type="double" />
                            <param name="B" type="double" />
                            <param name="A" type="double" />
                        </accessor>
                    </technique_common>
                </source>
                <vertices id="green_1_2-vertices">
                    <input semantic="POSITION" source="#green_1_2-geometry-POSITION" />
                </vertices>
                <triangles count="612" material="light_s">
                    <input semantic="VERTEX" source="#green_1_2-vertices" offset="0" set="0" />
                    <input semantic="NORMAL" source="#green_1_2-geometry-NORMAL" offset="1" set="0" />
                    <input semantic="TEXCOORD" source="#green_1_2-geometry-TEXCOORD" offset="2" set="0" />
                    <input semantic="COLOR" source="#green_1_2-geometry-COLOR" offset="3" set="0" />
                    <p>2 0 2 0 1 1 1 0 0 0 0 0 5 0 0 0 4 1 1 0 3 1 3 0 8 1 1 0 7 2 4 1 6 1 3 0 11 1 3 0 10 2 4 1 9 2 5 1 14 3 8 1 13 3 7 1 12 2 6 1 17 2 9 1 16 3 8 1 15 2 6 1 20 5 8 1 19 5 7 1 18 4 6 1 23 4 9 1 22 5 8 1 21 4 6 1 26 7 8 1 25 7 7 1 24 6 6 1 29 6 9 1 28 7 8 1 27 6 6 1 32 9 8 1 31 9 7 1 30 8 6 0 35 8 9 0 34 9 8 1 33 8 6 0 38 11 8 1 37 11 7 1 36 10 6 0 41 10 9 0 40 11 8 1 39 10 6 0 44 13 8 1 43 13 7 1 42 12 6 0 47 12 9 0 46 13 8 1 45 12 6 0 50 15 8 1 49 15 7 1 48 14 6 0 53 14 9 0 52 15 8 1 51 14 6 0 56 17 8 1 55 17 7 1 54 16 6 0 59 16 9 0 58 17 8 1 57 16 6 0 62 19 8 1 61 19 7 1 60 18 6 0 65 18 9 0 64 19 8 1 63 18 6 0 68 3 11 1 67 3 10 1 66 0 2 0 71 0 0 0 70 3 11 1 69 0 2 0 74 22 14 1 73 21 13 1 72 20 12 1 77 20 12 1 76 21 13 1 75 23 15 1 80 21 13 1 79 24 16 1 78 23 15 1 83 23 15 1 82 24 16 1 81 25 17 1 86 24 16 1 85 26 18 1 84 25 17 1 89 25 17 1 88 26 18 1 87 27 19 1 92 26 18 1 91 28 20 0 90 27 19 1 95 27 19 1 94 28 20 0 93 29 21 0 98 31 23 1 97 30 22 1 96 22 14 1 101 22 14 1 100 30 22 1 99 21 13 1 104 30 22 1 103 32 24 0 102 21 13 1 107 21 13 1 106 32 24 0 105 24 16 1 110 32 24 0 109 33 25 0 108 24 16 1 113 24 16 1 112 33 25 0 111 26 18 1 116 33 25 0 115 34 26 0 114 26 18 1 119 26 18 1 118 34 26 0 117 28 20 0 122 36 28 1 121 35 27 0 120 31 23 1 125 31 23 1 124 35 27 0 123 30 22 1 128 35 27 0 127 37 29 0 126 30 22 1 131 30 22 1 130 37 29 0 129 32 24 0 134 37 29 0 133 38 30 0 132 32 24 0 137 32 24 0 136 38 30 0 135 33 25 0 140 38 30 0 139 39 31 0 138 33 25 0 143 33 25 0 142 39 31 0 141 34 26 0 146 41 33 1 145 40 32 1 144 36 28 1 149 36 28 1 148 40 32 1 147 35 27 0 152 40 32 1 151 42 34 0 150 35 27 0 155 35 27 0 154 42 34 0 153 37 29 0 158 42 34 0 157 43 35 0 156 37 29 0 161 37 29 0 160 43 35 0 159 38 30 0 164 43 35 0 163 44 36 0 162 38 30 0 167 38 30 0 166 44 36 0 165 39 31 0 170 46 38 1 169 45 37 1 168 41 33 1 173 41 33 1 172 45 37 1 171 40 32 1 176 45 37 1 175 47 39 1 174 40 32 1 179 40 32 1 178 47 39 1 177 42 34 0 182 47 39 1 181 48 40 0 180 42 34 0 185 42 34 0 184 48 40 0 183 43 35 0 188 48 40 0 187 49 41 0 186 43 35 0 191 43 35 0 190 49 41 0 189 44 36 0 194 20 43 1 193 23 42 1 192 46 38 1 197 46 38 1 196 23 42 1 195 45 37 1 200 23 42 1 199 25 44 1 198 45 37 1 203 45 37 1 202 25 44 1 201 47 39 1 206 25 44 1 205 27 45 1 204 47 39 1 209 47 39 1 208 27 45 1 207 48 40 0 212 27 45 1 211 29 46 0 210 48 40 0 215 48 40 0 214 29 46 0 213 49 41 0 218 22 14 1 217 20 12 1 216 50 47 1 221 31 23 1 220 22 14 1 219 50 48 1 224 36 28 1 223 31 23 1 222 50 49 1 227 41 33 1 226 36 28 1 225 50 50 1 230 46 38 1 229 41 33 1 228 50 51 1 233 20 43 1 232 46 38 1 231 50 52 1 236 29 21 0 235 28 20 0 234 51 53 0 239 28 20 0 238 34 26 0 237 51 54 0 242 34 26 0 241 39 31 0 240 51 55 0 245 39 31 0 244 44 36 0 243 51 56 0 248 44 36 0 247 49 41 0 246 51 57 0 251 49 41 0 250 29 46 0 249 51 58 0 254 52 2 0 253 53 1 0 252 52 0 0 257 52 0 0 256 53 1 0 255 53 3 0 260 53 1 0 259 4 4 1 258 53 3 0 263 53 3 0 262 4 4 1 261 4 5 1 266 5 11 1 265 5 10 1 264 52 2 0 269 52 0 0 268 5 11 1 267 52 2 0 272 56 14 1 271 55 13 1 270 54 12 1 275 54 12 1 274 55 13 1 273 57 15 1 278 55 13 1 277 58 16 1 276 57 15 1 281 57 15 1 280 58 16 1 279 59 17 1 284 58 16 1 283 60 18 1 282 59 17 1 287 59 17 1 286 60 18 1 285 61 19 1 290 60 18 1 289 62 20 0 288 61 19 1 293 61 19 1 292 62 20 0 291 63 21 0 296 65 23 1 295 64 22 1 294 56 14 1 299 56 14 1 298 64 22 1 297 55 13 1 302 64 22 1 301 66 24 0 300 55 13 1 305 55 13 1 304 66 24 0 303 58 16 1 308 66 24 0 307 67 25 0 306 58 16 1 311 58 16 1 310 67 25 0 309 60 18 1 314 67 25 0 313 68 26 0 312 60 18 1 317 60 18 1 316 68 26 0 315 62 20 0 320 70 28 1 319 69 27 0 318 65 23 1 323 65 23 1 322 69 27 0 321 64 22 1 326 69 27 0 325 71 29 0 324 64 22 1 329 64 22 1 328 71 29 0 327 66 24 0 332 71 29 0 331 72 30 0 330 66 24 0 335 66 24 0 334 72 30 0 333 67 25 0 338 72 30 0 337 73 31 0 336 67 25 0 341 67 25 0 340 73 31 0 339 68 26 0 344 75 33 1 343 74 32 1 342 70 28 1 347 70 28 1 346 74 32 1 345 69 27 0 350 74 32 1 349 76 34 0 348 69 27 0 353 69 27 0 352 76 34 0 351 71 29 0 356 76 34 0 355 77 35 0 354 71 29 0 359 71 29 0 358 77 35 0 357 72 30 0 362 77 35 0 361 78 36 0 360 72 30 0 365 72 30 0 364 78 36 0 363 73 31 0 368 80 38 1 367 79 37 1 366 75 33 1 371 75 33 1 370 79 37 1 369 74 32 1 374 79 37 1 373 81 39 1 372 74 32 1 377 74 32 1 376 81 39 1 375 76 34 0 380 81 39 1 379 82 40 0 378 76 34 0 383 76 34 0 382 82 40 0 381 77 35 0 386 82 40 0 385 83 41 0 384 77 35 0 389 77 35 0 388 83 41 0 387 78 36 0 392 54 43 1 391 57 42 1 390 80 38 1 395 80 38 1 394 57 42 1 393 79 37 1 398 57 42 1 397 59 44 1 396 79 37 1 401 79 37 1 400 59 44 1 399 81 39 1 404 59 44 1 403 61 45 1 402 81 39 1 407 81 39 1 406 61 45 1 405 82 40 0 410 61 45 1 409 63 46 0 408 82 40 0 413 82 40 0 412 63 46 0 411 83 41 0 416 56 14 1 415 54 12 1 414 84 47 1 419 65 23 1 418 56 14 1 417 84 48 1 422 70 28 1 421 65 23 1 420 84 49 1 425 75 33 1 424 70 28 1 423 84 50 1 428 80 38 1 427 75 33 1 426 84 51 1 431 54 43 1 430 80 38 1 429 84 52 1 434 63 21 0 433 62 20 0 432 85 53 0 437 62 20 0 436 68 26 0 435 85 54 0 440 68 26 0 439 73 31 0 438 85 55 0 443 73 31 0 442 78 36 0 441 85 56 0 446 78 36 0 445 83 41 0 444 85 57 0 449 83 41 0 448 63 46 0 447 85 58 0 452 86 2 0 451 87 1 0 450 86 0 0 455 86 0 0 454 87 1 0 453 87 3 0 458 87 1 0 457 6 4 1 456 87 3 0 461 87 3 0 460 6 4 1 459 6 5 1 464 7 11 1 463 7 10 1 462 86 2 0 467 86 0 0 466 7 11 1 465 86 2 0 470 90 14 1 469 89 13 1 468 88 12 1 473 88 12 1 472 89 13 1 471 91 15 1 476 89 13 1 475 92 16 1 474 91 15 1 479 91 15 1 478 92 16 1 477 93 17 1 482 92 16 1 481 94 18 1 480 93 17 1 485 93 17 1 484 94 18 1 483 95 19 1 488 94 18 1 487 96 20 0 486 95 19 1 491 95 19 1 490 96 20 0 489 97 21 0 494 99 23 1 493 98 22 1 492 90 14 1 497 90 14 1 496 98 22 1 495 89 13 1 500 98 22 1 499 100 24 0 498 89 13 1 503 89 13 1 502 100 24 0 501 92 16 1 506 100 24 0 505 101 25 0 504 92 16 1 509 92 16 1 508 101 25 0 507 94 18 1 512 101 25 0 511 102 26 0 510 94 18 1 515 94 18 1 514 102 26 0 513 96 20 0 518 104 28 1 517 103 27 0 516 99 23 1 521 99 23 1 520 103 27 0 519 98 22 1 524 103 27 0 523 105 29 0 522 98 22 1 527 98 22 1 526 105 29 0 525 100 24 0 530 105 29 0 529 106 30 0 528 100 24 0 533 100 24 0 532 106 30 0 531 101 25 0 536 106 30 0 535 107 31 0 534 101 25 0 539 101 25 0 538 107 31 0 537 102 26 0 542 109 33 1 541 108 32 1 540 104 28 1 545 104 28 1 544 108 32 1 543 103 27 0 548 108 32 1 547 110 34 0 546 103 27 0 551 103 27 0 550 110 34 0 549 105 29 0 554 110 34 0 553 111 35 0 552 105 29 0 557 105 29 0 556 111 35 0 555 106 30 0 560 111 35 0 559 112 36 0 558 106 30 0 563 106 30 0 562 112 36 0 561 107 31 0 566 114 38 1 565 113 37 1 564 109 33 1 569 109 33 1 568 113 37 1 567 108 32 1 572 113 37 1 571 115 39 1 570 108 32 1 575 108 32 1 574 115 39 1 573 110 34 0 578 115 39 1 577 116 40 0 576 110 34 0 581 110 34 0 580 116 40 0 579 111 35 0 584 116 40 0 583 117 41 0 582 111 35 0 587 111 35 0 586 117 41 0 585 112 36 0 590 88 43 1 589 91 42 1 588 114 38 1 593 114 38 1 592 91 42 1 591 113 37 1 596 91 42 1 595 93 44 1 594 113 37 1 599 113 37 1 598 93 44 1 597 115 39 1 602 93 44 1 601 95 45 1 600 115 39 1 605 115 39 1 604 95 45 1 603 116 40 0 608 95 45 1 607 97 46 0 606 116 40 0 611 116 40 0 610 97 46 0 609 117 41 0 614 90 14 1 613 88 12 1 612 118 47 1 617 99 23 1 616 90 14 1 615 118 48 1 620 104 28 1 619 99 23 1 618 118 49 1 623 109 33 1 622 104 28 1 621 118 50 1 626 114 38 1 625 109 33 1 624 118 51 1 629 88 43 1 628 114 38 1 627 118 52 1 632 97 21 0 631 96 20 0 630 119 53 0 635 96 20 0 634 102 26 0 633 119 54 0 638 102 26 0 637 107 31 0 636 119 55 0 641 107 31 0 640 112 36 0 639 119 56 0 644 112 36 0 643 117 41 0 642 119 57 0 647 117 41 0 646 97 46 0 645 119 58 0 650 120 61 1 649 121 60 0 648 120 59 1 653 120 59 1 652 121 60 0 651 121 62 0 656 121 60 0 655 8 63 0 654 121 62 0 659 121 62 0 658 8 63 0 657 8 64 0 662 9 66 1 661 9 65 1 660 120 61 1 665 120 59 1 664 9 66 1 663 120 61 1 668 124 69 1 667 123 68 1 666 122 67 1 671 122 67 1 670 123 68 1 669 125 70 1 674 123 68 1 673 126 71 1 672 125 70 1 677 125 70 1 676 126 71 1 675 127 72 1 680 126 71 1 679 128 73 0 678 127 72 1 683 127 72 1 682 128 73 0 681 129 74 1 686 128 73 0 685 130 75 0 684 129 74 1 689 129 74 1 688 130 75 0 687 131 76 0 692 133 78 1 691 132 77 0 690 124 69 1 695 124 69 1 694 132 77 0 693 123 68 1 698 132 77 0 697 134 79 0 696 123 68 1 701 123 68 1 700 134 79 0 699 126 71 1 704 134 79 0 703 135 80 0 702 126 71 1 707 126 71 1 706 135 80 0 705 128 73 0 710 135 80 0 709 136 81 0 708 128 73 0 713 128 73 0 712 136 81 0 711 130 75 0 716 138 83 1 715 137 82 0 714 133 78 1 719 133 78 1 718 137 82 0 717 132 77 0 722 137 82 0 721 139 84 0 720 132 77 0 725 132 77 0 724 139 84 0 723 134 79 0 728 139 84 0 727 140 85 0 726 134 79 0 731 134 79 0 730 140 85 0 729 135 80 0 734 140 85 0 733 141 86 0 732 135 80 0 737 135 80 0 736 141 86 0 735 136 81 0 740 143 88 1 739 142 87 1 738 138 83 1 743 138 83 1 742 142 87 1 741 137 82 0 746 142 87 1 745 144 89 0 744 137 82 0 749 137 82 0 748 144 89 0 747 139 84 0 752 144 89 0 751 145 90 0 750 139 84 0 755 139 84 0 754 145 90 0 753 140 85 0 758 145 90 0 757 146 91 0 756 140 85 0 761 140 85 0 760 146 91 0 759 141 86 0 764 148 93 1 763 147 92 1 762 143 88 1 767 143 88 1 766 147 92 1 765 142 87 1 770 147 92 1 769 149 94 1 768 142 87 1 773 142 87 1 772 149 94 1 771 144 89 0 776 149 94 1 775 150 95 1 774 144 89 0 779 144 89 0 778 150 95 1 777 145 90 0 782 150 95 1 781 151 96 0 780 145 90 0 785 145 90 0 784 151 96 0 783 146 91 0 788 122 98 1 787 125 97 1 786 148 93 1 791 148 93 1 790 125 97 1 789 147 92 1 794 125 97 1 793 127 99 1 792 147 92 1 797 147 92 1 796 127 99 1 795 149 94 1 800 127 99 1 799 129 100 1 798 149 94 1 803 149 94 1 802 129 100 1 801 150 95 1 806 129 100 1 805 131 101 0 804 150 95 1 809 150 95 1 808 131 101 0 807 151 96 0 812 124 69 1 811 122 67 1 810 152 102 1 815 133 78 1 814 124 69 1 813 152 103 1 818 138 83 1 817 133 78 1 816 152 104 1 821 143 88 1 820 138 83 1 819 152 105 1 824 148 93 1 823 143 88 1 822 152 106 1 827 122 98 1 826 148 93 1 825 152 107 1 830 131 76 0 829 130 75 0 828 153 108 0 833 130 75 0 832 136 81 0 831 153 109 0 836 136 81 0 835 141 86 0 834 153 110 0 839 141 86 0 838 146 91 0 837 153 111 0 842 146 91 0 841 151 96 0 840 153 112 0 845 151 96 0 844 131 101 0 843 153 113 0 848 154 61 1 847 155 60 0 846 154 59 1 851 154 59 1 850 155 60 0 849 155 62 0 854 155 60 0 853 10 63 0 852 155 62 0 857 155 62 0 856 10 63 0 855 10 64 0 860 11 66 1 859 11 65 1 858 154 61 1 863 154 59 1 862 11 66 1 861 154 61 1 866 158 69 1 865 157 68 1 864 156 67 1 869 156 67 1 868 157 68 1 867 159 70 1 872 157 68 1 871 160 71 1 870 159 70 1 875 159 70 1 874 160 71 1 873 161 72 1 878 160 71 1 877 162 73 0 876 161 72 1 881 161 72 1 880 162 73 0 879 163 74 1 884 162 73 0 883 164 75 0 882 163 74 1 887 163 74 1 886 164 75 0 885 165 76 0 890 167 78 1 889 166 77 0 888 158 69 1 893 158 69 1 892 166 77 0 891 157 68 1 896 166 77 0 895 168 79 0 894 157 68 1 899 157 68 1 898 168 79 0 897 160 71 1 902 168 79 0 901 169 80 0 900 160 71 1 905 160 71 1 904 169 80 0 903 162 73 0 908 169 80 0 907 170 81 0 906 162 73 0 911 162 73 0 910 170 81 0 909 164 75 0 914 172 83 1 913 171 82 0 912 167 78 1 917 167 78 1 916 171 82 0 915 166 77 0 920 171 82 0 919 173 84 0 918 166 77 0 923 166 77 0 922 173 84 0 921 168 79 0 926 173 84 0 925 174 85 0 924 168 79 0 929 168 79 0 928 174 85 0 927 169 80 0 932 174 85 0 931 175 86 0 930 169 80 0 935 169 80 0 934 175 86 0 933 170 81 0 938 177 88 1 937 176 87 1 936 172 83 1 941 172 83 1 940 176 87 1 939 171 82 0 944 176 87 1 943 178 89 0 942 171 82 0 947 171 82 0 946 178 89 0 945 173 84 0 950 178 89 0 949 179 90 0 948 173 84 0 953 173 84 0 952 179 90 0 951 174 85 0 956 179 90 0 955 180 91 0 954 174 85 0 959 174 85 0 958 180 91 0 957 175 86 0 962 182 93 1 961 181 92 1 960 177 88 1 965 177 88 1 964 181 92 1 963 176 87 1 968 181 92 1 967 183 94 1 966 176 87 1 971 176 87 1 970 183 94 1 969 178 89 0 974 183 94 1 973 184 95 1 972 178 89 0 977 178 89 0 976 184 95 1 975 179 90 0 980 184 95 1 979 185 96 0 978 179 90 0 983 179 90 0 982 185 96 0 981 180 91 0 986 156 98 1 985 159 97 1 984 182 93 1 989 182 93 1 988 159 97 1 987 181 92 1 992 159 97 1 991 161 99 1 990 181 92 1 995 181 92 1 994 161 99 1 993 183 94 1 998 161 99 1 997 163 100 1 996 183 94 1 1001 183 94 1 1000 163 100 1 999 184 95 1 1004 163 100 1 1003 165 101 0 1002 184 95 1 1007 184 95 1 1006 165 101 0 1005 185 96 0 1010 158 69 1 1009 156 67 1 1008 186 102 1 1013 167 78 1 1012 158 69 1 1011 186 103 1 1016 172 83 1 1015 167 78 1 1014 186 104 1 1019 177 88 1 1018 172 83 1 1017 186 105 1 1022 182 93 1 1021 177 88 1 1020 186 106 1 1025 156 98 1 1024 182 93 1 1023 186 107 1 1028 165 76 0 1027 164 75 0 1026 187 108 0 1031 164 75 0 1030 170 81 0 1029 187 109 0 1034 170 81 0 1033 175 86 0 1032 187 110 0 1037 175 86 0 1036 180 91 0 1035 187 111 0 1040 180 91 0 1039 185 96 0 1038 187 112 0 1043 185 96 0 1042 165 101 0 1041 187 113 0 1046 188 61 1 1045 189 60 0 1044 188 59 1 1049 188 59 1 1048 189 60 0 1047 189 62 0 1052 189 60 0 1051 12 63 0 1050 189 62 0 1055 189 62 0 1054 12 63 0 1053 12 64 0 1058 13 66 1 1057 13 65 1 1056 188 61 1 1061 188 59 1 1060 13 66 1 1059 188 61 1 1064 192 69 1 1063 191 68 1 1062 190 67 1 1067 190 67 1 1066 191 68 1 1065 193 70 1 1070 191 68 1 1069 194 71 1 1068 193 70 1 1073 193 70 1 1072 194 71 1 1071 195 72 1 1076 194 71 1 1075 196 73 0 1074 195 72 1 1079 195 72 1 1078 196 73 0 1077 197 74 1 1082 196 73 0 1081 198 75 0 1080 197 74 1 1085 197 74 1 1084 198 75 0 1083 199 76 0 1088 201 78 1 1087 200 77 0 1086 192 69 1 1091 192 69 1 1090 200 77 0 1089 191 68 1 1094 200 77 0 1093 202 79 0 1092 191 68 1 1097 191 68 1 1096 202 79 0 1095 194 71 1 1100 202 79 0 1099 203 80 0 1098 194 71 1 1103 194 71 1 1102 203 80 0 1101 196 73 0 1106 203 80 0 1105 204 81 0 1104 196 73 0 1109 196 73 0 1108 204 81 0 1107 198 75 0 1112 206 83 1 1111 205 82 0 1110 201 78 1 1115 201 78 1 1114 205 82 0 1113 200 77 0 1118 205 82 0 1117 207 84 0 1116 200 77 0 1121 200 77 0 1120 207 84 0 1119 202 79 0 1124 207 84 0 1123 208 85 0 1122 202 79 0 1127 202 79 0 1126 208 85 0 1125 203 80 0 1130 208 85 0 1129 209 86 0 1128 203 80 0 1133 203 80 0 1132 209 86 0 1131 204 81 0 1136 211 88 1 1135 210 87 1 1134 206 83 1 1139 206 83 1 1138 210 87 1 1137 205 82 0 1142 210 87 1 1141 212 89 0 1140 205 82 0 1145 205 82 0 1144 212 89 0 1143 207 84 0 1148 212 89 0 1147 213 90 0 1146 207 84 0 1151 207 84 0 1150 213 90 0 1149 208 85 0 1154 213 90 0 1153 214 91 0 1152 208 85 0 1157 208 85 0 1156 214 91 0 1155 209 86 0 1160 216 93 1 1159 215 92 1 1158 211 88 1 1163 211 88 1 1162 215 92 1 1161 210 87 1 1166 215 92 1 1165 217 94 1 1164 210 87 1 1169 210 87 1 1168 217 94 1 1167 212 89 0 1172 217 94 1 1171 218 95 1 1170 212 89 0 1175 212 89 0 1174 218 95 1 1173 213 90 0 1178 218 95 1 1177 219 96 0 1176 213 90 0 1181 213 90 0 1180 219 96 0 1179 214 91 0 1184 190 98 1 1183 193 97 1 1182 216 93 1 1187 216 93 1 1186 193 97 1 1185 215 92 1 1190 193 97 1 1189 195 99 1 1188 215 92 1 1193 215 92 1 1192 195 99 1 1191 217 94 1 1196 195 99 1 1195 197 100 1 1194 217 94 1 1199 217 94 1 1198 197 100 1 1197 218 95 1 1202 197 100 1 1201 199 101 0 1200 218 95 1 1205 218 95 1 1204 199 101 0 1203 219 96 0 1208 192 69 1 1207 190 67 1 1206 220 102 1 1211 201 78 1 1210 192 69 1 1209 220 103 1 1214 206 83 1 1213 201 78 1 1212 220 104 1 1217 211 88 1 1216 206 83 1 1215 220 105 1 1220 216 93 1 1219 211 88 1 1218 220 106 1 1223 190 98 1 1222 216 93 1 1221 220 107 1 1226 199 76 0 1225 198 75 0 1224 221 108 0 1229 198 75 0 1228 204 81 0 1227 221 109 0 1232 204 81 0 1231 209 86 0 1230 221 110 0 1235 209 86 0 1234 214 91 0 1233 221 111 0 1238 214 91 0 1237 219 96 0 1236 221 112 0 1241 219 96 0 1240 199 101 0 1239 221 113 0 1244 222 61 1 1243 223 60 0 1242 222 59 1 1247 222 59 1 1246 223 60 0 1245 223 62 0 1250 223 60 0 1249 14 63 0 1248 223 62 0 1253 223 62 0 1252 14 63 0 1251 14 64 0 1256 15 66 1 1255 15 65 1 1254 222 61 1 1259 222 59 1 1258 15 66 1 1257 222 61 1 1262 226 69 1 1261 225 68 1 1260 224 67 1 1265 224 67 1 1264 225 68 1 1263 227 70 1 1268 225 68 1 1267 228 71 0 1266 227 70 1 1271 227 70 1 1270 228 71 0 1269 229 72 1 1274 228 71 0 1273 230 73 0 1272 229 72 1 1277 229 72 1 1276 230 73 0 1275 231 74 1 1280 230 73 0 1279 232 75 0 1278 231 74 1 1283 231 74 1 1282 232 75 0 1281 233 76 0 1286 235 78 1 1285 234 77 0 1284 226 69 1 1289 226 69 1 1288 234 77 0 1287 225 68 1 1292 234 77 0 1291 236 79 0 1290 225 68 1 1295 225 68 1 1294 236 79 0 1293 228 71 0 1298 236 79 0 1297 237 80 0 1296 228 71 0 1301 228 71 0 1300 237 80 0 1299 230 73 0 1304 237 80 0 1303 238 81 0 1302 230 73 0 1307 230 73 0 1306 238 81 0 1305 232 75 0 1310 240 83 1 1309 239 82 0 1308 235 78 1 1313 235 78 1 1312 239 82 0 1311 234 77 0 1316 239 82 0 1315 241 84 0 1314 234 77 0 1319 234 77 0 1318 241 84 0 1317 236 79 0 1322 241 84 0 1321 242 85 0 1320 236 79 0 1325 236 79 0 1324 242 85 0 1323 237 80 0 1328 242 85 0 1327 243 86 0 1326 237 80 0 1331 237 80 0 1330 243 86 0 1329 238 81 0 1334 245 88 1 1333 244 87 1 1332 240 83 1 1337 240 83 1 1336 244 87 1 1335 239 82 0 1340 244 87 1 1339 246 89 1 1338 239 82 0 1343 239 82 0 1342 246 89 1 1341 241 84 0 1346 246 89 1 1345 247 90 0 1344 241 84 0 1349 241 84 0 1348 247 90 0 1347 242 85 0 1352 247 90 0 1351 248 91 0 1350 242 85 0 1355 242 85 0 1354 248 91 0 1353 243 86 0 1358 250 93 1 1357 249 92 1 1356 245 88 1 1361 245 88 1 1360 249 92 1 1359 244 87 1 1364 249 92 1 1363 251 94 1 1362 244 87 1 1367 244 87 1 1366 251 94 1 1365 246 89 1 1370 251 94 1 1369 252 95 1 1368 246 89 1 1373 246 89 1 1372 252 95 1 1371 247 90 0 1376 252 95 1 1375 253 96 0 1374 247 90 0 1379 247 90 0 1378 253 96 0 1377 248 91 0 1382 224 98 1 1381 227 97 1 1380 250 93 1 1385 250 93 1 1384 227 97 1 1383 249 92 1 1388 227 97 1 1387 229 99 1 1386 249 92 1 1391 249 92 1 1390 229 99 1 1389 251 94 1 1394 229 99 1 1393 231 100 1 1392 251 94 1 1397 251 94 1 1396 231 100 1 1395 252 95 1 1400 231 100 1 1399 233 101 0 1398 252 95 1 1403 252 95 1 1402 233 101 0 1401 253 96 0 1406 226 69 1 1405 224 67 1 1404 254 102 1 1409 235 78 1 1408 226 69 1 1407 254 103 1 1412 240 83 1 1411 235 78 1 1410 254 104 1 1415 245 88 1 1414 240 83 1 1413 254 105 1 1418 250 93 1 1417 245 88 1 1416 254 106 1 1421 224 98 1 1420 250 93 1 1419 254 107 1 1424 233 76 0 1423 232 75 0 1422 255 108 0 1427 232 75 0 1426 238 81 0 1425 255 109 0 1430 238 81 0 1429 243 86 0 1428 255 110 0 1433 243 86 0 1432 248 91 0 1431 255 111 0 1436 248 91 0 1435 253 96 0 1434 255 112 0 1439 253 96 0 1438 233 101 0 1437 255 113 0 1442 256 61 1 1441 257 60 0 1440 256 59 1 1445 256 59 1 1444 257 60 0 1443 257 62 0 1448 257 60 0 1447 16 63 0 1446 257 62 0 1451 257 62 0 1450 16 63 0 1449 16 64 0 1454 17 66 1 1453 17 65 1 1452 256 61 1 1457 256 59 1 1456 17 66 1 1455 256 61 1 1460 260 69 1 1459 259 68 1 1458 258 67 1 1463 258 67 1 1462 259 68 1 1461 261 70 1 1466 259 68 1 1465 262 71 0 1464 261 70 1 1469 261 70 1 1468 262 71 0 1467 263 72 1 1472 262 71 0 1471 264 73 0 1470 263 72 1 1475 263 72 1 1474 264 73 0 1473 265 74 1 1478 264 73 0 1477 266 75 0 1476 265 74 1 1481 265 74 1 1480 266 75 0 1479 267 76 0 1484 269 78 1 1483 268 77 0 1482 260 69 1 1487 260 69 1 1486 268 77 0 1485 259 68 1 1490 268 77 0 1489 270 79 0 1488 259 68 1 1493 259 68 1 1492 270 79 0 1491 262 71 0 1496 270 79 0 1495 271 80 0 1494 262 71 0 1499 262 71 0 1498 271 80 0 1497 264 73 0 1502 271 80 0 1501 272 81 0 1500 264 73 0 1505 264 73 0 1504 272 81 0 1503 266 75 0 1508 274 83 1 1507 273 82 0 1506 269 78 1 1511 269 78 1 1510 273 82 0 1509 268 77 0 1514 273 82 0 1513 275 84 0 1512 268 77 0 1517 268 77 0 1516 275 84 0 1515 270 79 0 1520 275 84 0 1519 276 85 0 1518 270 79 0 1523 270 79 0 1522 276 85 0 1521 271 80 0 1526 276 85 0 1525 277 86 0 1524 271 80 0 1529 271 80 0 1528 277 86 0 1527 272 81 0 1532 279 88 1 1531 278 87 1 1530 274 83 1 1535 274 83 1 1534 278 87 1 1533 273 82 0 1538 278 87 1 1537 280 89 1 1536 273 82 0 1541 273 82 0 1540 280 89 1 1539 275 84 0 1544 280 89 1 1543 281 90 0 1542 275 84 0 1547 275 84 0 1546 281 90 0 1545 276 85 0 1550 281 90 0 1549 282 91 0 1548 276 85 0 1553 276 85 0 1552 282 91 0 1551 277 86 0 1556 284 93 1 1555 283 92 1 1554 279 88 1 1559 279 88 1 1558 283 92 1 1557 278 87 1 1562 283 92 1 1561 285 94 1 1560 278 87 1 1565 278 87 1 1564 285 94 1 1563 280 89 1 1568 285 94 1 1567 286 95 1 1566 280 89 1 1571 280 89 1 1570 286 95 1 1569 281 90 0 1574 286 95 1 1573 287 96 0 1572 281 90 0 1577 281 90 0 1576 287 96 0 1575 282 91 0 1580 258 98 1 1579 261 97 1 1578 284 93 1 1583 284 93 1 1582 261 97 1 1581 283 92 1 1586 261 97 1 1585 263 99 1 1584 283 92 1 1589 283 92 1 1588 263 99 1 1587 285 94 1 1592 263 99 1 1591 265 100 1 1590 285 94 1 1595 285 94 1 1594 265 100 1 1593 286 95 1 1598 265 100 1 1597 267 101 0 1596 286 95 1 1601 286 95 1 1600 267 101 0 1599 287 96 0 1604 260 69 1 1603 258 67 1 1602 288 102 1 1607 269 78 1 1606 260 69 1 1605 288 103 1 1610 274 83 1 1609 269 78 1 1608 288 104 1 1613 279 88 1 1612 274 83 1 1611 288 105 1 1616 284 93 1 1615 279 88 1 1614 288 106 1 1619 258 98 1 1618 284 93 1 1617 288 107 1 1622 267 76 0 1621 266 75 0 1620 289 108 0 1625 266 75 0 1624 272 81 0 1623 289 109 0 1628 272 81 0 1627 277 86 0 1626 289 110 0 1631 277 86 0 1630 282 91 0 1629 289 111 0 1634 282 91 0 1633 287 96 0 1632 289 112 0 1637 287 96 0 1636 267 101 0 1635 289 113 0 1640 290 61 1 1639 291 60 0 1638 290 59 1 1643 290 59 1 1642 291 60 0 1641 291 62 0 1646 291 60 0 1645 18 63 0 1644 291 62 0 1649 291 62 0 1648 18 63 0 1647 18 64 0 1652 19 66 1 1651 19 65 1 1650 290 61 1 1655 290 59 1 1654 19 66 1 1653 290 61 1 1658 294 69 1 1657 293 68 1 1656 292 67 1 1661 292 67 1 1660 293 68 1 1659 295 70 1 1664 293 68 1 1663 296 71 0 1662 295 70 1 1667 295 70 1 1666 296 71 0 1665 297 72 1 1670 296 71 0 1669 298 73 0 1668 297 72 1 1673 297 72 1 1672 298 73 0 1671 299 74 1 1676 298 73 0 1675 300 75 0 1674 299 74 1 1679 299 74 1 1678 300 75 0 1677 301 76 0 1682 303 78 1 1681 302 77 0 1680 294 69 1 1685 294 69 1 1684 302 77 0 1683 293 68 1 1688 302 77 0 1687 304 79 0 1686 293 68 1 1691 293 68 1 1690 304 79 0 1689 296 71 0 1694 304 79 0 1693 305 80 0 1692 296 71 0 1697 296 71 0 1696 305 80 0 1695 298 73 0 1700 305 80 0 1699 306 81 0 1698 298 73 0 1703 298 73 0 1702 306 81 0 1701 300 75 0 1706 308 83 1 1705 307 82 0 1704 303 78 1 1709 303 78 1 1708 307 82 0 1707 302 77 0 1712 307 82 0 1711 309 84 0 1710 302 77 0 1715 302 77 0 1714 309 84 0 1713 304 79 0 1718 309 84 0 1717 310 85 0 1716 304 79 0 1721 304 79 0 1720 310 85 0 1719 305 80 0 1724 310 85 0 1723 311 86 0 1722 305 80 0 1727 305 80 0 1726 311 86 0 1725 306 81 0 1730 313 88 1 1729 312 87 1 1728 308 83 1 1733 308 83 1 1732 312 87 1 1731 307 82 0 1736 312 87 1 1735 314 89 1 1734 307 82 0 1739 307 82 0 1738 314 89 1 1737 309 84 0 1742 314 89 1 1741 315 90 0 1740 309 84 0 1745 309 84 0 1744 315 90 0 1743 310 85 0 1748 315 90 0 1747 316 91 0 1746 310 85 0 1751 310 85 0 1750 316 91 0 1749 311 86 0 1754 318 93 1 1753 317 92 1 1752 313 88 1 1757 313 88 1 1756 317 92 1 1755 312 87 1 1760 317 92 1 1759 319 94 1 1758 312 87 1 1763 312 87 1 1762 319 94 1 1761 314 89 1 1766 319 94 1 1765 320 95 1 1764 314 89 1 1769 314 89 1 1768 320 95 1 1767 315 90 0 1772 320 95 1 1771 321 96 0 1770 315 90 0 1775 315 90 0 1774 321 96 0 1773 316 91 0 1778 292 98 1 1777 295 97 1 1776 318 93 1 1781 318 93 1 1780 295 97 1 1779 317 92 1 1784 295 97 1 1783 297 99 1 1782 317 92 1 1787 317 92 1 1786 297 99 1 1785 319 94 1 1790 297 99 1 1789 299 100 1 1788 319 94 1 1793 319 94 1 1792 299 100 1 1791 320 95 1 1796 299 100 1 1795 301 101 0 1794 320 95 1 1799 320 95 1 1798 301 101 0 1797 321 96 0 1802 294 69 1 1801 292 67 1 1800 322 102 1 1805 303 78 1 1804 294 69 1 1803 322 103 1 1808 308 83 1 1807 303 78 1 1806 322 104 1 1811 313 88 1 1810 308 83 1 1809 322 105 1 1814 318 93 1 1813 313 88 1 1812 322 106 1 1817 292 98 1 1816 318 93 1 1815 322 107 1 1820 301 76 0 1819 300 75 0 1818 323 108 0 1823 300 75 0 1822 306 81 0 1821 323 109 0 1826 306 81 0 1825 311 86 0 1824 323 110 0 1829 311 86 0 1828 316 91 0 1827 323 111 0 1832 316 91 0 1831 321 96 0 1830 323 112 0 1835 321 96 0 1834 301 101 0 1833 323 113 0</p>
                </triangles>
            </mesh>
        </geometry>
        <geometry id="green_2_0-geometry" name="green_2_0">
            <mesh>
                <source id="green_2_0-geometry-POSITION">
                    <float_array id="green_2_0-geometry-POSITION-array" count="4770">-150.6261 113.1672 335.7619 -159.1819 116.1845 329.4146 -160.0139 115.2335 330.6102 -149.6618 114.089 334.6389 -159.1819 116.1845 329.4146 -150.6261 113.1672 335.7619 -149.6618 114.089 334.6389 -159.2294 117.7233 330.0195 -159.1819 116.1845 329.4146 -149.4951 115.5807 335.3614 -159.2294 117.7233 330.0195 -149.6618 114.089 334.6389 -149.4951 115.5807 335.3614 -160.0907 117.7233 331.5891 -159.2294 117.7233 330.0195 -150.3564 115.5807 336.931 -160.0907 117.7233 331.5891 -149.4951 115.5807 335.3614 -150.3564 115.5807 336.931 -160.5755 116.1845 331.9541 -160.0907 117.7233 331.5891 -151.0555 114.089 337.1785 -160.5755 116.1845 331.9541 -150.3564 115.5807 336.931 -151.0555 114.089 337.1785 -160.0139 115.2335 330.6102 -160.5755 116.1845 331.9541 -150.6261 113.1672 335.7619 -160.0139 115.2335 330.6102 -151.0555 114.089 337.1785 -141.6246 109.77 340.7017 -149.6618 114.089 334.6389 -150.6261 113.1672 335.7619 -140.5333 110.644 339.6483 -149.6618 114.089 334.6389 -141.6246 109.77 340.7017 -140.5333 110.644 339.6483 -149.4951 115.5807 335.3614 -149.6618 114.089 334.6389 -140.1613 112.0581 340.4836 -149.4951 115.5807 335.3614 -140.5333 110.644 339.6483 -140.1613 112.0581 340.4836 -150.3564 115.5807 336.931 -149.4951 115.5807 335.3614 -141.0226 112.0581 342.0532 -150.3564 115.5807 336.931 -140.1613 112.0581 340.4836 -141.0226 112.0581 342.0532 -151.0555 114.089 337.1785 -150.3564 115.5807 336.931 -141.927 110.644 342.1879 -151.0555 114.089 337.1785 -141.0226 112.0581 342.0532 -141.927 110.644 342.1879 -150.6261 113.1672 335.7619 -151.0555 114.089 337.1785 -141.6246 109.77 340.7017 -150.6261 113.1672 335.7619 -141.927 110.644 342.1879 -133.1925 105.1112 345.3289 -140.5333 110.644 339.6483 -141.6246 109.77 340.7017 -131.9823 105.9194 344.3409 -140.5333 110.644 339.6483 -133.1925 105.1112 345.3289 -131.9823 105.9194 344.3409 -140.1613 112.0581 340.4836 -140.5333 110.644 339.6483 -131.4179 107.2272 345.2817 -140.1613 112.0581 340.4836 -131.9823 105.9194 344.3409 -131.4179 107.2272 345.2817 -141.0226 112.0581 342.0532 -140.1613 112.0581 340.4836 -132.2792 107.2272 346.8513 -141.0226 112.0581 342.0532 -131.4179 107.2272 345.2817 -132.2792 107.2272 346.8513 -141.927 110.644 342.1879 -141.0226 112.0581 342.0532 -133.376 105.9194 346.8805 -141.927 110.644 342.1879 -132.2792 107.2272 346.8513 -133.376 105.9194 346.8805 -141.6246 109.77 340.7017 -141.927 110.644 342.1879 -133.1925 105.1112 345.3289 -141.6246 109.77 340.7017 -133.376 105.9194 346.8805 -125.5015 99.28554 349.5495 -131.9823 105.9194 344.3409 -133.1925 105.1112 345.3289 -124.1828 100.0117 348.621 -131.9823 105.9194 344.3409 -125.5015 99.28554 349.5495 -124.1828 100.0117 348.621 -131.4179 107.2272 345.2817 -131.9823 105.9194 344.3409 -123.4429 101.1865 349.6581 -131.4179 107.2272 345.2817 -124.1828 100.0117 348.621 -123.4429 101.1865 349.6581 -132.2792 107.2272 346.8513 -131.4179 107.2272 345.2817 -124.3042 101.1865 351.2277 -132.2792 107.2272 346.8513 -123.4429 101.1865 349.6581 -124.3042 101.1865 351.2277 -133.376 105.9194 346.8805 -132.2792 107.2272 346.8513 -125.5765 100.0117 351.1606 -133.376 105.9194 346.8805 -124.3042 101.1865 351.2277 -125.5765 100.0117 351.1606 -133.1925 105.1112 345.3289 -133.376 105.9194 346.8805 -125.5015 99.28554 349.5495 -133.1925 105.1112 345.3289 -125.5765 100.0117 351.1606 -118.7081 92.41168 353.2776 -124.1828 100.0117 348.621 -125.5015 99.28554 349.5495 -117.2937 93.04086 352.4016 -124.1828 100.0117 348.621 -118.7081 92.41168 353.2776 -117.2937 93.04086 352.4016 -123.4429 101.1865 349.6581 -124.1828 100.0117 348.621 -116.3987 94.05891 353.5237 -123.4429 101.1865 349.6581 -117.2937 93.04086 352.4016 -116.3987 94.05891 353.5237 -124.3042 101.1865 351.2277 -123.4429 101.1865 349.6581 -117.2601 94.05891 355.0933 -124.3042 101.1865 351.2277 -116.3987 94.05891 353.5237 -117.2601 94.05891 355.0933 -125.5765 100.0117 351.1606 -124.3042 101.1865 351.2277 -118.6873 93.04086 354.9412 -125.5765 100.0117 351.1606 -117.2601 94.05891 355.0933 -118.6873 93.04086 354.9412 -125.5015 99.28554 349.5495 -125.5765 100.0117 351.1606 -118.7081 92.41168 353.2776 -125.5015 99.28554 349.5495 -118.6873 93.04086 354.9412 -112.9507 84.62953 356.437 -117.2937 93.04086 352.4016 -118.7081 92.41168 353.2776 -111.4551 85.14897 355.6056 -117.2937 93.04086 352.4016 -112.9507 84.62953 356.437 -111.4551 85.14897 355.6056 -116.3987 94.05891 353.5237 -117.2937 93.04086 352.4016 -110.4287 85.98946 356.7999 -116.3987 94.05891 353.5237 -111.4551 85.14897 355.6056 -110.4287 85.98946 356.7999 -117.2601 94.05891 355.0933 -116.3987 94.05891 353.5237 -111.2901 85.98946 358.3695 -117.2601 94.05891 355.0933 -110.4287 85.98946 356.7999 -111.2901 85.98946 358.3695 -118.6873 93.04086 354.9412 -117.2601 94.05891 355.0933 -112.8487 85.14897 358.1452 -118.6873 93.04086 354.9412 -111.2901 85.98946 358.3695 -112.8487 85.14897 358.1452 -118.7081 92.41168 353.2776 -118.6873 93.04086 354.9412 -112.9507 84.62953 356.437 -118.7081 92.41168 353.2776 -112.8487 85.14897 358.1452 -108.3464 76.09753 358.9637 -111.4551 85.14897 355.6056 -112.9507 84.62953 356.437 -106.7859 76.49666 358.1679 -111.4551 85.14897 355.6056 -108.3464 76.09753 358.9637 -106.7859 76.49666 358.1679 -110.4287 85.98946 356.7999 -111.4551 85.14897 355.6056 -105.6545 77.14247 359.4199 -110.4287 85.98946 356.7999 -106.7859 76.49666 358.1679 -105.6545 77.14247 359.4199 -111.2901 85.98946 358.3695 -110.4287 85.98946 356.7999 -106.5158 77.14247 360.9894 -111.2901 85.98946 358.3695 -105.6545 77.14247 359.4199 -106.5158 77.14247 360.9894 -112.8487 85.14897 358.1452 -111.2901 85.98946 358.3695 -108.1795 76.49666 360.7075 -112.8487 85.14897 358.1452 -106.5158 77.14247 360.9894 -108.1795 76.49666 360.7075 -112.9507 84.62953 356.437 -112.8487 85.14897 358.1452 -108.3464 76.09753 358.9637 -112.9507 84.62953 356.437 -108.1795 76.49666 360.7075 -104.989 66.98935 360.8062 -106.7859 76.49666 358.1679 -108.3464 76.09753 358.9637 -103.3811 67.26004 360.0363 -106.7859 76.49666 358.1679 -104.989 66.98935 360.8062 -103.3811 67.26004 360.0363 -105.6545 77.14247 359.4199 -106.7859 76.49666 358.1679 -102.1731 67.69801 361.3303 -105.6545 77.14247 359.4199 -103.3811 67.26004 360.0363 -102.1731 67.69801 361.3303 -106.5158 77.14247 360.9894 -105.6545 77.14247 359.4199 -103.0345 67.69801 362.8999 -106.5158 77.14247 360.9894 -102.1731 67.69801 361.3303 -103.0345 67.69801 362.8999 -108.1795 76.49666 360.7075 -106.5158 77.14247 360.9894 -104.7748 67.26004 362.576 -108.1795 76.49666 360.7075 -103.0345 67.69801 362.8999 -104.7748 67.26004 362.576 -108.3464 76.09753 358.9637 -108.1795 76.49666 360.7075 -104.989 66.98935 360.8062 -108.3464 76.09753 358.9637 -104.7748 67.26004 362.576 -104.9995 56.45611 360.8004 -103.3811 67.26004 360.0363 -104.989 66.98935 360.8062 -103.3918 56.45077 360.0305 -103.3811 67.26004 360.0363 -104.9995 56.45611 360.8004 -103.3918 56.45077 360.0305 -102.1731 67.69801 361.3303 -103.3811 67.26004 360.0363 -102.184 56.44207 361.3243 -102.1731 67.69801 361.3303 -103.3918 56.45077 360.0305 -102.184 56.44207 361.3243 -103.0345 67.69801 362.8999 -102.1731 67.69801 361.3303 -103.0454 56.44207 362.8939 -103.0345 67.69801 362.8999 -102.184 56.44207 361.3243 -103.0454 56.44207 362.8939 -104.7748 67.26004 362.576 -103.0345 67.69801 362.8999 -104.7854 56.45077 362.5701 -104.7748 67.26004 362.576 -103.0454 56.44207 362.8939 -104.7854 56.45077 362.5701 -104.989 66.98935 360.8062 -104.7748 67.26004 362.576 -104.9995 56.45611 360.8004 -104.989 66.98935 360.8062 -104.7854 56.45077 362.5701 -213.6918 99.28552 301.1534 -220.5059 93.04085 295.7617 -220.4851 92.41165 297.4254 -213.6167 100.0116 299.5423 -220.5059 93.04085 295.7617 -213.6918 99.28552 301.1534 -213.6167 100.0116 299.5423 -221.9332 94.05888 295.6096 -220.5059 93.04085 295.7617 -214.8891 101.1865 299.4752 -221.9332 94.05888 295.6096 -213.6167 100.0116 299.5423 -214.8891 101.1865 299.4752 -222.7945 94.05888 297.1791 -221.9332 94.05888 295.6096 -215.7504 101.1865 301.0448 -222.7945 94.05888 297.1791 -214.8891 101.1865 299.4752 -215.7504 101.1865 301.0448 -221.8996 93.04085 298.3014 -222.7945 94.05888 297.1791 -215.0104 100.0116 302.0819 -221.8996 93.04085 298.3014 -215.7504 101.1865 301.0448 -215.0104 100.0116 302.0819 -220.4851 92.41165 297.4254 -221.8996 93.04085 298.3014 -213.6918 99.28552 301.1534 -220.4851 92.41165 297.4254 -215.0104 100.0116 302.0819 -206.0007 105.1112 305.374 -213.6167 100.0116 299.5423 -213.6918 99.28552 301.1534 -205.8173 105.9194 303.8224 -213.6167 100.0116 299.5423 -206.0007 105.1112 305.374 -205.8173 105.9194 303.8224 -214.8891 101.1865 299.4752 -213.6167 100.0116 299.5423 -206.9141 107.2272 303.8516 -214.8891 101.1865 299.4752 -205.8173 105.9194 303.8224 -206.9141 107.2272 303.8516 -215.7504 101.1865 301.0448 -214.8891 101.1865 299.4752 -207.7754 107.2272 305.4212 -215.7504 101.1865 301.0448 -206.9141 107.2272 303.8516 -207.7754 107.2272 305.4212 -215.0104 100.0116 302.0819 -215.7504 101.1865 301.0448 -207.2109 105.9194 306.3621 -215.0104 100.0116 302.0819 -207.7754 107.2272 305.4212 -207.2109 105.9194 306.3621 -213.6918 99.28552 301.1534 -215.0104 100.0116 302.0819 -206.0007 105.1112 305.374 -213.6918 99.28552 301.1534 -207.2109 105.9194 306.3621 -197.5686 109.77 310.0013 -205.8173 105.9194 303.8224 -206.0007 105.1112 305.374 -197.2663 110.644 308.515 -205.8173 105.9194 303.8224 -197.5686 109.77 310.0013 -197.2663 110.644 308.515 -206.9141 107.2272 303.8516 -205.8173 105.9194 303.8224 -198.1707 112.0581 308.6497 -206.9141 107.2272 303.8516 -197.2663 110.644 308.515 -198.1707 112.0581 308.6497 -207.7754 107.2272 305.4212 -206.9141 107.2272 303.8516 -199.032 112.0581 310.2193 -207.7754 107.2272 305.4212 -198.1707 112.0581 308.6497 -199.032 112.0581 310.2193 -207.2109 105.9194 306.3621 -207.7754 107.2272 305.4212 -198.6599 110.644 311.0546 -207.2109 105.9194 306.3621 -199.032 112.0581 310.2193 -198.6599 110.644 311.0546 -206.0007 105.1112 305.374 -207.2109 105.9194 306.3621 -197.5686 109.77 310.0013 -206.0007 105.1112 305.374 -198.6599 110.644 311.0546 -188.5671 113.1672 314.941 -197.2663 110.644 308.515 -197.5686 109.77 310.0013 -188.1378 114.089 313.5244 -197.2663 110.644 308.515 -188.5671 113.1672 314.941 -188.1378 114.089 313.5244 -198.1707 112.0581 308.6497 -197.2663 110.644 308.515 -188.8368 115.5807 313.7719 -198.1707 112.0581 308.6497 -188.1378 114.089 313.5244 -188.8368 115.5807 313.7719 -199.032 112.0581 310.2193 -198.1707 112.0581 308.6497 -189.6982 115.5807 315.3414 -199.032 112.0581 310.2193 -188.8368 115.5807 313.7719 -189.6982 115.5807 315.3414 -198.6599 110.644 311.0546 -199.032 112.0581 310.2193 -189.5315 114.089 316.064 -198.6599 110.644 311.0546 -189.6982 115.5807 315.3414 -189.5315 114.089 316.064 -197.5686 109.77 310.0013 -198.6599 110.644 311.0546 -188.5671 113.1672 314.941 -197.5686 109.77 310.0013 -189.5315 114.089 316.064 -179.1794 115.2335 320.0927 -188.1378 114.089 313.5244 -188.5671 113.1672 314.941 -178.6177 116.1846 318.7487 -188.1378 114.089 313.5244 -179.1794 115.2335 320.0927 -178.6177 116.1846 318.7487 -188.8368 115.5807 313.7719 -188.1378 114.089 313.5244 -179.1025 117.7233 319.1138 -188.8368 115.5807 313.7719 -178.6177 116.1846 318.7487 -179.1025 117.7233 319.1138 -189.6982 115.5807 315.3414 -188.8368 115.5807 313.7719 -179.9639 117.7233 320.6833 -189.6982 115.5807 315.3414 -179.1025 117.7233 319.1138 -179.9639 117.7233 320.6833 -189.5315 114.089 316.064 -189.6982 115.5807 315.3414 -180.0114 116.1846 321.2884 -189.5315 114.089 316.064 -179.9639 117.7233 320.6833 -180.0114 116.1846 321.2884 -188.5671 113.1672 314.941 -189.5315 114.089 316.064 -179.1794 115.2335 320.0927 -188.5671 113.1672 314.941 -180.0114 116.1846 321.2884 -169.5966 115.927 325.3515 -178.6177 116.1846 318.7487 -179.1794 115.2335 320.0927 -168.8998 116.8878 324.0817 -178.6177 116.1846 318.7487 -169.5966 115.927 325.3515 -168.8998 116.8878 324.0817 -179.1025 117.7233 319.1138 -178.6177 116.1846 318.7487 -169.166 118.4424 324.5667 -179.1025 117.7233 319.1138 -168.8998 116.8878 324.0817 -169.166 118.4424 324.5667 -179.9639 117.7233 320.6833 -179.1025 117.7233 319.1138 -170.0273 118.4424 326.1362 -179.9639 117.7233 320.6833 -169.166 118.4424 324.5667 -170.0273 118.4424 326.1362 -180.0114 116.1846 321.2884 -179.9639 117.7233 320.6833 -170.2935 116.8878 326.6213 -180.0114 116.1846 321.2884 -170.0273 118.4424 326.1362 -170.2935 116.8878 326.6213 -179.1794 115.2335 320.0927 -180.0114 116.1846 321.2884 -169.5966 115.927 325.3515 -179.1794 115.2335 320.0927 -170.2935 116.8878 326.6213 -160.0139 115.2335 330.6102 -168.8998 116.8878 324.0817 -169.5966 115.927 325.3515 -159.1819 116.1845 329.4146 -168.8998 116.8878 324.0817 -160.0139 115.2335 330.6102 -159.1819 116.1845 329.4146 -169.166 118.4424 324.5667 -168.8998 116.8878 324.0817 -159.2294 117.7233 330.0195 -169.166 118.4424 324.5667 -159.1819 116.1845 329.4146 -159.2294 117.7233 330.0195 -170.0273 118.4424 326.1362 -169.166 118.4424 324.5667 -160.0907 117.7233 331.5891 -170.0273 118.4424 326.1362 -159.2294 117.7233 330.0195 -160.0907 117.7233 331.5891 -170.2935 116.8878 326.6213 -170.0273 118.4424 326.1362 -160.5755 116.1845 331.9541 -170.2935 116.8878 326.6213 -160.0907 117.7233 331.5891 -160.5755 116.1845 331.9541 -169.5966 115.927 325.3515 -170.2935 116.8878 326.6213 -160.0139 115.2335 330.6102 -169.5966 115.927 325.3515 -160.5755 116.1845 331.9541 -353.8092 113.1672 101.2094 -354.4696 116.1845 90.57671 -355.92 115.2335 90.71108 -352.329 114.089 101.223 -354.4696 116.1845 90.57671 -353.8092 113.1672 101.2094 -352.329 114.089 101.223 -354.9628 117.7233 90.93027 -354.4696 116.1845 90.57671 -352.7741 115.5807 101.8161 -354.9628 117.7233 90.93027 -352.329 114.089 101.223 -352.7741 115.5807 101.8161 -356.718 117.7233 91.28317 -354.9628 117.7233 90.93027 -354.5293 115.5807 102.169 -356.718 117.7233 91.28317 -352.7741 115.5807 101.8161 -354.5293 115.5807 102.169 -357.3096 116.1845 91.14772 -356.718 117.7233 91.28317 -355.1691 114.089 101.794 -357.3096 116.1845 91.14772 -354.5293 115.5807 102.169 -355.1691 114.089 101.794 -355.92 115.2335 90.71108 -357.3096 116.1845 91.14772 -353.8092 113.1672 101.2094 -355.92 115.2335 90.71108 -355.1691 114.089 101.794 -351.7852 109.77 111.2758 -352.329 114.089 101.223 -353.8092 113.1672 101.2094 -350.2765 110.644 111.4314 -352.329 114.089 101.223 -351.7852 109.77 111.2758 -350.2765 110.644 111.4314 -352.7741 115.5807 101.8161 -352.329 114.089 101.223 -350.6754 112.0581 112.2542 -352.7741 115.5807 101.8161 -350.2765 110.644 111.4314 -350.6754 112.0581 112.2542 -354.5293 115.5807 102.169 -352.7741 115.5807 101.8161 -352.4307 112.0581 112.6071 -354.5293 115.5807 102.169 -350.6754 112.0581 112.2542 -352.4307 112.0581 112.6071 -355.1691 114.089 101.794 -354.5293 115.5807 102.169 -353.1166 110.644 112.0024 -355.1691 114.089 101.794 -352.4307 112.0581 112.6071 -353.1166 110.644 112.0024 -353.8092 113.1672 101.2094 -355.1691 114.089 101.794 -351.7852 109.77 111.2758 -353.8092 113.1672 101.2094 -353.1166 110.644 112.0024 -349.8893 105.1112 120.7054 -350.2765 110.644 111.4314 -351.7852 109.77 111.2758 -348.3539 105.9194 120.994 -350.2765 110.644 111.4314 -349.8893 105.1112 120.7054 -348.3539 105.9194 120.994 -350.6754 112.0581 112.2542 -350.2765 110.644 111.4314 -348.7095 107.2272 122.0319 -350.6754 112.0581 112.2542 -348.3539 105.9194 120.994 -348.7095 107.2272 122.0319 -352.4307 112.0581 112.6071 -350.6754 112.0581 112.2542 -350.4648 107.2272 122.3848 -352.4307 112.0581 112.6071 -348.7095 107.2272 122.0319 -350.4648 107.2272 122.3848 -353.1166 110.644 112.0024 -352.4307 112.0581 112.6071 -351.1939 105.9194 121.565 -353.1166 110.644 112.0024 -350.4648 107.2272 122.3848 -351.1939 105.9194 121.565 -351.7852 109.77 111.2758 -353.1166 110.644 112.0024 -349.8893 105.1112 120.7054 -351.7852 109.77 111.2758 -351.1939 105.9194 121.565 -348.16 99.28554 129.3062 -348.3539 105.9194 120.994 -349.8893 105.1112 120.7054 -346.6002 100.0117 129.7161 -348.3539 105.9194 120.994 -348.16 99.28554 129.3062 -346.6002 100.0117 129.7161 -348.7095 107.2272 122.0319 -348.3539 105.9194 120.994 -346.9164 101.1865 130.9503 -348.7095 107.2272 122.0319 -346.6002 100.0117 129.7161 -346.9164 101.1865 130.9503 -350.4648 107.2272 122.3848 -348.7095 107.2272 122.0319 -348.6716 101.1865 131.3032 -350.4648 107.2272 122.3848 -346.9164 101.1865 130.9503 -348.6716 101.1865 131.3032 -351.1939 105.9194 121.565 -350.4648 107.2272 122.3848 -349.4402 100.0117 130.2871 -351.1939 105.9194 121.565 -348.6716 101.1865 131.3032 -349.4402 100.0117 130.2871 -349.8893 105.1112 120.7054 -351.1939 105.9194 121.565 -348.16 99.28554 129.3062 -349.8893 105.1112 120.7054 -349.4402 100.0117 130.2871 -346.6326 92.41168 136.9033 -346.6002 100.0117 129.7161 -348.16 99.28554 129.3062 -345.0512 93.04086 137.4203 -346.6002 100.0117 129.7161 -346.6326 92.41168 136.9033 -345.0512 93.04086 137.4203 -346.9164 101.1865 130.9503 -346.6002 100.0117 129.7161 -345.3325 94.05891 138.8278 -346.9164 101.1865 130.9503 -345.0512 93.04086 137.4203 -345.3325 94.05891 138.8278 -348.6716 101.1865 131.3032 -346.9164 101.1865 130.9503 -347.0878 94.05891 139.1807 -348.6716 101.1865 131.3032 -345.3325 94.05891 138.8278 -347.0878 94.05891 139.1807 -349.4402 100.0117 130.2871 -348.6716 101.1865 131.3032 -347.8912 93.04086 137.9913 -349.4402 100.0117 130.2871 -347.0878 94.05891 139.1807 -347.8912 93.04086 137.9913 -348.16 99.28554 129.3062 -349.4402 100.0117 130.2871 -346.6326 92.41168 136.9033 -348.16 99.28554 129.3062 -347.8912 93.04086 137.9913 -345.338 84.62953 143.3418 -345.0512 93.04086 137.4203 -346.6326 92.41168 136.9033 -343.7384 85.14897 143.9496 -345.0512 93.04086 137.4203 -345.338 84.62953 143.3418 -343.7384 85.14897 143.9496 -345.3325 94.05891 138.8278 -345.0512 93.04086 137.4203 -343.9902 85.98946 145.504 -345.3325 94.05891 138.8278 -343.7384 85.14897 143.9496 -343.9902 85.98946 145.504 -347.0878 94.05891 139.1807 -345.3325 94.05891 138.8278 -345.7454 85.98946 145.8569 -347.0878 94.05891 139.1807 -343.9902 85.98946 145.504 -345.7454 85.98946 145.8569 -347.8912 93.04086 137.9913 -347.0878 94.05891 139.1807 -346.5784 85.14897 144.5206 -347.8912 93.04086 137.9913 -345.7454 85.98946 145.8569 -346.5784 85.14897 144.5206 -346.6326 92.41168 136.9033 -347.8912 93.04086 137.9913 -345.338 84.62953 143.3418 -346.6326 92.41168 136.9033 -346.5784 85.14897 144.5206 -344.3028 76.09753 148.4907 -343.7384 85.14897 143.9496 -345.338 84.62953 143.3418 -342.6885 76.49666 149.1711 -343.7384 85.14897 143.9496 -344.3028 76.09753 148.4907 -342.6885 76.49666 149.1711 -343.9902 85.98946 145.504 -343.7384 85.14897 143.9496 -342.9167 77.14247 150.8431 -343.9902 85.98946 145.504 -342.6885 76.49666 149.1711 -342.9167 77.14247 150.8431 -345.7454 85.98946 145.8569 -343.9902 85.98946 145.504 -344.672 77.14247 151.196 -345.7454 85.98946 145.8569 -342.9167 77.14247 150.8431 -344.672 77.14247 151.196 -346.5784 85.14897 144.5206 -345.7454 85.98946 145.8569 -345.5286 76.49666 149.7422 -346.5784 85.14897 144.5206 -344.672 77.14247 151.196 -345.5286 76.49666 149.7422 -345.338 84.62953 143.3418 -346.5784 85.14897 144.5206 -344.3028 76.09753 148.4907 -345.338 84.62953 143.3418 -345.5286 76.49666 149.7422 -343.5479 66.98935 152.2453 -342.6885 76.49666 149.1711 -344.3028 76.09753 148.4907 -341.923 67.26004 152.9787 -342.6885 76.49666 149.1711 -343.5479 66.98935 152.2453 -341.923 67.26004 152.9787 -342.9167 77.14247 150.8431 -342.6885 76.49666 149.1711 -342.1339 67.69801 154.7363 -342.9167 77.14247 150.8431 -341.923 67.26004 152.9787 -342.1339 67.69801 154.7363 -344.672 77.14247 151.196 -342.9167 77.14247 150.8431 -343.8892 67.69801 155.0892 -344.672 77.14247 151.196 -342.1339 67.69801 154.7363 -343.8892 67.69801 155.0892 -345.5286 76.49666 149.7422 -344.672 77.14247 151.196 -344.7631 67.26004 153.5497 -345.5286 76.49666 149.7422 -343.8892 67.69801 155.0892 -344.7631 67.26004 153.5497 -344.3028 76.09753 148.4907 -345.5286 76.49666 149.7422 -343.5479 66.98935 152.2453 -344.3028 76.09753 148.4907 -344.7631 67.26004 153.5497 -343.5503 56.45611 152.2336 -341.923 67.26004 152.9787 -343.5479 66.98935 152.2453 -341.9254 56.45077 152.9667 -341.923 67.26004 152.9787 -343.5503 56.45611 152.2336 -341.9254 56.45077 152.9667 -342.1339 67.69801 154.7363 -341.923 67.26004 152.9787 -342.1364 56.44207 154.7241 -342.1339 67.69801 154.7363 -341.9254 56.45077 152.9667 -342.1364 56.44207 154.7241 -343.8892 67.69801 155.0892 -342.1339 67.69801 154.7363 -343.8916 56.44207 155.077 -343.8892 67.69801 155.0892 -342.1364 56.44207 154.7241 -343.8916 56.44207 155.077 -344.7631 67.26004 153.5497 -343.8892 67.69801 155.0892 -344.7654 56.45077 153.5378 -344.7631 67.26004 153.5497 -343.8916 56.44207 155.077 -344.7654 56.45077 153.5378 -343.5479 66.98935 152.2453 -344.7631 67.26004 153.5497 -343.5503 56.45611 152.2336 -343.5479 66.98935 152.2453 -344.7654 56.45077 153.5378 -372.6013 66.98932 7.744063 -371.3838 56.45077 6.451636 -372.599 56.45611 7.755837 -371.3862 67.25999 6.439697 -371.3838 56.45077 6.451636 -372.6013 66.98932 7.744063 -371.3862 67.25999 6.439697 -372.2576 56.44206 4.912405 -371.3838 56.45077 6.451636 -372.26 67.69798 4.900218 -372.2576 56.44206 4.912405 -371.3862 67.25999 6.439697 -372.26 67.69798 4.900218 -374.0128 56.44206 5.265328 -372.2576 56.44206 4.912405 -374.0153 67.69798 5.253129 -374.0128 56.44206 5.265328 -372.26 67.69798 4.900218 -374.0153 67.69798 5.253129 -374.2238 56.45077 7.022667 -374.0128 56.44206 5.265328 -374.2262 67.25999 7.010715 -374.2238 56.45077 7.022667 -374.0153 67.69798 5.253129 -374.2262 67.25999 7.010715 -372.599 56.45611 7.755837 -374.2238 56.45077 7.022667 -372.6013 66.98932 7.744063 -372.599 56.45611 7.755837 -374.2262 67.25999 7.010715 -371.8464 76.0975 11.49864 -371.3862 67.25999 6.439697 -372.6013 66.98932 7.744063 -370.6206 76.49663 10.24723 -371.3862 67.25999 6.439697 -371.8464 76.0975 11.49864 -370.6206 76.49663 10.24723 -372.26 67.69798 4.900218 -371.3862 67.25999 6.439697 -371.4773 77.14243 8.793392 -372.26 67.69798 4.900218 -370.6206 76.49663 10.24723 -371.4773 77.14243 8.793392 -374.0153 67.69798 5.253129 -372.26 67.69798 4.900218 -373.2325 77.14243 9.146303 -374.0153 67.69798 5.253129 -371.4773 77.14243 8.793392 -373.2325 77.14243 9.146303 -374.2262 67.25999 7.010715 -374.0153 67.69798 5.253129 -373.4607 76.49663 10.81824 -374.2262 67.25999 7.010715 -373.2325 77.14243 9.146303 -373.4607 76.49663 10.81824 -372.6013 66.98932 7.744063 -374.2262 67.25999 7.010715 -371.8464 76.0975 11.49864 -372.6013 66.98932 7.744063 -373.4607 76.49663 10.81824 -370.8112 84.62952 16.64759 -370.6206 76.49663 10.24723 -371.8464 76.0975 11.49864 -369.5708 85.14896 15.46879 -370.6206 76.49663 10.24723 -370.8112 84.62952 16.64759 -369.5708 85.14896 15.46879 -371.4773 77.14243 8.793392 -370.6206 76.49663 10.24723 -370.4038 85.98943 14.13244 -371.4773 77.14243 8.793392 -369.5708 85.14896 15.46879 -370.4038 85.98943 14.13244 -373.2325 77.14243 9.146303 -371.4773 77.14243 8.793392 -372.1591 85.98943 14.48535 -373.2325 77.14243 9.146303 -370.4038 85.98943 14.13244 -372.1591 85.98943 14.48535 -373.4607 76.49663 10.81824 -373.2325 77.14243 9.146303 -372.4109 85.14896 16.03981 -373.4607 76.49663 10.81824 -372.1591 85.98943 14.48535 -372.4109 85.14896 16.03981 -371.8464 76.0975 11.49864 -373.4607 76.49663 10.81824 -370.8112 84.62952 16.64759 -371.8464 76.0975 11.49864 -372.4109 85.14896 16.03981 -369.5167 92.41165 23.08611 -369.5708 85.14896 15.46879 -370.8112 84.62952 16.64759 -368.258 93.04085 21.99809 -369.5708 85.14896 15.46879 -369.5167 92.41165 23.08611 -368.258 93.04085 21.99809 -370.4038 85.98943 14.13244 -369.5708 85.14896 15.46879 -369.0615 94.05888 20.80867 -370.4038 85.98943 14.13244 -368.258 93.04085 21.99809 -369.0615 94.05888 20.80867 -372.1591 85.98943 14.48535 -370.4038 85.98943 14.13244 -370.8167 94.05888 21.16158 -372.1591 85.98943 14.48535 -369.0615 94.05888 20.80867 -370.8167 94.05888 21.16158 -372.4109 85.14896 16.03981 -372.1591 85.98943 14.48535 -371.0981 93.04085 22.56911 -372.4109 85.14896 16.03981 -370.8167 94.05888 21.16158 -371.0981 93.04085 22.56911 -370.8112 84.62952 16.64759 -372.4109 85.14896 16.03981 -369.5167 92.41165 23.08611 -370.8112 84.62952 16.64759 -371.0981 93.04085 22.56911 -367.9892 99.28552 30.68313 -368.258 93.04085 21.99809 -369.5167 92.41165 23.08611 -366.709 100.0116 29.70226 -368.258 93.04085 21.99809 -367.9892 99.28552 30.68313 -366.709 100.0116 29.70226 -369.0615 94.05888 20.80867 -368.258 93.04085 21.99809 -367.4776 101.1865 28.68616 -369.0615 94.05888 20.80867 -366.709 100.0116 29.70226 -367.4776 101.1865 28.68616 -370.8167 94.05888 21.16158 -369.0615 94.05888 20.80867 -369.2329 101.1865 29.03907 -370.8167 94.05888 21.16158 -367.4776 101.1865 28.68616 -369.2329 101.1865 29.03907 -371.0981 93.04085 22.56911 -370.8167 94.05888 21.16158 -369.549 100.0116 30.27326 -371.0981 93.04085 22.56911 -369.2329 101.1865 29.03907 -369.549 100.0116 30.27326 -369.5167 92.41165 23.08611 -371.0981 93.04085 22.56911 -367.9892 99.28552 30.68313 -369.5167 92.41165 23.08611 -369.549 100.0116 30.27326 -366.2599 105.1112 39.284 -366.709 100.0116 29.70226 -367.9892 99.28552 30.68313 -364.9553 105.9194 38.42439 -366.709 100.0116 29.70226 -366.2599 105.1112 39.284 -364.9553 105.9194 38.42439 -367.4776 101.1865 28.68616 -366.709 100.0116 29.70226 -365.6845 107.2272 37.60455 -367.4776 101.1865 28.68616 -364.9553 105.9194 38.42439 -365.6845 107.2272 37.60455 -369.2329 101.1865 29.03907 -367.4776 101.1865 28.68616 -367.4397 107.2272 37.95746 -369.2329 101.1865 29.03907 -365.6845 107.2272 37.60455 -367.4397 107.2272 37.95746 -369.549 100.0116 30.27326 -369.2329 101.1865 29.03907 -367.7954 105.9194 38.99541 -369.549 100.0116 30.27326 -367.4397 107.2272 37.95746 -367.7954 105.9194 38.99541 -367.9892 99.28552 30.68313 -369.549 100.0116 30.27326 -366.2599 105.1112 39.284 -367.9892 99.28552 30.68313 -367.7954 105.9194 38.99541 -364.364 109.77 48.7136 -364.9553 105.9194 38.42439 -366.2599 105.1112 39.284 -363.0327 110.644 47.98697 -364.9553 105.9194 38.42439 -364.364 109.77 48.7136 -363.0327 110.644 47.98697 -365.6845 107.2272 37.60455 -364.9553 105.9194 38.42439 -363.7186 112.0581 47.38228 -365.6845 107.2272 37.60455 -363.0327 110.644 47.98697 -363.7186 112.0581 47.38228 -367.4397 107.2272 37.95746 -365.6845 107.2272 37.60455 -365.4738 112.0581 47.73519 -367.4397 107.2272 37.95746 -363.7186 112.0581 47.38228 -365.4738 112.0581 47.73519 -367.7954 105.9194 38.99541 -367.4397 107.2272 37.95746 -365.8727 110.644 48.55799 -367.7954 105.9194 38.99541 -365.4738 112.0581 47.73519 -365.8727 110.644 48.55799 -366.2599 105.1112 39.284 -367.7954 105.9194 38.99541 -364.364 109.77 48.7136 -366.2599 105.1112 39.284 -365.8727 110.644 48.55799 -362.3401 113.1672 58.78 -363.0327 110.644 47.98697 -364.364 109.77 48.7136 -360.9802 114.089 58.19533 -363.0327 110.644 47.98697 -362.3401 113.1672 58.78 -360.9802 114.089 58.19533 -363.7186 112.0581 47.38228 -363.0327 110.644 47.98697 -361.6199 115.5807 57.82032 -363.7186 112.0581 47.38228 -360.9802 114.089 58.19533 -361.6199 115.5807 57.82032 -365.4738 112.0581 47.73519 -363.7186 112.0581 47.38228 -363.3752 115.5807 58.17323 -365.4738 112.0581 47.73519 -361.6199 115.5807 57.82032 -363.3752 115.5807 58.17323 -365.8727 110.644 48.55799 -365.4738 112.0581 47.73519 -363.8202 114.089 58.76635 -365.8727 110.644 48.55799 -363.3752 115.5807 58.17323 -363.8202 114.089 58.76635 -364.364 109.77 48.7136 -365.8727 110.644 48.55799 -362.3401 113.1672 58.78 -364.364 109.77 48.7136 -363.8202 114.089 58.76635 -360.2292 115.2335 69.27827 -360.9802 114.089 58.19533 -362.3401 113.1672 58.78 -358.8396 116.1846 68.84164 -360.9802 114.089 58.19533 -360.2292 115.2335 69.27827 -358.8396 116.1846 68.84164 -361.6199 115.5807 57.82032 -360.9802 114.089 58.19533 -359.4312 117.7233 68.70618 -361.6199 115.5807 57.82032 -358.8396 116.1846 68.84164 -359.4312 117.7233 68.70618 -363.3752 115.5807 58.17323 -361.6199 115.5807 57.82032 -361.1864 117.7233 69.05909 -363.3752 115.5807 58.17323 -359.4312 117.7233 68.70618 -361.1864 117.7233 69.05909 -363.8202 114.089 58.76635 -363.3752 115.5807 58.17323 -361.6797 116.1846 69.41266 -363.8202 114.089 58.76635 -361.1864 117.7233 69.05909 -361.6797 116.1846 69.41266 -362.3401 113.1672 58.78 -363.8202 114.089 58.76635 -360.2292 115.2335 69.27827 -362.3401 113.1672 58.78 -361.6797 116.1846 69.41266 -358.0746 115.927 79.99471 -358.8396 116.1846 68.84164 -360.2292 115.2335 69.27827 -356.6546 116.8878 79.7092 -358.8396 116.1846 68.84164 -358.0746 115.927 79.99471 -356.6546 116.8878 79.7092 -359.4312 117.7233 68.70618 -358.8396 116.1846 68.84164 -357.197 118.4424 79.81824 -359.4312 117.7233 68.70618 -356.6546 116.8878 79.7092 -357.197 118.4424 79.81824 -361.1864 117.7233 69.05909 -359.4312 117.7233 68.70618 -358.9522 118.4424 80.17116 -361.1864 117.7233 69.05909 -357.197 118.4424 79.81824 -358.9522 118.4424 80.17116 -361.6797 116.1846 69.41266 -361.1864 117.7233 69.05909 -359.4946 116.8878 80.28021 -361.6797 116.1846 69.41266 -358.9522 118.4424 80.17116 -359.4946 116.8878 80.28021 -360.2292 115.2335 69.27827 -361.6797 116.1846 69.41266 -358.0746 115.927 79.99471 -360.2292 115.2335 69.27827 -359.4946 116.8878 80.28021 -355.92 115.2335 90.71108 -356.6546 116.8878 79.7092 -358.0746 115.927 79.99471 -354.4696 116.1845 90.57671 -356.6546 116.8878 79.7092 -355.92 115.2335 90.71108 -354.4696 116.1845 90.57671 -357.197 118.4424 79.81824 -356.6546 116.8878 79.7092 -354.9628 117.7233 90.93027 -357.197 118.4424 79.81824 -354.4696 116.1845 90.57671 -354.9628 117.7233 90.93027 -358.9522 118.4424 80.17116 -357.197 118.4424 79.81824 -356.718 117.7233 91.28317 -358.9522 118.4424 80.17116 -354.9628 117.7233 90.93027 -356.718 117.7233 91.28317 -359.4946 116.8878 80.28021 -358.9522 118.4424 80.17116 -357.3096 116.1845 91.14772 -359.4946 116.8878 80.28021 -356.718 117.7233 91.28317 -357.3096 116.1845 91.14772 -358.0746 115.927 79.99471 -359.4946 116.8878 80.28021 -355.92 115.2335 90.71108 -358.0746 115.927 79.99471 -357.3096 116.1845 91.14772 -276.9164 113.1672 242.3666 -282.046 116.1845 233.0298 -283.3008 115.2335 233.7696 -275.5716 114.089 241.748 -282.046 116.1845 233.0298 -276.9164 113.1672 242.3666 -275.5716 114.089 241.748 -282.3415 117.7233 233.5598 -282.046 116.1845 233.0298 -275.7214 115.5807 242.4743 -282.3415 117.7233 233.5598 -275.5716 114.089 241.748 -275.7214 115.5807 242.4743 -283.7788 117.7233 234.6273 -282.3415 117.7233 233.5598 -277.1588 115.5807 243.5417 -283.7788 117.7233 234.6273 -275.7214 115.5807 242.4743 -277.1588 115.5807 243.5417 -284.3717 116.1845 234.7569 -283.7788 117.7233 234.6273 -277.8973 114.089 243.4752 -284.3717 116.1845 234.7569 -277.1588 115.5807 243.5417 -277.8973 114.089 243.4752 -283.3008 115.2335 233.7696 -284.3717 116.1845 234.7569 -276.9164 113.1672 242.3666 -283.3008 115.2335 233.7696 -277.8973 114.089 243.4752 -270.7947 109.77 250.61 -275.5716 114.089 241.748 -276.9164 113.1672 242.3666 -269.3636 110.644 250.1077 -275.5716 114.089 241.748 -270.7947 109.77 250.61 -269.3636 110.644 250.1077 -275.7214 115.5807 242.4743 -275.5716 114.089 241.748 -269.3737 112.0581 251.022 -275.7214 115.5807 242.4743 -269.3636 110.644 250.1077 -269.3737 112.0581 251.022 -277.1588 115.5807 243.5417 -275.7214 115.5807 242.4743 -270.8111 112.0581 252.0894 -277.1588 115.5807 243.5417 -269.3737 112.0581 251.022 -270.8111 112.0581 252.0894 -277.8973 114.089 243.4752 -277.1588 115.5807 243.5417 -271.6893 110.644 251.8348 -277.8973 114.089 243.4752 -270.8111 112.0581 252.0894 -271.6893 110.644 251.8348 -276.9164 113.1672 242.3666 -277.8973 114.089 243.4752 -270.7947 109.77 250.61 -276.9164 113.1672 242.3666 -271.6893 110.644 251.8348 -265.0602 105.1112 258.3319 -269.3636 110.644 250.1077 -270.7947 109.77 250.61 -263.5482 105.9194 257.9385 -269.3636 110.644 250.1077 -265.0602 105.1112 258.3319 -263.5482 105.9194 257.9385 -269.3737 112.0581 251.022 -269.3636 110.644 250.1077 -263.4275 107.2272 259.0291 -269.3737 112.0581 251.022 -263.5482 105.9194 257.9385 -263.4275 107.2272 259.0291 -270.8111 112.0581 252.0894 -269.3737 112.0581 251.022 -264.8649 107.2272 260.0965 -270.8111 112.0581 252.0894 -263.4275 107.2272 259.0291 -264.8649 107.2272 260.0965 -271.6893 110.644 251.8348 -270.8111 112.0581 252.0894 -265.874 105.9194 259.6656 -271.6893 110.644 251.8348 -264.8649 107.2272 260.0965 -265.874 105.9194 259.6656 -270.7947 109.77 250.61 -271.6893 110.644 251.8348 -265.0602 105.1112 258.3319 -270.7947 109.77 250.61 -265.874 105.9194 259.6656 -259.8298 99.28554 265.3752 -263.5482 105.9194 257.9385 -265.0602 105.1112 258.3319 -258.244 100.0117 265.0811 -263.5482 105.9194 257.9385 -259.8298 99.28554 265.3752 -258.244 100.0117 265.0811 -263.4275 107.2272 259.0291 -263.5482 105.9194 257.9385 -258.004 101.1865 266.3323 -263.4275 107.2272 259.0291 -258.244 100.0117 265.0811 -258.004 101.1865 266.3323 -264.8649 107.2272 260.0965 -263.4275 107.2272 259.0291 -259.4413 101.1865 267.3997 -264.8649 107.2272 260.0965 -258.004 101.1865 266.3323 -259.4413 101.1865 267.3997 -265.874 105.9194 259.6656 -264.8649 107.2272 260.0965 -260.5697 100.0117 266.8082 -265.874 105.9194 259.6656 -259.4413 101.1865 267.3997 -260.5697 100.0117 266.8082 -265.0602 105.1112 258.3319 -265.874 105.9194 259.6656 -259.8298 99.28554 265.3752 -265.0602 105.1112 258.3319 -260.5697 100.0117 266.8082 -255.2098 92.41168 271.5964 -258.244 100.0117 265.0811 -259.8298 99.28554 265.3752 -253.5589 93.04086 271.39 -258.244 100.0117 265.0811 -255.2098 92.41168 271.5964 -253.5589 93.04086 271.39 -258.004 101.1865 266.3323 -258.244 100.0117 265.0811 -253.2134 94.05891 272.7832 -258.004 101.1865 266.3323 -253.5589 93.04086 271.39 -253.2134 94.05891 272.7832 -259.4413 101.1865 267.3997 -258.004 101.1865 266.3323 -254.6508 94.05891 273.8506 -259.4413 101.1865 267.3997 -253.2134 94.05891 272.7832 -254.6508 94.05891 273.8506 -260.5697 100.0117 266.8082 -259.4413 101.1865 267.3997 -255.8846 93.04086 273.1172 -260.5697 100.0117 266.8082 -254.6508 94.05891 273.8506 -255.8846 93.04086 273.1172 -259.8298 99.28554 265.3752 -260.5697 100.0117 266.8082 -255.2098 92.41168 271.5964 -259.8298 99.28554 265.3752 -255.8846 93.04086 273.1172 -251.2943 84.62953 276.869 -253.5589 93.04086 271.39 -255.2098 92.41168 271.5964 -249.5882 85.14897 276.7369 -253.5589 93.04086 271.39 -251.2943 84.62953 276.869 -249.5882 85.14897 276.7369 -253.2134 94.05891 272.7832 -253.5589 93.04086 271.39 -249.1534 85.98946 278.2504 -253.2134 94.05891 272.7832 -249.5882 85.14897 276.7369 -249.1534 85.98946 278.2504 -254.6508 94.05891 273.8506 -253.2134 94.05891 272.7832 -250.5907 85.98946 279.3178 -254.6508 94.05891 273.8506 -249.1534 85.98946 278.2504 -250.5907 85.98946 279.3178 -255.8846 93.04086 273.1172 -254.6508 94.05891 273.8506 -251.9139 85.14897 278.464 -255.8846 93.04086 273.1172 -250.5907 85.98946 279.3178 -251.9139 85.14897 278.464 -255.2098 92.41168 271.5964 -255.8846 93.04086 273.1172 -251.2943 84.62953 276.869 -255.2098 92.41168 271.5964 -251.9139 85.14897 278.464 -333.7557 66.98932 165.8278 -333.2052 56.45077 164.1396 -333.7486 56.45611 165.8374 -333.2125 67.25999 164.1298 -333.2052 56.45077 164.1396 -333.7557 66.98932 165.8278 -333.2125 67.25999 164.1298 -334.6518 56.44206 163.1197 -333.2052 56.45077 164.1396 -334.6592 67.69798 163.1097 -334.6518 56.44206 163.1197 -333.2125 67.25999 164.1298 -334.6592 67.69798 163.1097 -336.0891 56.44206 164.1871 -334.6518 56.44206 163.1197 -336.0966 67.69798 164.1771 -336.0891 56.44206 164.1871 -334.6592 67.69798 163.1097 -336.0966 67.69798 164.1771 -335.5309 56.45077 165.8668 -336.0891 56.44206 164.1871 -335.5382 67.25999 165.857 -335.5309 56.45077 165.8668 -336.0966 67.69798 164.1771 -335.5382 67.25999 165.857 -333.7486 56.45611 165.8374 -335.5309 56.45077 165.8668 -333.7557 66.98932 165.8278 -333.7486 56.45611 165.8374 -335.5382 67.25999 165.857 -331.4724 76.0975 168.9024 -333.2125 67.25999 164.1298 -333.7557 66.98932 165.8278 -330.897 76.49663 167.2478 -333.2125 67.25999 164.1298 -331.4724 76.0975 168.9024 -330.897 76.49663 167.2478 -334.6592 67.69798 163.1097 -333.2125 67.25999 164.1298 -332.2916 77.14243 166.2978 -334.6592 67.69798 163.1097 -330.897 76.49663 167.2478 -332.2916 77.14243 166.2978 -336.0966 67.69798 164.1771 -334.6592 67.69798 163.1097 -333.729 77.14243 167.3653 -336.0966 67.69798 164.1771 -332.2916 77.14243 166.2978 -333.729 77.14243 167.3653 -335.5382 67.25999 165.857 -336.0966 67.69798 164.1771 -333.2227 76.49663 168.975 -335.5382 67.25999 165.857 -333.729 77.14243 167.3653 -333.2227 76.49663 168.975 -333.7557 66.98932 165.8278 -335.5382 67.25999 165.857 -331.4724 76.0975 168.9024 -333.7557 66.98932 165.8278 -333.2227 76.49663 168.975 -328.3412 84.62952 173.1189 -330.897 76.49663 167.2478 -331.4724 76.0975 168.9024 -327.7216 85.14896 171.5238 -330.897 76.49663 167.2478 -328.3412 84.62952 173.1189 -327.7216 85.14896 171.5238 -332.2916 77.14243 166.2978 -330.897 76.49663 167.2478 -329.0448 85.98943 170.67 -332.2916 77.14243 166.2978 -327.7216 85.14896 171.5238 -329.0448 85.98943 170.67 -333.729 77.14243 167.3653 -332.2916 77.14243 166.2978 -330.4821 85.98943 171.7374 -333.729 77.14243 167.3653 -329.0448 85.98943 170.67 -330.4821 85.98943 171.7374 -333.2227 76.49663 168.975 -333.729 77.14243 167.3653 -330.0473 85.14896 173.2509 -333.2227 76.49663 168.975 -330.4821 85.98943 171.7374 -330.0473 85.14896 173.2509 -331.4724 76.0975 168.9024 -333.2227 76.49663 168.975 -328.3412 84.62952 173.1189 -331.4724 76.0975 168.9024 -330.0473 85.14896 173.2509 -324.4257 92.41165 178.3914 -327.7216 85.14896 171.5238 -328.3412 84.62952 173.1189 -323.7509 93.04085 176.8706 -327.7216 85.14896 171.5238 -324.4257 92.41165 178.3914 -323.7509 93.04085 176.8706 -329.0448 85.98943 170.67 -327.7216 85.14896 171.5238 -324.9847 94.05888 176.1372 -329.0448 85.98943 170.67 -323.7509 93.04085 176.8706 -324.9847 94.05888 176.1372 -330.4821 85.98943 171.7374 -329.0448 85.98943 170.67 -326.4221 94.05888 177.2046 -330.4821 85.98943 171.7374 -324.9847 94.05888 176.1372 -326.4221 94.05888 177.2046 -330.0473 85.14896 173.2509 -330.4821 85.98943 171.7374 -326.0766 93.04085 178.5978 -330.0473 85.14896 173.2509 -326.4221 94.05888 177.2046 -326.0766 93.04085 178.5978 -328.3412 84.62952 173.1189 -330.0473 85.14896 173.2509 -324.4257 92.41165 178.3914 -328.3412 84.62952 173.1189 -326.0766 93.04085 178.5978 -319.8058 99.28552 184.6126 -323.7509 93.04085 176.8706 -324.4257 92.41165 178.3914 -319.0658 100.0116 183.1796 -323.7509 93.04085 176.8706 -319.8058 99.28552 184.6126 -319.0658 100.0116 183.1796 -324.9847 94.05888 176.1372 -323.7509 93.04085 176.8706 -320.1942 101.1865 182.5881 -324.9847 94.05888 176.1372 -319.0658 100.0116 183.1796 -320.1942 101.1865 182.5881 -326.4221 94.05888 177.2046 -324.9847 94.05888 176.1372 -321.6315 101.1865 183.6555 -326.4221 94.05888 177.2046 -320.1942 101.1865 182.5881 -321.6315 101.1865 183.6555 -326.0766 93.04085 178.5978 -326.4221 94.05888 177.2046 -321.3914 100.0116 184.9067 -326.0766 93.04085 178.5978 -321.6315 101.1865 183.6555 -321.3914 100.0116 184.9067 -324.4257 92.41165 178.3914 -326.0766 93.04085 178.5978 -319.8058 99.28552 184.6126 -324.4257 92.41165 178.3914 -321.3914 100.0116 184.9067 -314.5753 105.1112 191.6559 -319.0658 100.0116 183.1796 -319.8058 99.28552 184.6126 -313.7615 105.9194 190.3222 -319.0658 100.0116 183.1796 -314.5753 105.1112 191.6559 -313.7615 105.9194 190.3222 -320.1942 101.1865 182.5881 -319.0658 100.0116 183.1796 -314.7706 107.2272 189.8913 -320.1942 101.1865 182.5881 -313.7615 105.9194 190.3222 -314.7706 107.2272 189.8913 -321.6315 101.1865 183.6555 -320.1942 101.1865 182.5881 -316.208 107.2272 190.9588 -321.6315 101.1865 183.6555 -314.7706 107.2272 189.8913 -316.208 107.2272 190.9588 -321.3914 100.0116 184.9067 -321.6315 101.1865 183.6555 -316.0872 105.9194 192.0493 -321.3914 100.0116 184.9067 -316.208 107.2272 190.9588 -316.0872 105.9194 192.0493 -319.8058 99.28552 184.6126 -321.3914 100.0116 184.9067 -314.5753 105.1112 191.6559 -319.8058 99.28552 184.6126 -316.0872 105.9194 192.0493 -308.8408 109.77 199.3778 -313.7615 105.9194 190.3222 -314.5753 105.1112 191.6559 -307.9462 110.644 198.153 -313.7615 105.9194 190.3222 -308.8408 109.77 199.3778 -307.9462 110.644 198.153 -314.7706 107.2272 189.8913 -313.7615 105.9194 190.3222 -308.8244 112.0581 197.8983 -314.7706 107.2272 189.8913 -307.9462 110.644 198.153 -308.8244 112.0581 197.8983 -316.208 107.2272 190.9588 -314.7706 107.2272 189.8913 -310.2618 112.0581 198.9657 -316.208 107.2272 190.9588 -308.8244 112.0581 197.8983 -310.2618 112.0581 198.9657 -316.0872 105.9194 192.0493 -316.208 107.2272 190.9588 -310.2719 110.644 199.8801 -316.0872 105.9194 192.0493 -310.2618 112.0581 198.9657 -310.2719 110.644 199.8801 -314.5753 105.1112 191.6559 -316.0872 105.9194 192.0493 -308.8408 109.77 199.3778 -314.5753 105.1112 191.6559 -310.2719 110.644 199.8801 -302.7191 113.1672 207.6212 -307.9462 110.644 198.153 -308.8408 109.77 199.3778 -301.7382 114.089 206.5126 -307.9462 110.644 198.153 -302.7191 113.1672 207.6212 -301.7382 114.089 206.5126 -308.8244 112.0581 197.8983 -307.9462 110.644 198.153 -302.4767 115.5807 206.4461 -308.8244 112.0581 197.8983 -301.7382 114.089 206.5126 -302.4767 115.5807 206.4461 -310.2618 112.0581 198.9657 -308.8244 112.0581 197.8983 -303.9141 115.5807 207.5135 -310.2618 112.0581 198.9657 -302.4767 115.5807 206.4461 -303.9141 115.5807 207.5135 -310.2719 110.644 199.8801 -310.2618 112.0581 198.9657 -304.0639 114.089 208.2397 -310.2719 110.644 199.8801 -303.9141 115.5807 207.5135 -304.0639 114.089 208.2397 -308.8408 109.77 199.3778 -310.2719 110.644 199.8801 -302.7191 113.1672 207.6212 -308.8408 109.77 199.3778 -304.0639 114.089 208.2397 -296.3347 115.2335 216.2182 -301.7382 114.089 206.5126 -302.7191 113.1672 207.6212 -295.2638 116.1846 215.2309 -301.7382 114.089 206.5126 -296.3347 115.2335 216.2182 -295.2638 116.1846 215.2309 -302.4767 115.5807 206.4461 -301.7382 114.089 206.5126 -295.8567 117.7233 215.3605 -302.4767 115.5807 206.4461 -295.2638 116.1846 215.2309 -295.8567 117.7233 215.3605 -303.9141 115.5807 207.5135 -302.4767 115.5807 206.4461 -297.294 117.7233 216.4279 -303.9141 115.5807 207.5135 -295.8567 117.7233 215.3605 -297.294 117.7233 216.4279 -304.0639 114.089 208.2397 -303.9141 115.5807 207.5135 -297.5895 116.1846 216.958 -304.0639 114.089 208.2397 -297.294 117.7233 216.4279 -297.5895 116.1846 216.958 -302.7191 113.1672 207.6212 -304.0639 114.089 208.2397 -296.3347 115.2335 216.2182 -302.7191 113.1672 207.6212 -297.5895 116.1846 216.958 -289.8177 115.927 224.9939 -295.2638 116.1846 215.2309 -296.3347 115.2335 216.2182 -288.6549 116.8878 224.1303 -295.2638 116.1846 215.2309 -289.8177 115.927 224.9939 -288.6549 116.8878 224.1303 -295.8567 117.7233 215.3605 -295.2638 116.1846 215.2309 -289.0991 118.4424 224.4602 -295.8567 117.7233 215.3605 -288.6549 116.8878 224.1303 -289.0991 118.4424 224.4602 -297.294 117.7233 216.4279 -295.8567 117.7233 215.3605 -290.5364 118.4424 225.5276 -297.294 117.7233 216.4279 -289.0991 118.4424 224.4602 -290.5364 118.4424 225.5276 -297.5895 116.1846 216.958 -297.294 117.7233 216.4279 -290.9806 116.8878 225.8575 -297.5895 116.1846 216.958 -290.5364 118.4424 225.5276 -290.9806 116.8878 225.8575 -296.3347 115.2335 216.2182 -297.5895 116.1846 216.958 -289.8177 115.927 224.9939 -296.3347 115.2335 216.2182 -290.9806 116.8878 225.8575 -283.3008 115.2335 233.7696 -288.6549 116.8878 224.1303 -289.8177 115.927 224.9939 -282.046 116.1845 233.0298 -288.6549 116.8878 224.1303 -283.3008 115.2335 233.7696 -282.046 116.1845 233.0298 -289.0991 118.4424 224.4602 -288.6549 116.8878 224.1303 -282.3415 117.7233 233.5598 -289.0991 118.4424 224.4602 -282.046 116.1845 233.0298 -282.3415 117.7233 233.5598 -290.5364 118.4424 225.5276 -289.0991 118.4424 224.4602 -283.7788 117.7233 234.6273 -290.5364 118.4424 225.5276 -282.3415 117.7233 233.5598 -283.7788 117.7233 234.6273 -290.9806 116.8878 225.8575 -290.5364 118.4424 225.5276 -284.3717 116.1845 234.7569 -290.9806 116.8878 225.8575 -283.7788 117.7233 234.6273 -284.3717 116.1845 234.7569 -289.8177 115.927 224.9939 -290.9806 116.8878 225.8575 -283.3008 115.2335 233.7696 -289.8177 115.927 224.9939 -284.3717 116.1845 234.7569</float_array>
                    <technique_common>
                        <accessor count="1590" offset="0" source="green_2_0-geometry-POSITION-array" stride="3">
                            <param name="X" type="float" />
                            <param name="Y" type="float" />
                            <param name="Z" type="float" />
                        </accessor>
                    </technique_common>
                </source>
                <source id="green_2_0-geometry-NORMAL">
                    <float_array id="green_2_0-geometry-NORMAL-array" count="840">-0.2211235 -0.9676663 -0.1213523 0.421486 -0.3129605 -0.85112 -0.1109939 -0.9919525 -0.06091502 0.3869011 -0.3048545 -0.8702708 0.3683766 0.8099549 -0.4563681 0.4585801 0.7895495 -0.4078183 -0.1870954 0.809958 0.5558446 -0.09769459 0.789555 0.6058536 -0.4915529 -0.3129596 0.8126697 -0.5262866 -0.3048531 0.7937802 -0.3293762 -0.9267354 -0.1807562 0.3531494 -0.2912537 -0.8890764 0.5472392 0.7552785 -0.360671 -0.01030675 0.7552792 0.6553221 -0.5602735 -0.2912564 0.7754117 -0.4344309 -0.8685801 -0.2384082 0.3207263 -0.2720819 -0.907252 0.6331613 0.7068058 -0.3154875 0.07395513 0.7068048 0.7035323 -0.5930187 -0.2720875 0.7578239 -0.5345259 -0.792613 -0.2933372 0.2902178 -0.2472991 -0.9244549 0.7148188 0.6438339 -0.2729687 0.1536817 0.6438367 0.7495707 -0.6239174 -0.2472998 0.7413298 -0.6273738 -0.6984767 -0.3442853 0.2623262 -0.2169546 -0.9402742 0.7903047 0.5662792 -0.2339793 0.2271147 0.5662821 0.7923027 -0.6522395 -0.2169537 0.7263021 -0.7101395 -0.5863717 -0.3897053 0.2378594 -0.1812849 -0.954232 0.8573387 0.4744919 -0.1995693 0.29214 0.4744912 0.8303688 -0.6771555 -0.1812889 0.7131583 -0.7795786 -0.4574217 -0.4278113 0.2176436 -0.1407988 -0.9658194 0.913365 0.3695128 -0.1709521 0.3463673 0.3695114 0.8622592 -0.6977898 -0.1408024 0.7023276 -0.8596022 -0.1963694 -0.4717236 0.1974913 -0.05984456 -0.9784763 0.9770393 0.1580282 -0.1429028 0.4042305 0.1580272 0.9009024 -0.7192873 -0.05984518 0.6921303 -0.8766702 0.001132059 -0.4810906 0.1855128 0.0003545178 -0.9826418 0.9922548 -0.0008977031 -0.1242161 0.4281696 -0.0008987099 0.903698 -0.7292318 0.0003534577 0.6842667 0.5345243 -0.792614 0.2933372 0.6386255 -0.2334812 -0.7332421 0.5817528 -0.7480909 0.3192551 0.6239152 -0.2473021 -0.7413309 -0.1919327 0.6076492 -0.7706648 -0.1536815 0.6438339 -0.7495731 -0.7531542 0.6076508 0.2520303 -0.714819 0.6438342 0.2729677 -0.2754896 -0.2334789 0.9325197 -0.290217 -0.2473005 0.9244547 0.4344319 -0.8685804 0.2384054 0.59302 -0.2720904 -0.7578219 -0.07395403 0.7068013 -0.7035359 -0.633164 0.7068036 0.3154871 -0.3207253 -0.2720864 0.9072509 0.3293798 -0.926735 0.1807519 0.5602738 -0.2912584 -0.7754108 0.01030838 0.7552748 -0.6553272 -0.5472391 0.7552825 0.360663 -0.3531508 -0.2912489 0.8890774 0.2211281 -0.967666 0.121346 0.526285 -0.3048529 -0.7937813 0.09769589 0.7895514 -0.6058582 -0.4585752 0.7895588 0.4078059 -0.3869016 -0.3048434 0.8702744 0.1109962 -0.9919526 0.06090884 0.4915535 -0.3129582 -0.8126699 0.1870971 0.8099574 -0.555845 -0.368373 0.8099616 0.4563591 -0.4214883 -0.3129531 0.8511216 -1.253452E-07 -1 -2.157728E-06 0.4564949 -0.3156501 -0.8318518 0.2775991 0.8167308 -0.5058553 -0.2775968 0.8167322 0.5058542 -0.4564961 -0.3156476 0.8318521 -0.0497158 -0.9676662 -0.2472862 0.9224321 -0.3129547 -0.2262266 -0.02495352 -0.9919525 -0.1241268 0.9147865 -0.3048483 -0.2650154 0.5863556 0.8099583 -0.01243436 0.6073627 0.7895547 0.08782838 -0.5455958 0.8099586 0.2151563 -0.5262193 0.7895549 0.3157473 -0.9381857 -0.3129572 0.1478693 -0.9461261 -0.3048508 0.1091393 -0.07405932 -0.9267351 -0.368344 0.9074132 -0.2912528 -0.3029406 0.6284532 0.7552801 0.1860066 -0.507726 0.7552801 0.414447 -0.9539841 -0.2912535 0.07131317 -0.09767976 -0.8685803 -0.485826 0.9004142 -0.2720835 -0.3394479 0.6492795 0.7068062 0.2808225 -0.4902901 0.7068036 0.5099455 -0.9616373 -0.2720899 0.03493981 -0.1201865 -0.7926146 -0.5977603 0.8939067 -0.2473046 -0.37386 0.6693922 0.6438332 0.3706655 -0.4741146 0.6438334 0.600578 -0.9689377 -0.2473039 0.0006843308 -0.1410681 -0.6984786 -0.7015892 0.8880304 -0.2169599 -0.4053769 0.6882231 0.5662796 0.4535155 -0.4594623 0.566282 0.6842654 -0.9757014 -0.2169494 -0.03065637 -0.159679 -0.5863698 -0.7941493 0.8829336 -0.181287 -0.4330859 0.705115 0.4744928 0.5269434 -0.4466622 0.4744949 0.7585166 -0.9817092 -0.1812787 -0.05818057 -0.1752871 -0.4574185 -0.8718043 0.878766 -0.1407987 -0.4560111 0.7193417 0.3695112 0.5882253 -0.4360956 0.3695131 0.8205368 -0.9867252 -0.140795 -0.08093406 -0.1932792 -0.1963684 -0.9612921 0.8754572 -0.05984449 -0.4795762 0.7389299 0.1580274 0.6549885 -0.4283524 0.1580279 0.8896861 -0.9927815 -0.05984307 -0.1039412 -0.1971195 0.001132003 -0.9803788 0.8709204 0.0003535174 -0.4914241 0.7344493 -0.0008976672 0.6786631 -0.4150661 -0.0008997125 0.9097908 -0.9931769 0.0003525536 -0.1166164 0.1932811 -0.1963689 0.9612917 0.9931764 0.0003543728 0.1166213 0.1971187 0.001132455 0.980379 0.9927812 -0.0598416 0.1039452 0.41507 -0.0008974561 -0.909789 0.4283552 0.1580298 -0.8896844 -0.734449 -0.0008968458 -0.6786633 -0.73893 0.1580277 -0.6549883 -0.8709204 0.0003544847 0.491424 -0.8754563 -0.05984652 0.4795775 0.1752911 -0.4574186 0.8718035 0.986725 -0.1407944 0.08093637 0.4360968 0.3695134 -0.8205361 -0.7193418 0.3695097 -0.5882261 -0.8787643 -0.1408022 0.4560133 0.1596796 -0.5863691 0.7941496 0.9817092 -0.1812793 0.05817933 0.4466602 0.4744947 -0.7585179 -0.7051142 0.4744933 -0.526944 -0.8829332 -0.1812837 0.4330879 0.1410644 -0.6984775 0.7015911 0.9757019 -0.2169472 0.03065321 0.4594566 0.5662873 -0.6842648 -0.6882223 0.566283 -0.4535125 -0.8880315 -0.2169526 0.4053782 0.1201815 -0.7926136 0.5977626 0.9689393 -0.2472978 -0.0006835519 0.4741082 0.64384 -0.600576 -0.6693923 0.6438338 -0.3706643 -0.8939079 -0.2473014 0.3738591 0.09767363 -0.8685798 0.4858282 0.9616374 -0.27209 -0.03493719 0.4902887 0.7068037 -0.5099466 -0.6492798 0.7068052 -0.280824 -0.9004157 -0.2720815 0.3394456 0.07405626 -0.9267351 0.3683446 0.9539818 -0.2912617 -0.07131157 0.5077323 0.7552748 -0.4144489 -0.6284541 0.7552792 -0.1860075 -0.9074141 -0.2912515 0.3029392 0.0497185 -0.9676664 0.2472849 0.9461251 -0.3048538 -0.1091397 0.5262232 0.7895523 -0.3157471 -0.6073661 0.7895521 -0.08782839 -0.9147848 -0.3048533 0.2650155 0.02495802 -0.9919527 0.1241249 0.9381858 -0.3129563 -0.1478707 0.5455961 0.8099584 -0.2151564 -0.5863582 0.8099564 0.01243419 -0.9224302 -0.3129607 0.2262259 2.184591E-06 -1 -1.003882E-06 0.9302596 -0.3156483 -0.1870382 0.5656984 0.8167304 -0.1137396 -0.5656973 0.8167314 0.1137381 -0.9302595 -0.3156491 0.1870371 -0.1503776 -0.9676664 -0.2025049 0.7380043 -0.3129587 -0.5978348 -0.07548347 -0.9919526 -0.1016479 0.7145562 -0.3048513 -0.6296628 0.5251214 0.8099564 -0.2611861 0.586863 0.7895519 -0.1794423 -0.4018353 0.8099602 0.4271919 -0.3414285 0.7895582 0.5099259 -0.7856566 -0.3129548 0.5336692 -0.8093488 -0.3048472 0.5020186 -0.2240001 -0.9267354 -0.301638 0.691723 -0.2912545 -0.6608254 0.6477892 0.7552785 -0.09961688 -0.2826302 0.7552817 0.5913287 -0.832582 -0.2912505 0.4711479 -0.2954493 -0.8685806 -0.3978409 0.6698301 -0.2720865 -0.6908665 0.7070427 0.7068058 -0.02272136 -0.2261516 0.7068039 0.6702862 -0.8550095 -0.2720832 0.4415083 -0.3635229 -0.7926129 -0.4895059 0.6492733 -0.2473007 -0.7192264 0.7635305 0.6438351 0.04997464 -0.1728852 0.6438333 0.7453787 -0.8762129 -0.2473004 0.4136345 -0.4266661 -0.6984758 -0.5745324 0.6305194 -0.2169549 -0.7452354 0.8158821 0.56628 0.1168904 -0.1239587 0.5662791 0.8148388 -0.8956885 -0.2169559 0.3881651 -0.4556437 -0.6449382 -0.6135499 0.6215137 -0.2003992 -0.757338 0.8393708 0.5228946 0.1484514 -0.1005378 0.5228934 0.8464482 -0.9046699 -0.2003997 0.3760484 0.5845935 -0.1963659 0.7872044 0.9481415 0.0003552928 -0.3178484 0.5961996 0.00113311 0.8028354 0.9423802 -0.05984358 -0.3291477 -0.01233204 -0.0008961795 -0.9999236 0.008258161 0.1580286 -0.9874 -0.953669 -0.0008969212 -0.3008566 -0.9476308 0.1580274 -0.2775307 -0.5783657 0.0003550888 0.8157775 -0.5875188 -0.0598447 0.8069946 0.5301765 -0.457417 0.7139206 0.9270933 -0.1407987 -0.3473813 0.04473813 0.3695107 -0.9281489 -0.9014528 0.3695108 -0.2254875 -0.6005564 -0.1407991 0.7870881 0.4829537 -0.586369 0.6503285 0.912856 -0.1812835 -0.365828 0.08073004 0.4744923 -0.8765499 -0.862461 0.474493 -0.1761177 -0.6141005 -0.1812831 0.7681257 0.4266631 -0.6984747 0.574536 0.8956909 -0.2169483 -0.3881639 0.1239597 0.5662852 -0.8148344 -0.81588 0.5662825 -0.1168931 -0.6305238 -0.2169524 0.7452325 0.3635157 -0.7926118 0.4895128 0.8762161 -0.2472984 -0.4136291 0.1728863 0.6438384 -0.745374 -0.7635311 0.6438346 -0.04997337 -0.6492734 -0.2473002 0.7192264 0.2954416 -0.8685795 0.397849 0.855009 -0.2720904 -0.4415048 0.2261519 0.7068038 -0.6702863 -0.7070449 0.7068034 0.02272576 -0.6698274 -0.2720841 0.69087 0.2240005 -0.9267342 0.3016413 0.8325801 -0.2912574 -0.4711469 0.2826342 0.7552775 -0.5913323 -0.6477878 0.7552794 0.09961918 -0.6917195 -0.2912517 0.6608302 0.1503845 -0.967666 0.2025019 0.8093486 -0.3048501 -0.5020172 0.341433 0.7895536 -0.5099301 -0.586858 0.7895566 0.1794379 -0.7145551 -0.3048488 0.6296652 0.07548479 -0.9919528 0.1016455 0.7856566 -0.3129557 -0.5336688 0.4018358 0.8099593 -0.4271931 -0.5251175 0.8099607 0.2611809 -0.7380065 -0.3129554 0.5978338 -2.775501E-06 -1 -1.880178E-07 0.76179 -0.3156485 -0.5657225 0.4632491 0.8167321 -0.3440187 -0.4632497 0.816732 0.3440181 -0.7617921 -0.3156468 0.5657207</float_array>
                    <technique_common>
                        <accessor count="280" offset="0" source="green_2_0-geometry-NORMAL-array" stride="3">
                            <param name="X" type="float" />
                            <param name="Y" type="float" />
                            <param name="Z" type="float" />
                        </accessor>
                    </technique_common>
                </source>
                <source id="green_2_0-geometry-TEXCOORD">
                    <float_array id="green_2_0-geometry-TEXCOORD-array" count="252">0.5999997 1 0.5499997 0.8000001 0.5499997 1 0.5999997 0.8000001 0.5499997 0.6 0.5999997 0.6 0.5499997 0.4 0.5999997 0.4 0.5499997 0.1999999 0.5999997 0.1999999 0.5499997 5.960464E-08 0.5999997 5.960464E-08 0.6499997 1 0.6499997 0.8000001 0.6499997 0.6 0.6499997 0.4 0.6499997 0.1999999 0.6499997 5.960464E-08 0.6999999 1 0.6999999 0.8000001 0.6999999 0.6 0.6999999 0.4 0.6999999 0.1999999 0.6999999 5.960464E-08 0.7499999 1 0.7499999 0.8000001 0.7499999 0.6 0.7499999 0.4 0.7499999 0.1999999 0.7499999 5.960464E-08 0.7999999 1 0.7999999 0.8000001 0.7999999 0.6 0.7999999 0.4 0.7999999 0.1999999 0.7999999 5.960464E-08 0.8499998 1 0.8499998 0.8000001 0.8499998 0.6 0.8499998 0.4 0.8499998 0.1999999 0.8499998 5.960464E-08 0.8999998 1 0.8999998 0.8000001 0.8999998 0.6 0.8999998 0.4 0.8999998 0.1999999 0.8999998 5.960464E-08 0.9499998 1 0.9499998 0.8000001 0.9499998 0.6 0.9499998 0.4 0.9499998 0.1999999 0.9499998 5.960464E-08 1 1 1 0.8000001 1 0.6 1 0.4 1 0.1999999 1 5.960464E-08 0.2499998 1 0.1999999 0.8000001 0.1999999 1 0.2499998 0.8000001 0.1999999 0.6 0.2499998 0.6 0.1999999 0.4 0.2499998 0.4 0.1999999 0.1999999 0.2499998 0.1999999 0.1999999 5.960464E-08 0.2499998 5.960464E-08 0.2999998 1 0.2999998 0.8000001 0.2999998 0.6 0.2999998 0.4 0.2999998 0.1999999 0.2999998 5.960464E-08 0.3499998 1 0.3499998 0.8000001 0.3499998 0.6 0.3499998 0.4 0.3499998 0.1999999 0.3499998 5.960464E-08 0.3999998 1 0.3999998 0.8000001 0.3999998 0.6 0.3999998 0.4 0.3999998 0.1999999 0.3999998 5.960464E-08 0.4499997 1 0.4499997 0.8000001 0.4499997 0.6 0.4499997 0.4 0.4499997 0.1999999 0.4499997 5.960464E-08 0.4999997 1 0.4999997 0.8000001 0.4999997 0.6 0.4999997 0.4 0.4999997 0.1999999 0.4999997 5.960464E-08 0.04999994 1 -1.301953E-08 0.8000001 -1.301953E-08 1 0.04999994 0.8000001 -1.301953E-08 0.6 0.04999994 0.6 -1.301953E-08 0.4 0.04999994 0.4 -1.301953E-08 0.1999999 0.04999994 0.1999999 -1.301953E-08 5.960464E-08 0.04999994 5.960464E-08 0.09999994 1 0.09999994 0.8000001 0.09999994 0.6 0.09999994 0.4 0.09999994 0.1999999 0.09999994 5.960464E-08 0.1499999 1 0.1499999 0.8000001 0.1499999 0.6 0.1499999 0.4 0.1499999 0.1999999 0.1499999 5.960464E-08</float_array>
                    <technique_common>
                        <accessor count="126" offset="0" source="green_2_0-geometry-TEXCOORD-array" stride="2">
                            <param name="S" type="float" />
                            <param name="T" type="float" />
                        </accessor>
                    </technique_common>
                </source>
                <source id="green_2_0-geometry-COLOR">
                    <float_array id="green_2_0-geometry-COLOR-array" count="12">0.5921569 0.6 0.6745098 1 1 1 0.9764706 1 0.9843137 0.9529412 0.8745098 1</float_array>
                    <technique_common>
                        <accessor count="3" offset="0" source="green_2_0-geometry-COLOR-array" stride="4">
                            <param name="R" type="double" />
                            <param name="G" type="double" />
                            <param name="B" type="double" />
                            <param name="A" type="double" />
                        </accessor>
                    </technique_common>
                </source>
                <vertices id="green_2_0-vertices">
                    <input semantic="POSITION" source="#green_2_0-geometry-POSITION" />
                </vertices>
                <triangles count="530" material="tach_s0">
                    <input semantic="VERTEX" source="#green_2_0-vertices" offset="0" set="0" />
                    <input semantic="NORMAL" source="#green_2_0-geometry-NORMAL" offset="1" set="0" />
                    <input semantic="TEXCOORD" source="#green_2_0-geometry-TEXCOORD" offset="2" set="0" />
                    <input semantic="COLOR" source="#green_2_0-geometry-COLOR" offset="3" set="0" />
                    <p>2 2 2 0 1 1 1 1 0 0 0 0 5 0 0 0 4 1 1 1 3 3 3 1 8 1 1 1 7 4 4 1 6 3 3 1 11 3 3 1 10 4 4 1 9 5 5 1 14 4 4 1 13 6 6 1 12 5 5 1 17 5 5 1 16 6 6 1 15 7 7 1 20 6 6 1 19 8 8 0 18 7 7 1 23 7 7 1 22 8 8 0 21 9 9 0 26 8 8 0 25 2 10 0 24 9 9 0 29 9 9 0 28 2 10 0 27 0 11 0 32 0 0 0 31 3 3 1 30 10 12 0 35 10 12 0 34 3 3 1 33 11 13 1 38 3 3 1 37 5 5 1 36 11 13 1 41 11 13 1 40 5 5 1 39 12 14 1 44 5 5 1 43 7 7 1 42 12 14 1 47 12 14 1 46 7 7 1 45 13 15 1 50 7 7 1 49 9 9 0 48 13 15 1 53 13 15 1 52 9 9 0 51 14 16 0 56 9 9 0 55 0 11 0 54 14 16 0 59 14 16 0 58 0 11 0 57 10 17 0 62 10 12 0 61 11 13 1 60 15 18 0 65 15 18 0 64 11 13 1 63 16 19 1 68 11 13 1 67 12 14 1 66 16 19 1 71 16 19 1 70 12 14 1 69 17 20 1 74 12 14 1 73 13 15 1 72 17 20 1 77 17 20 1 76 13 15 1 75 18 21 1 80 13 15 1 79 14 16 0 78 18 21 1 83 18 21 1 82 14 16 0 81 19 22 0 86 14 16 0 85 10 17 0 84 19 22 0 89 19 22 0 88 10 17 0 87 15 23 0 92 15 18 0 91 16 19 1 90 20 24 0 95 20 24 0 94 16 19 1 93 21 25 1 98 16 19 1 97 17 20 1 96 21 25 1 101 21 25 1 100 17 20 1 99 22 26 1 104 17 20 1 103 18 21 1 102 22 26 1 107 22 26 1 106 18 21 1 105 23 27 1 110 18 21 1 109 19 22 0 108 23 27 1 113 23 27 1 112 19 22 0 111 24 28 0 116 19 22 0 115 15 23 0 114 24 28 0 119 24 28 0 118 15 23 0 117 20 29 0 122 20 24 0 121 21 25 1 120 25 30 0 125 25 30 0 124 21 25 1 123 26 31 1 128 21 25 1 127 22 26 1 126 26 31 1 131 26 31 1 130 22 26 1 129 27 32 1 134 22 26 1 133 23 27 1 132 27 32 1 137 27 32 1 136 23 27 1 135 28 33 1 140 23 27 1 139 24 28 0 138 28 33 1 143 28 33 1 142 24 28 0 141 29 34 0 146 24 28 0 145 20 29 0 144 29 34 0 149 29 34 0 148 20 29 0 147 25 35 0 152 25 30 0 151 26 31 1 150 30 36 0 155 30 36 0 154 26 31 1 153 31 37 1 158 26 31 1 157 27 32 1 156 31 37 1 161 31 37 1 160 27 32 1 159 32 38 1 164 27 32 1 163 28 33 1 162 32 38 1 167 32 38 1 166 28 33 1 165 33 39 1 170 28 33 1 169 29 34 0 168 33 39 1 173 33 39 1 172 29 34 0 171 34 40 0 176 29 34 0 175 25 35 0 174 34 40 0 179 34 40 0 178 25 35 0 177 30 41 0 182 30 36 0 181 31 37 1 180 35 42 0 185 35 42 0 184 31 37 1 183 36 43 1 188 31 37 1 187 32 38 1 186 36 43 1 191 36 43 1 190 32 38 1 189 37 44 1 194 32 38 1 193 33 39 1 192 37 44 1 197 37 44 1 196 33 39 1 195 38 45 1 200 33 39 1 199 34 40 0 198 38 45 1 203 38 45 1 202 34 40 0 201 39 46 0 206 34 40 0 205 30 41 0 204 39 46 0 209 39 46 0 208 30 41 0 207 35 47 0 212 35 42 0 211 36 43 1 210 40 48 0 215 40 48 0 214 36 43 1 213 41 49 1 218 36 43 1 217 37 44 1 216 41 49 1 221 41 49 1 220 37 44 1 219 42 50 1 224 37 44 1 223 38 45 1 222 42 50 1 227 42 50 1 226 38 45 1 225 43 51 1 230 38 45 1 229 39 46 0 228 43 51 1 233 43 51 1 232 39 46 0 231 44 52 0 236 39 46 0 235 35 47 0 234 44 52 0 239 44 52 0 238 35 47 0 237 40 53 0 242 40 48 0 241 41 49 1 240 45 54 0 245 45 54 0 244 41 49 1 243 46 55 1 248 41 49 1 247 42 50 1 246 46 55 1 251 46 55 1 250 42 50 1 249 47 56 1 254 42 50 1 253 43 51 1 252 47 56 1 257 47 56 1 256 43 51 1 255 48 57 1 260 43 51 1 259 44 52 0 258 48 57 1 263 48 57 1 262 44 52 0 261 49 58 0 266 44 52 0 265 40 53 0 264 49 58 0 269 49 58 0 268 40 53 0 267 45 59 0 272 52 62 0 271 51 61 1 270 50 60 0 275 50 60 0 274 51 61 1 273 53 63 1 278 51 61 1 277 54 64 1 276 53 63 1 281 53 63 1 280 54 64 1 279 55 65 1 284 54 64 1 283 56 66 0 282 55 65 1 287 55 65 1 286 56 66 0 285 57 67 0 290 56 66 0 289 58 68 0 288 57 67 0 293 57 67 0 292 58 68 0 291 59 69 0 296 58 68 0 295 52 70 0 294 59 69 0 299 59 69 0 298 52 70 0 297 50 71 0 302 50 60 0 301 53 63 1 300 60 72 0 305 60 72 0 304 53 63 1 303 61 73 1 308 53 63 1 307 55 65 1 306 61 73 1 311 61 73 1 310 55 65 1 309 62 74 1 314 55 65 1 313 57 67 0 312 62 74 1 317 62 74 1 316 57 67 0 315 63 75 0 320 57 67 0 319 59 69 0 318 63 75 0 323 63 75 0 322 59 69 0 321 64 76 0 326 59 69 0 325 50 71 0 324 64 76 0 329 64 76 0 328 50 71 0 327 60 77 0 332 60 72 0 331 61 73 1 330 65 78 0 335 65 78 0 334 61 73 1 333 66 79 1 338 61 73 1 337 62 74 1 336 66 79 1 341 66 79 1 340 62 74 1 339 67 80 1 344 62 74 1 343 63 75 0 342 67 80 1 347 67 80 1 346 63 75 0 345 68 81 1 350 63 75 0 349 64 76 0 348 68 81 1 353 68 81 1 352 64 76 0 351 69 82 0 356 64 76 0 355 60 77 0 354 69 82 0 359 69 82 0 358 60 77 0 357 65 83 0 362 65 78 0 361 66 79 1 360 70 84 0 365 70 84 0 364 66 79 1 363 71 85 1 368 66 79 1 367 67 80 1 366 71 85 1 371 71 85 1 370 67 80 1 369 72 86 1 374 67 80 1 373 68 81 1 372 72 86 1 377 72 86 1 376 68 81 1 375 73 87 1 380 68 81 1 379 69 82 0 378 73 87 1 383 73 87 1 382 69 82 0 381 74 88 0 386 69 82 0 385 65 83 0 384 74 88 0 389 74 88 0 388 65 83 0 387 70 89 0 392 70 84 0 391 71 85 1 390 75 90 0 395 75 90 0 394 71 85 1 393 76 91 1 398 71 85 1 397 72 86 1 396 76 91 1 401 76 91 1 400 72 86 1 399 77 92 1 404 72 86 1 403 73 87 1 402 77 92 1 407 77 92 1 406 73 87 1 405 78 93 1 410 73 87 1 409 74 88 0 408 78 93 1 413 78 93 1 412 74 88 0 411 79 94 0 416 74 88 0 415 70 89 0 414 79 94 0 419 79 94 0 418 70 89 0 417 75 95 0 422 75 90 0 421 76 91 1 420 80 96 0 425 80 96 0 424 76 91 1 423 81 97 1 428 76 91 1 427 77 92 1 426 81 97 1 431 81 97 1 430 77 92 1 429 82 98 1 434 77 92 1 433 78 93 1 432 82 98 1 437 82 98 1 436 78 93 1 435 83 99 1 440 78 93 1 439 79 94 0 438 83 99 1 443 83 99 1 442 79 94 0 441 84 100 0 446 79 94 0 445 75 95 0 444 84 100 0 449 84 100 0 448 75 95 0 447 80 101 0 452 80 96 0 451 81 97 1 450 2 2 0 455 2 2 0 454 81 97 1 453 1 1 1 458 81 97 1 457 82 98 1 456 1 1 1 461 1 1 1 460 82 98 1 459 4 4 1 464 82 98 1 463 83 99 1 462 4 4 1 467 4 4 1 466 83 99 1 465 6 6 1 470 83 99 1 469 84 100 0 468 6 6 1 473 6 6 1 472 84 100 0 471 8 8 0 476 84 100 0 475 80 101 0 474 8 8 0 479 8 8 0 478 80 101 0 477 2 10 0 482 87 2 0 481 86 1 1 480 85 0 0 485 85 0 0 484 86 1 1 483 88 3 1 488 86 1 1 487 89 4 1 486 88 3 1 491 88 3 1 490 89 4 1 489 90 5 1 494 89 4 1 493 91 6 1 492 90 5 1 497 90 5 1 496 91 6 1 495 92 7 1 500 91 6 1 499 93 8 0 498 92 7 1 503 92 7 1 502 93 8 0 501 94 9 0 506 93 8 0 505 87 10 0 504 94 9 0 509 94 9 0 508 87 10 0 507 85 11 0 512 85 0 0 511 88 3 1 510 95 12 0 515 95 12 0 514 88 3 1 513 96 13 1 518 88 3 1 517 90 5 1 516 96 13 1 521 96 13 1 520 90 5 1 519 97 14 1 524 90 5 1 523 92 7 1 522 97 14 1 527 97 14 1 526 92 7 1 525 98 15 1 530 92 7 1 529 94 9 0 528 98 15 1 533 98 15 1 532 94 9 0 531 99 16 0 536 94 9 0 535 85 11 0 534 99 16 0 539 99 16 0 538 85 11 0 537 95 17 0 542 95 12 0 541 96 13 1 540 100 18 0 545 100 18 0 544 96 13 1 543 101 19 1 548 96 13 1 547 97 14 1 546 101 19 1 551 101 19 1 550 97 14 1 549 102 20 1 554 97 14 1 553 98 15 1 552 102 20 1 557 102 20 1 556 98 15 1 555 103 21 2 560 98 15 1 559 99 16 0 558 103 21 2 563 103 21 2 562 99 16 0 561 104 22 0 566 99 16 0 565 95 17 0 564 104 22 0 569 104 22 0 568 95 17 0 567 100 23 0 572 100 18 0 571 101 19 1 570 105 24 0 575 105 24 0 574 101 19 1 573 106 25 1 578 101 19 1 577 102 20 1 576 106 25 1 581 106 25 1 580 102 20 1 579 107 26 1 584 102 20 1 583 103 21 2 582 107 26 1 587 107 26 1 586 103 21 2 585 108 27 0 590 103 21 2 589 104 22 0 588 108 27 0 593 108 27 0 592 104 22 0 591 109 28 0 596 104 22 0 595 100 23 0 594 109 28 0 599 109 28 0 598 100 23 0 597 105 29 0 602 105 24 0 601 106 25 1 600 110 30 0 605 110 30 0 604 106 25 1 603 111 31 1 608 106 25 1 607 107 26 1 606 111 31 1 611 111 31 1 610 107 26 1 609 112 32 1 614 107 26 1 613 108 27 0 612 112 32 1 617 112 32 1 616 108 27 0 615 113 33 0 620 108 27 0 619 109 28 0 618 113 33 0 623 113 33 0 622 109 28 0 621 114 34 0 626 109 28 0 625 105 29 0 624 114 34 0 629 114 34 0 628 105 29 0 627 110 35 0 632 110 30 0 631 111 31 1 630 115 36 0 635 115 36 0 634 111 31 1 633 116 37 1 638 111 31 1 637 112 32 1 636 116 37 1 641 116 37 1 640 112 32 1 639 117 38 1 644 112 32 1 643 113 33 0 642 117 38 1 647 117 38 1 646 113 33 0 645 118 39 0 650 113 33 0 649 114 34 0 648 118 39 0 653 118 39 0 652 114 34 0 651 119 40 0 656 114 34 0 655 110 35 0 654 119 40 0 659 119 40 0 658 110 35 0 657 115 41 0 662 115 36 0 661 116 37 1 660 120 42 0 665 120 42 0 664 116 37 1 663 121 43 1 668 116 37 1 667 117 38 1 666 121 43 1 671 121 43 1 670 117 38 1 669 122 44 1 674 117 38 1 673 118 39 0 672 122 44 1 677 122 44 1 676 118 39 0 675 123 45 0 680 118 39 0 679 119 40 0 678 123 45 0 683 123 45 0 682 119 40 0 681 124 46 0 686 119 40 0 685 115 41 0 684 124 46 0 689 124 46 0 688 115 41 0 687 120 47 0 692 120 42 0 691 121 43 1 690 125 48 0 695 125 48 0 694 121 43 1 693 126 49 1 698 121 43 1 697 122 44 1 696 126 49 1 701 126 49 1 700 122 44 1 699 127 50 1 704 122 44 1 703 123 45 0 702 127 50 1 707 127 50 1 706 123 45 0 705 128 51 0 710 123 45 0 709 124 46 0 708 128 51 0 713 128 51 0 712 124 46 0 711 129 52 0 716 124 46 0 715 120 47 0 714 129 52 0 719 129 52 0 718 120 47 0 717 125 53 0 722 125 48 0 721 126 49 1 720 130 54 1 725 130 54 1 724 126 49 1 723 131 55 1 728 126 49 1 727 127 50 1 726 131 55 1 731 131 55 1 730 127 50 1 729 132 56 1 734 127 50 1 733 128 51 0 732 132 56 1 737 132 56 1 736 128 51 0 735 133 57 0 740 128 51 0 739 129 52 0 738 133 57 0 743 133 57 0 742 129 52 0 741 134 58 0 746 129 52 0 745 125 53 0 744 134 58 0 749 134 58 0 748 125 53 0 747 130 59 1 752 137 104 0 751 136 103 1 750 135 102 0 755 135 102 0 754 136 103 1 753 138 105 1 758 136 103 1 757 139 106 1 756 138 105 1 761 138 105 1 760 139 106 1 759 140 107 1 764 139 106 1 763 141 108 0 762 140 107 1 767 140 107 1 766 141 108 0 765 142 109 0 770 141 108 0 769 143 110 0 768 142 109 0 773 142 109 0 772 143 110 0 771 144 111 0 776 143 110 0 775 137 112 0 774 144 111 0 779 144 111 0 778 137 112 0 777 135 113 0 782 135 102 0 781 138 105 1 780 145 114 0 785 145 114 0 784 138 105 1 783 146 115 1 788 138 105 1 787 140 107 1 786 146 115 1 791 146 115 1 790 140 107 1 789 147 116 1 794 140 107 1 793 142 109 0 792 147 116 1 797 147 116 1 796 142 109 0 795 148 117 0 800 142 109 0 799 144 111 0 798 148 117 0 803 148 117 0 802 144 111 0 801 149 118 0 806 144 111 0 805 135 113 0 804 149 118 0 809 149 118 0 808 135 113 0 807 145 119 0 812 145 114 0 811 146 115 1 810 150 120 0 815 150 120 0 814 146 115 1 813 151 121 1 818 146 115 1 817 147 116 1 816 151 121 1 821 151 121 1 820 147 116 1 819 152 122 1 824 147 116 1 823 148 117 0 822 152 122 1 827 152 122 1 826 148 117 0 825 153 123 0 830 148 117 0 829 149 118 0 828 153 123 0 833 153 123 0 832 149 118 0 831 154 124 0 836 149 118 0 835 145 119 0 834 154 124 0 839 154 124 0 838 145 119 0 837 150 125 0 842 150 120 0 841 151 121 1 840 155 62 0 845 155 62 0 844 151 121 1 843 156 61 1 848 151 121 1 847 152 122 1 846 156 61 1 851 156 61 1 850 152 122 1 849 157 64 1 854 152 122 1 853 153 123 0 852 157 64 1 857 157 64 1 856 153 123 0 855 158 66 0 860 153 123 0 859 154 124 0 858 158 66 0 863 158 66 0 862 154 124 0 861 159 68 0 866 154 124 0 865 150 125 0 864 159 68 0 869 159 68 0 868 150 125 0 867 155 70 0 872 155 62 0 871 156 61 1 870 160 60 0 875 160 60 0 874 156 61 1 873 161 63 1 878 156 61 1 877 157 64 1 876 161 63 1 881 161 63 1 880 157 64 1 879 162 65 1 884 157 64 1 883 158 66 0 882 162 65 1 887 162 65 1 886 158 66 0 885 163 67 1 890 158 66 0 889 159 68 0 888 163 67 1 893 163 67 1 892 159 68 0 891 164 69 0 896 159 68 0 895 155 70 0 894 164 69 0 899 164 69 0 898 155 70 0 897 160 71 0 902 160 60 0 901 161 63 1 900 165 72 0 905 165 72 0 904 161 63 1 903 166 73 1 908 161 63 1 907 162 65 1 906 166 73 1 911 166 73 1 910 162 65 1 909 167 74 1 914 162 65 1 913 163 67 1 912 167 74 1 917 167 74 1 916 163 67 1 915 168 75 1 920 163 67 1 919 164 69 0 918 168 75 1 923 168 75 1 922 164 69 0 921 169 76 0 926 164 69 0 925 160 71 0 924 169 76 0 929 169 76 0 928 160 71 0 927 165 77 0 932 165 72 0 931 166 73 1 930 170 78 0 935 170 78 0 934 166 73 1 933 171 79 1 938 166 73 1 937 167 74 1 936 171 79 1 941 171 79 1 940 167 74 1 939 172 80 1 944 167 74 1 943 168 75 1 942 172 80 1 947 172 80 1 946 168 75 1 945 173 81 1 950 168 75 1 949 169 76 0 948 173 81 1 953 173 81 1 952 169 76 0 951 174 82 0 956 169 76 0 955 165 77 0 954 174 82 0 959 174 82 0 958 165 77 0 957 170 83 0 962 170 78 0 961 171 79 1 960 175 84 0 965 175 84 0 964 171 79 1 963 176 85 1 968 171 79 1 967 172 80 1 966 176 85 1 971 176 85 1 970 172 80 1 969 177 86 1 974 172 80 1 973 173 81 1 972 177 86 1 977 177 86 1 976 173 81 1 975 178 87 1 980 173 81 1 979 174 82 0 978 178 87 1 983 178 87 1 982 174 82 0 981 179 88 0 986 174 82 0 985 170 83 0 984 179 88 0 989 179 88 0 988 170 83 0 987 175 89 0 992 175 84 0 991 176 85 1 990 180 90 0 995 180 90 0 994 176 85 1 993 181 91 1 998 176 85 1 997 177 86 1 996 181 91 1 1001 181 91 1 1000 177 86 1 999 182 92 1 1004 177 86 1 1003 178 87 1 1002 182 92 1 1007 182 92 1 1006 178 87 1 1005 183 93 1 1010 178 87 1 1009 179 88 0 1008 183 93 1 1013 183 93 1 1012 179 88 0 1011 184 94 0 1016 179 88 0 1015 175 89 0 1014 184 94 0 1019 184 94 0 1018 175 89 0 1017 180 95 0 1022 180 90 0 1021 181 91 1 1020 185 96 0 1025 185 96 0 1024 181 91 1 1023 186 97 1 1028 181 91 1 1027 182 92 1 1026 186 97 1 1031 186 97 1 1030 182 92 1 1029 187 98 1 1034 182 92 1 1033 183 93 1 1032 187 98 1 1037 187 98 1 1036 183 93 1 1035 188 99 1 1040 183 93 1 1039 184 94 0 1038 188 99 1 1043 188 99 1 1042 184 94 0 1041 189 100 0 1046 184 94 0 1045 180 95 0 1044 189 100 0 1049 189 100 0 1048 180 95 0 1047 185 101 0 1052 185 96 0 1051 186 97 1 1050 87 2 0 1055 87 2 0 1054 186 97 1 1053 86 1 1 1058 186 97 1 1057 187 98 1 1056 86 1 1 1061 86 1 1 1060 187 98 1 1059 89 4 1 1064 187 98 1 1063 188 99 1 1062 89 4 1 1067 89 4 1 1066 188 99 1 1065 91 6 1 1070 188 99 1 1069 189 100 0 1068 91 6 1 1073 91 6 1 1072 189 100 0 1071 93 8 0 1076 189 100 0 1075 185 101 0 1074 93 8 0 1079 93 8 0 1078 185 101 0 1077 87 10 0 1082 192 2 0 1081 191 1 1 1080 190 0 0 1085 190 0 0 1084 191 1 1 1083 193 3 1 1088 191 1 1 1087 194 4 1 1086 193 3 1 1091 193 3 1 1090 194 4 1 1089 195 5 1 1094 194 4 1 1093 196 6 1 1092 195 5 1 1097 195 5 1 1096 196 6 1 1095 197 7 1 1100 196 6 1 1099 198 8 0 1098 197 7 1 1103 197 7 1 1102 198 8 0 1101 199 9 0 1106 198 8 0 1105 192 10 0 1104 199 9 0 1109 199 9 0 1108 192 10 0 1107 190 11 0 1112 190 0 0 1111 193 3 1 1110 200 12 0 1115 200 12 0 1114 193 3 1 1113 201 13 1 1118 193 3 1 1117 195 5 1 1116 201 13 1 1121 201 13 1 1120 195 5 1 1119 202 14 1 1124 195 5 1 1123 197 7 1 1122 202 14 1 1127 202 14 1 1126 197 7 1 1125 203 15 1 1130 197 7 1 1129 199 9 0 1128 203 15 1 1133 203 15 1 1132 199 9 0 1131 204 16 0 1136 199 9 0 1135 190 11 0 1134 204 16 0 1139 204 16 0 1138 190 11 0 1137 200 17 0 1142 200 12 0 1141 201 13 1 1140 205 18 0 1145 205 18 0 1144 201 13 1 1143 206 19 1 1148 201 13 1 1147 202 14 1 1146 206 19 1 1151 206 19 1 1150 202 14 1 1149 207 20 1 1154 202 14 1 1153 203 15 1 1152 207 20 1 1157 207 20 1 1156 203 15 1 1155 208 21 1 1160 203 15 1 1159 204 16 0 1158 208 21 1 1163 208 21 1 1162 204 16 0 1161 209 22 0 1166 204 16 0 1165 200 17 0 1164 209 22 0 1169 209 22 0 1168 200 17 0 1167 205 23 0 1172 205 18 0 1171 206 19 1 1170 210 24 0 1175 210 24 0 1174 206 19 1 1173 211 25 1 1178 206 19 1 1177 207 20 1 1176 211 25 1 1181 211 25 1 1180 207 20 1 1179 212 26 1 1184 207 20 1 1183 208 21 1 1182 212 26 1 1187 212 26 1 1186 208 21 1 1185 213 27 1 1190 208 21 1 1189 209 22 0 1188 213 27 1 1193 213 27 1 1192 209 22 0 1191 214 28 0 1196 209 22 0 1195 205 23 0 1194 214 28 0 1199 214 28 0 1198 205 23 0 1197 210 29 0 1202 210 24 0 1201 211 25 1 1200 215 30 0 1205 215 30 0 1204 211 25 1 1203 216 31 1 1208 211 25 1 1207 212 26 1 1206 216 31 1 1211 216 31 1 1210 212 26 1 1209 217 32 1 1214 212 26 1 1213 213 27 1 1212 217 32 1 1217 217 32 1 1216 213 27 1 1215 218 33 1 1220 213 27 1 1219 214 28 0 1218 218 33 1 1223 218 33 1 1222 214 28 0 1221 219 34 0 1226 214 28 0 1225 210 29 0 1224 219 34 0 1229 219 34 0 1228 210 29 0 1227 215 35 0 1232 215 30 0 1231 216 31 1 1230 220 36 0 1235 220 36 0 1234 216 31 1 1233 221 37 1 1238 216 31 1 1237 217 32 1 1236 221 37 1 1241 221 37 1 1240 217 32 1 1239 222 38 1 1244 217 32 1 1243 218 33 1 1242 222 38 1 1247 222 38 1 1246 218 33 1 1245 223 39 1 1250 218 33 1 1249 219 34 0 1248 223 39 1 1253 223 39 1 1252 219 34 0 1251 224 40 0 1256 219 34 0 1255 215 35 0 1254 224 40 0 1259 224 40 0 1258 215 35 0 1257 220 41 0 1262 227 104 1 1261 226 103 1 1260 225 102 1 1265 225 102 1 1264 226 103 1 1263 228 105 1 1268 226 103 1 1267 229 106 1 1266 228 105 1 1271 228 105 1 1270 229 106 1 1269 230 107 1 1274 229 106 1 1273 231 108 0 1272 230 107 1 1277 230 107 1 1276 231 108 0 1275 232 109 0 1280 231 108 0 1279 233 110 0 1278 232 109 0 1283 232 109 0 1282 233 110 0 1281 234 111 0 1286 233 110 0 1285 227 112 1 1284 234 111 0 1289 234 111 0 1288 227 112 1 1287 225 113 1 1292 225 102 1 1291 228 105 1 1290 235 114 0 1295 235 114 0 1294 228 105 1 1293 236 115 1 1298 228 105 1 1297 230 107 1 1296 236 115 1 1301 236 115 1 1300 230 107 1 1299 237 116 1 1304 230 107 1 1303 232 109 0 1302 237 116 1 1307 237 116 1 1306 232 109 0 1305 238 117 0 1310 232 109 0 1309 234 111 0 1308 238 117 0 1313 238 117 0 1312 234 111 0 1311 239 118 0 1316 234 111 0 1315 225 113 1 1314 239 118 0 1319 239 118 0 1318 225 113 1 1317 235 119 0 1322 235 114 0 1321 236 115 1 1320 240 120 0 1325 240 120 0 1324 236 115 1 1323 241 121 1 1328 236 115 1 1327 237 116 1 1326 241 121 1 1331 241 121 1 1330 237 116 1 1329 242 122 1 1334 237 116 1 1333 238 117 0 1332 242 122 1 1337 242 122 1 1336 238 117 0 1335 243 123 0 1340 238 117 0 1339 239 118 0 1338 243 123 0 1343 243 123 0 1342 239 118 0 1341 244 124 0 1346 239 118 0 1345 235 119 0 1344 244 124 0 1349 244 124 0 1348 235 119 0 1347 240 125 0 1352 240 120 0 1351 241 121 1 1350 245 62 0 1355 245 62 0 1354 241 121 1 1353 246 61 1 1358 241 121 1 1357 242 122 1 1356 246 61 1 1361 246 61 1 1360 242 122 1 1359 247 64 1 1364 242 122 1 1363 243 123 0 1362 247 64 1 1367 247 64 1 1366 243 123 0 1365 248 66 0 1370 243 123 0 1369 244 124 0 1368 248 66 0 1373 248 66 0 1372 244 124 0 1371 249 68 0 1376 244 124 0 1375 240 125 0 1374 249 68 0 1379 249 68 0 1378 240 125 0 1377 245 70 0 1382 245 62 0 1381 246 61 1 1380 250 60 0 1385 250 60 0 1384 246 61 1 1383 251 63 1 1388 246 61 1 1387 247 64 1 1386 251 63 1 1391 251 63 1 1390 247 64 1 1389 252 65 1 1394 247 64 1 1393 248 66 0 1392 252 65 1 1397 252 65 1 1396 248 66 0 1395 253 67 0 1400 248 66 0 1399 249 68 0 1398 253 67 0 1403 253 67 0 1402 249 68 0 1401 254 69 0 1406 249 68 0 1405 245 70 0 1404 254 69 0 1409 254 69 0 1408 245 70 0 1407 250 71 0 1412 250 60 0 1411 251 63 1 1410 255 72 0 1415 255 72 0 1414 251 63 1 1413 256 73 1 1418 251 63 1 1417 252 65 1 1416 256 73 1 1421 256 73 1 1420 252 65 1 1419 257 74 1 1424 252 65 1 1423 253 67 0 1422 257 74 1 1427 257 74 1 1426 253 67 0 1425 258 75 0 1430 253 67 0 1429 254 69 0 1428 258 75 0 1433 258 75 0 1432 254 69 0 1431 259 76 0 1436 254 69 0 1435 250 71 0 1434 259 76 0 1439 259 76 0 1438 250 71 0 1437 255 77 0 1442 255 72 0 1441 256 73 1 1440 260 78 0 1445 260 78 0 1444 256 73 1 1443 261 79 1 1448 256 73 1 1447 257 74 1 1446 261 79 1 1451 261 79 1 1450 257 74 1 1449 262 80 1 1454 257 74 1 1453 258 75 0 1452 262 80 1 1457 262 80 1 1456 258 75 0 1455 263 81 1 1460 258 75 0 1459 259 76 0 1458 263 81 1 1463 263 81 1 1462 259 76 0 1461 264 82 0 1466 259 76 0 1465 255 77 0 1464 264 82 0 1469 264 82 0 1468 255 77 0 1467 260 83 0 1472 260 78 0 1471 261 79 1 1470 265 84 0 1475 265 84 0 1474 261 79 1 1473 266 85 1 1478 261 79 1 1477 262 80 1 1476 266 85 1 1481 266 85 1 1480 262 80 1 1479 267 86 1 1484 262 80 1 1483 263 81 1 1482 267 86 1 1487 267 86 1 1486 263 81 1 1485 268 87 1 1490 263 81 1 1489 264 82 0 1488 268 87 1 1493 268 87 1 1492 264 82 0 1491 269 88 0 1496 264 82 0 1495 260 83 0 1494 269 88 0 1499 269 88 0 1498 260 83 0 1497 265 89 0 1502 265 84 0 1501 266 85 1 1500 270 90 0 1505 270 90 0 1504 266 85 1 1503 271 91 1 1508 266 85 1 1507 267 86 1 1506 271 91 1 1511 271 91 1 1510 267 86 1 1509 272 92 1 1514 267 86 1 1513 268 87 1 1512 272 92 1 1517 272 92 1 1516 268 87 1 1515 273 93 1 1520 268 87 1 1519 269 88 0 1518 273 93 1 1523 273 93 1 1522 269 88 0 1521 274 94 0 1526 269 88 0 1525 265 89 0 1524 274 94 0 1529 274 94 0 1528 265 89 0 1527 270 95 0 1532 270 90 0 1531 271 91 1 1530 275 96 0 1535 275 96 0 1534 271 91 1 1533 276 97 1 1538 271 91 1 1537 272 92 1 1536 276 97 1 1541 276 97 1 1540 272 92 1 1539 277 98 1 1544 272 92 1 1543 273 93 1 1542 277 98 1 1547 277 98 1 1546 273 93 1 1545 278 99 1 1550 273 93 1 1549 274 94 0 1548 278 99 1 1553 278 99 1 1552 274 94 0 1551 279 100 0 1556 274 94 0 1555 270 95 0 1554 279 100 0 1559 279 100 0 1558 270 95 0 1557 275 101 0 1562 275 96 0 1561 276 97 1 1560 192 2 0 1565 192 2 0 1564 276 97 1 1563 191 1 1 1568 276 97 1 1567 277 98 1 1566 191 1 1 1571 191 1 1 1570 277 98 1 1569 194 4 1 1574 277 98 1 1573 278 99 1 1572 194 4 1 1577 194 4 1 1576 278 99 1 1575 196 6 1 1580 278 99 1 1579 279 100 0 1578 196 6 1 1583 196 6 1 1582 279 100 0 1581 198 8 0 1586 279 100 0 1585 275 101 0 1584 198 8 0 1589 198 8 0 1588 275 101 0 1587 192 10 0</p>
                </triangles>
            </mesh>
        </geometry>
        <geometry id="green_2_1-geometry" name="green_2_1">
            <mesh>
                <source id="green_2_1-geometry-POSITION">
                    <float_array id="green_2_1-geometry-POSITION-array" count="1620">-101.4089 60.08032 361.0427 -103.0698 60.44765 362.6581 -102.3839 60.44765 361.2148 -102.5995 60.08032 363.5478 -103.0698 60.44765 362.6581 -101.4089 60.08032 361.0427 -102.5995 60.08032 363.5478 -104.6544 60.44765 362.4517 -103.0698 60.44765 362.6581 -105.3499 60.08032 363.1896 -104.6544 60.44765 362.4517 -102.5995 60.08032 363.5478 -105.3499 60.08032 363.1896 -104.9478 60.44765 360.8809 -104.6544 60.44765 362.4517 -105.8592 60.08032 360.4631 -104.9478 60.44765 360.8809 -105.3499 60.08032 363.1896 -102.3839 60.44765 361.2148 -103.4235 60.08032 359.1363 -101.4089 60.08032 361.0427 -103.5445 60.44765 360.1164 -103.4235 60.08032 359.1363 -102.3839 60.44765 361.2148 -103.5445 60.44765 360.1164 -105.8592 60.08032 360.4631 -103.4235 60.08032 359.1363 -104.9478 60.44765 360.8809 -105.8592 60.08032 360.4631 -103.5445 60.44765 360.1164 -101.4089 58.27907 361.0427 -102.5995 60.08032 363.5478 -101.4089 60.08032 361.0427 -102.5995 58.27907 363.5478 -102.5995 60.08032 363.5478 -101.4089 58.27907 361.0427 -102.5995 58.27907 363.5478 -105.3499 60.08032 363.1896 -102.5995 60.08032 363.5478 -105.3499 58.27907 363.1896 -105.3499 60.08032 363.1896 -102.5995 58.27907 363.5478 -105.3499 58.27907 363.1896 -105.8592 60.08032 360.4631 -105.3499 60.08032 363.1896 -105.8592 58.27907 360.4631 -105.8592 60.08032 360.4631 -105.3499 58.27907 363.1896 -101.4089 60.08032 361.0427 -103.4235 58.27907 359.1363 -101.4089 58.27907 361.0427 -103.4235 60.08032 359.1363 -103.4235 58.27907 359.1363 -101.4089 60.08032 361.0427 -103.4235 60.08032 359.1363 -105.8592 58.27907 360.4631 -103.4235 58.27907 359.1363 -105.8592 60.08032 360.4631 -105.8592 58.27907 360.4631 -103.4235 60.08032 359.1363 -102.3839 57.91174 361.2148 -102.5995 58.27907 363.5478 -101.4089 58.27907 361.0427 -103.0698 57.91174 362.6581 -102.5995 58.27907 363.5478 -102.3839 57.91174 361.2148 -103.0698 57.91174 362.6581 -105.3499 58.27907 363.1896 -102.5995 58.27907 363.5478 -104.6544 57.91174 362.4517 -105.3499 58.27907 363.1896 -103.0698 57.91174 362.6581 -104.6544 57.91174 362.4517 -105.8592 58.27907 360.4631 -105.3499 58.27907 363.1896 -104.9478 57.91174 360.8809 -105.8592 58.27907 360.4631 -104.6544 57.91174 362.4517 -101.4089 58.27907 361.0427 -103.5445 57.91174 360.1164 -102.3839 57.91174 361.2148 -103.4235 58.27907 359.1363 -103.5445 57.91174 360.1164 -101.4089 58.27907 361.0427 -103.4235 58.27907 359.1363 -104.9478 57.91174 360.8809 -103.5445 57.91174 360.1164 -105.8592 58.27907 360.4631 -104.9478 57.91174 360.8809 -103.4235 58.27907 359.1363 -218.2072 94.87062 296.1501 -220.2941 95.88382 296.6428 -219.109 94.75914 296.6636 -220.1301 96.6954 296.1162 -220.2941 95.88382 296.6428 -218.2072 94.87062 296.1501 -220.1301 96.6954 296.1162 -221.084 95.8828 298.1588 -220.2941 95.88382 296.6428 -221.4117 96.6937 298.576 -221.084 95.8828 298.1588 -220.1301 96.6954 296.1162 -221.4117 96.6937 298.576 -220.3871 94.75745 299.1167 -221.084 95.8828 298.1588 -220.2809 94.86786 300.1301 -220.3871 94.75745 299.1167 -221.4117 96.6937 298.576 -219.109 94.75914 296.6636 -218.3005 93.74113 298.6308 -218.2072 94.87062 296.1501 -219.1664 94.06299 298.1926 -218.3005 93.74113 298.6308 -219.109 94.75914 296.6636 -219.1664 94.06299 298.1926 -220.2809 94.86786 300.1301 -218.3005 93.74113 298.6308 -220.3871 94.75745 299.1167 -220.2809 94.86786 300.1301 -219.1664 94.06299 298.1926 -216.8816 96.04572 296.8417 -220.1301 96.6954 296.1162 -218.2072 94.87062 296.1501 -218.8044 97.87048 296.8079 -220.1301 96.6954 296.1162 -216.8816 96.04572 296.8417 -218.8044 97.87048 296.8079 -221.4117 96.6937 298.576 -220.1301 96.6954 296.1162 -220.086 97.86877 299.2677 -221.4117 96.6937 298.576 -218.8044 97.87048 296.8079 -220.086 97.86877 299.2677 -220.2809 94.86786 300.1301 -221.4117 96.6937 298.576 -218.9552 96.04294 300.8218 -220.2809 94.86786 300.1301 -220.086 97.86877 299.2677 -218.2072 94.87062 296.1501 -216.9748 94.91623 299.3224 -216.8816 96.04572 296.8417 -218.3005 93.74113 298.6308 -216.9748 94.91623 299.3224 -218.2072 94.87062 296.1501 -218.3005 93.74113 298.6308 -218.9552 96.04294 300.8218 -216.9748 94.91623 299.3224 -220.2809 94.86786 300.1301 -218.9552 96.04294 300.8218 -218.3005 93.74113 298.6308 -217.1123 96.52901 297.7054 -218.8044 97.87048 296.8079 -216.8816 96.04572 296.8417 -218.2974 97.65367 297.6845 -218.8044 97.87048 296.8079 -217.1123 96.52901 297.7054 -218.2974 97.65367 297.6845 -220.086 97.86877 299.2677 -218.8044 97.87048 296.8079 -219.0873 97.65265 299.2006 -220.086 97.86877 299.2677 -218.2974 97.65367 297.6845 -219.0873 97.65265 299.2006 -218.9552 96.04294 300.8218 -220.086 97.86877 299.2677 -218.3904 96.52728 300.1584 -218.9552 96.04294 300.8218 -219.0873 97.65265 299.2006 -216.8816 96.04572 296.8417 -217.1698 95.83284 299.2343 -217.1123 96.52901 297.7054 -216.9748 94.91623 299.3224 -217.1698 95.83284 299.2343 -216.8816 96.04572 296.8417 -216.9748 94.91623 299.3224 -218.3904 96.52728 300.1584 -217.1698 95.83284 299.2343 -218.9552 96.04294 300.8218 -218.3904 96.52728 300.1584 -216.9748 94.91623 299.3224 -370.5584 60.08032 6.602771 -372.635 60.5075 7.691624 -371.4781 60.5075 6.482562 -372.4759 60.08032 8.606823 -372.635 60.5075 7.691624 -370.5584 60.08032 6.602771 -372.4759 60.08032 8.606823 -374.1424 60.5075 6.96502 -372.635 60.5075 7.691624 -374.9744 60.08032 7.402447 -374.1424 60.5075 6.96502 -372.4759 60.08032 8.606823 -374.9744 60.08032 7.402447 -373.9171 60.5075 5.306862 -374.1424 60.5075 6.96502 -374.601 60.08032 4.654046 -373.9171 60.5075 5.306862 -374.9744 60.08032 7.402447 -371.4781 60.5075 6.482562 -371.8718 60.08032 4.159815 -370.5584 60.08032 6.602771 -372.2706 60.5075 5.00869 -371.8718 60.08032 4.159815 -371.4781 60.5075 6.482562 -372.2706 60.5075 5.00869 -374.601 60.08032 4.654046 -371.8718 60.08032 4.159815 -373.9171 60.5075 5.306862 -374.601 60.08032 4.654046 -372.2706 60.5075 5.00869 -370.5584 58.27907 6.602771 -372.4759 60.08032 8.606823 -370.5584 60.08032 6.602771 -372.4759 58.27907 8.606823 -372.4759 60.08032 8.606823 -370.5584 58.27907 6.602771 -372.4759 58.27907 8.606823 -374.9744 60.08032 7.402447 -372.4759 60.08032 8.606823 -374.9744 58.27907 7.402447 -374.9744 60.08032 7.402447 -372.4759 58.27907 8.606823 -374.9744 58.27907 7.402447 -374.601 60.08032 4.654046 -374.9744 60.08032 7.402447 -374.601 58.27907 4.654046 -374.601 60.08032 4.654046 -374.9744 58.27907 7.402447 -370.5584 60.08032 6.602771 -371.8718 58.27907 4.159815 -370.5584 58.27907 6.602771 -371.8718 60.08032 4.159815 -371.8718 58.27907 4.159815 -370.5584 60.08032 6.602771 -371.8718 60.08032 4.159815 -374.601 58.27907 4.654046 -371.8718 58.27907 4.159815 -374.601 60.08032 4.654046 -374.601 58.27907 4.654046 -371.8718 60.08032 4.159815 -371.4781 57.85189 6.482562 -372.4759 58.27907 8.606823 -370.5584 58.27907 6.602771 -372.635 57.85189 7.691624 -372.4759 58.27907 8.606823 -371.4781 57.85189 6.482562 -372.635 57.85189 7.691624 -374.9744 58.27907 7.402447 -372.4759 58.27907 8.606823 -374.1424 57.85189 6.96502 -374.9744 58.27907 7.402447 -372.635 57.85189 7.691624 -374.1424 57.85189 6.96502 -374.601 58.27907 4.654046 -374.9744 58.27907 7.402447 -373.9171 57.85189 5.306862 -374.601 58.27907 4.654046 -374.1424 57.85189 6.96502 -370.5584 58.27907 6.602771 -372.2706 57.85189 5.00869 -371.4781 57.85189 6.482562 -371.8718 58.27907 4.159815 -372.2706 57.85189 5.00869 -370.5584 58.27907 6.602771 -371.8718 58.27907 4.159815 -373.9171 57.85189 5.306862 -372.2706 57.85189 5.00869 -374.601 58.27907 4.654046 -373.9171 57.85189 5.306862 -371.8718 58.27907 4.159815 -341.4229 60.08032 155.2712 -343.7611 60.45648 155.0488 -342.2047 60.45648 154.6404 -344.1057 60.08032 155.9753 -343.7611 60.45648 155.0488 -341.4229 60.08032 155.2712 -344.1057 60.08032 155.9753 -344.6305 60.45648 153.6949 -343.7611 60.45648 155.0488 -345.6043 60.08032 153.6413 -344.6305 60.45648 153.6949 -344.1057 60.08032 155.9753 -345.6043 60.08032 153.6413 -343.6114 60.45648 152.4496 -344.6305 60.45648 153.6949 -343.8477 60.08032 151.4949 -343.6114 60.45648 152.4496 -345.6043 60.08032 153.6413 -342.2047 60.45648 154.6404 -341.2634 60.08032 152.5022 -341.4229 60.08032 155.2712 -342.1122 60.45648 153.034 -341.2634 60.08032 152.5022 -342.2047 60.45648 154.6404 -342.1122 60.45648 153.034 -343.8477 60.08032 151.4949 -341.2634 60.08032 152.5022 -343.6114 60.45648 152.4496 -343.8477 60.08032 151.4949 -342.1122 60.45648 153.034 -341.4229 58.27907 155.2712 -344.1057 60.08032 155.9753 -341.4229 60.08032 155.2712 -344.1057 58.27907 155.9753 -344.1057 60.08032 155.9753 -341.4229 58.27907 155.2712 -344.1057 58.27907 155.9753 -345.6043 60.08032 153.6413 -344.1057 60.08032 155.9753 -345.6043 58.27907 153.6413 -345.6043 60.08032 153.6413 -344.1057 58.27907 155.9753 -345.6043 58.27907 153.6413 -343.8477 60.08032 151.4949 -345.6043 60.08032 153.6413 -343.8477 58.27907 151.4949 -343.8477 60.08032 151.4949 -345.6043 58.27907 153.6413 -341.4229 60.08032 155.2712 -341.2634 58.27907 152.5022 -341.4229 58.27907 155.2712 -341.2634 60.08032 152.5022 -341.2634 58.27907 152.5022 -341.4229 60.08032 155.2712 -341.2634 60.08032 152.5022 -343.8477 58.27907 151.4949 -341.2634 58.27907 152.5022 -343.8477 60.08032 151.4949 -343.8477 58.27907 151.4949 -341.2634 60.08032 152.5022 -342.2047 57.90291 154.6404 -344.1057 58.27907 155.9753 -341.4229 58.27907 155.2712 -343.7611 57.90291 155.0488 -344.1057 58.27907 155.9753 -342.2047 57.90291 154.6404 -343.7611 57.90291 155.0488 -345.6043 58.27907 153.6413 -344.1057 58.27907 155.9753 -344.6305 57.90291 153.6949 -345.6043 58.27907 153.6413 -343.7611 57.90291 155.0488 -344.6305 57.90291 153.6949 -343.8477 58.27907 151.4949 -345.6043 58.27907 153.6413 -343.6114 57.90291 152.4496 -343.8477 58.27907 151.4949 -344.6305 57.90291 153.6949 -341.4229 58.27907 155.2712 -342.1122 57.90291 153.034 -342.2047 57.90291 154.6404 -341.2634 58.27907 152.5022 -342.1122 57.90291 153.034 -341.4229 58.27907 155.2712 -341.2634 58.27907 152.5022 -343.6114 57.90291 152.4496 -342.1122 57.90291 153.034 -343.8477 58.27907 151.4949 -343.6114 57.90291 152.4496 -341.2634 58.27907 152.5022 -332.3941 60.08032 163.9245 -333.8048 60.52805 165.7998 -333.2654 60.52805 164.1884 -333.2745 60.08032 166.5547 -333.8048 60.52805 165.7998 -332.3941 60.08032 163.9245 -333.2745 60.08032 166.5547 -335.504 60.52805 165.7848 -333.8048 60.52805 165.7998 -336.048 60.08032 166.5302 -335.504 60.52805 165.7848 -333.2745 60.08032 166.5547 -336.048 60.08032 166.5302 -336.0148 60.52805 164.1641 -335.504 60.52805 165.7848 -336.8818 60.08032 163.8849 -336.0148 60.52805 164.1641 -336.048 60.08032 166.5302 -333.2654 60.52805 164.1884 -334.6236 60.08032 162.2744 -332.3941 60.08032 163.9245 -334.6313 60.52805 163.1775 -334.6236 60.08032 162.2744 -333.2654 60.52805 164.1884 -334.6313 60.52805 163.1775 -336.8818 60.08032 163.8849 -334.6236 60.08032 162.2744 -336.0148 60.52805 164.1641 -336.8818 60.08032 163.8849 -334.6313 60.52805 163.1775 -332.3941 58.27907 163.9245 -333.2745 60.08032 166.5547 -332.3941 60.08032 163.9245 -333.2745 58.27907 166.5547 -333.2745 60.08032 166.5547 -332.3941 58.27907 163.9245 -333.2745 58.27907 166.5547 -336.048 60.08032 166.5302 -333.2745 60.08032 166.5547 -336.048 58.27907 166.5302 -336.048 60.08032 166.5302 -333.2745 58.27907 166.5547 -336.048 58.27907 166.5302 -336.8818 60.08032 163.8849 -336.048 60.08032 166.5302 -336.8818 58.27907 163.8849 -336.8818 60.08032 163.8849 -336.048 58.27907 166.5302 -332.3941 60.08032 163.9245 -334.6236 58.27907 162.2744 -332.3941 58.27907 163.9245 -334.6236 60.08032 162.2744 -334.6236 58.27907 162.2744 -332.3941 60.08032 163.9245 -334.6236 60.08032 162.2744 -336.8818 58.27907 163.8849 -334.6236 58.27907 162.2744 -336.8818 60.08032 163.8849 -336.8818 58.27907 163.8849 -334.6236 60.08032 162.2744 -333.2654 57.83134 164.1884 -333.2745 58.27907 166.5547 -332.3941 58.27907 163.9245 -333.8048 57.83134 165.7998 -333.2745 58.27907 166.5547 -333.2654 57.83134 164.1884 -333.8048 57.83134 165.7998 -336.048 58.27907 166.5302 -333.2745 58.27907 166.5547 -335.504 57.83134 165.7848 -336.048 58.27907 166.5302 -333.8048 57.83134 165.7998 -335.504 57.83134 165.7848 -336.8818 58.27907 163.8849 -336.048 58.27907 166.5302 -336.0148 57.83134 164.1641 -336.8818 58.27907 163.8849 -335.504 57.83134 165.7848 -332.3941 58.27907 163.9245 -334.6313 57.83134 163.1775 -333.2654 57.83134 164.1884 -334.6236 58.27907 162.2744 -334.6313 57.83134 163.1775 -332.3941 58.27907 163.9245 -334.6236 58.27907 162.2744 -336.0148 57.83134 164.1641 -334.6313 57.83134 163.1775 -336.8818 58.27907 163.8849 -336.0148 57.83134 164.1641 -334.6236 58.27907 162.2744 -254.7123 95.43422 268.4249 -255.1323 96.72647 270.3137 -255.471 95.87468 268.9673 -254.1507 96.84663 270.6575 -255.1323 96.72647 270.3137 -254.7123 95.43422 268.4249 -254.1507 96.84663 270.6575 -256.4339 96.62717 271.3587 -255.1323 96.72647 270.3137 -256.309 96.68196 272.3902 -256.4339 96.62717 271.3587 -254.1507 96.84663 270.6575 -256.309 96.68196 272.3902 -257.5771 95.714 270.6581 -256.4339 96.62717 271.3587 -258.2045 95.16779 271.2285 -257.5771 95.714 270.6581 -256.309 96.68196 272.3902 -255.471 95.87468 268.9673 -257.2177 94.39664 268.7779 -254.7123 95.43422 268.4249 -256.982 95.24892 269.1801 -257.2177 94.39664 268.7779 -255.471 95.87468 268.9673 -256.982 95.24892 269.1801 -258.2045 95.16779 271.2285 -257.2177 94.39664 268.7779 -257.5771 95.714 270.6581 -258.2045 95.16779 271.2285 -256.982 95.24892 269.1801 -253.8809 94.00838 269.2979 -254.1507 96.84663 270.6575 -254.7123 95.43422 268.4249 -253.3193 95.42079 271.5305 -254.1507 96.84663 270.6575 -253.8809 94.00838 269.2979 -253.3193 95.42079 271.5305 -256.309 96.68196 272.3902 -254.1507 96.84663 270.6575 -255.4775 95.25612 273.2632 -256.309 96.68196 272.3902 -253.3193 95.42079 271.5305 -255.4775 95.25612 273.2632 -258.2045 95.16779 271.2285 -256.309 96.68196 272.3902 -257.3731 93.74194 272.1016 -258.2045 95.16779 271.2285 -255.4775 95.25612 273.2632 -254.7123 95.43422 268.4249 -256.3863 92.97079 269.6508 -253.8809 94.00838 269.2979 -257.2177 94.39664 268.7779 -256.3863 92.97079 269.6508 -254.7123 95.43422 268.4249 -257.2177 94.39664 268.7779 -257.3731 93.74194 272.1016 -256.3863 92.97079 269.6508 -258.2045 95.16779 271.2285 -257.3731 93.74194 272.1016 -257.2177 94.39664 268.7779 -254.2457 93.77333 270.2539 -253.3193 95.42079 271.5305 -253.8809 94.00838 269.2979 -253.907 94.62512 271.6003 -253.3193 95.42079 271.5305 -254.2457 93.77333 270.2539 -253.907 94.62512 271.6003 -255.4775 95.25612 273.2632 -253.3193 95.42079 271.5305 -255.2086 94.52582 272.6453 -255.4775 95.25612 273.2632 -253.907 94.62512 271.6003 -255.2086 94.52582 272.6453 -257.3731 93.74194 272.1016 -255.4775 95.25612 273.2632 -256.3518 93.61266 271.9447 -257.3731 93.74194 272.1016 -255.2086 94.52582 272.6453 -253.8809 94.00838 269.2979 -255.7567 93.14757 270.4667 -254.2457 93.77333 270.2539 -256.3863 92.97079 269.6508 -255.7567 93.14757 270.4667 -253.8809 94.00838 269.2979 -256.3863 92.97079 269.6508 -256.3518 93.61266 271.9447 -255.7567 93.14757 270.4667 -257.3731 93.74194 272.1016 -256.3518 93.61266 271.9447 -256.3863 92.97079 269.6508</float_array>
                    <technique_common>
                        <accessor count="540" offset="0" source="green_2_1-geometry-POSITION-array" stride="3">
                            <param name="X" type="float" />
                            <param name="Y" type="float" />
                            <param name="Z" type="float" />
                        </accessor>
                    </technique_common>
                </source>
                <source id="green_2_1-geometry-NORMAL">
                    <float_array id="green_2_1-geometry-NORMAL-array" count="360">0.770052 0.6213219 -0.1448413 0.1657004 0.9393647 0.3002289 0.3416893 0.937538 -0.06535207 0.3749534 0.6238973 0.6856837 -0.2343252 0.9402102 0.2471772 -0.5366527 0.6250992 0.5667936 -0.309875 0.9389363 -0.1495867 -0.7056805 0.6232914 -0.3369316 0.1019027 0.6209399 -0.7772062 0.04602403 0.9372665 -0.3455621 0.7700522 -0.6213215 -0.144842 0.3749531 -0.623898 0.6856832 -0.5366516 -0.6251002 0.5667934 -0.70568 -0.6232923 -0.3369308 0.1019034 -0.6209391 -0.7772068 0.3416898 -0.9375377 -0.06535319 0.1656999 -0.9393649 0.3002284 -0.2343243 -0.9402102 0.2471779 -0.3098745 -0.9389366 -0.1495856 0.04602492 -0.9372666 -0.3455618 0.147974 -0.5760728 -0.8038929 -0.6809869 -0.2966993 -0.6694971 -0.2797751 -0.7106186 -0.6455595 -0.528649 0.1623725 -0.8331659 -0.9409721 -0.2931879 -0.1691519 -0.985271 0.1641295 0.04798397 -0.6892279 -0.7089648 0.1494451 -0.5720099 -0.5738462 0.5860931 0.1187893 -0.9909483 0.06253369 -0.2797994 -0.9491648 -0.1442166 0.883513 0.1803916 -0.4322772 0.1956738 0.8824382 -0.427802 -0.2424735 0.8802139 0.4079584 0.1471864 0.1754938 0.9734157 0.8481261 -0.2901997 0.4432452 0.8702879 0.4907414 -0.0420937 0.4690731 0.8815528 -0.05324575 0.2188748 0.881018 0.4194056 0.4579346 0.4857143 0.7445652 0.8626135 0.2269621 0.4520909 0.8045822 0.5835929 0.1098496 0.07560344 0.9085279 0.4109272 0.4143878 0.9083045 0.05714726 0.1454024 0.5838625 0.7987257 -0.3637061 0.9103836 0.1972803 -0.7131726 0.5860958 0.3845474 -0.2973732 0.9112949 -0.2847995 -0.5847635 0.5872003 -0.559685 0.3529262 0.5856709 -0.7296798 0.1815004 0.9100311 -0.3726942 0.8045802 -0.5835955 0.1098499 0.1454016 -0.5838596 0.798728 -0.7131696 -0.5860971 0.3845507 -0.5847604 -0.5872037 -0.5596848 0.3529241 -0.5856742 -0.7296782 0.4143844 -0.9083059 0.05714759 0.07560238 -0.908526 0.4109316 -0.3637024 -0.9103839 0.197286 -0.2973677 -0.911297 -0.2847985 0.1814971 -0.9100327 -0.372692 0.6068329 0.6198648 0.4975154 -0.1314259 0.9345824 0.3305799 0.2707169 0.9364946 0.2229128 -0.2872173 0.617219 0.7324936 -0.3592258 0.9330124 -0.02109042 -0.7871527 0.6150705 -0.04559449 -0.09277389 0.9340006 -0.3450157 -0.20125 0.6164182 -0.7612667 0.660026 0.619379 -0.4251296 0.2949574 0.9361446 -0.1913982 0.606837 -0.6198609 0.4975151 -0.2872207 -0.6172141 0.7324964 -0.7871576 -0.6150643 -0.04559377 -0.2012515 -0.6164164 -0.7612677 0.6600299 -0.6193744 -0.4251304 0.2707222 -0.9364935 0.2229114 -0.1314308 -0.9345803 0.3305837 -0.3592345 -0.933009 -0.0210894 -0.09277661 -0.9339992 -0.3450188 0.2949621 -0.9361431 -0.1913986 0.7827794 0.5707489 -0.2479962 0.2544972 0.899641 0.3547918 0.4203714 0.8973277 -0.1345019 0.4763112 0.5734093 0.6665804 -0.2606106 0.8996894 0.3502014 -0.4879482 0.5734653 0.6580608 -0.4177685 0.8974085 -0.1418714 -0.7782122 0.5708428 -0.2617712 0.007286947 0.5691559 -0.8221974 0.003964534 0.8959286 -0.4441804 0.7827783 -0.5707515 -0.2479934 0.4763122 -0.5734076 0.6665811 -0.4879482 -0.5734652 0.6580609 -0.7782133 -0.5708401 -0.2617741 0.007284307 -0.569157 -0.8221966 0.4203708 -0.8973287 -0.1344978 0.254499 -0.89964 0.3547932 -0.2606107 -0.8996894 0.3502014 -0.4177709 -0.8974066 -0.1418763 0.0039604 -0.8959281 -0.4441815 0.2497243 0.3705359 -0.8946178 -0.009040029 0.9517101 -0.306865 -0.1165269 0.684956 -0.7192057 0.4287015 0.8957261 -0.1178542 -0.3891574 0.9211695 -0.001797078 -0.292884 0.8363414 0.4634135 -0.7458263 0.6296583 -0.2174248 -0.961758 0.2626372 0.07773823 -0.6227664 -0.05018763 -0.7807966 -0.5743749 0.473934 -0.6674429 0.7142502 -0.5759377 -0.3976713 0.9273382 -0.01417463 0.3739558 0.1661763 -0.08034395 0.9828175 -0.4824712 -0.6736711 0.5598114 -0.1433111 -0.9518906 -0.2708621 0.6145204 -0.787846 0.0407849 0.7339467 -0.50199 0.457524 0.3335403 -0.5343416 0.7766787 -0.02234445 -0.8379233 0.5453303 0.1518183 -0.9837363 0.0959907</float_array>
                    <technique_common>
                        <accessor count="120" offset="0" source="green_2_1-geometry-NORMAL-array" stride="3">
                            <param name="X" type="float" />
                            <param name="Y" type="float" />
                            <param name="Z" type="float" />
                        </accessor>
                    </technique_common>
                </source>
                <source id="green_2_1-geometry-TEXCOORD">
                    <float_array id="green_2_1-geometry-TEXCOORD-array" count="48">0.5329978 0.8286268 0.4557074 0.854826 0.5329978 0.854826 0.4557074 0.8286268 0.378417 0.854826 0.378417 0.8286268 0.3011266 0.854826 0.3011266 0.8286268 0.6102882 0.8286268 0.6102882 0.854826 0.6875786 0.8286268 0.6875786 0.854826 0.5329978 0.8285297 0.4557074 0.8547291 0.5329978 0.8547291 0.4557074 0.8285297 0.378417 0.8547291 0.378417 0.8285297 0.3011266 0.8547291 0.3011266 0.8285297 0.6102882 0.8285297 0.6102882 0.8547291 0.6875786 0.8285297 0.6875786 0.8547291</float_array>
                    <technique_common>
                        <accessor count="24" offset="0" source="green_2_1-geometry-TEXCOORD-array" stride="2">
                            <param name="S" type="float" />
                            <param name="T" type="float" />
                        </accessor>
                    </technique_common>
                </source>
                <source id="green_2_1-geometry-COLOR">
                    <float_array id="green_2_1-geometry-COLOR-array" count="12">1 1 0.9764706 1 0.5921569 0.6 0.6745098 1 0.9294118 0.9019608 0.827451 1</float_array>
                    <technique_common>
                        <accessor count="3" offset="0" source="green_2_1-geometry-COLOR-array" stride="4">
                            <param name="R" type="double" />
                            <param name="G" type="double" />
                            <param name="B" type="double" />
                            <param name="A" type="double" />
                        </accessor>
                    </technique_common>
                </source>
                <vertices id="green_2_1-vertices">
                    <input semantic="POSITION" source="#green_2_1-geometry-POSITION" />
                </vertices>
                <triangles count="180" material="to_s0">
                    <input semantic="VERTEX" source="#green_2_1-vertices" offset="0" set="0" />
                    <input semantic="NORMAL" source="#green_2_1-geometry-NORMAL" offset="1" set="0" />
                    <input semantic="TEXCOORD" source="#green_2_1-geometry-TEXCOORD" offset="2" set="0" />
                    <input semantic="COLOR" source="#green_2_1-geometry-COLOR" offset="3" set="0" />
                    <p>2 2 2 0 1 1 1 0 0 0 0 0 5 0 0 0 4 1 1 0 3 3 3 0 8 1 1 0 7 4 4 0 6 3 3 0 11 3 3 0 10 4 4 0 9 5 5 1 14 4 4 0 13 6 6 0 12 5 5 1 17 5 5 1 16 6 6 0 15 7 7 1 20 0 0 0 19 8 8 0 18 2 2 0 23 2 2 0 22 8 8 0 21 9 9 0 26 8 8 0 25 7 10 1 24 9 9 0 29 9 9 0 28 7 10 1 27 6 11 0 32 0 14 0 31 3 13 0 30 10 12 0 35 10 12 0 34 3 13 0 33 11 15 1 38 3 13 0 37 5 16 1 36 11 15 1 41 11 15 1 40 5 16 1 39 12 17 1 44 5 16 1 43 7 18 1 42 12 17 1 47 12 17 1 46 7 18 1 45 13 19 1 50 10 12 0 49 14 20 1 48 0 14 0 53 0 14 0 52 14 20 1 51 8 21 0 56 14 20 1 55 13 22 1 54 8 21 0 59 8 21 0 58 13 22 1 57 7 23 1 62 10 14 0 61 11 13 1 60 15 12 1 65 15 12 1 64 11 13 1 63 16 15 1 68 11 13 1 67 12 16 1 66 16 15 1 71 16 15 1 70 12 16 1 69 17 17 1 74 12 16 1 73 13 18 1 72 17 17 1 77 17 17 1 76 13 18 1 75 18 19 1 80 15 12 1 79 19 20 1 78 10 14 0 83 10 14 0 82 19 20 1 81 14 21 1 86 19 20 1 85 18 22 1 84 14 21 1 89 14 21 1 88 18 22 1 87 13 23 1 92 22 2 1 91 21 1 1 90 20 0 1 95 20 0 1 94 21 1 1 93 23 3 1 98 21 1 1 97 24 4 1 96 23 3 1 101 23 3 1 100 24 4 1 99 25 5 1 104 24 4 1 103 26 6 1 102 25 5 1 107 25 5 1 106 26 6 1 105 27 7 1 110 20 0 1 109 28 8 1 108 22 2 1 113 22 2 1 112 28 8 1 111 29 9 1 116 28 8 1 115 27 10 1 114 29 9 1 119 29 9 1 118 27 10 1 117 26 11 1 122 20 14 1 121 23 13 1 120 30 12 0 125 30 12 0 124 23 13 1 123 31 15 0 128 23 13 1 127 25 16 1 126 31 15 0 131 31 15 0 130 25 16 1 129 32 17 0 134 25 16 1 133 27 18 1 132 32 17 0 137 32 17 0 136 27 18 1 135 33 19 2 140 30 12 0 139 34 20 0 138 20 14 1 143 20 14 1 142 34 20 0 141 28 21 1 146 34 20 0 145 33 22 2 144 28 21 1 149 28 21 1 148 33 22 2 147 27 23 1 152 30 14 0 151 31 13 0 150 35 12 0 155 35 12 0 154 31 13 0 153 36 15 0 158 31 13 0 157 32 16 0 156 36 15 0 161 36 15 0 160 32 16 0 159 37 17 0 164 32 16 0 163 33 18 2 162 37 17 0 167 37 17 0 166 33 18 2 165 38 19 0 170 35 12 0 169 39 20 0 168 30 14 0 173 30 14 0 172 39 20 0 171 34 21 0 176 39 20 0 175 38 22 0 174 34 21 0 179 34 21 0 178 38 22 0 177 33 23 2 182 42 2 0 181 41 1 0 180 40 0 0 185 40 0 0 184 41 1 0 183 43 3 0 188 41 1 0 187 44 4 0 186 43 3 0 191 43 3 0 190 44 4 0 189 45 5 1 194 44 4 0 193 46 6 0 192 45 5 1 197 45 5 1 196 46 6 0 195 47 7 0 200 40 0 0 199 48 8 0 198 42 2 0 203 42 2 0 202 48 8 0 201 49 9 0 206 48 8 0 205 47 10 0 204 49 9 0 209 49 9 0 208 47 10 0 207 46 11 0 212 40 14 0 211 43 13 0 210 50 12 0 215 50 12 0 214 43 13 0 213 51 15 1 218 43 13 0 217 45 16 1 216 51 15 1 221 51 15 1 220 45 16 1 219 52 17 1 224 45 16 1 223 47 18 0 222 52 17 1 227 52 17 1 226 47 18 0 225 53 19 1 230 50 12 0 229 54 20 1 228 40 14 0 233 40 14 0 232 54 20 1 231 48 21 0 236 54 20 1 235 53 22 1 234 48 21 0 239 48 21 0 238 53 22 1 237 47 23 0 242 50 14 0 241 51 13 1 240 55 12 1 245 55 12 1 244 51 13 1 243 56 15 1 248 51 13 1 247 52 16 1 246 56 15 1 251 56 15 1 250 52 16 1 249 57 17 1 254 52 16 1 253 53 18 1 252 57 17 1 257 57 17 1 256 53 18 1 255 58 19 1 260 55 12 1 259 59 20 1 258 50 14 0 263 50 14 0 262 59 20 1 261 54 21 1 266 59 20 1 265 58 22 1 264 54 21 1 269 54 21 1 268 58 22 1 267 53 23 1 272 62 2 0 271 61 1 0 270 60 0 0 275 60 0 0 274 61 1 0 273 63 3 0 278 61 1 0 277 64 4 0 276 63 3 0 281 63 3 0 280 64 4 0 279 65 5 1 284 64 4 0 283 66 6 0 282 65 5 1 287 65 5 1 286 66 6 0 285 67 7 0 290 60 0 0 289 68 8 0 288 62 2 0 293 62 2 0 292 68 8 0 291 69 9 0 296 68 8 0 295 67 10 0 294 69 9 0 299 69 9 0 298 67 10 0 297 66 11 0 302 60 14 0 301 63 13 0 300 70 12 1 305 70 12 1 304 63 13 0 303 71 15 1 308 63 13 0 307 65 16 1 306 71 15 1 311 71 15 1 310 65 16 1 309 72 17 1 314 65 16 1 313 67 18 0 312 72 17 1 317 72 17 1 316 67 18 0 315 73 19 1 320 70 12 1 319 74 20 0 318 60 14 0 323 60 14 0 322 74 20 0 321 68 21 0 326 74 20 0 325 73 22 1 324 68 21 0 329 68 21 0 328 73 22 1 327 67 23 0 332 70 14 1 331 71 13 1 330 75 12 1 335 75 12 1 334 71 13 1 333 76 15 1 338 71 13 1 337 72 16 1 336 76 15 1 341 76 15 1 340 72 16 1 339 77 17 1 344 72 16 1 343 73 18 1 342 77 17 1 347 77 17 1 346 73 18 1 345 78 19 1 350 75 12 1 349 79 20 1 348 70 14 1 353 70 14 1 352 79 20 1 351 74 21 0 356 79 20 1 355 78 22 1 354 74 21 0 359 74 21 0 358 78 22 1 357 73 23 1 362 82 2 0 361 81 1 0 360 80 0 0 365 80 0 0 364 81 1 0 363 83 3 0 368 81 1 0 367 84 4 0 366 83 3 0 371 83 3 0 370 84 4 0 369 85 5 1 374 84 4 0 373 86 6 0 372 85 5 1 377 85 5 1 376 86 6 0 375 87 7 1 380 80 0 0 379 88 8 0 378 82 2 0 383 82 2 0 382 88 8 0 381 89 9 0 386 88 8 0 385 87 10 1 384 89 9 0 389 89 9 0 388 87 10 1 387 86 11 0 392 80 14 0 391 83 13 0 390 90 12 0 395 90 12 0 394 83 13 0 393 91 15 1 398 83 13 0 397 85 16 1 396 91 15 1 401 91 15 1 400 85 16 1 399 92 17 1 404 85 16 1 403 87 18 1 402 92 17 1 407 92 17 1 406 87 18 1 405 93 19 1 410 90 12 0 409 94 20 1 408 80 14 0 413 80 14 0 412 94 20 1 411 88 21 0 416 94 20 1 415 93 22 1 414 88 21 0 419 88 21 0 418 93 22 1 417 87 23 1 422 90 14 0 421 91 13 1 420 95 12 1 425 95 12 1 424 91 13 1 423 96 15 1 428 91 13 1 427 92 16 1 426 96 15 1 431 96 15 1 430 92 16 1 429 97 17 1 434 92 16 1 433 93 18 1 432 97 17 1 437 97 17 1 436 93 18 1 435 98 19 1 440 95 12 1 439 99 20 1 438 90 14 0 443 90 14 0 442 99 20 1 441 94 21 1 446 99 20 1 445 98 22 1 444 94 21 1 449 94 21 1 448 98 22 1 447 93 23 1 452 102 2 0 451 101 1 0 450 100 0 0 455 100 0 0 454 101 1 0 453 103 3 0 458 101 1 0 457 104 4 0 456 103 3 0 461 103 3 0 460 104 4 0 459 105 5 0 464 104 4 0 463 106 6 1 462 105 5 0 467 105 5 0 466 106 6 1 465 107 7 1 470 100 0 0 469 108 8 1 468 102 2 0 473 102 2 0 472 108 8 1 471 109 9 0 476 108 8 1 475 107 10 1 474 109 9 0 479 109 9 0 478 107 10 1 477 106 11 1 482 100 14 0 481 103 13 0 480 110 12 0 485 110 12 0 484 103 13 0 483 111 15 0 488 103 13 0 487 105 16 0 486 111 15 0 491 111 15 0 490 105 16 0 489 112 17 1 494 105 16 0 493 107 18 1 492 112 17 1 497 112 17 1 496 107 18 1 495 113 19 1 500 110 12 0 499 114 20 1 498 100 14 0 503 100 14 0 502 114 20 1 501 108 21 1 506 114 20 1 505 113 22 1 504 108 21 1 509 108 21 1 508 113 22 1 507 107 23 1 512 110 14 0 511 111 13 0 510 115 12 1 515 115 12 1 514 111 13 0 513 116 15 0 518 111 13 0 517 112 16 1 516 116 15 0 521 116 15 0 520 112 16 1 519 117 17 1 524 112 16 1 523 113 18 1 522 117 17 1 527 117 17 1 526 113 18 1 525 118 19 1 530 115 12 1 529 119 20 1 528 110 14 0 533 110 14 0 532 119 20 1 531 114 21 1 536 119 20 1 535 118 22 1 534 114 21 1 539 114 21 1 538 118 22 1 537 113 23 1</p>
                </triangles>
            </mesh>
        </geometry>
        <geometry id="green_2_2-geometry" name="green_2_2">
            <mesh>
                <source id="green_2_2-geometry-POSITION">
                    <float_array id="green_2_2-geometry-POSITION-array" count="5508">-197.8672 97.56454 310.0273 -197.7807 110.6272 309.7049 -197.8672 110.6272 310.0273 -197.7807 97.56454 309.7049 -197.7807 110.6272 309.7049 -197.8672 97.56454 310.0273 -197.7807 97.56454 309.7049 -197.4582 110.6272 309.7914 -197.7807 110.6272 309.7049 -197.4582 97.56454 309.7914 -197.4582 110.6272 309.7914 -197.7807 97.56454 309.7049 -197.4582 97.56454 309.7914 -197.5447 97.56454 310.1139 -197.5447 110.6272 310.1139 -197.4582 97.56454 309.7914 -197.5447 110.6272 310.1139 -197.4582 110.6272 309.7914 -141.5984 97.56454 340.4977 -141.685 97.56454 340.8201 -141.685 110.6272 340.8201 -141.5984 97.56454 340.4977 -141.685 110.6272 340.8201 -141.5984 110.6272 340.4977 -169.2748 103.1664 325.1974 -169.3613 103.1664 325.5198 -169.3613 116.2291 325.5198 -169.2748 103.1664 325.1974 -169.3613 116.2291 325.5198 -169.2748 116.2291 325.1974 -364.1324 97.56454 48.66284 -364.4347 97.56454 48.80447 -364.4347 110.6272 48.80447 -364.1324 97.56454 48.66284 -364.4347 110.6272 48.80447 -364.1324 110.6272 48.66284 -351.6124 97.56454 111.1643 -351.9147 97.56454 111.306 -351.9147 110.6272 111.306 -351.6124 97.56454 111.1643 -351.9147 110.6272 111.306 -351.6124 110.6272 111.1643 -357.9401 103.1685 80.04864 -358.2424 103.1685 80.19026 -358.2424 116.2312 80.19026 -357.9401 103.1685 80.04864 -358.2424 116.2312 80.19026 -357.9401 116.2312 80.04864 -308.6529 97.56454 199.2331 -308.866 97.56454 199.4901 -308.866 110.6272 199.4901 -308.6529 97.56454 199.2331 -308.866 110.6272 199.4901 -308.6529 110.6272 199.2331 -270.6858 97.56454 250.4355 -270.899 97.56454 250.6925 -270.899 110.6272 250.6925 -270.6858 97.56454 250.4355 -270.899 110.6272 250.6925 -270.6858 110.6272 250.4355 -289.5667 103.1807 224.9133 -289.7798 103.1807 225.1703 -289.7798 116.2434 225.1703 -289.5667 103.1807 224.9133 -289.7798 116.2434 225.1703 -289.5667 116.2434 224.9133 -197.8672 110.6272 310.0273 -197.5447 110.6272 310.1139 -197.5447 97.56454 310.1139 -197.8672 110.6272 310.0273 -197.5447 97.56454 310.1139 -197.8672 97.56454 310.0273 -196.7113 95.23146 310.8083 -195.4384 96.11177 309.287 -196.3698 95.23146 309.5362 -196.0298 96.11177 311.4904 -195.4384 96.11177 309.287 -196.7113 95.23146 310.8083 -196.0298 96.11177 311.4904 -195.0974 97.31432 309.1958 -195.4384 96.11177 309.287 -195.7803 97.31432 311.7401 -195.0974 97.31432 309.1958 -196.0298 96.11177 311.4904 -195.7803 97.31432 311.7401 -195.4384 98.51685 309.287 -195.0974 97.31432 309.1958 -196.0298 98.51685 311.4904 -195.4384 98.51685 309.287 -195.7803 97.31432 311.7401 -196.0298 98.51685 311.4904 -196.3698 99.39717 309.5362 -195.4384 98.51685 309.287 -196.7113 99.39717 310.8083 -196.3698 99.39717 309.5362 -196.0298 98.51685 311.4904 -196.3698 95.23146 309.5362 -197.0508 96.11177 307.6732 -197.3008 95.23146 308.6044 -195.4384 96.11177 309.287 -197.0508 96.11177 307.6732 -196.3698 95.23146 309.5362 -195.4384 96.11177 309.287 -196.9593 97.31432 307.3323 -197.0508 96.11177 307.6732 -195.0974 97.31432 309.1958 -196.9593 97.31432 307.3323 -195.4384 96.11177 309.287 -195.0974 97.31432 309.1958 -197.0508 98.51685 307.6732 -196.9593 97.31432 307.3323 -195.4384 98.51685 309.287 -197.0508 98.51685 307.6732 -195.0974 97.31432 309.1958 -195.4384 98.51685 309.287 -197.3008 99.39717 308.6044 -197.0508 98.51685 307.6732 -196.3698 99.39717 309.5362 -197.3008 99.39717 308.6044 -195.4384 98.51685 309.287 -197.3008 95.23146 308.6044 -199.2547 96.11177 308.2627 -198.5732 95.23146 308.9448 -197.0508 96.11177 307.6732 -199.2547 96.11177 308.2627 -197.3008 95.23146 308.6044 -197.0508 96.11177 307.6732 -199.5041 97.31432 308.013 -199.2547 96.11177 308.2627 -196.9593 97.31432 307.3323 -199.5041 97.31432 308.013 -197.0508 96.11177 307.6732 -196.9593 97.31432 307.3323 -199.2547 98.51685 308.2627 -199.5041 97.31432 308.013 -197.0508 98.51685 307.6732 -199.2547 98.51685 308.2627 -196.9593 97.31432 307.3323 -197.0508 98.51685 307.6732 -198.5732 99.39717 308.9448 -199.2547 98.51685 308.2627 -197.3008 99.39717 308.6044 -198.5732 99.39717 308.9448 -197.0508 98.51685 307.6732 -198.5732 95.23146 308.9448 -199.8461 96.11177 310.466 -198.9146 95.23146 310.2169 -199.2547 96.11177 308.2627 -199.8461 96.11177 310.466 -198.5732 95.23146 308.9448 -199.2547 96.11177 308.2627 -200.187 97.31432 310.5572 -199.8461 96.11177 310.466 -199.5041 97.31432 308.013 -200.187 97.31432 310.5572 -199.2547 96.11177 308.2627 -199.5041 97.31432 308.013 -199.8461 98.51685 310.466 -200.187 97.31432 310.5572 -199.2547 98.51685 308.2627 -199.8461 98.51685 310.466 -199.5041 97.31432 308.013 -199.2547 98.51685 308.2627 -198.9146 99.39717 310.2169 -199.8461 98.51685 310.466 -198.5732 99.39717 308.9448 -198.9146 99.39717 310.2169 -199.2547 98.51685 308.2627 -198.9146 95.23146 310.2169 -198.2337 96.11177 312.0799 -197.9837 95.23146 311.1486 -199.8461 96.11177 310.466 -198.2337 96.11177 312.0799 -198.9146 95.23146 310.2169 -199.8461 96.11177 310.466 -198.3251 97.31432 312.4207 -198.2337 96.11177 312.0799 -200.187 97.31432 310.5572 -198.3251 97.31432 312.4207 -199.8461 96.11177 310.466 -200.187 97.31432 310.5572 -198.2337 98.51685 312.0799 -198.3251 97.31432 312.4207 -199.8461 98.51685 310.466 -198.2337 98.51685 312.0799 -200.187 97.31432 310.5572 -199.8461 98.51685 310.466 -197.9837 99.39717 311.1486 -198.2337 98.51685 312.0799 -198.9146 99.39717 310.2169 -197.9837 99.39717 311.1486 -199.8461 98.51685 310.466 -197.9837 95.23146 311.1486 -196.0298 96.11177 311.4904 -196.7113 95.23146 310.8083 -198.2337 96.11177 312.0799 -196.0298 96.11177 311.4904 -197.9837 95.23146 311.1486 -198.2337 96.11177 312.0799 -195.7803 97.31432 311.7401 -196.0298 96.11177 311.4904 -198.3251 97.31432 312.4207 -195.7803 97.31432 311.7401 -198.2337 96.11177 312.0799 -198.3251 97.31432 312.4207 -196.0298 98.51685 311.4904 -195.7803 97.31432 311.7401 -198.2337 98.51685 312.0799 -196.0298 98.51685 311.4904 -198.3251 97.31432 312.4207 -198.2337 98.51685 312.0799 -196.7113 99.39717 310.8083 -196.0298 98.51685 311.4904 -197.9837 99.39717 311.1486 -196.7113 99.39717 310.8083 -198.2337 98.51685 312.0799 -197.6422 94.90926 309.8765 -196.7113 95.23146 310.8083 -196.3698 95.23146 309.5362 -197.6422 94.90926 309.8765 -196.3698 95.23146 309.5362 -197.3008 95.23146 308.6044 -197.6422 94.90926 309.8765 -197.3008 95.23146 308.6044 -198.5732 95.23146 308.9448 -197.6422 94.90926 309.8765 -198.5732 95.23146 308.9448 -198.9146 95.23146 310.2169 -197.6422 94.90926 309.8765 -198.9146 95.23146 310.2169 -197.9837 95.23146 311.1486 -197.6422 94.90926 309.8765 -197.9837 95.23146 311.1486 -196.7113 95.23146 310.8083 -197.6422 99.71938 309.8765 -196.3698 99.39717 309.5362 -196.7113 99.39717 310.8083 -197.6422 99.71938 309.8765 -197.3008 99.39717 308.6044 -196.3698 99.39717 309.5362 -197.6422 99.71938 309.8765 -198.5732 99.39717 308.9448 -197.3008 99.39717 308.6044 -197.6422 99.71938 309.8765 -198.9146 99.39717 310.2169 -198.5732 99.39717 308.9448 -197.6422 99.71938 309.8765 -197.9837 99.39717 311.1486 -198.9146 99.39717 310.2169 -197.6422 99.71938 309.8765 -196.7113 99.39717 310.8083 -197.9837 99.39717 311.1486 -142.0074 97.56454 340.7336 -141.9209 110.6272 340.4111 -142.0074 110.6272 340.7336 -141.9209 97.56454 340.4111 -141.9209 110.6272 340.4111 -142.0074 97.56454 340.7336 -141.9209 97.56454 340.4111 -141.5984 110.6272 340.4977 -141.9209 110.6272 340.4111 -141.5984 97.56454 340.4977 -141.5984 110.6272 340.4977 -141.9209 97.56454 340.4111 -142.0074 110.6272 340.7336 -141.685 110.6272 340.8201 -141.685 97.56454 340.8201 -142.0074 110.6272 340.7336 -141.685 97.56454 340.8201 -142.0074 97.56454 340.7336 -140.8515 95.23146 341.5146 -139.5786 96.11177 339.9933 -140.5101 95.23146 340.2424 -140.17 96.11177 342.1967 -139.5786 96.11177 339.9933 -140.8515 95.23146 341.5146 -140.17 96.11177 342.1967 -139.2377 97.31432 339.9021 -139.5786 96.11177 339.9933 -139.9206 97.31432 342.4463 -139.2377 97.31432 339.9021 -140.17 96.11177 342.1967 -139.9206 97.31432 342.4463 -139.5786 98.51685 339.9933 -139.2377 97.31432 339.9021 -140.17 98.51685 342.1967 -139.5786 98.51685 339.9933 -139.9206 97.31432 342.4463 -140.17 98.51685 342.1967 -140.5101 99.39717 340.2424 -139.5786 98.51685 339.9933 -140.8515 99.39717 341.5146 -140.5101 99.39717 340.2424 -140.17 98.51685 342.1967 -140.5101 95.23146 340.2424 -141.1911 96.11177 338.3794 -141.441 95.23146 339.3107 -139.5786 96.11177 339.9933 -141.1911 96.11177 338.3794 -140.5101 95.23146 340.2424 -139.5786 96.11177 339.9933 -141.0996 97.31432 338.0386 -141.1911 96.11177 338.3794 -139.2377 97.31432 339.9021 -141.0996 97.31432 338.0386 -139.5786 96.11177 339.9933 -139.2377 97.31432 339.9021 -141.1911 98.51685 338.3794 -141.0996 97.31432 338.0386 -139.5786 98.51685 339.9933 -141.1911 98.51685 338.3794 -139.2377 97.31432 339.9021 -139.5786 98.51685 339.9933 -141.441 99.39717 339.3107 -141.1911 98.51685 338.3794 -140.5101 99.39717 340.2424 -141.441 99.39717 339.3107 -139.5786 98.51685 339.9933 -141.441 95.23146 339.3107 -143.3949 96.11177 338.9689 -142.7134 95.23146 339.651 -141.1911 96.11177 338.3794 -143.3949 96.11177 338.9689 -141.441 95.23146 339.3107 -141.1911 96.11177 338.3794 -143.6444 97.31432 338.7193 -143.3949 96.11177 338.9689 -141.0996 97.31432 338.0386 -143.6444 97.31432 338.7193 -141.1911 96.11177 338.3794 -141.0996 97.31432 338.0386 -143.3949 98.51685 338.9689 -143.6444 97.31432 338.7193 -141.1911 98.51685 338.3794 -143.3949 98.51685 338.9689 -141.0996 97.31432 338.0386 -141.1911 98.51685 338.3794 -142.7134 99.39717 339.651 -143.3949 98.51685 338.9689 -141.441 99.39717 339.3107 -142.7134 99.39717 339.651 -141.1911 98.51685 338.3794 -142.7134 95.23146 339.651 -143.9863 96.11177 341.1723 -143.0549 95.23146 340.9231 -143.3949 96.11177 338.9689 -143.9863 96.11177 341.1723 -142.7134 95.23146 339.651 -143.3949 96.11177 338.9689 -144.3273 97.31432 341.2635 -143.9863 96.11177 341.1723 -143.6444 97.31432 338.7193 -144.3273 97.31432 341.2635 -143.3949 96.11177 338.9689 -143.6444 97.31432 338.7193 -143.9863 98.51685 341.1723 -144.3273 97.31432 341.2635 -143.3949 98.51685 338.9689 -143.9863 98.51685 341.1723 -143.6444 97.31432 338.7193 -143.3949 98.51685 338.9689 -143.0549 99.39717 340.9231 -143.9863 98.51685 341.1723 -142.7134 99.39717 339.651 -143.0549 99.39717 340.9231 -143.3949 98.51685 338.9689 -143.0549 95.23146 340.9231 -142.3739 96.11177 342.7861 -142.1239 95.23146 341.8549 -143.9863 96.11177 341.1723 -142.3739 96.11177 342.7861 -143.0549 95.23146 340.9231 -143.9863 96.11177 341.1723 -142.4654 97.31432 343.127 -142.3739 96.11177 342.7861 -144.3273 97.31432 341.2635 -142.4654 97.31432 343.127 -143.9863 96.11177 341.1723 -144.3273 97.31432 341.2635 -142.3739 98.51685 342.7861 -142.4654 97.31432 343.127 -143.9863 98.51685 341.1723 -142.3739 98.51685 342.7861 -144.3273 97.31432 341.2635 -143.9863 98.51685 341.1723 -142.1239 99.39717 341.8549 -142.3739 98.51685 342.7861 -143.0549 99.39717 340.9231 -142.1239 99.39717 341.8549 -143.9863 98.51685 341.1723 -142.1239 95.23146 341.8549 -140.17 96.11177 342.1967 -140.8515 95.23146 341.5146 -142.3739 96.11177 342.7861 -140.17 96.11177 342.1967 -142.1239 95.23146 341.8549 -142.3739 96.11177 342.7861 -139.9206 97.31432 342.4463 -140.17 96.11177 342.1967 -142.4654 97.31432 343.127 -139.9206 97.31432 342.4463 -142.3739 96.11177 342.7861 -142.4654 97.31432 343.127 -140.17 98.51685 342.1967 -139.9206 97.31432 342.4463 -142.3739 98.51685 342.7861 -140.17 98.51685 342.1967 -142.4654 97.31432 343.127 -142.3739 98.51685 342.7861 -140.8515 99.39717 341.5146 -140.17 98.51685 342.1967 -142.1239 99.39717 341.8549 -140.8515 99.39717 341.5146 -142.3739 98.51685 342.7861 -141.7825 94.90926 340.5828 -140.8515 95.23146 341.5146 -140.5101 95.23146 340.2424 -141.7825 94.90926 340.5828 -140.5101 95.23146 340.2424 -141.441 95.23146 339.3107 -141.7825 94.90926 340.5828 -141.441 95.23146 339.3107 -142.7134 95.23146 339.651 -141.7825 94.90926 340.5828 -142.7134 95.23146 339.651 -143.0549 95.23146 340.9231 -141.7825 94.90926 340.5828 -143.0549 95.23146 340.9231 -142.1239 95.23146 341.8549 -141.7825 94.90926 340.5828 -142.1239 95.23146 341.8549 -140.8515 95.23146 341.5146 -141.7825 99.71938 340.5828 -140.5101 99.39717 340.2424 -140.8515 99.39717 341.5146 -141.7825 99.71938 340.5828 -141.441 99.39717 339.3107 -140.5101 99.39717 340.2424 -141.7825 99.71938 340.5828 -142.7134 99.39717 339.651 -141.441 99.39717 339.3107 -141.7825 99.71938 340.5828 -143.0549 99.39717 340.9231 -142.7134 99.39717 339.651 -141.7825 99.71938 340.5828 -142.1239 99.39717 341.8549 -143.0549 99.39717 340.9231 -141.7825 99.71938 340.5828 -140.8515 99.39717 341.5146 -142.1239 99.39717 341.8549 -169.6838 103.1664 325.4333 -169.5972 116.2291 325.1108 -169.6838 116.2291 325.4333 -169.5972 103.1664 325.1108 -169.5972 116.2291 325.1108 -169.6838 103.1664 325.4333 -169.5972 103.1664 325.1108 -169.2748 116.2291 325.1974 -169.5972 116.2291 325.1108 -169.2748 103.1664 325.1974 -169.2748 116.2291 325.1974 -169.5972 103.1664 325.1108 -169.6838 116.2291 325.4333 -169.3613 116.2291 325.5198 -169.3613 103.1664 325.5198 -169.6838 116.2291 325.4333 -169.3613 103.1664 325.5198 -169.6838 103.1664 325.4333 -168.5921 99.00804 326.2838 -167.3192 99.88835 324.7626 -168.2507 99.00804 325.0117 -167.9106 99.88835 326.9659 -167.3192 99.88835 324.7626 -168.5921 99.00804 326.2838 -167.9106 99.88835 326.9659 -166.9782 101.0909 324.6714 -167.3192 99.88835 324.7626 -167.6612 101.0909 327.2156 -166.9782 101.0909 324.6714 -167.9106 99.88835 326.9659 -167.6612 101.0909 327.2156 -167.3192 102.2934 324.7626 -166.9782 101.0909 324.6714 -167.9106 102.2934 326.9659 -167.3192 102.2934 324.7626 -167.6612 101.0909 327.2156 -167.9106 102.2934 326.9659 -168.2507 103.1737 325.0117 -167.3192 102.2934 324.7626 -168.5921 103.1737 326.2838 -168.2507 103.1737 325.0117 -167.9106 102.2934 326.9659 -168.2507 99.00804 325.0117 -168.9316 99.88835 323.1487 -169.1816 99.00804 324.08 -167.3192 99.88835 324.7626 -168.9316 99.88835 323.1487 -168.2507 99.00804 325.0117 -167.3192 99.88835 324.7626 -168.8401 101.0909 322.8078 -168.9316 99.88835 323.1487 -166.9782 101.0909 324.6714 -168.8401 101.0909 322.8078 -167.3192 99.88835 324.7626 -166.9782 101.0909 324.6714 -168.9316 102.2934 323.1487 -168.8401 101.0909 322.8078 -167.3192 102.2934 324.7626 -168.9316 102.2934 323.1487 -166.9782 101.0909 324.6714 -167.3192 102.2934 324.7626 -169.1816 103.1737 324.08 -168.9316 102.2934 323.1487 -168.2507 103.1737 325.0117 -169.1816 103.1737 324.08 -167.3192 102.2934 324.7626 -169.1816 99.00804 324.08 -171.1355 99.88835 323.7382 -170.454 99.00804 324.4203 -168.9316 99.88835 323.1487 -171.1355 99.88835 323.7382 -169.1816 99.00804 324.08 -168.9316 99.88835 323.1487 -171.3849 101.0909 323.4885 -171.1355 99.88835 323.7382 -168.8401 101.0909 322.8078 -171.3849 101.0909 323.4885 -168.9316 99.88835 323.1487 -168.8401 101.0909 322.8078 -171.1355 102.2934 323.7382 -171.3849 101.0909 323.4885 -168.9316 102.2934 323.1487 -171.1355 102.2934 323.7382 -168.8401 101.0909 322.8078 -168.9316 102.2934 323.1487 -170.454 103.1737 324.4203 -171.1355 102.2934 323.7382 -169.1816 103.1737 324.08 -170.454 103.1737 324.4203 -168.9316 102.2934 323.1487 -170.454 99.00804 324.4203 -171.7269 99.88835 325.9416 -170.7955 99.00804 325.6924 -171.1355 99.88835 323.7382 -171.7269 99.88835 325.9416 -170.454 99.00804 324.4203 -171.1355 99.88835 323.7382 -172.0679 101.0909 326.0327 -171.7269 99.88835 325.9416 -171.3849 101.0909 323.4885 -172.0679 101.0909 326.0327 -171.1355 99.88835 323.7382 -171.3849 101.0909 323.4885 -171.7269 102.2934 325.9416 -172.0679 101.0909 326.0327 -171.1355 102.2934 323.7382 -171.7269 102.2934 325.9416 -171.3849 101.0909 323.4885 -171.1355 102.2934 323.7382 -170.7955 103.1737 325.6924 -171.7269 102.2934 325.9416 -170.454 103.1737 324.4203 -170.7955 103.1737 325.6924 -171.1355 102.2934 323.7382 -170.7955 99.00804 325.6924 -170.1145 99.88835 327.5554 -169.8645 99.00804 326.6242 -171.7269 99.88835 325.9416 -170.1145 99.88835 327.5554 -170.7955 99.00804 325.6924 -171.7269 99.88835 325.9416 -170.206 101.0909 327.8963 -170.1145 99.88835 327.5554 -172.0679 101.0909 326.0327 -170.206 101.0909 327.8963 -171.7269 99.88835 325.9416 -172.0679 101.0909 326.0327 -170.1145 102.2934 327.5554 -170.206 101.0909 327.8963 -171.7269 102.2934 325.9416 -170.1145 102.2934 327.5554 -172.0679 101.0909 326.0327 -171.7269 102.2934 325.9416 -169.8645 103.1737 326.6242 -170.1145 102.2934 327.5554 -170.7955 103.1737 325.6924 -169.8645 103.1737 326.6242 -171.7269 102.2934 325.9416 -169.8645 99.00804 326.6242 -167.9106 99.88835 326.9659 -168.5921 99.00804 326.2838 -170.1145 99.88835 327.5554 -167.9106 99.88835 326.9659 -169.8645 99.00804 326.6242 -170.1145 99.88835 327.5554 -167.6612 101.0909 327.2156 -167.9106 99.88835 326.9659 -170.206 101.0909 327.8963 -167.6612 101.0909 327.2156 -170.1145 99.88835 327.5554 -170.206 101.0909 327.8963 -167.9106 102.2934 326.9659 -167.6612 101.0909 327.2156 -170.1145 102.2934 327.5554 -167.9106 102.2934 326.9659 -170.206 101.0909 327.8963 -170.1145 102.2934 327.5554 -168.5921 103.1737 326.2838 -167.9106 102.2934 326.9659 -169.8645 103.1737 326.6242 -168.5921 103.1737 326.2838 -170.1145 102.2934 327.5554 -169.5231 98.68582 325.3521 -168.5921 99.00804 326.2838 -168.2507 99.00804 325.0117 -169.5231 98.68582 325.3521 -168.2507 99.00804 325.0117 -169.1816 99.00804 324.08 -169.5231 98.68582 325.3521 -169.1816 99.00804 324.08 -170.454 99.00804 324.4203 -169.5231 98.68582 325.3521 -170.454 99.00804 324.4203 -170.7955 99.00804 325.6924 -169.5231 98.68582 325.3521 -170.7955 99.00804 325.6924 -169.8645 99.00804 326.6242 -169.5231 98.68582 325.3521 -169.8645 99.00804 326.6242 -168.5921 99.00804 326.2838 -169.5231 103.496 325.3521 -168.2507 103.1737 325.0117 -168.5921 103.1737 326.2838 -169.5231 103.496 325.3521 -169.1816 103.1737 324.08 -168.2507 103.1737 325.0117 -169.5231 103.496 325.3521 -170.454 103.1737 324.4203 -169.1816 103.1737 324.08 -169.5231 103.496 325.3521 -170.7955 103.1737 325.6924 -170.454 103.1737 324.4203 -169.5231 103.496 325.3521 -169.8645 103.1737 326.6242 -170.7955 103.1737 325.6924 -169.5231 103.496 325.3521 -168.5921 103.1737 326.2838 -169.8645 103.1737 326.6242 -364.5764 97.56454 48.50212 -364.274 110.6272 48.36049 -364.5764 110.6272 48.50212 -364.274 97.56454 48.36049 -364.274 110.6272 48.36049 -364.5764 97.56454 48.50212 -364.274 97.56454 48.36049 -364.1324 110.6272 48.66284 -364.274 110.6272 48.36049 -364.1324 97.56454 48.66284 -364.1324 110.6272 48.66284 -364.274 97.56454 48.36049 -364.5764 110.6272 48.50212 -364.4347 110.6272 48.80447 -364.4347 97.56454 48.80447 -364.5764 110.6272 48.50212 -364.4347 97.56454 48.80447 -364.5764 97.56454 48.50212 -364.4286 95.23146 49.88927 -362.445 96.11177 49.88222 -363.2358 95.23146 49.33054 -364.511 96.11177 50.84996 -362.445 96.11177 49.88222 -364.4286 95.23146 49.88927 -364.511 96.11177 50.84996 -362.1556 97.31432 50.08414 -362.445 96.11177 49.88222 -364.5411 97.31432 51.2016 -362.1556 97.31432 50.08414 -364.511 96.11177 50.84996 -364.5411 97.31432 51.2016 -362.445 98.51685 49.88222 -362.1556 97.31432 50.08414 -364.511 98.51685 50.84996 -362.445 98.51685 49.88222 -364.5411 97.31432 51.2016 -364.511 98.51685 50.84996 -363.2358 99.39717 49.33054 -362.445 98.51685 49.88222 -364.4286 99.39717 49.88927 -363.2358 99.39717 49.33054 -364.511 98.51685 50.84996 -363.2358 95.23146 49.33054 -362.2502 96.11177 47.60921 -363.1233 95.23146 48.01822 -362.445 96.11177 49.88222 -362.2502 96.11177 47.60921 -363.2358 95.23146 49.33054 -362.445 96.11177 49.88222 -361.9305 97.31432 47.4595 -362.2502 96.11177 47.60921 -362.1556 97.31432 50.08414 -361.9305 97.31432 47.4595 -362.445 96.11177 49.88222 -362.1556 97.31432 50.08414 -362.2502 98.51685 47.60921 -361.9305 97.31432 47.4595 -362.445 98.51685 49.88222 -362.2502 98.51685 47.60921 -362.1556 97.31432 50.08414 -362.445 98.51685 49.88222 -363.1233 99.39717 48.01822 -362.2502 98.51685 47.60921 -363.2358 99.39717 49.33054 -363.1233 99.39717 48.01822 -362.445 98.51685 49.88222 -363.1233 95.23146 48.01822 -364.1212 96.11177 46.30394 -364.2036 95.23146 47.26463 -362.2502 96.11177 47.60921 -364.1212 96.11177 46.30394 -363.1233 95.23146 48.01822 -362.2502 96.11177 47.60921 -364.0911 97.31432 45.95231 -364.1212 96.11177 46.30394 -361.9305 97.31432 47.4595 -364.0911 97.31432 45.95231 -362.2502 96.11177 47.60921 -361.9305 97.31432 47.4595 -364.1212 98.51685 46.30394 -364.0911 97.31432 45.95231 -362.2502 98.51685 47.60921 -364.1212 98.51685 46.30394 -361.9305 97.31432 47.4595 -362.2502 98.51685 47.60921 -364.2036 99.39717 47.26463 -364.1212 98.51685 46.30394 -363.1233 99.39717 48.01822 -364.2036 99.39717 47.26463 -362.2502 98.51685 47.60921 -364.2036 95.23146 47.26463 -366.1871 96.11177 47.2717 -365.3963 95.23146 47.82336 -364.1212 96.11177 46.30394 -366.1871 96.11177 47.2717 -364.2036 95.23146 47.26463 -364.1212 96.11177 46.30394 -366.4766 97.31432 47.06977 -366.1871 96.11177 47.2717 -364.0911 97.31432 45.95231 -366.4766 97.31432 47.06977 -364.1212 96.11177 46.30394 -364.0911 97.31432 45.95231 -366.1871 98.51685 47.2717 -366.4766 97.31432 47.06977 -364.1212 98.51685 46.30394 -366.1871 98.51685 47.2717 -364.0911 97.31432 45.95231 -364.1212 98.51685 46.30394 -365.3963 99.39717 47.82336 -366.1871 98.51685 47.2717 -364.2036 99.39717 47.26463 -365.3963 99.39717 47.82336 -364.1212 98.51685 46.30394 -365.3963 95.23146 47.82336 -366.382 96.11177 49.5447 -365.5088 95.23146 49.13568 -366.1871 96.11177 47.2717 -366.382 96.11177 49.5447 -365.3963 95.23146 47.82336 -366.1871 96.11177 47.2717 -366.7016 97.31432 49.69441 -366.382 96.11177 49.5447 -366.4766 97.31432 47.06977 -366.7016 97.31432 49.69441 -366.1871 96.11177 47.2717 -366.4766 97.31432 47.06977 -366.382 98.51685 49.5447 -366.7016 97.31432 49.69441 -366.1871 98.51685 47.2717 -366.382 98.51685 49.5447 -366.4766 97.31432 47.06977 -366.1871 98.51685 47.2717 -365.5088 99.39717 49.13568 -366.382 98.51685 49.5447 -365.3963 99.39717 47.82336 -365.5088 99.39717 49.13568 -366.1871 98.51685 47.2717 -365.5088 95.23146 49.13568 -364.511 96.11177 50.84996 -364.4286 95.23146 49.88927 -366.382 96.11177 49.5447 -364.511 96.11177 50.84996 -365.5088 95.23146 49.13568 -366.382 96.11177 49.5447 -364.5411 97.31432 51.2016 -364.511 96.11177 50.84996 -366.7016 97.31432 49.69441 -364.5411 97.31432 51.2016 -366.382 96.11177 49.5447 -366.7016 97.31432 49.69441 -364.511 98.51685 50.84996 -364.5411 97.31432 51.2016 -366.382 98.51685 49.5447 -364.511 98.51685 50.84996 -366.7016 97.31432 49.69441 -366.382 98.51685 49.5447 -364.4286 99.39717 49.88927 -364.511 98.51685 50.84996 -365.5088 99.39717 49.13568 -364.4286 99.39717 49.88927 -366.382 98.51685 49.5447 -364.3161 94.90926 48.57695 -364.4286 95.23146 49.88927 -363.2358 95.23146 49.33054 -364.3161 94.90926 48.57695 -363.2358 95.23146 49.33054 -363.1233 95.23146 48.01822 -364.3161 94.90926 48.57695 -363.1233 95.23146 48.01822 -364.2036 95.23146 47.26463 -364.3161 94.90926 48.57695 -364.2036 95.23146 47.26463 -365.3963 95.23146 47.82336 -364.3161 94.90926 48.57695 -365.3963 95.23146 47.82336 -365.5088 95.23146 49.13568 -364.3161 94.90926 48.57695 -365.5088 95.23146 49.13568 -364.4286 95.23146 49.88927 -364.3161 99.71938 48.57695 -363.2358 99.39717 49.33054 -364.4286 99.39717 49.88927 -364.3161 99.71938 48.57695 -363.1233 99.39717 48.01822 -363.2358 99.39717 49.33054 -364.3161 99.71938 48.57695 -364.2036 99.39717 47.26463 -363.1233 99.39717 48.01822 -364.3161 99.71938 48.57695 -365.3963 99.39717 47.82336 -364.2036 99.39717 47.26463 -364.3161 99.71938 48.57695 -365.5088 99.39717 49.13568 -365.3963 99.39717 47.82336 -364.3161 99.71938 48.57695 -364.4286 99.39717 49.88927 -365.5088 99.39717 49.13568 -352.0563 97.56454 111.0036 -351.754 110.6272 110.862 -352.0563 110.6272 111.0036 -351.754 97.56454 110.862 -351.754 110.6272 110.862 -352.0563 97.56454 111.0036 -351.754 97.56454 110.862 -351.6124 110.6272 111.1643 -351.754 110.6272 110.862 -351.6124 97.56454 111.1643 -351.6124 110.6272 111.1643 -351.754 97.56454 110.862 -352.0563 110.6272 111.0036 -351.9147 110.6272 111.306 -351.9147 97.56454 111.306 -352.0563 110.6272 111.0036 -351.9147 97.56454 111.306 -352.0563 97.56454 111.0036 -351.9086 95.23146 112.3908 -349.925 96.11177 112.3837 -350.7158 95.23146 111.832 -351.991 96.11177 113.3515 -349.925 96.11177 112.3837 -351.9086 95.23146 112.3908 -351.991 96.11177 113.3515 -349.6356 97.31432 112.5856 -349.925 96.11177 112.3837 -352.0211 97.31432 113.7031 -349.6356 97.31432 112.5856 -351.991 96.11177 113.3515 -352.0211 97.31432 113.7031 -349.925 98.51685 112.3837 -349.6356 97.31432 112.5856 -351.991 98.51685 113.3515 -349.925 98.51685 112.3837 -352.0211 97.31432 113.7031 -351.991 98.51685 113.3515 -350.7158 99.39717 111.832 -349.925 98.51685 112.3837 -351.9086 99.39717 112.3908 -350.7158 99.39717 111.832 -351.991 98.51685 113.3515 -350.7158 95.23146 111.832 -349.7302 96.11177 110.1107 -350.6033 95.23146 110.5197 -349.925 96.11177 112.3837 -349.7302 96.11177 110.1107 -350.7158 95.23146 111.832 -349.925 96.11177 112.3837 -349.4106 97.31432 109.961 -349.7302 96.11177 110.1107 -349.6356 97.31432 112.5856 -349.4106 97.31432 109.961 -349.925 96.11177 112.3837 -349.6356 97.31432 112.5856 -349.7302 98.51685 110.1107 -349.4106 97.31432 109.961 -349.925 98.51685 112.3837 -349.7302 98.51685 110.1107 -349.6356 97.31432 112.5856 -349.925 98.51685 112.3837 -350.6033 99.39717 110.5197 -349.7302 98.51685 110.1107 -350.7158 99.39717 111.832 -350.6033 99.39717 110.5197 -349.925 98.51685 112.3837 -350.6033 95.23146 110.5197 -351.6012 96.11177 108.8054 -351.6836 95.23146 109.7661 -349.7302 96.11177 110.1107 -351.6012 96.11177 108.8054 -350.6033 95.23146 110.5197 -349.7302 96.11177 110.1107 -351.571 97.31432 108.4538 -351.6012 96.11177 108.8054 -349.4106 97.31432 109.961 -351.571 97.31432 108.4538 -349.7302 96.11177 110.1107 -349.4106 97.31432 109.961 -351.6012 98.51685 108.8054 -351.571 97.31432 108.4538 -349.7302 98.51685 110.1107 -351.6012 98.51685 108.8054 -349.4106 97.31432 109.961 -349.7302 98.51685 110.1107 -351.6836 99.39717 109.7661 -351.6012 98.51685 108.8054 -350.6033 99.39717 110.5197 -351.6836 99.39717 109.7661 -349.7302 98.51685 110.1107 -351.6836 95.23146 109.7661 -353.6671 96.11177 109.7732 -352.8763 95.23146 110.3249 -351.6012 96.11177 108.8054 -353.6671 96.11177 109.7732 -351.6836 95.23146 109.7661 -351.6012 96.11177 108.8054 -353.9566 97.31432 109.5713 -353.6671 96.11177 109.7732 -351.571 97.31432 108.4538 -353.9566 97.31432 109.5713 -351.6012 96.11177 108.8054 -351.571 97.31432 108.4538 -353.6671 98.51685 109.7732 -353.9566 97.31432 109.5713 -351.6012 98.51685 108.8054 -353.6671 98.51685 109.7732 -351.571 97.31432 108.4538 -351.6012 98.51685 108.8054 -352.8763 99.39717 110.3249 -353.6671 98.51685 109.7732 -351.6836 99.39717 109.7661 -352.8763 99.39717 110.3249 -351.6012 98.51685 108.8054 -352.8763 95.23146 110.3249 -353.862 96.11177 112.0462 -352.9888 95.23146 111.6372 -353.6671 96.11177 109.7732 -353.862 96.11177 112.0462 -352.8763 95.23146 110.3249 -353.6671 96.11177 109.7732 -354.1816 97.31432 112.1959 -353.862 96.11177 112.0462 -353.9566 97.31432 109.5713 -354.1816 97.31432 112.1959 -353.6671 96.11177 109.7732 -353.9566 97.31432 109.5713 -353.862 98.51685 112.0462 -354.1816 97.31432 112.1959 -353.6671 98.51685 109.7732 -353.862 98.51685 112.0462 -353.9566 97.31432 109.5713 -353.6671 98.51685 109.7732 -352.9888 99.39717 111.6372 -353.862 98.51685 112.0462 -352.8763 99.39717 110.3249 -352.9888 99.39717 111.6372 -353.6671 98.51685 109.7732 -352.9888 95.23146 111.6372 -351.991 96.11177 113.3515 -351.9086 95.23146 112.3908 -353.862 96.11177 112.0462 -351.991 96.11177 113.3515 -352.9888 95.23146 111.6372 -353.862 96.11177 112.0462 -352.0211 97.31432 113.7031 -351.991 96.11177 113.3515 -354.1816 97.31432 112.1959 -352.0211 97.31432 113.7031 -353.862 96.11177 112.0462 -354.1816 97.31432 112.1959 -351.991 98.51685 113.3515 -352.0211 97.31432 113.7031 -353.862 98.51685 112.0462 -351.991 98.51685 113.3515 -354.1816 97.31432 112.1959 -353.862 98.51685 112.0462 -351.9086 99.39717 112.3908 -351.991 98.51685 113.3515 -352.9888 99.39717 111.6372 -351.9086 99.39717 112.3908 -353.862 98.51685 112.0462 -351.7961 94.90926 111.0785 -351.9086 95.23146 112.3908 -350.7158 95.23146 111.832 -351.7961 94.90926 111.0785 -350.7158 95.23146 111.832 -350.6033 95.23146 110.5197 -351.7961 94.90926 111.0785 -350.6033 95.23146 110.5197 -351.6836 95.23146 109.7661 -351.7961 94.90926 111.0785 -351.6836 95.23146 109.7661 -352.8763 95.23146 110.3249 -351.7961 94.90926 111.0785 -352.8763 95.23146 110.3249 -352.9888 95.23146 111.6372 -351.7961 94.90926 111.0785 -352.9888 95.23146 111.6372 -351.9086 95.23146 112.3908 -351.7961 99.71938 111.0785 -350.7158 99.39717 111.832 -351.9086 99.39717 112.3908 -351.7961 99.71938 111.0785 -350.6033 99.39717 110.5197 -350.7158 99.39717 111.832 -351.7961 99.71938 111.0785 -351.6836 99.39717 109.7661 -350.6033 99.39717 110.5197 -351.7961 99.71938 111.0785 -352.8763 99.39717 110.3249 -351.6836 99.39717 109.7661 -351.7961 99.71938 111.0785 -352.9888 99.39717 111.6372 -352.8763 99.39717 110.3249 -351.7961 99.71938 111.0785 -351.9086 99.39717 112.3908 -352.9888 99.39717 111.6372 -358.384 103.1685 79.88792 -358.0817 116.2312 79.74629 -358.384 116.2312 79.88792 -358.0817 103.1685 79.74629 -358.0817 116.2312 79.74629 -358.384 103.1685 79.88792 -358.0817 103.1685 79.74629 -357.9401 116.2312 80.04864 -358.0817 116.2312 79.74629 -357.9401 103.1685 80.04864 -357.9401 116.2312 80.04864 -358.0817 103.1685 79.74629 -358.384 116.2312 79.88792 -358.2424 116.2312 80.19026 -358.2424 103.1685 80.19026 -358.384 116.2312 79.88792 -358.2424 103.1685 80.19026 -358.384 103.1685 79.88792 -358.302 98.82808 81.28084 -356.3185 99.70839 81.27378 -357.1092 98.82808 80.72211 -358.3844 99.70839 82.24153 -356.3185 99.70839 81.27378 -358.302 98.82808 81.28084 -358.3844 99.70839 82.24153 -356.029 100.9109 81.4757 -356.3185 99.70839 81.27378 -358.4145 100.9109 82.59315 -356.029 100.9109 81.4757 -358.3844 99.70839 82.24153 -358.4145 100.9109 82.59315 -356.3185 102.1135 81.27378 -356.029 100.9109 81.4757 -358.3844 102.1135 82.24153 -356.3185 102.1135 81.27378 -358.4145 100.9109 82.59315 -358.3844 102.1135 82.24153 -357.1092 102.9938 80.72211 -356.3185 102.1135 81.27378 -358.302 102.9938 81.28084 -357.1092 102.9938 80.72211 -358.3844 102.1135 82.24153 -357.1092 98.82808 80.72211 -356.1236 99.70839 79.00077 -356.9967 98.82808 79.40979 -356.3185 99.70839 81.27378 -356.1236 99.70839 79.00077 -357.1092 98.82808 80.72211 -356.3185 99.70839 81.27378 -355.804 100.9109 78.85106 -356.1236 99.70839 79.00077 -356.029 100.9109 81.4757 -355.804 100.9109 78.85106 -356.3185 99.70839 81.27378 -356.029 100.9109 81.4757 -356.1236 102.1135 79.00077 -355.804 100.9109 78.85106 -356.3185 102.1135 81.27378 -356.1236 102.1135 79.00077 -356.029 100.9109 81.4757 -356.3185 102.1135 81.27378 -356.9967 102.9938 79.40979 -356.1236 102.1135 79.00077 -357.1092 102.9938 80.72211 -356.9967 102.9938 79.40979 -356.3185 102.1135 81.27378 -356.9967 98.82808 79.40979 -357.9946 99.70839 77.6955 -358.077 98.82808 78.6562 -356.1236 99.70839 79.00077 -357.9946 99.70839 77.6955 -356.9967 98.82808 79.40979 -356.1236 99.70839 79.00077 -357.9645 100.9109 77.34388 -357.9946 99.70839 77.6955 -355.804 100.9109 78.85106 -357.9645 100.9109 77.34388 -356.1236 99.70839 79.00077 -355.804 100.9109 78.85106 -357.9946 102.1135 77.6955 -357.9645 100.9109 77.34388 -356.1236 102.1135 79.00077 -357.9946 102.1135 77.6955 -355.804 100.9109 78.85106 -356.1236 102.1135 79.00077 -358.077 102.9938 78.6562 -357.9946 102.1135 77.6955 -356.9967 102.9938 79.40979 -358.077 102.9938 78.6562 -356.1236 102.1135 79.00077 -358.077 98.82808 78.6562 -360.0605 99.70839 78.66326 -359.2697 98.82808 79.21493 -357.9946 99.70839 77.6955 -360.0605 99.70839 78.66326 -358.077 98.82808 78.6562 -357.9946 99.70839 77.6955 -360.35 100.9109 78.46133 -360.0605 99.70839 78.66326 -357.9645 100.9109 77.34388 -360.35 100.9109 78.46133 -357.9946 99.70839 77.6955 -357.9645 100.9109 77.34388 -360.0605 102.1135 78.66326 -360.35 100.9109 78.46133 -357.9946 102.1135 77.6955 -360.0605 102.1135 78.66326 -357.9645 100.9109 77.34388 -357.9946 102.1135 77.6955 -359.2697 102.9938 79.21493 -360.0605 102.1135 78.66326 -358.077 102.9938 78.6562 -359.2697 102.9938 79.21493 -357.9946 102.1135 77.6955 -359.2697 98.82808 79.21493 -360.2554 99.70839 80.93626 -359.3823 98.82808 80.52724 -360.0605 99.70839 78.66326 -360.2554 99.70839 80.93626 -359.2697 98.82808 79.21493 -360.0605 99.70839 78.66326 -360.575 100.9109 81.08598 -360.2554 99.70839 80.93626 -360.35 100.9109 78.46133 -360.575 100.9109 81.08598 -360.0605 99.70839 78.66326 -360.35 100.9109 78.46133 -360.2554 102.1135 80.93626 -360.575 100.9109 81.08598 -360.0605 102.1135 78.66326 -360.2554 102.1135 80.93626 -360.35 100.9109 78.46133 -360.0605 102.1135 78.66326 -359.3823 102.9938 80.52724 -360.2554 102.1135 80.93626 -359.2697 102.9938 79.21493 -359.3823 102.9938 80.52724 -360.0605 102.1135 78.66326 -359.3823 98.82808 80.52724 -358.3844 99.70839 82.24153 -358.302 98.82808 81.28084 -360.2554 99.70839 80.93626 -358.3844 99.70839 82.24153 -359.3823 98.82808 80.52724 -360.2554 99.70839 80.93626 -358.4145 100.9109 82.59315 -358.3844 99.70839 82.24153 -360.575 100.9109 81.08598 -358.4145 100.9109 82.59315 -360.2554 99.70839 80.93626 -360.575 100.9109 81.08598 -358.3844 102.1135 82.24153 -358.4145 100.9109 82.59315 -360.2554 102.1135 80.93626 -358.3844 102.1135 82.24153 -360.575 100.9109 81.08598 -360.2554 102.1135 80.93626 -358.302 102.9938 81.28084 -358.3844 102.1135 82.24153 -359.3823 102.9938 80.52724 -358.302 102.9938 81.28084 -360.2554 102.1135 80.93626 -358.1895 98.50586 79.96852 -358.302 98.82808 81.28084 -357.1092 98.82808 80.72211 -358.1895 98.50586 79.96852 -357.1092 98.82808 80.72211 -356.9967 98.82808 79.40979 -358.1895 98.50586 79.96852 -356.9967 98.82808 79.40979 -358.077 98.82808 78.6562 -358.1895 98.50586 79.96852 -358.077 98.82808 78.6562 -359.2697 98.82808 79.21493 -358.1895 98.50586 79.96852 -359.2697 98.82808 79.21493 -359.3823 98.82808 80.52724 -358.1895 98.50586 79.96852 -359.3823 98.82808 80.52724 -358.302 98.82808 81.28084 -358.1895 103.316 79.96852 -357.1092 102.9938 80.72211 -358.302 102.9938 81.28084 -358.1895 103.316 79.96852 -356.9967 102.9938 79.40979 -357.1092 102.9938 80.72211 -358.1895 103.316 79.96852 -358.077 102.9938 78.6562 -356.9967 102.9938 79.40979 -358.1895 103.316 79.96852 -359.2697 102.9938 79.21493 -358.077 102.9938 78.6562 -358.1895 103.316 79.96852 -359.3823 102.9938 80.52724 -359.2697 102.9938 79.21493 -358.1895 103.316 79.96852 -358.302 102.9938 81.28084 -359.3823 102.9938 80.52724 -309.123 97.56454 199.277 -308.9099 110.6272 199.02 -309.123 110.6272 199.277 -308.9099 97.56454 199.02 -308.9099 110.6272 199.02 -309.123 97.56454 199.277 -308.9099 97.56454 199.02 -308.6529 110.6272 199.2331 -308.9099 110.6272 199.02 -308.6529 97.56454 199.2331 -308.6529 110.6272 199.2331 -308.9099 97.56454 199.02 -309.123 110.6272 199.277 -308.866 110.6272 199.4901 -308.866 97.56454 199.4901 -309.123 110.6272 199.277 -308.866 97.56454 199.4901 -309.123 97.56454 199.277 -308.3981 95.23146 200.4688 -306.6068 96.11177 199.6169 -307.5573 95.23146 199.455 -308.0631 96.11177 201.373 -306.6068 96.11177 199.6169 -308.3981 95.23146 200.4688 -308.0631 96.11177 201.373 -306.2589 97.31432 199.6762 -306.6068 96.11177 199.6169 -307.9405 97.31432 201.7039 -306.2589 97.31432 199.6762 -308.0631 96.11177 201.373 -307.9405 97.31432 201.7039 -306.6068 98.51685 199.6169 -306.2589 97.31432 199.6762 -308.0631 98.51685 201.373 -306.6068 98.51685 199.6169 -307.9405 97.31432 201.7039 -308.0631 98.51685 201.373 -307.5573 99.39717 199.455 -306.6068 98.51685 199.6169 -308.3981 99.39717 200.4688 -307.5573 99.39717 199.455 -308.0631 98.51685 201.373 -307.5573 95.23146 199.455 -307.3994 96.11177 197.4777 -308.0149 95.23146 198.2199 -306.6068 96.11177 199.6169 -307.3994 96.11177 197.4777 -307.5573 95.23146 199.455 -306.6068 96.11177 199.6169 -307.1741 97.31432 197.206 -307.3994 96.11177 197.4777 -306.2589 97.31432 199.6762 -307.1741 97.31432 197.206 -306.6068 96.11177 199.6169 -306.2589 97.31432 199.6762 -307.3994 98.51685 197.4777 -307.1741 97.31432 197.206 -306.6068 98.51685 199.6169 -307.3994 98.51685 197.4777 -306.2589 97.31432 199.6762 -306.6068 98.51685 199.6169 -308.0149 99.39717 198.2199 -307.3994 98.51685 197.4777 -307.5573 99.39717 199.455 -308.0149 99.39717 198.2199 -306.6068 98.51685 199.6169 -308.0149 95.23146 198.2199 -309.6483 96.11177 197.0945 -309.3133 95.23146 197.9986 -307.3994 96.11177 197.4777 -309.6483 96.11177 197.0945 -308.0149 95.23146 198.2199 -307.3994 96.11177 197.4777 -309.7709 97.31432 196.7635 -309.6483 96.11177 197.0945 -307.1741 97.31432 197.206 -309.7709 97.31432 196.7635 -307.3994 96.11177 197.4777 -307.1741 97.31432 197.206 -309.6483 98.51685 197.0945 -309.7709 97.31432 196.7635 -307.3994 98.51685 197.4777 -309.6483 98.51685 197.0945 -307.1741 97.31432 197.206 -307.3994 98.51685 197.4777 -309.3133 99.39717 197.9986 -309.6483 98.51685 197.0945 -308.0149 99.39717 198.2199 -309.3133 99.39717 197.9986 -307.3994 98.51685 197.4777 -309.3133 95.23146 197.9986 -311.1046 96.11177 198.8505 -310.1541 95.23146 199.0125 -309.6483 96.11177 197.0945 -311.1046 96.11177 198.8505 -309.3133 95.23146 197.9986 -309.6483 96.11177 197.0945 -311.4525 97.31432 198.7912 -311.1046 96.11177 198.8505 -309.7709 97.31432 196.7635 -311.4525 97.31432 198.7912 -309.6483 96.11177 197.0945 -309.7709 97.31432 196.7635 -311.1046 98.51685 198.8505 -311.4525 97.31432 198.7912 -309.6483 98.51685 197.0945 -311.1046 98.51685 198.8505 -309.7709 97.31432 196.7635 -309.6483 98.51685 197.0945 -310.1541 99.39717 199.0125 -311.1046 98.51685 198.8505 -309.3133 99.39717 197.9986 -310.1541 99.39717 199.0125 -309.6483 98.51685 197.0945 -310.1541 95.23146 199.0125 -310.312 96.11177 200.9897 -309.6965 95.23146 200.2476 -311.1046 96.11177 198.8505 -310.312 96.11177 200.9897 -310.1541 95.23146 199.0125 -311.1046 96.11177 198.8505 -310.5373 97.31432 201.2614 -310.312 96.11177 200.9897 -311.4525 97.31432 198.7912 -310.5373 97.31432 201.2614 -311.1046 96.11177 198.8505 -311.4525 97.31432 198.7912 -310.312 98.51685 200.9897 -310.5373 97.31432 201.2614 -311.1046 98.51685 198.8505 -310.312 98.51685 200.9897 -311.4525 97.31432 198.7912 -311.1046 98.51685 198.8505 -309.6965 99.39717 200.2476 -310.312 98.51685 200.9897 -310.1541 99.39717 199.0125 -309.6965 99.39717 200.2476 -311.1046 98.51685 198.8505 -309.6965 95.23146 200.2476 -308.0631 96.11177 201.373 -308.3981 95.23146 200.4688 -310.312 96.11177 200.9897 -308.0631 96.11177 201.373 -309.6965 95.23146 200.2476 -310.312 96.11177 200.9897 -307.9405 97.31432 201.7039 -308.0631 96.11177 201.373 -310.5373 97.31432 201.2614 -307.9405 97.31432 201.7039 -310.312 96.11177 200.9897 -310.5373 97.31432 201.2614 -308.0631 98.51685 201.373 -307.9405 97.31432 201.7039 -310.312 98.51685 200.9897 -308.0631 98.51685 201.373 -310.5373 97.31432 201.2614 -310.312 98.51685 200.9897 -308.3981 99.39717 200.4688 -308.0631 98.51685 201.373 -309.6965 99.39717 200.2476 -308.3981 99.39717 200.4688 -310.312 98.51685 200.9897 -308.8557 94.90926 199.2337 -308.3981 95.23146 200.4688 -307.5573 95.23146 199.455 -308.8557 94.90926 199.2337 -307.5573 95.23146 199.455 -308.0149 95.23146 198.2199 -308.8557 94.90926 199.2337 -308.0149 95.23146 198.2199 -309.3133 95.23146 197.9986 -308.8557 94.90926 199.2337 -309.3133 95.23146 197.9986 -310.1541 95.23146 199.0125 -308.8557 94.90926 199.2337 -310.1541 95.23146 199.0125 -309.6965 95.23146 200.2476 -308.8557 94.90926 199.2337 -309.6965 95.23146 200.2476 -308.3981 95.23146 200.4688 -308.8557 99.71938 199.2337 -307.5573 99.39717 199.455 -308.3981 99.39717 200.4688 -308.8557 99.71938 199.2337 -308.0149 99.39717 198.2199 -307.5573 99.39717 199.455 -308.8557 99.71938 199.2337 -309.3133 99.39717 197.9986 -308.0149 99.39717 198.2199 -308.8557 99.71938 199.2337 -310.1541 99.39717 199.0125 -309.3133 99.39717 197.9986 -308.8557 99.71938 199.2337 -309.6965 99.39717 200.2476 -310.1541 99.39717 199.0125 -308.8557 99.71938 199.2337 -308.3981 99.39717 200.4688 -309.6965 99.39717 200.2476 -271.1559 97.56454 250.4794 -270.9428 110.6272 250.2224 -271.1559 110.6272 250.4794 -270.9428 97.56454 250.2224 -270.9428 110.6272 250.2224 -271.1559 97.56454 250.4794 -270.9428 97.56454 250.2224 -270.6858 110.6272 250.4355 -270.9428 110.6272 250.2224 -270.6858 97.56454 250.4355 -270.6858 110.6272 250.4355 -270.9428 97.56454 250.2224 -271.1559 110.6272 250.4794 -270.899 110.6272 250.6925 -270.899 97.56454 250.6925 -271.1559 110.6272 250.4794 -270.899 97.56454 250.6925 -271.1559 97.56454 250.4794 -270.431 95.23146 251.6712 -268.6397 96.11177 250.8194 -269.5902 95.23146 250.6574 -270.096 96.11177 252.5754 -268.6397 96.11177 250.8194 -270.431 95.23146 251.6712 -270.096 96.11177 252.5754 -268.2917 97.31432 250.8786 -268.6397 96.11177 250.8194 -269.9734 97.31432 252.9063 -268.2917 97.31432 250.8786 -270.096 96.11177 252.5754 -269.9734 97.31432 252.9063 -268.6397 98.51685 250.8194 -268.2917 97.31432 250.8786 -270.096 98.51685 252.5754 -268.6397 98.51685 250.8194 -269.9734 97.31432 252.9063 -270.096 98.51685 252.5754 -269.5902 99.39717 250.6574 -268.6397 98.51685 250.8194 -270.431 99.39717 251.6712 -269.5902 99.39717 250.6574 -270.096 98.51685 252.5754 -269.5902 95.23146 250.6574 -269.4323 96.11177 248.6801 -270.0478 95.23146 249.4223 -268.6397 96.11177 250.8194 -269.4323 96.11177 248.6801 -269.5902 95.23146 250.6574 -268.6397 96.11177 250.8194 -269.207 97.31432 248.4084 -269.4323 96.11177 248.6801 -268.2917 97.31432 250.8786 -269.207 97.31432 248.4084 -268.6397 96.11177 250.8194 -268.2917 97.31432 250.8786 -269.4323 98.51685 248.6801 -269.207 97.31432 248.4084 -268.6397 98.51685 250.8194 -269.4323 98.51685 248.6801 -268.2917 97.31432 250.8786 -268.6397 98.51685 250.8194 -270.0478 99.39717 249.4223 -269.4323 98.51685 248.6801 -269.5902 99.39717 250.6574 -270.0478 99.39717 249.4223 -268.6397 98.51685 250.8194 -270.0478 95.23146 249.4223 -271.6812 96.11177 248.2969 -271.3462 95.23146 249.201 -269.4323 96.11177 248.6801 -271.6812 96.11177 248.2969 -270.0478 95.23146 249.4223 -269.4323 96.11177 248.6801 -271.8038 97.31432 247.966 -271.6812 96.11177 248.2969 -269.207 97.31432 248.4084 -271.8038 97.31432 247.966 -269.4323 96.11177 248.6801 -269.207 97.31432 248.4084 -271.6812 98.51685 248.2969 -271.8038 97.31432 247.966 -269.4323 98.51685 248.6801 -271.6812 98.51685 248.2969 -269.207 97.31432 248.4084 -269.4323 98.51685 248.6801 -271.3462 99.39717 249.201 -271.6812 98.51685 248.2969 -270.0478 99.39717 249.4223 -271.3462 99.39717 249.201 -269.4323 98.51685 248.6801 -271.3462 95.23146 249.201 -273.1375 96.11177 250.0529 -272.187 95.23146 250.2149 -271.6812 96.11177 248.2969 -273.1375 96.11177 250.0529 -271.3462 95.23146 249.201 -271.6812 96.11177 248.2969 -273.4854 97.31432 249.9937 -273.1375 96.11177 250.0529 -271.8038 97.31432 247.966 -273.4854 97.31432 249.9937 -271.6812 96.11177 248.2969 -271.8038 97.31432 247.966 -273.1375 98.51685 250.0529 -273.4854 97.31432 249.9937 -271.6812 98.51685 248.2969 -273.1375 98.51685 250.0529 -271.8038 97.31432 247.966 -271.6812 98.51685 248.2969 -272.187 99.39717 250.2149 -273.1375 98.51685 250.0529 -271.3462 99.39717 249.201 -272.187 99.39717 250.2149 -271.6812 98.51685 248.2969 -272.187 95.23146 250.2149 -272.3449 96.11177 252.1922 -271.7294 95.23146 251.45 -273.1375 96.11177 250.0529 -272.3449 96.11177 252.1922 -272.187 95.23146 250.2149 -273.1375 96.11177 250.0529 -272.5702 97.31432 252.4638 -272.3449 96.11177 252.1922 -273.4854 97.31432 249.9937 -272.5702 97.31432 252.4638 -273.1375 96.11177 250.0529 -273.4854 97.31432 249.9937 -272.3449 98.51685 252.1922 -272.5702 97.31432 252.4638 -273.1375 98.51685 250.0529 -272.3449 98.51685 252.1922 -273.4854 97.31432 249.9937 -273.1375 98.51685 250.0529 -271.7294 99.39717 251.45 -272.3449 98.51685 252.1922 -272.187 99.39717 250.2149 -271.7294 99.39717 251.45 -273.1375 98.51685 250.0529 -271.7294 95.23146 251.45 -270.096 96.11177 252.5754 -270.431 95.23146 251.6712 -272.3449 96.11177 252.1922 -270.096 96.11177 252.5754 -271.7294 95.23146 251.45 -272.3449 96.11177 252.1922 -269.9734 97.31432 252.9063 -270.096 96.11177 252.5754 -272.5702 97.31432 252.4638 -269.9734 97.31432 252.9063 -272.3449 96.11177 252.1922 -272.5702 97.31432 252.4638 -270.096 98.51685 252.5754 -269.9734 97.31432 252.9063 -272.3449 98.51685 252.1922 -270.096 98.51685 252.5754 -272.5702 97.31432 252.4638 -272.3449 98.51685 252.1922 -270.431 99.39717 251.6712 -270.096 98.51685 252.5754 -271.7294 99.39717 251.45 -270.431 99.39717 251.6712 -272.3449 98.51685 252.1922 -270.8886 94.90926 250.4361 -270.431 95.23146 251.6712 -269.5902 95.23146 250.6574 -270.8886 94.90926 250.4361 -269.5902 95.23146 250.6574 -270.0478 95.23146 249.4223 -270.8886 94.90926 250.4361 -270.0478 95.23146 249.4223 -271.3462 95.23146 249.201 -270.8886 94.90926 250.4361 -271.3462 95.23146 249.201 -272.187 95.23146 250.2149 -270.8886 94.90926 250.4361 -272.187 95.23146 250.2149 -271.7294 95.23146 251.45 -270.8886 94.90926 250.4361 -271.7294 95.23146 251.45 -270.431 95.23146 251.6712 -270.8886 99.71938 250.4361 -269.5902 99.39717 250.6574 -270.431 99.39717 251.6712 -270.8886 99.71938 250.4361 -270.0478 99.39717 249.4223 -269.5902 99.39717 250.6574 -270.8886 99.71938 250.4361 -271.3462 99.39717 249.201 -270.0478 99.39717 249.4223 -270.8886 99.71938 250.4361 -272.187 99.39717 250.2149 -271.3462 99.39717 249.201 -270.8886 99.71938 250.4361 -271.7294 99.39717 251.45 -272.187 99.39717 250.2149 -270.8886 99.71938 250.4361 -270.431 99.39717 251.6712 -271.7294 99.39717 251.45 -290.0368 103.1807 224.9572 -289.8237 116.2434 224.7002 -290.0368 116.2434 224.9572 -289.8237 103.1807 224.7002 -289.8237 116.2434 224.7002 -290.0368 103.1807 224.9572 -289.8237 103.1807 224.7002 -289.5667 116.2434 224.9133 -289.8237 116.2434 224.7002 -289.5667 103.1807 224.9133 -289.5667 116.2434 224.9133 -289.8237 103.1807 224.7002 -290.0368 116.2434 224.9572 -289.7798 116.2434 225.1703 -289.7798 103.1807 225.1703 -290.0368 116.2434 224.9572 -289.7798 103.1807 225.1703 -290.0368 103.1807 224.9572 -289.3447 98.81534 226.1796 -287.5534 99.69565 225.3277 -288.5039 98.81534 225.1658 -289.0097 99.69565 227.0838 -287.5534 99.69565 225.3277 -289.3447 98.81534 226.1796 -289.0097 99.69565 227.0838 -287.2055 100.8982 225.387 -287.5534 99.69565 225.3277 -288.8871 100.8982 227.4147 -287.2055 100.8982 225.387 -289.0097 99.69565 227.0838 -288.8871 100.8982 227.4147 -287.5534 102.1007 225.3277 -287.2055 100.8982 225.387 -289.0097 102.1007 227.0838 -287.5534 102.1007 225.3277 -288.8871 100.8982 227.4147 -289.0097 102.1007 227.0838 -288.5039 102.981 225.1658 -287.5534 102.1007 225.3277 -289.3447 102.981 226.1796 -288.5039 102.981 225.1658 -289.0097 102.1007 227.0838 -288.5039 98.81534 225.1658 -288.346 99.69565 223.1885 -288.9615 98.81534 223.9307 -287.5534 99.69565 225.3277 -288.346 99.69565 223.1885 -288.5039 98.81534 225.1658 -287.5534 99.69565 225.3277 -288.1207 100.8982 222.9168 -288.346 99.69565 223.1885 -287.2055 100.8982 225.387 -288.1207 100.8982 222.9168 -287.5534 99.69565 225.3277 -287.2055 100.8982 225.387 -288.346 102.1007 223.1885 -288.1207 100.8982 222.9168 -287.5534 102.1007 225.3277 -288.346 102.1007 223.1885 -287.2055 100.8982 225.387 -287.5534 102.1007 225.3277 -288.9615 102.981 223.9307 -288.346 102.1007 223.1885 -288.5039 102.981 225.1658 -288.9615 102.981 223.9307 -287.5534 102.1007 225.3277 -288.9615 98.81534 223.9307 -290.5949 99.69565 222.8053 -290.2599 98.81534 223.7094 -288.346 99.69565 223.1885 -290.5949 99.69565 222.8053 -288.9615 98.81534 223.9307 -288.346 99.69565 223.1885 -290.7175 100.8982 222.4743 -290.5949 99.69565 222.8053 -288.1207 100.8982 222.9168 -290.7175 100.8982 222.4743 -288.346 99.69565 223.1885 -288.1207 100.8982 222.9168 -290.5949 102.1007 222.8053 -290.7175 100.8982 222.4743 -288.346 102.1007 223.1885 -290.5949 102.1007 222.8053 -288.1207 100.8982 222.9168 -288.346 102.1007 223.1885 -290.2599 102.981 223.7094 -290.5949 102.1007 222.8053 -288.9615 102.981 223.9307 -290.2599 102.981 223.7094 -288.346 102.1007 223.1885 -290.2599 98.81534 223.7094 -292.0513 99.69565 224.5613 -291.1007 98.81534 224.7233 -290.5949 99.69565 222.8053 -292.0513 99.69565 224.5613 -290.2599 98.81534 223.7094 -290.5949 99.69565 222.8053 -292.3992 100.8982 224.502 -292.0513 99.69565 224.5613 -290.7175 100.8982 222.4743 -292.3992 100.8982 224.502 -290.5949 99.69565 222.8053 -290.7175 100.8982 222.4743 -292.0513 102.1007 224.5613 -292.3992 100.8982 224.502 -290.5949 102.1007 222.8053 -292.0513 102.1007 224.5613 -290.7175 100.8982 222.4743 -290.5949 102.1007 222.8053 -291.1007 102.981 224.7233 -292.0513 102.1007 224.5613 -290.2599 102.981 223.7094 -291.1007 102.981 224.7233 -290.5949 102.1007 222.8053 -291.1007 98.81534 224.7233 -291.2587 99.69565 226.7006 -290.6432 98.81534 225.9584 -292.0513 99.69565 224.5613 -291.2587 99.69565 226.7006 -291.1007 98.81534 224.7233 -292.0513 99.69565 224.5613 -291.4839 100.8982 226.9722 -291.2587 99.69565 226.7006 -292.3992 100.8982 224.502 -291.4839 100.8982 226.9722 -292.0513 99.69565 224.5613 -292.3992 100.8982 224.502 -291.2587 102.1007 226.7006 -291.4839 100.8982 226.9722 -292.0513 102.1007 224.5613 -291.2587 102.1007 226.7006 -292.3992 100.8982 224.502 -292.0513 102.1007 224.5613 -290.6432 102.981 225.9584 -291.2587 102.1007 226.7006 -291.1007 102.981 224.7233 -290.6432 102.981 225.9584 -292.0513 102.1007 224.5613 -290.6432 98.81534 225.9584 -289.0097 99.69565 227.0838 -289.3447 98.81534 226.1796 -291.2587 99.69565 226.7006 -289.0097 99.69565 227.0838 -290.6432 98.81534 225.9584 -291.2587 99.69565 226.7006 -288.8871 100.8982 227.4147 -289.0097 99.69565 227.0838 -291.4839 100.8982 226.9722 -288.8871 100.8982 227.4147 -291.2587 99.69565 226.7006 -291.4839 100.8982 226.9722 -289.0097 102.1007 227.0838 -288.8871 100.8982 227.4147 -291.2587 102.1007 226.7006 -289.0097 102.1007 227.0838 -291.4839 100.8982 226.9722 -291.2587 102.1007 226.7006 -289.3447 102.981 226.1796 -289.0097 102.1007 227.0838 -290.6432 102.981 225.9584 -289.3447 102.981 226.1796 -291.2587 102.1007 226.7006 -289.8023 98.49313 224.9445 -289.3447 98.81534 226.1796 -288.5039 98.81534 225.1658 -289.8023 98.49313 224.9445 -288.5039 98.81534 225.1658 -288.9615 98.81534 223.9307 -289.8023 98.49313 224.9445 -288.9615 98.81534 223.9307 -290.2599 98.81534 223.7094 -289.8023 98.49313 224.9445 -290.2599 98.81534 223.7094 -291.1007 98.81534 224.7233 -289.8023 98.49313 224.9445 -291.1007 98.81534 224.7233 -290.6432 98.81534 225.9584 -289.8023 98.49313 224.9445 -290.6432 98.81534 225.9584 -289.3447 98.81534 226.1796 -289.8023 103.3033 224.9445 -288.5039 102.981 225.1658 -289.3447 102.981 226.1796 -289.8023 103.3033 224.9445 -288.9615 102.981 223.9307 -288.5039 102.981 225.1658 -289.8023 103.3033 224.9445 -290.2599 102.981 223.7094 -288.9615 102.981 223.9307 -289.8023 103.3033 224.9445 -291.1007 102.981 224.7233 -290.2599 102.981 223.7094 -289.8023 103.3033 224.9445 -290.6432 102.981 225.9584 -291.1007 102.981 224.7233 -289.8023 103.3033 224.9445 -289.3447 102.981 226.1796 -290.6432 102.981 225.9584</float_array>
                    <technique_common>
                        <accessor count="1836" offset="0" source="green_2_2-geometry-POSITION-array" stride="3">
                            <param name="X" type="float" />
                            <param name="Y" type="float" />
                            <param name="Z" type="float" />
                        </accessor>
                    </technique_common>
                </source>
                <source id="green_2_2-geometry-NORMAL">
                    <float_array id="green_2_2-geometry-NORMAL-array" count="972">-0.8662412 -7.489493E-08 0.499626 -0.4996269 -5.526617E-08 -0.8662407 0.8662397 9.075096E-08 -0.4996286 0.4996276 7.112266E-08 0.8662403 0.8662433 -4.303413E-08 -0.4996223 0.4996313 -6.145623E-08 0.8662382 0.8662373 -1.827068E-07 -0.4996328 0.4996252 -1.195926E-07 0.8662417 0.9402879 -4.31278E-07 0.3403801 -0.3403791 -4.573988E-07 0.9402882 0.9402884 -2.247598E-07 0.3403788 -0.3403774 -1.737213E-07 0.940289 0.9402903 1.22685E-07 0.3403736 -0.3403755 -6.532868E-07 0.9402896 0.9956747 3.487421E-08 -0.09290806 0.09292685 -6.957496E-08 0.9956729 0.9956774 -2.151943E-08 -0.09287909 0.09286232 -1.266209E-07 0.995679 0.9956741 -3.313802E-07 -0.09291451 0.09294378 -3.730485E-07 0.9956714 0.3277083 -0.8860161 0.3279981 0.8148646 -0.5371126 -0.2179581 0.4479093 -0.8860156 -0.1198064 0.59619 -0.5371098 0.5967165 0.9660392 -9.098659E-07 -0.2583955 0.706797 1.699897E-06 0.7074164 0.8148692 0.537105 -0.2179597 0.5961949 0.5371066 0.5967144 0.447914 0.8860133 -0.1198059 0.3277114 0.8860148 0.3279987 0.2186731 -0.5371131 -0.8146728 0.1201997 -0.886016 -0.4478032 0.2592429 -4.615906E-07 -0.9658121 0.2186769 0.5371077 -0.8146752 0.1202034 0.8860145 -0.4478052 -0.596193 -0.5371084 -0.5967147 -0.3277089 -0.886017 -0.327995 -0.7067972 3.479679E-06 -0.7074163 -0.5961943 0.5371041 -0.5967174 -0.3277111 0.8860148 -0.3279987 -0.8148638 -0.5371118 0.217963 -0.4479043 -0.8860179 0.1198079 -0.9660382 1.464661E-06 0.2583991 -0.8148691 0.5371035 0.2179637 -0.4479115 0.8860143 0.1198082 -0.2186712 -0.5371121 0.8146739 -0.1201979 -0.8860164 0.447803 -0.2592402 1.331506E-07 0.9658129 -0.2186714 0.5371072 0.8146771 -0.1201999 0.8860151 0.4478049 -2.722645E-07 -1 8.774401E-07 -9.122786E-07 1 9.084075E-07 -0.8662356 -2.074671E-07 0.4996358 -0.499627 -1.890496E-07 -0.8662407 0.327708 -0.8860168 0.3279965 0.8148699 -0.5371036 -0.2179606 0.4479105 -0.8860148 -0.1198078 0.5961917 -0.5371094 0.5967151 0.9660393 4.926577E-06 -0.2583952 0.7067986 2.245813E-06 0.7074148 0.8148679 0.5371066 -0.2179606 0.5961923 0.5371083 0.5967155 0.4479126 0.886014 -0.1198059 0.3277092 0.8860155 0.3279989 0.2186802 -0.5371025 -0.8146778 0.1201995 -0.8860171 -0.447801 0.2592423 5.250577E-06 -0.9658123 0.2186751 0.5371062 -0.8146767 0.1202008 0.8860171 -0.4478007 -0.5961941 -0.5371032 -0.5967183 -0.3277101 -0.8860175 -0.3279924 -0.7067973 2.383393E-06 -0.7074162 -0.5961984 0.5371011 -0.5967159 -0.3277109 0.8860165 -0.3279943 -0.8148649 -0.5371105 0.2179619 -0.4479044 -0.8860179 0.1198076 -0.9660385 1.025262E-06 0.2583983 -0.8148685 0.5371042 0.2179644 -0.4479093 0.8860155 0.1198073 -0.2186701 -0.5371126 0.8146738 -0.1201973 -0.8860165 0.4478029 -0.2592386 1.211674E-06 0.9658133 -0.2186734 0.5371079 0.814676 -0.120201 0.8860146 0.4478056 -2.351022E-06 -1 1.300675E-06 1.001313E-06 1 1.336804E-06 -0.8662464 -2.656246E-07 0.4996171 -0.4996247 -3.287398E-07 -0.866242 0.3277156 -0.8860134 0.3279981 0.8148633 -0.5371139 -0.2179597 0.447916 -0.8860121 -0.1198079 0.5961899 -0.5371124 0.5967143 0.9660394 -1.557872E-06 -0.2583951 0.7067959 -2.219186E-06 0.7074175 0.814865 0.5371116 -0.2179593 0.5961915 0.5371093 0.5967155 0.4479155 0.8860124 -0.1198068 0.327715 0.8860133 0.327999 0.2186739 -0.5371124 -0.814673 0.1202032 -0.8860129 -0.4478085 0.2592412 2.663025E-07 -0.9658126 0.2186755 0.537113 -0.8146721 0.1202024 0.8860145 -0.4478055 -0.5961928 -0.5371102 -0.5967133 -0.3277128 -0.8860129 -0.3280025 -0.7067983 -5.059737E-07 -0.7074152 -0.5961905 0.5371124 -0.5967137 -0.3277099 0.8860162 -0.3279961 -0.8148652 -0.5371091 0.2179643 -0.4479133 -0.8860136 0.1198066 -0.9660376 -3.9679E-06 0.2584012 -0.8148665 0.5371067 0.2179657 -0.4479111 0.8860144 0.1198089 -0.2186702 -0.5371077 0.8146771 -0.1201977 -0.886014 0.4478076 -0.2592384 -3.856927E-06 0.9658133 -0.2186732 0.5371038 0.8146787 -0.1201998 0.8860145 0.4478061 1.612946E-06 -1 -3.478802E-06 7.52277E-07 1 -7.071146E-07 -0.9402893 -6.012674E-07 -0.3403764 0.3403774 -5.751434E-07 -0.9402889 -0.03960333 -0.8860177 0.4619569 0.6918068 -0.5371101 0.4826138 0.3802669 -0.886016 0.2652788 -0.07204953 -0.5371128 0.8404278 0.8201492 -4.39397E-07 0.5721497 -0.08541598 -1.216111E-06 0.9963454 0.6918126 0.5371002 0.4826165 -0.07205115 0.5371044 0.8404329 0.3802743 0.8860123 0.2652805 -0.03960528 0.8860142 0.4619635 0.7638593 -0.5371097 -0.3578158 0.4198724 -0.8860154 -0.1966822 0.9055701 2.250259E-06 -0.4241965 0.7638634 0.5371054 -0.3578133 0.419878 0.8860124 -0.1966835 0.072051 -0.5371079 -0.8404307 0.03960634 -0.8860168 -0.4619582 0.08541597 4.3851E-06 -0.9963454 0.07205096 0.5371088 -0.8404301 0.03960619 0.8860159 -0.4619602 -0.6918082 -0.5371098 -0.4826122 -0.3802629 -0.8860189 -0.2652745 -0.8201514 9.586838E-07 -0.5721465 -0.6918119 0.5371038 -0.4826135 -0.3802706 0.8860154 -0.2652754 -0.7638566 -0.537113 0.3578165 -0.4198659 -0.886019 0.1966797 -0.9055696 -1.952879E-06 0.4241978 -0.7638629 0.5371029 0.3578183 -0.419876 0.886013 0.1966849 1.347128E-06 -1 5.032376E-07 -1.223255E-06 1 7.38082E-07 -0.9402882 -3.175934E-07 -0.3403795 0.3403809 -3.686228E-07 -0.9402876 -0.03960086 -0.8860164 0.4619597 0.6918077 -0.5371087 0.482614 0.3802692 -0.8860136 0.2652832 -0.07204977 -0.5371103 0.8404293 0.8201504 3.279958E-06 0.5721479 -0.08541911 4.899952E-06 0.9963451 0.6918097 0.5371048 0.4826156 -0.07204878 0.5371075 0.8404312 0.3802716 0.8860122 0.2652844 -0.03960206 0.8860143 0.4619635 0.7638597 -0.5371096 -0.3578152 0.4198721 -0.8860159 -0.1966808 0.90557 -7.101396E-07 -0.4241969 0.7638624 0.5371066 -0.3578139 0.4198727 0.8860155 -0.1966812 0.07205191 -0.537112 -0.840428 0.03960338 -0.8860161 -0.46196 0.08541883 -3.37316E-06 -0.9963451 0.07205334 0.5371079 -0.8404305 0.03960267 0.8860157 -0.4619608 -0.691806 -0.5371141 -0.4826106 -0.3802636 -0.8860176 -0.2652782 -0.8201524 4.571515E-07 -0.5721451 -0.6918083 0.5371104 -0.4826113 -0.3802666 0.8860163 -0.265278 -0.763857 -0.5371119 0.3578173 -0.4198664 -0.8860192 0.1966777 -0.9055683 4.74016E-06 0.4242005 -0.7638581 0.5371099 0.357818 -0.4198707 0.8860165 0.1966807 -2.761357E-06 -1 5.445293E-07 -4.242679E-06 1 -8.56794E-07 -0.9402889 -7.97159E-07 -0.3403774 0.3403755 -2.118239E-08 -0.9402896 -0.03960583 -0.8860124 0.4619668 0.6918056 -0.5371122 0.4826131 0.3802717 -0.8860125 0.2652834 -0.07205267 -0.5371054 0.8404321 0.8201488 -5.130745E-06 0.5721502 -0.08541781 4.784555E-06 0.9963452 0.6918105 0.5371035 0.4826159 -0.07204996 0.5371067 0.8404316 0.3802718 0.8860137 0.2652794 -0.039604 0.8860161 0.4619598 0.7638591 -0.5371121 -0.3578127 0.4198767 -0.8860136 -0.1966813 0.9055699 -6.098332E-06 -0.4241971 0.7638632 0.5371045 -0.3578153 0.4198765 0.886014 -0.1966801 0.07205337 -0.5371106 -0.8404288 0.03960736 -0.8860157 -0.4619605 0.0854187 -1.291561E-06 -0.9963451 0.07205326 0.5371073 -0.8404309 0.03960644 0.8860171 -0.4619577 -0.6918053 -0.5371153 -0.4826102 -0.3802667 -0.8860155 -0.2652805 -0.8201513 -1.109595E-06 -0.5721467 -0.6918073 0.5371115 -0.4826115 -0.3802646 0.8860172 -0.2652777 -0.7638588 -0.5371082 0.3578191 -0.4198749 -0.886014 0.1966831 -0.9055676 3.990088E-06 0.4242021 -0.7638581 0.5371099 0.3578181 -0.4198696 0.8860169 0.1966815 1.003897E-06 -1 8.103439E-07 2.598767E-06 1 -1.545841E-06 -0.9956767 -5.66234E-07 0.09288678 -0.09286801 -4.61752E-07 -0.9956784 0.1610859 -0.886017 0.4347703 0.8315257 -0.5371121 0.1416886 0.4570673 -0.8860157 0.07788256 0.2930553 -0.5371121 0.7909673 0.9857911 4.766804E-06 0.1679759 0.3474227 4.167633E-06 0.9377086 0.8315268 0.5371097 0.1416911 0.2930548 0.53711 0.7909688 0.4570725 0.8860129 0.07788411 0.1610859 0.8860142 0.4347759 0.5384705 -0.5371101 -0.6492783 0.2959814 -0.886017 -0.3568879 0.6383657 2.831683E-06 -0.7697333 0.538471 0.5371103 -0.6492777 0.2959841 0.8860151 -0.3568902 -0.2930556 -0.5371095 -0.7909689 -0.1610826 -0.8860177 -0.43477 -0.3474266 -2.796159E-07 -0.9377072 -0.2930594 0.5371049 -0.7909706 -0.1610858 0.8860151 -0.4347743 -0.8315237 -0.5371158 -0.141686 -0.45706 -0.8860196 -0.07788048 -0.9857917 2.707412E-07 -0.1679725 -0.8315293 0.5371069 -0.1416866 -0.457068 0.8860154 -0.07788139 -0.5384662 -0.5371102 0.6492817 -0.295978 -0.8860172 0.35689 -0.638363 2.791721E-06 0.7697355 -0.5384697 0.537106 0.6492823 -0.2959836 0.8860134 0.3568949 2.15747E-06 -1 2.890391E-07 1.910369E-06 1 -3.303306E-07 -0.9956794 1.252563E-08 0.09285732 -0.09287398 1.176248E-07 -0.9956779 0.1610854 -0.8860168 0.4347707 0.8315234 -0.5371163 0.1416864 0.4570667 -0.8860162 0.07787934 0.2930559 -0.5371113 0.7909675 0.9857912 -3.985661E-06 0.1679751 0.3474238 5.947416E-07 0.9377082 0.8315288 0.5371078 0.1416866 0.2930585 0.5371076 0.7909691 0.4570689 0.8860151 0.07788019 0.1610861 0.8860165 0.4347712 0.5384684 -0.537114 -0.6492769 0.2959834 -0.8860147 -0.3568919 0.6383652 -2.219187E-06 -0.7697336 0.5384719 0.5371077 -0.649279 0.2959845 0.8860141 -0.3568923 -0.2930579 -0.5371062 -0.7909703 -0.1610858 -0.8860164 -0.4347715 -0.3474225 3.284381E-07 -0.9377087 -0.2930599 0.5371037 -0.7909712 -0.1610902 0.8860158 -0.4347712 -0.8315327 -0.5371007 -0.1416903 -0.4570672 -0.8860157 -0.07788313 -0.9857912 3.399786E-06 -0.1679751 -0.8315315 0.5371025 -0.141691 -0.4570726 0.8860131 -0.07788076 -0.5384747 -0.5371021 0.6492814 -0.2959794 -0.8860175 0.3568881 -0.6383665 5.432531E-06 0.7697326 -0.5384704 0.537106 0.6492817 -0.295981 0.8860167 0.3568889 2.058757E-06 -1 -8.56794E-07 -3.058133E-06 1 3.767827E-07 -0.9956734 -2.684756E-07 0.09292156 -0.0928923 -2.268E-07 -0.9956762 0.1610835 -0.8860183 0.4347684 0.8315252 -0.5371134 0.1416862 0.457061 -0.8860191 0.0778812 0.2930587 -0.5371078 0.790969 0.9857914 4.265285E-06 0.1679739 0.3474231 4.660277E-06 0.9377085 0.8315235 0.5371155 0.1416885 0.2930546 0.5371116 0.7909678 0.457071 0.8860137 0.07788368 0.1610866 0.8860148 0.4347746 0.5384672 -0.5371127 -0.6492788 0.2959771 -0.8860192 -0.3568859 0.6383638 4.882199E-07 -0.7697348 0.5384679 0.5371132 -0.6492778 0.2959833 0.8860142 -0.3568931 -0.2930571 -0.5371098 -0.7909681 -0.1610881 -0.8860171 -0.4347694 -0.3474223 3.049155E-06 -0.9377088 -0.293055 0.5371138 -0.7909662 -0.1610851 0.8860154 -0.4347739 -0.8315292 -0.5371067 -0.1416884 -0.4570671 -0.8860154 -0.07788658 -0.9857917 5.308291E-06 -0.167972 -0.8315252 0.5371128 -0.1416886 -0.4570687 0.8860149 -0.07788407 -0.5384711 -0.5371052 0.6492818 -0.2959797 -0.886019 0.3568843 -0.6383644 3.124591E-06 0.7697343 -0.5384714 0.5371082 0.6492791 -0.2959851 0.8860157 0.3568878 -4.252352E-06 -1 -1.073572E-06 -1.003252E-06 1 -3.612999E-07</float_array>
                    <technique_common>
                        <accessor count="324" offset="0" source="green_2_2-geometry-NORMAL-array" stride="3">
                            <param name="X" type="float" />
                            <param name="Y" type="float" />
                            <param name="Z" type="float" />
                        </accessor>
                    </technique_common>
                </source>
                <source id="green_2_2-geometry-TEXCOORD">
                    <float_array id="green_2_2-geometry-TEXCOORD-array" count="118">1 0 0 1 1 1 0 0 -1 1 -1 0 0 3 1 3 1 2 0 2 2 1 2 0 0 0.1666667 0.1666667 0.3333334 0.1666667 0.1666667 0 0.3333334 0.1666667 0.5 0 0.5 0.1666667 0.6666667 0 0.6666667 0.1666667 0.8333334 0 0.8333334 0.3333333 0.3333334 0.3333333 0.1666667 0.3333333 0.5 0.3333333 0.6666667 0.3333333 0.8333334 0.5 0.3333334 0.5 0.1666667 0.5 0.5 0.5 0.6666667 0.5 0.8333334 0.6666667 0.3333334 0.6666667 0.1666667 0.6666667 0.5 0.6666667 0.6666667 0.6666667 0.8333334 0.8333334 0.3333334 0.8333334 0.1666667 0.8333334 0.5 0.8333334 0.6666667 0.8333334 0.8333334 1 0.3333334 1 0.1666667 1 0.5 1 0.6666667 1 0.8333334 0.08333334 0 0.25 0 0.4166667 0 0.5833334 0 0.75 0 0.9166667 0 0.08333334 1 0.25 1 0.4166667 1 0.5833334 1 0.75 1 0.9166667 1</float_array>
                    <technique_common>
                        <accessor count="59" offset="0" source="green_2_2-geometry-TEXCOORD-array" stride="2">
                            <param name="S" type="float" />
                            <param name="T" type="float" />
                        </accessor>
                    </technique_common>
                </source>
                <source id="green_2_2-geometry-COLOR">
                    <float_array id="green_2_2-geometry-COLOR-array" count="12">0.5921569 0.6 0.6745098 1 1 1 0.9764706 1 1 1 0.9176471 1</float_array>
                    <technique_common>
                        <accessor count="3" offset="0" source="green_2_2-geometry-COLOR-array" stride="4">
                            <param name="R" type="double" />
                            <param name="G" type="double" />
                            <param name="B" type="double" />
                            <param name="A" type="double" />
                        </accessor>
                    </technique_common>
                </source>
                <vertices id="green_2_2-vertices">
                    <input semantic="POSITION" source="#green_2_2-geometry-POSITION" />
                </vertices>
                <triangles count="612" material="light_s0">
                    <input semantic="VERTEX" source="#green_2_2-vertices" offset="0" set="0" />
                    <input semantic="NORMAL" source="#green_2_2-geometry-NORMAL" offset="1" set="0" />
                    <input semantic="TEXCOORD" source="#green_2_2-geometry-TEXCOORD" offset="2" set="0" />
                    <input semantic="COLOR" source="#green_2_2-geometry-COLOR" offset="3" set="0" />
                    <p>2 0 2 0 1 1 1 0 0 0 0 0 5 0 0 0 4 1 1 0 3 1 3 0 8 1 1 0 7 2 4 1 6 1 3 0 11 1 3 0 10 2 4 1 9 2 5 1 14 3 8 1 13 3 7 1 12 2 6 1 17 2 9 1 16 3 8 1 15 2 6 1 20 5 8 1 19 5 7 1 18 4 6 1 23 4 9 1 22 5 8 1 21 4 6 1 26 7 8 1 25 7 7 1 24 6 6 1 29 6 9 1 28 7 8 1 27 6 6 1 32 9 8 0 31 9 7 0 30 8 6 1 35 8 9 1 34 9 8 0 33 8 6 1 38 11 8 0 37 11 7 0 36 10 6 1 41 10 9 1 40 11 8 0 39 10 6 1 44 13 8 0 43 13 7 0 42 12 6 1 47 12 9 1 46 13 8 0 45 12 6 1 50 15 8 0 49 15 7 0 48 14 6 1 53 14 9 1 52 15 8 0 51 14 6 1 56 17 8 0 55 17 7 0 54 16 6 1 59 16 9 1 58 17 8 0 57 16 6 1 62 19 8 0 61 19 7 0 60 18 6 1 65 18 9 1 64 19 8 0 63 18 6 1 68 3 11 1 67 3 10 1 66 0 2 0 71 0 0 0 70 3 11 1 69 0 2 0 74 22 14 0 73 21 13 1 72 20 12 0 77 20 12 0 76 21 13 1 75 23 15 0 80 21 13 1 79 24 16 1 78 23 15 0 83 23 15 0 82 24 16 1 81 25 17 1 86 24 16 1 85 26 18 1 84 25 17 1 89 25 17 1 88 26 18 1 87 27 19 1 92 26 18 1 91 28 20 1 90 27 19 1 95 27 19 1 94 28 20 1 93 29 21 1 98 31 23 0 97 30 22 0 96 22 14 0 101 22 14 0 100 30 22 0 99 21 13 1 104 30 22 0 103 32 24 1 102 21 13 1 107 21 13 1 106 32 24 1 105 24 16 1 110 32 24 1 109 33 25 1 108 24 16 1 113 24 16 1 112 33 25 1 111 26 18 1 116 33 25 1 115 34 26 1 114 26 18 1 119 26 18 1 118 34 26 1 117 28 20 1 122 36 28 0 121 35 27 0 120 31 23 0 125 31 23 0 124 35 27 0 123 30 22 0 128 35 27 0 127 37 29 0 126 30 22 0 131 30 22 0 130 37 29 0 129 32 24 1 134 37 29 0 133 38 30 1 132 32 24 1 137 32 24 1 136 38 30 1 135 33 25 1 140 38 30 1 139 39 31 1 138 33 25 1 143 33 25 1 142 39 31 1 141 34 26 1 146 41 33 0 145 40 32 0 144 36 28 0 149 36 28 0 148 40 32 0 147 35 27 0 152 40 32 0 151 42 34 0 150 35 27 0 155 35 27 0 154 42 34 0 153 37 29 0 158 42 34 0 157 43 35 0 156 37 29 0 161 37 29 0 160 43 35 0 159 38 30 1 164 43 35 0 163 44 36 1 162 38 30 1 167 38 30 1 166 44 36 1 165 39 31 1 170 46 38 0 169 45 37 0 168 41 33 0 173 41 33 0 172 45 37 0 171 40 32 0 176 45 37 0 175 47 39 0 174 40 32 0 179 40 32 0 178 47 39 0 177 42 34 0 182 47 39 0 181 48 40 1 180 42 34 0 185 42 34 0 184 48 40 1 183 43 35 0 188 48 40 1 187 49 41 1 186 43 35 0 191 43 35 0 190 49 41 1 189 44 36 1 194 20 43 0 193 23 42 0 192 46 38 0 197 46 38 0 196 23 42 0 195 45 37 0 200 23 42 0 199 25 44 1 198 45 37 0 203 45 37 0 202 25 44 1 201 47 39 0 206 25 44 1 205 27 45 1 204 47 39 0 209 47 39 0 208 27 45 1 207 48 40 1 212 27 45 1 211 29 46 1 210 48 40 1 215 48 40 1 214 29 46 1 213 49 41 1 218 22 14 0 217 20 12 0 216 50 47 0 221 31 23 0 220 22 14 0 219 50 48 0 224 36 28 0 223 31 23 0 222 50 49 0 227 41 33 0 226 36 28 0 225 50 50 0 230 46 38 0 229 41 33 0 228 50 51 0 233 20 43 0 232 46 38 0 231 50 52 0 236 29 21 1 235 28 20 1 234 51 53 1 239 28 20 1 238 34 26 1 237 51 54 1 242 34 26 1 241 39 31 1 240 51 55 1 245 39 31 1 244 44 36 1 243 51 56 1 248 44 36 1 247 49 41 1 246 51 57 1 251 49 41 1 250 29 46 1 249 51 58 1 254 52 2 0 253 53 1 0 252 52 0 0 257 52 0 0 256 53 1 0 255 53 3 0 260 53 1 0 259 4 4 1 258 53 3 0 263 53 3 0 262 4 4 1 261 4 5 1 266 5 11 1 265 5 10 1 264 52 2 0 269 52 0 0 268 5 11 1 267 52 2 0 272 56 14 0 271 55 13 1 270 54 12 0 275 54 12 0 274 55 13 1 273 57 15 0 278 55 13 1 277 58 16 1 276 57 15 0 281 57 15 0 280 58 16 1 279 59 17 1 284 58 16 1 283 60 18 1 282 59 17 1 287 59 17 1 286 60 18 1 285 61 19 1 290 60 18 1 289 62 20 1 288 61 19 1 293 61 19 1 292 62 20 1 291 63 21 1 296 65 23 0 295 64 22 0 294 56 14 0 299 56 14 0 298 64 22 0 297 55 13 1 302 64 22 0 301 66 24 1 300 55 13 1 305 55 13 1 304 66 24 1 303 58 16 1 308 66 24 1 307 67 25 1 306 58 16 1 311 58 16 1 310 67 25 1 309 60 18 1 314 67 25 1 313 68 26 1 312 60 18 1 317 60 18 1 316 68 26 1 315 62 20 1 320 70 28 0 319 69 27 0 318 65 23 0 323 65 23 0 322 69 27 0 321 64 22 0 326 69 27 0 325 71 29 0 324 64 22 0 329 64 22 0 328 71 29 0 327 66 24 1 332 71 29 0 331 72 30 1 330 66 24 1 335 66 24 1 334 72 30 1 333 67 25 1 338 72 30 1 337 73 31 1 336 67 25 1 341 67 25 1 340 73 31 1 339 68 26 1 344 75 33 0 343 74 32 0 342 70 28 0 347 70 28 0 346 74 32 0 345 69 27 0 350 74 32 0 349 76 34 0 348 69 27 0 353 69 27 0 352 76 34 0 351 71 29 0 356 76 34 0 355 77 35 0 354 71 29 0 359 71 29 0 358 77 35 0 357 72 30 1 362 77 35 0 361 78 36 1 360 72 30 1 365 72 30 1 364 78 36 1 363 73 31 1 368 80 38 0 367 79 37 0 366 75 33 0 371 75 33 0 370 79 37 0 369 74 32 0 374 79 37 0 373 81 39 0 372 74 32 0 377 74 32 0 376 81 39 0 375 76 34 0 380 81 39 0 379 82 40 1 378 76 34 0 383 76 34 0 382 82 40 1 381 77 35 0 386 82 40 1 385 83 41 1 384 77 35 0 389 77 35 0 388 83 41 1 387 78 36 1 392 54 43 0 391 57 42 0 390 80 38 0 395 80 38 0 394 57 42 0 393 79 37 0 398 57 42 0 397 59 44 1 396 79 37 0 401 79 37 0 400 59 44 1 399 81 39 0 404 59 44 1 403 61 45 1 402 81 39 0 407 81 39 0 406 61 45 1 405 82 40 1 410 61 45 1 409 63 46 1 408 82 40 1 413 82 40 1 412 63 46 1 411 83 41 1 416 56 14 0 415 54 12 0 414 84 47 0 419 65 23 0 418 56 14 0 417 84 48 0 422 70 28 0 421 65 23 0 420 84 49 0 425 75 33 0 424 70 28 0 423 84 50 0 428 80 38 0 427 75 33 0 426 84 51 0 431 54 43 0 430 80 38 0 429 84 52 0 434 63 21 1 433 62 20 1 432 85 53 1 437 62 20 1 436 68 26 1 435 85 54 1 440 68 26 1 439 73 31 1 438 85 55 1 443 73 31 1 442 78 36 1 441 85 56 1 446 78 36 1 445 83 41 1 444 85 57 1 449 83 41 1 448 63 46 1 447 85 58 1 452 86 2 0 451 87 1 0 450 86 0 0 455 86 0 0 454 87 1 0 453 87 3 0 458 87 1 0 457 6 4 1 456 87 3 0 461 87 3 0 460 6 4 1 459 6 5 1 464 7 11 1 463 7 10 1 462 86 2 0 467 86 0 0 466 7 11 1 465 86 2 0 470 90 14 0 469 89 13 1 468 88 12 0 473 88 12 0 472 89 13 1 471 91 15 0 476 89 13 1 475 92 16 1 474 91 15 0 479 91 15 0 478 92 16 1 477 93 17 1 482 92 16 1 481 94 18 1 480 93 17 1 485 93 17 1 484 94 18 1 483 95 19 1 488 94 18 1 487 96 20 1 486 95 19 1 491 95 19 1 490 96 20 1 489 97 21 1 494 99 23 0 493 98 22 0 492 90 14 0 497 90 14 0 496 98 22 0 495 89 13 1 500 98 22 0 499 100 24 1 498 89 13 1 503 89 13 1 502 100 24 1 501 92 16 1 506 100 24 1 505 101 25 1 504 92 16 1 509 92 16 1 508 101 25 1 507 94 18 1 512 101 25 1 511 102 26 1 510 94 18 1 515 94 18 1 514 102 26 1 513 96 20 1 518 104 28 0 517 103 27 0 516 99 23 0 521 99 23 0 520 103 27 0 519 98 22 0 524 103 27 0 523 105 29 0 522 98 22 0 527 98 22 0 526 105 29 0 525 100 24 1 530 105 29 0 529 106 30 1 528 100 24 1 533 100 24 1 532 106 30 1 531 101 25 1 536 106 30 1 535 107 31 1 534 101 25 1 539 101 25 1 538 107 31 1 537 102 26 1 542 109 33 0 541 108 32 0 540 104 28 0 545 104 28 0 544 108 32 0 543 103 27 0 548 108 32 0 547 110 34 0 546 103 27 0 551 103 27 0 550 110 34 0 549 105 29 0 554 110 34 0 553 111 35 0 552 105 29 0 557 105 29 0 556 111 35 0 555 106 30 1 560 111 35 0 559 112 36 1 558 106 30 1 563 106 30 1 562 112 36 1 561 107 31 1 566 114 38 0 565 113 37 0 564 109 33 0 569 109 33 0 568 113 37 0 567 108 32 0 572 113 37 0 571 115 39 0 570 108 32 0 575 108 32 0 574 115 39 0 573 110 34 0 578 115 39 0 577 116 40 1 576 110 34 0 581 110 34 0 580 116 40 1 579 111 35 0 584 116 40 1 583 117 41 1 582 111 35 0 587 111 35 0 586 117 41 1 585 112 36 1 590 88 43 0 589 91 42 0 588 114 38 0 593 114 38 0 592 91 42 0 591 113 37 0 596 91 42 0 595 93 44 1 594 113 37 0 599 113 37 0 598 93 44 1 597 115 39 0 602 93 44 1 601 95 45 1 600 115 39 0 605 115 39 0 604 95 45 1 603 116 40 1 608 95 45 1 607 97 46 1 606 116 40 1 611 116 40 1 610 97 46 1 609 117 41 1 614 90 14 0 613 88 12 0 612 118 47 0 617 99 23 0 616 90 14 0 615 118 48 0 620 104 28 0 619 99 23 0 618 118 49 0 623 109 33 0 622 104 28 0 621 118 50 0 626 114 38 0 625 109 33 0 624 118 51 0 629 88 43 0 628 114 38 0 627 118 52 0 632 97 21 1 631 96 20 1 630 119 53 1 635 96 20 1 634 102 26 1 633 119 54 1 638 102 26 1 637 107 31 1 636 119 55 1 641 107 31 1 640 112 36 1 639 119 56 1 644 112 36 1 643 117 41 1 642 119 57 1 647 117 41 1 646 97 46 1 645 119 58 1 650 120 2 0 649 121 1 1 648 120 0 0 653 120 0 0 652 121 1 1 651 121 3 1 656 121 1 1 655 8 4 1 654 121 3 1 659 121 3 1 658 8 4 1 657 8 5 1 662 9 11 0 661 9 10 0 660 120 2 0 665 120 0 0 664 9 11 0 663 120 2 0 668 124 14 0 667 123 13 2 666 122 12 0 671 122 12 0 670 123 13 2 669 125 15 0 674 123 13 2 673 126 16 1 672 125 15 0 677 125 15 0 676 126 16 1 675 127 17 0 680 126 16 1 679 128 18 1 678 127 17 0 683 127 17 0 682 128 18 1 681 129 19 1 686 128 18 1 685 130 20 1 684 129 19 1 689 129 19 1 688 130 20 1 687 131 21 1 692 133 23 0 691 132 22 1 690 124 14 0 695 124 14 0 694 132 22 1 693 123 13 2 698 132 22 1 697 134 24 1 696 123 13 2 701 123 13 2 700 134 24 1 699 126 16 1 704 134 24 1 703 135 25 1 702 126 16 1 707 126 16 1 706 135 25 1 705 128 18 1 710 135 25 1 709 136 26 1 708 128 18 1 713 128 18 1 712 136 26 1 711 130 20 1 716 138 28 0 715 137 27 0 714 133 23 0 719 133 23 0 718 137 27 0 717 132 22 1 722 137 27 0 721 139 29 1 720 132 22 1 725 132 22 1 724 139 29 1 723 134 24 1 728 139 29 1 727 140 30 1 726 134 24 1 731 134 24 1 730 140 30 1 729 135 25 1 734 140 30 1 733 141 31 1 732 135 25 1 737 135 25 1 736 141 31 1 735 136 26 1 740 143 33 0 739 142 32 0 738 138 28 0 743 138 28 0 742 142 32 0 741 137 27 0 746 142 32 0 745 144 34 0 744 137 27 0 749 137 27 0 748 144 34 0 747 139 29 1 752 144 34 0 751 145 35 0 750 139 29 1 755 139 29 1 754 145 35 0 753 140 30 1 758 145 35 0 757 146 36 1 756 140 30 1 761 140 30 1 760 146 36 1 759 141 31 1 764 148 38 0 763 147 37 0 762 143 33 0 767 143 33 0 766 147 37 0 765 142 32 0 770 147 37 0 769 149 39 0 768 142 32 0 773 142 32 0 772 149 39 0 771 144 34 0 776 149 39 0 775 150 40 0 774 144 34 0 779 144 34 0 778 150 40 0 777 145 35 0 782 150 40 0 781 151 41 1 780 145 35 0 785 145 35 0 784 151 41 1 783 146 36 1 788 122 43 0 787 125 42 0 786 148 38 0 791 148 38 0 790 125 42 0 789 147 37 0 794 125 42 0 793 127 44 0 792 147 37 0 797 147 37 0 796 127 44 0 795 149 39 0 800 127 44 0 799 129 45 1 798 149 39 0 803 149 39 0 802 129 45 1 801 150 40 0 806 129 45 1 805 131 46 1 804 150 40 0 809 150 40 0 808 131 46 1 807 151 41 1 812 124 14 0 811 122 12 0 810 152 47 0 815 133 23 0 814 124 14 0 813 152 48 0 818 138 28 0 817 133 23 0 816 152 49 0 821 143 33 0 820 138 28 0 819 152 50 0 824 148 38 0 823 143 33 0 822 152 51 0 827 122 43 0 826 148 38 0 825 152 52 0 830 131 21 1 829 130 20 1 828 153 53 1 833 130 20 1 832 136 26 1 831 153 54 1 836 136 26 1 835 141 31 1 834 153 55 1 839 141 31 1 838 146 36 1 837 153 56 1 842 146 36 1 841 151 41 1 840 153 57 1 845 151 41 1 844 131 46 1 843 153 58 1 848 154 2 0 847 155 1 1 846 154 0 0 851 154 0 0 850 155 1 1 849 155 3 1 854 155 1 1 853 10 4 1 852 155 3 1 857 155 3 1 856 10 4 1 855 10 5 1 860 11 11 0 859 11 10 0 858 154 2 0 863 154 0 0 862 11 11 0 861 154 2 0 866 158 14 0 865 157 13 2 864 156 12 0 869 156 12 0 868 157 13 2 867 159 15 0 872 157 13 2 871 160 16 1 870 159 15 0 875 159 15 0 874 160 16 1 873 161 17 0 878 160 16 1 877 162 18 1 876 161 17 0 881 161 17 0 880 162 18 1 879 163 19 1 884 162 18 1 883 164 20 1 882 163 19 1 887 163 19 1 886 164 20 1 885 165 21 1 890 167 23 0 889 166 22 1 888 158 14 0 893 158 14 0 892 166 22 1 891 157 13 2 896 166 22 1 895 168 24 1 894 157 13 2 899 157 13 2 898 168 24 1 897 160 16 1 902 168 24 1 901 169 25 1 900 160 16 1 905 160 16 1 904 169 25 1 903 162 18 1 908 169 25 1 907 170 26 1 906 162 18 1 911 162 18 1 910 170 26 1 909 164 20 1 914 172 28 0 913 171 27 0 912 167 23 0 917 167 23 0 916 171 27 0 915 166 22 1 920 171 27 0 919 173 29 1 918 166 22 1 923 166 22 1 922 173 29 1 921 168 24 1 926 173 29 1 925 174 30 1 924 168 24 1 929 168 24 1 928 174 30 1 927 169 25 1 932 174 30 1 931 175 31 1 930 169 25 1 935 169 25 1 934 175 31 1 933 170 26 1 938 177 33 0 937 176 32 0 936 172 28 0 941 172 28 0 940 176 32 0 939 171 27 0 944 176 32 0 943 178 34 0 942 171 27 0 947 171 27 0 946 178 34 0 945 173 29 1 950 178 34 0 949 179 35 0 948 173 29 1 953 173 29 1 952 179 35 0 951 174 30 1 956 179 35 0 955 180 36 1 954 174 30 1 959 174 30 1 958 180 36 1 957 175 31 1 962 182 38 0 961 181 37 0 960 177 33 0 965 177 33 0 964 181 37 0 963 176 32 0 968 181 37 0 967 183 39 0 966 176 32 0 971 176 32 0 970 183 39 0 969 178 34 0 974 183 39 0 973 184 40 0 972 178 34 0 977 178 34 0 976 184 40 0 975 179 35 0 980 184 40 0 979 185 41 1 978 179 35 0 983 179 35 0 982 185 41 1 981 180 36 1 986 156 43 0 985 159 42 0 984 182 38 0 989 182 38 0 988 159 42 0 987 181 37 0 992 159 42 0 991 161 44 0 990 181 37 0 995 181 37 0 994 161 44 0 993 183 39 0 998 161 44 0 997 163 45 1 996 183 39 0 1001 183 39 0 1000 163 45 1 999 184 40 0 1004 163 45 1 1003 165 46 1 1002 184 40 0 1007 184 40 0 1006 165 46 1 1005 185 41 1 1010 158 14 0 1009 156 12 0 1008 186 47 0 1013 167 23 0 1012 158 14 0 1011 186 48 0 1016 172 28 0 1015 167 23 0 1014 186 49 0 1019 177 33 0 1018 172 28 0 1017 186 50 0 1022 182 38 0 1021 177 33 0 1020 186 51 0 1025 156 43 0 1024 182 38 0 1023 186 52 0 1028 165 21 1 1027 164 20 1 1026 187 53 1 1031 164 20 1 1030 170 26 1 1029 187 54 1 1034 170 26 1 1033 175 31 1 1032 187 55 1 1037 175 31 1 1036 180 36 1 1035 187 56 1 1040 180 36 1 1039 185 41 1 1038 187 57 1 1043 185 41 1 1042 165 46 1 1041 187 58 1 1046 188 2 0 1045 189 1 1 1044 188 0 0 1049 188 0 0 1048 189 1 1 1047 189 3 1 1052 189 1 1 1051 12 4 1 1050 189 3 1 1055 189 3 1 1054 12 4 1 1053 12 5 1 1058 13 11 0 1057 13 10 0 1056 188 2 0 1061 188 0 0 1060 13 11 0 1059 188 2 0 1064 192 14 0 1063 191 13 2 1062 190 12 0 1067 190 12 0 1066 191 13 2 1065 193 15 0 1070 191 13 2 1069 194 16 1 1068 193 15 0 1073 193 15 0 1072 194 16 1 1071 195 17 0 1076 194 16 1 1075 196 18 1 1074 195 17 0 1079 195 17 0 1078 196 18 1 1077 197 19 1 1082 196 18 1 1081 198 20 1 1080 197 19 1 1085 197 19 1 1084 198 20 1 1083 199 21 1 1088 201 23 0 1087 200 22 1 1086 192 14 0 1091 192 14 0 1090 200 22 1 1089 191 13 2 1094 200 22 1 1093 202 24 1 1092 191 13 2 1097 191 13 2 1096 202 24 1 1095 194 16 1 1100 202 24 1 1099 203 25 1 1098 194 16 1 1103 194 16 1 1102 203 25 1 1101 196 18 1 1106 203 25 1 1105 204 26 1 1104 196 18 1 1109 196 18 1 1108 204 26 1 1107 198 20 1 1112 206 28 0 1111 205 27 0 1110 201 23 0 1115 201 23 0 1114 205 27 0 1113 200 22 1 1118 205 27 0 1117 207 29 1 1116 200 22 1 1121 200 22 1 1120 207 29 1 1119 202 24 1 1124 207 29 1 1123 208 30 1 1122 202 24 1 1127 202 24 1 1126 208 30 1 1125 203 25 1 1130 208 30 1 1129 209 31 1 1128 203 25 1 1133 203 25 1 1132 209 31 1 1131 204 26 1 1136 211 33 0 1135 210 32 0 1134 206 28 0 1139 206 28 0 1138 210 32 0 1137 205 27 0 1142 210 32 0 1141 212 34 0 1140 205 27 0 1145 205 27 0 1144 212 34 0 1143 207 29 1 1148 212 34 0 1147 213 35 0 1146 207 29 1 1151 207 29 1 1150 213 35 0 1149 208 30 1 1154 213 35 0 1153 214 36 1 1152 208 30 1 1157 208 30 1 1156 214 36 1 1155 209 31 1 1160 216 38 0 1159 215 37 0 1158 211 33 0 1163 211 33 0 1162 215 37 0 1161 210 32 0 1166 215 37 0 1165 217 39 0 1164 210 32 0 1169 210 32 0 1168 217 39 0 1167 212 34 0 1172 217 39 0 1171 218 40 0 1170 212 34 0 1175 212 34 0 1174 218 40 0 1173 213 35 0 1178 218 40 0 1177 219 41 1 1176 213 35 0 1181 213 35 0 1180 219 41 1 1179 214 36 1 1184 190 43 0 1183 193 42 0 1182 216 38 0 1187 216 38 0 1186 193 42 0 1185 215 37 0 1190 193 42 0 1189 195 44 0 1188 215 37 0 1193 215 37 0 1192 195 44 0 1191 217 39 0 1196 195 44 0 1195 197 45 1 1194 217 39 0 1199 217 39 0 1198 197 45 1 1197 218 40 0 1202 197 45 1 1201 199 46 1 1200 218 40 0 1205 218 40 0 1204 199 46 1 1203 219 41 1 1208 192 14 0 1207 190 12 0 1206 220 47 0 1211 201 23 0 1210 192 14 0 1209 220 48 0 1214 206 28 0 1213 201 23 0 1212 220 49 0 1217 211 33 0 1216 206 28 0 1215 220 50 0 1220 216 38 0 1219 211 33 0 1218 220 51 0 1223 190 43 0 1222 216 38 0 1221 220 52 0 1226 199 21 1 1225 198 20 1 1224 221 53 1 1229 198 20 1 1228 204 26 1 1227 221 54 1 1232 204 26 1 1231 209 31 1 1230 221 55 1 1235 209 31 1 1234 214 36 1 1233 221 56 1 1238 214 36 1 1237 219 41 1 1236 221 57 1 1241 219 41 1 1240 199 46 1 1239 221 58 1 1244 222 2 0 1243 223 1 1 1242 222 0 0 1247 222 0 0 1246 223 1 1 1245 223 3 1 1250 223 1 1 1249 14 4 1 1248 223 3 1 1253 223 3 1 1252 14 4 1 1251 14 5 1 1256 15 11 0 1255 15 10 0 1254 222 2 0 1259 222 0 0 1258 15 11 0 1257 222 2 0 1262 226 14 0 1261 225 13 1 1260 224 12 0 1265 224 12 0 1264 225 13 1 1263 227 15 0 1268 225 13 1 1267 228 16 1 1266 227 15 0 1271 227 15 0 1270 228 16 1 1269 229 17 1 1274 228 16 1 1273 230 18 1 1272 229 17 1 1277 229 17 1 1276 230 18 1 1275 231 19 1 1280 230 18 1 1279 232 20 1 1278 231 19 1 1283 231 19 1 1282 232 20 1 1281 233 21 1 1286 235 23 0 1285 234 22 1 1284 226 14 0 1289 226 14 0 1288 234 22 1 1287 225 13 1 1292 234 22 1 1291 236 24 1 1290 225 13 1 1295 225 13 1 1294 236 24 1 1293 228 16 1 1298 236 24 1 1297 237 25 1 1296 228 16 1 1301 228 16 1 1300 237 25 1 1299 230 18 1 1304 237 25 1 1303 238 26 1 1302 230 18 1 1307 230 18 1 1306 238 26 1 1305 232 20 1 1310 240 28 0 1309 239 27 0 1308 235 23 0 1313 235 23 0 1312 239 27 0 1311 234 22 1 1316 239 27 0 1315 241 29 0 1314 234 22 1 1319 234 22 1 1318 241 29 0 1317 236 24 1 1322 241 29 0 1321 242 30 1 1320 236 24 1 1325 236 24 1 1324 242 30 1 1323 237 25 1 1328 242 30 1 1327 243 31 1 1326 237 25 1 1331 237 25 1 1330 243 31 1 1329 238 26 1 1334 245 33 0 1333 244 32 0 1332 240 28 0 1337 240 28 0 1336 244 32 0 1335 239 27 0 1340 244 32 0 1339 246 34 0 1338 239 27 0 1343 239 27 0 1342 246 34 0 1341 241 29 0 1346 246 34 0 1345 247 35 0 1344 241 29 0 1349 241 29 0 1348 247 35 0 1347 242 30 1 1352 247 35 0 1351 248 36 1 1350 242 30 1 1355 242 30 1 1354 248 36 1 1353 243 31 1 1358 250 38 0 1357 249 37 0 1356 245 33 0 1361 245 33 0 1360 249 37 0 1359 244 32 0 1364 249 37 0 1363 251 39 0 1362 244 32 0 1367 244 32 0 1366 251 39 0 1365 246 34 0 1370 251 39 0 1369 252 40 0 1368 246 34 0 1373 246 34 0 1372 252 40 0 1371 247 35 0 1376 252 40 0 1375 253 41 1 1374 247 35 0 1379 247 35 0 1378 253 41 1 1377 248 36 1 1382 224 43 0 1381 227 42 0 1380 250 38 0 1385 250 38 0 1384 227 42 0 1383 249 37 0 1388 227 42 0 1387 229 44 1 1386 249 37 0 1391 249 37 0 1390 229 44 1 1389 251 39 0 1394 229 44 1 1393 231 45 1 1392 251 39 0 1397 251 39 0 1396 231 45 1 1395 252 40 0 1400 231 45 1 1399 233 46 1 1398 252 40 0 1403 252 40 0 1402 233 46 1 1401 253 41 1 1406 226 14 0 1405 224 12 0 1404 254 47 0 1409 235 23 0 1408 226 14 0 1407 254 48 0 1412 240 28 0 1411 235 23 0 1410 254 49 0 1415 245 33 0 1414 240 28 0 1413 254 50 0 1418 250 38 0 1417 245 33 0 1416 254 51 0 1421 224 43 0 1420 250 38 0 1419 254 52 0 1424 233 21 1 1423 232 20 1 1422 255 53 1 1427 232 20 1 1426 238 26 1 1425 255 54 1 1430 238 26 1 1429 243 31 1 1428 255 55 1 1433 243 31 1 1432 248 36 1 1431 255 56 1 1436 248 36 1 1435 253 41 1 1434 255 57 1 1439 253 41 1 1438 233 46 1 1437 255 58 1 1442 256 2 0 1441 257 1 1 1440 256 0 0 1445 256 0 0 1444 257 1 1 1443 257 3 1 1448 257 1 1 1447 16 4 1 1446 257 3 1 1451 257 3 1 1450 16 4 1 1449 16 5 1 1454 17 11 0 1453 17 10 0 1452 256 2 0 1457 256 0 0 1456 17 11 0 1455 256 2 0 1460 260 14 0 1459 259 13 1 1458 258 12 0 1463 258 12 0 1462 259 13 1 1461 261 15 0 1466 259 13 1 1465 262 16 1 1464 261 15 0 1469 261 15 0 1468 262 16 1 1467 263 17 1 1472 262 16 1 1471 264 18 1 1470 263 17 1 1475 263 17 1 1474 264 18 1 1473 265 19 1 1478 264 18 1 1477 266 20 1 1476 265 19 1 1481 265 19 1 1480 266 20 1 1479 267 21 1 1484 269 23 0 1483 268 22 1 1482 260 14 0 1487 260 14 0 1486 268 22 1 1485 259 13 1 1490 268 22 1 1489 270 24 1 1488 259 13 1 1493 259 13 1 1492 270 24 1 1491 262 16 1 1496 270 24 1 1495 271 25 1 1494 262 16 1 1499 262 16 1 1498 271 25 1 1497 264 18 1 1502 271 25 1 1501 272 26 1 1500 264 18 1 1505 264 18 1 1504 272 26 1 1503 266 20 1 1508 274 28 0 1507 273 27 0 1506 269 23 0 1511 269 23 0 1510 273 27 0 1509 268 22 1 1514 273 27 0 1513 275 29 0 1512 268 22 1 1517 268 22 1 1516 275 29 0 1515 270 24 1 1520 275 29 0 1519 276 30 1 1518 270 24 1 1523 270 24 1 1522 276 30 1 1521 271 25 1 1526 276 30 1 1525 277 31 1 1524 271 25 1 1529 271 25 1 1528 277 31 1 1527 272 26 1 1532 279 33 0 1531 278 32 0 1530 274 28 0 1535 274 28 0 1534 278 32 0 1533 273 27 0 1538 278 32 0 1537 280 34 0 1536 273 27 0 1541 273 27 0 1540 280 34 0 1539 275 29 0 1544 280 34 0 1543 281 35 0 1542 275 29 0 1547 275 29 0 1546 281 35 0 1545 276 30 1 1550 281 35 0 1549 282 36 1 1548 276 30 1 1553 276 30 1 1552 282 36 1 1551 277 31 1 1556 284 38 0 1555 283 37 0 1554 279 33 0 1559 279 33 0 1558 283 37 0 1557 278 32 0 1562 283 37 0 1561 285 39 0 1560 278 32 0 1565 278 32 0 1564 285 39 0 1563 280 34 0 1568 285 39 0 1567 286 40 0 1566 280 34 0 1571 280 34 0 1570 286 40 0 1569 281 35 0 1574 286 40 0 1573 287 41 1 1572 281 35 0 1577 281 35 0 1576 287 41 1 1575 282 36 1 1580 258 43 0 1579 261 42 0 1578 284 38 0 1583 284 38 0 1582 261 42 0 1581 283 37 0 1586 261 42 0 1585 263 44 1 1584 283 37 0 1589 283 37 0 1588 263 44 1 1587 285 39 0 1592 263 44 1 1591 265 45 1 1590 285 39 0 1595 285 39 0 1594 265 45 1 1593 286 40 0 1598 265 45 1 1597 267 46 1 1596 286 40 0 1601 286 40 0 1600 267 46 1 1599 287 41 1 1604 260 14 0 1603 258 12 0 1602 288 47 0 1607 269 23 0 1606 260 14 0 1605 288 48 0 1610 274 28 0 1609 269 23 0 1608 288 49 0 1613 279 33 0 1612 274 28 0 1611 288 50 0 1616 284 38 0 1615 279 33 0 1614 288 51 0 1619 258 43 0 1618 284 38 0 1617 288 52 0 1622 267 21 1 1621 266 20 1 1620 289 53 1 1625 266 20 1 1624 272 26 1 1623 289 54 1 1628 272 26 1 1627 277 31 1 1626 289 55 1 1631 277 31 1 1630 282 36 1 1629 289 56 1 1634 282 36 1 1633 287 41 1 1632 289 57 1 1637 287 41 1 1636 267 46 1 1635 289 58 1 1640 290 2 0 1639 291 1 1 1638 290 0 0 1643 290 0 0 1642 291 1 1 1641 291 3 1 1646 291 1 1 1645 18 4 1 1644 291 3 1 1649 291 3 1 1648 18 4 1 1647 18 5 1 1652 19 11 0 1651 19 10 0 1650 290 2 0 1655 290 0 0 1654 19 11 0 1653 290 2 0 1658 294 14 0 1657 293 13 1 1656 292 12 0 1661 292 12 0 1660 293 13 1 1659 295 15 0 1664 293 13 1 1663 296 16 1 1662 295 15 0 1667 295 15 0 1666 296 16 1 1665 297 17 1 1670 296 16 1 1669 298 18 1 1668 297 17 1 1673 297 17 1 1672 298 18 1 1671 299 19 1 1676 298 18 1 1675 300 20 1 1674 299 19 1 1679 299 19 1 1678 300 20 1 1677 301 21 1 1682 303 23 0 1681 302 22 1 1680 294 14 0 1685 294 14 0 1684 302 22 1 1683 293 13 1 1688 302 22 1 1687 304 24 1 1686 293 13 1 1691 293 13 1 1690 304 24 1 1689 296 16 1 1694 304 24 1 1693 305 25 1 1692 296 16 1 1697 296 16 1 1696 305 25 1 1695 298 18 1 1700 305 25 1 1699 306 26 1 1698 298 18 1 1703 298 18 1 1702 306 26 1 1701 300 20 1 1706 308 28 0 1705 307 27 0 1704 303 23 0 1709 303 23 0 1708 307 27 0 1707 302 22 1 1712 307 27 0 1711 309 29 0 1710 302 22 1 1715 302 22 1 1714 309 29 0 1713 304 24 1 1718 309 29 0 1717 310 30 1 1716 304 24 1 1721 304 24 1 1720 310 30 1 1719 305 25 1 1724 310 30 1 1723 311 31 1 1722 305 25 1 1727 305 25 1 1726 311 31 1 1725 306 26 1 1730 313 33 0 1729 312 32 0 1728 308 28 0 1733 308 28 0 1732 312 32 0 1731 307 27 0 1736 312 32 0 1735 314 34 0 1734 307 27 0 1739 307 27 0 1738 314 34 0 1737 309 29 0 1742 314 34 0 1741 315 35 0 1740 309 29 0 1745 309 29 0 1744 315 35 0 1743 310 30 1 1748 315 35 0 1747 316 36 1 1746 310 30 1 1751 310 30 1 1750 316 36 1 1749 311 31 1 1754 318 38 0 1753 317 37 0 1752 313 33 0 1757 313 33 0 1756 317 37 0 1755 312 32 0 1760 317 37 0 1759 319 39 0 1758 312 32 0 1763 312 32 0 1762 319 39 0 1761 314 34 0 1766 319 39 0 1765 320 40 0 1764 314 34 0 1769 314 34 0 1768 320 40 0 1767 315 35 0 1772 320 40 0 1771 321 41 1 1770 315 35 0 1775 315 35 0 1774 321 41 1 1773 316 36 1 1778 292 43 0 1777 295 42 0 1776 318 38 0 1781 318 38 0 1780 295 42 0 1779 317 37 0 1784 295 42 0 1783 297 44 1 1782 317 37 0 1787 317 37 0 1786 297 44 1 1785 319 39 0 1790 297 44 1 1789 299 45 1 1788 319 39 0 1793 319 39 0 1792 299 45 1 1791 320 40 0 1796 299 45 1 1795 301 46 1 1794 320 40 0 1799 320 40 0 1798 301 46 1 1797 321 41 1 1802 294 14 0 1801 292 12 0 1800 322 47 0 1805 303 23 0 1804 294 14 0 1803 322 48 0 1808 308 28 0 1807 303 23 0 1806 322 49 0 1811 313 33 0 1810 308 28 0 1809 322 50 0 1814 318 38 0 1813 313 33 0 1812 322 51 0 1817 292 43 0 1816 318 38 0 1815 322 52 0 1820 301 21 1 1819 300 20 1 1818 323 53 1 1823 300 20 1 1822 306 26 1 1821 323 54 1 1826 306 26 1 1825 311 31 1 1824 323 55 1 1829 311 31 1 1828 316 36 1 1827 323 56 1 1832 316 36 1 1831 321 41 1 1830 323 57 1 1835 321 41 1 1834 301 46 1 1833 323 58 1</p>
                </triangles>
            </mesh>
        </geometry>
        <geometry id="green_3_0-geometry" name="green_3_0">
            <mesh>
                <source id="green_3_0-geometry-POSITION">
                    <float_array id="green_3_0-geometry-POSITION-array" count="9540">149.8933 113.1672 -336.0897 158.4629 116.1845 -329.761 159.2922 115.2335 -330.9585 148.9314 114.089 -334.9646 158.4629 116.1845 -329.761 149.8933 113.1672 -336.0897 148.9314 114.089 -334.9646 158.5091 117.7233 -330.3661 158.4629 116.1845 -329.761 148.7632 115.5807 -335.6868 158.5091 117.7233 -330.3661 148.9314 114.089 -334.9646 148.7632 115.5807 -335.6868 159.367 117.7233 -331.9376 158.5091 117.7233 -330.3661 149.621 115.5807 -337.2582 159.367 117.7233 -331.9376 148.7632 115.5807 -335.6868 149.621 115.5807 -337.2582 159.851 116.1845 -332.3036 159.367 117.7233 -331.9376 150.3195 114.089 -337.5072 159.851 116.1845 -332.3036 149.621 115.5807 -337.2582 150.3195 114.089 -337.5072 159.2922 115.2335 -330.9585 159.851 116.1845 -332.3036 149.8933 113.1672 -336.0897 159.2922 115.2335 -330.9585 150.3195 114.089 -337.5072 140.881 109.77 -341.0098 148.9314 114.089 -334.9646 149.8933 113.1672 -336.0897 139.792 110.644 -339.9541 148.9314 114.089 -334.9646 140.881 109.77 -341.0098 139.792 110.644 -339.9541 148.7632 115.5807 -335.6868 148.9314 114.089 -334.9646 139.4182 112.0581 -340.7886 148.7632 115.5807 -335.6868 139.792 110.644 -339.9541 139.4182 112.0581 -340.7886 149.621 115.5807 -337.2582 148.7632 115.5807 -335.6868 140.276 112.0581 -342.36 149.621 115.5807 -337.2582 139.4182 112.0581 -340.7886 140.276 112.0581 -342.36 150.3195 114.089 -337.5072 149.621 115.5807 -337.2582 141.1802 110.644 -342.4967 150.3195 114.089 -337.5072 140.276 112.0581 -342.36 141.1802 110.644 -342.4967 149.8933 113.1672 -336.0897 150.3195 114.089 -337.5072 140.881 109.77 -341.0098 149.8933 113.1672 -336.0897 141.1802 110.644 -342.4967 132.4388 105.1112 -345.6187 139.792 110.644 -339.9541 140.881 109.77 -341.0098 131.2308 105.9194 -344.628 139.792 110.644 -339.9541 132.4388 105.1112 -345.6187 131.2308 105.9194 -344.628 139.4182 112.0581 -340.7886 139.792 110.644 -339.9541 130.6643 107.2272 -345.5676 139.4182 112.0581 -340.7886 131.2308 105.9194 -344.628 130.6643 107.2272 -345.5676 140.276 112.0581 -342.36 139.4182 112.0581 -340.7886 131.5222 107.2272 -347.139 140.276 112.0581 -342.36 130.6643 107.2272 -345.5676 131.5222 107.2272 -347.139 141.1802 110.644 -342.4967 140.276 112.0581 -342.36 132.6189 105.9194 -347.1706 141.1802 110.644 -342.4967 131.5222 107.2272 -347.139 132.6189 105.9194 -347.1706 140.881 109.77 -341.0098 141.1802 110.644 -342.4967 132.4388 105.1112 -345.6187 140.881 109.77 -341.0098 132.6189 105.9194 -347.1706 124.7386 99.28554 -349.8225 131.2308 105.9194 -344.628 132.4388 105.1112 -345.6187 123.422 100.0117 -348.8911 131.2308 105.9194 -344.628 124.7386 99.28554 -349.8225 123.422 100.0117 -348.8911 130.6643 107.2272 -345.5676 131.2308 105.9194 -344.628 122.6798 101.1865 -349.9266 130.6643 107.2272 -345.5676 123.422 100.0117 -348.8911 122.6798 101.1865 -349.9266 131.5222 107.2272 -347.139 130.6643 107.2272 -345.5676 123.5377 101.1865 -351.498 131.5222 107.2272 -347.139 122.6798 101.1865 -349.9266 123.5377 101.1865 -351.498 132.6189 105.9194 -347.1706 131.5222 107.2272 -347.139 124.8101 100.0117 -351.4337 132.6189 105.9194 -347.1706 123.5377 101.1865 -351.498 124.8101 100.0117 -351.4337 132.4388 105.1112 -345.6187 132.6189 105.9194 -347.1706 124.7386 99.28554 -349.8225 132.4388 105.1112 -345.6187 124.8101 100.0117 -351.4337 117.9371 92.41168 -353.5357 123.422 100.0117 -348.8911 124.7386 99.28554 -349.8225 116.5246 93.04086 -352.6566 123.422 100.0117 -348.8911 117.9371 92.41168 -353.5357 116.5246 93.04086 -352.6566 122.6798 101.1865 -349.9266 123.422 100.0117 -348.8911 115.6272 94.05891 -353.7769 122.6798 101.1865 -349.9266 116.5246 93.04086 -352.6566 115.6272 94.05891 -353.7769 123.5377 101.1865 -351.498 122.6798 101.1865 -349.9266 116.4851 94.05891 -355.3483 123.5377 101.1865 -351.498 115.6272 94.05891 -353.7769 116.4851 94.05891 -355.3483 124.8101 100.0117 -351.4337 123.5377 101.1865 -351.498 117.9127 93.04086 -355.1992 124.8101 100.0117 -351.4337 116.4851 94.05891 -355.3483 117.9127 93.04086 -355.1992 124.7386 99.28554 -349.8225 124.8101 100.0117 -351.4337 117.9371 92.41168 -353.5357 124.7386 99.28554 -349.8225 117.9127 93.04086 -355.1992 112.1728 84.62953 -356.6826 116.5246 93.04086 -352.6566 117.9371 92.41168 -353.5357 110.679 85.14897 -355.8479 116.5246 93.04086 -352.6566 112.1728 84.62953 -356.6826 110.679 85.14897 -355.8479 115.6272 94.05891 -353.7769 116.5246 93.04086 -352.6566 109.6501 85.98946 -357.04 115.6272 94.05891 -353.7769 110.679 85.14897 -355.8479 109.6501 85.98946 -357.04 116.4851 94.05891 -355.3483 115.6272 94.05891 -353.7769 110.508 85.98946 -358.6114 116.4851 94.05891 -355.3483 109.6501 85.98946 -357.04 110.508 85.98946 -358.6114 117.9127 93.04086 -355.1992 116.4851 94.05891 -355.3483 112.0671 85.14897 -358.3905 117.9127 93.04086 -355.1992 110.508 85.98946 -358.6114 112.0671 85.14897 -358.3905 117.9371 92.41168 -353.5357 117.9127 93.04086 -355.1992 112.1728 84.62953 -356.6826 117.9371 92.41168 -353.5357 112.0671 85.14897 -358.3905 107.5631 76.09753 -359.1992 110.679 85.14897 -355.8479 112.1728 84.62953 -356.6826 106.0042 76.49666 -358.4 110.679 85.14897 -355.8479 107.5631 76.09753 -359.1992 106.0042 76.49666 -358.4 109.6501 85.98946 -357.04 110.679 85.14897 -355.8479 104.8701 77.14247 -359.6495 109.6501 85.98946 -357.04 106.0042 76.49666 -358.4 104.8701 77.14247 -359.6495 110.508 85.98946 -358.6114 109.6501 85.98946 -357.04 105.728 77.14247 -361.221 110.508 85.98946 -358.6114 104.8701 77.14247 -359.6495 105.728 77.14247 -361.221 112.0671 85.14897 -358.3905 110.508 85.98946 -358.6114 107.3924 76.49666 -360.9427 112.0671 85.14897 -358.3905 105.728 77.14247 -361.221 107.3924 76.49666 -360.9427 112.1728 84.62953 -356.6826 112.0671 85.14897 -358.3905 107.5631 76.09753 -359.1992 112.1728 84.62953 -356.6826 107.3924 76.49666 -360.9427 104.2017 66.98935 -361.0344 106.0042 76.49666 -358.4 107.5631 76.09753 -359.1992 102.5954 67.26004 -360.261 106.0042 76.49666 -358.4 104.2017 66.98935 -361.0344 102.5954 67.26004 -360.261 104.8701 77.14247 -359.6495 106.0042 76.49666 -358.4 101.3846 67.69801 -361.5524 104.8701 77.14247 -359.6495 102.5954 67.26004 -360.261 101.3846 67.69801 -361.5524 105.728 77.14247 -361.221 104.8701 77.14247 -359.6495 102.2425 67.69801 -363.1238 105.728 77.14247 -361.221 101.3846 67.69801 -361.5524 102.2425 67.69801 -363.1238 107.3924 76.49666 -360.9427 105.728 77.14247 -361.221 103.9836 67.26004 -362.8037 107.3924 76.49666 -360.9427 102.2425 67.69801 -363.1238 103.9836 67.26004 -362.8037 107.5631 76.09753 -359.1992 107.3924 76.49666 -360.9427 104.2017 66.98935 -361.0344 107.5631 76.09753 -359.1992 103.9836 67.26004 -362.8037 104.2122 56.45611 -361.0286 102.5954 67.26004 -360.261 104.2017 66.98935 -361.0344 102.6061 56.45077 -360.2552 102.5954 67.26004 -360.261 104.2122 56.45611 -361.0286 102.6061 56.45077 -360.2552 101.3846 67.69801 -361.5524 102.5954 67.26004 -360.261 101.3955 56.44207 -361.5464 101.3846 67.69801 -361.5524 102.6061 56.45077 -360.2552 101.3955 56.44207 -361.5464 102.2425 67.69801 -363.1238 101.3846 67.69801 -361.5524 102.2534 56.44207 -363.1178 102.2425 67.69801 -363.1238 101.3955 56.44207 -361.5464 102.2534 56.44207 -363.1178 103.9836 67.26004 -362.8037 102.2425 67.69801 -363.1238 103.9942 56.45077 -362.7978 103.9836 67.26004 -362.8037 102.2534 56.44207 -363.1178 103.9942 56.45077 -362.7978 104.2017 66.98935 -361.0344 103.9836 67.26004 -362.8037 104.2122 56.45611 -361.0286 104.2017 66.98935 -361.0344 103.9942 56.45077 -362.7978 219.8358 92.41165 -297.9057 225.7058 85.14896 -293.0508 225.6001 84.62952 -294.7587 219.8602 93.04085 -296.2421 225.7058 85.14896 -293.0508 219.8358 92.41165 -297.9057 219.8602 93.04085 -296.2421 227.2649 85.98943 -292.8299 225.7058 85.14896 -293.0508 221.2878 94.05888 -296.093 227.2649 85.98943 -292.8299 219.8602 93.04085 -296.2421 221.2878 94.05888 -296.093 228.1228 85.98943 -294.4014 227.2649 85.98943 -292.8299 222.1457 94.05888 -297.6645 228.1228 85.98943 -294.4014 221.2878 94.05888 -296.093 222.1457 94.05888 -297.6645 227.0939 85.14896 -295.5934 228.1228 85.98943 -294.4014 221.2483 93.04085 -298.7848 227.0939 85.14896 -295.5934 222.1457 94.05888 -297.6645 221.2483 93.04085 -298.7848 225.6001 84.62952 -294.7587 227.0939 85.14896 -295.5934 219.8358 92.41165 -297.9057 225.6001 84.62952 -294.7587 221.2483 93.04085 -298.7848 213.0343 99.28552 -301.6188 219.8602 93.04085 -296.2421 219.8358 92.41165 -297.9057 212.9628 100.0116 -300.0077 219.8602 93.04085 -296.2421 213.0343 99.28552 -301.6188 212.9628 100.0116 -300.0077 221.2878 94.05888 -296.093 219.8602 93.04085 -296.2421 214.2352 101.1865 -299.9433 221.2878 94.05888 -296.093 212.9628 100.0116 -300.0077 214.2352 101.1865 -299.9433 222.1457 94.05888 -297.6645 221.2878 94.05888 -296.093 215.0931 101.1865 -301.5148 222.1457 94.05888 -297.6645 214.2352 101.1865 -299.9433 215.0931 101.1865 -301.5148 221.2483 93.04085 -298.7848 222.1457 94.05888 -297.6645 214.3509 100.0116 -302.5503 221.2483 93.04085 -298.7848 215.0931 101.1865 -301.5148 214.3509 100.0116 -302.5503 219.8358 92.41165 -297.9057 221.2483 93.04085 -298.7848 213.0343 99.28552 -301.6188 219.8358 92.41165 -297.9057 214.3509 100.0116 -302.5503 205.3341 105.1112 -305.8227 212.9628 100.0116 -300.0077 213.0343 99.28552 -301.6188 205.154 105.9194 -304.2707 212.9628 100.0116 -300.0077 205.3341 105.1112 -305.8227 205.154 105.9194 -304.2707 214.2352 101.1865 -299.9433 212.9628 100.0116 -300.0077 206.2507 107.2272 -304.3023 214.2352 101.1865 -299.9433 205.154 105.9194 -304.2707 206.2507 107.2272 -304.3023 215.0931 101.1865 -301.5148 214.2352 101.1865 -299.9433 207.1086 107.2272 -305.8737 215.0931 101.1865 -301.5148 206.2507 107.2272 -304.3023 207.1086 107.2272 -305.8737 214.3509 100.0116 -302.5503 215.0931 101.1865 -301.5148 206.5421 105.9194 -306.8134 214.3509 100.0116 -302.5503 207.1086 107.2272 -305.8737 206.5421 105.9194 -306.8134 213.0343 99.28552 -301.6188 214.3509 100.0116 -302.5503 205.3341 105.1112 -305.8227 213.0343 99.28552 -301.6188 206.5421 105.9194 -306.8134 196.8919 109.77 -310.4315 205.154 105.9194 -304.2707 205.3341 105.1112 -305.8227 196.5928 110.644 -308.9446 205.154 105.9194 -304.2707 196.8919 109.77 -310.4315 196.5928 110.644 -308.9446 206.2507 107.2272 -304.3023 205.154 105.9194 -304.2707 197.4969 112.0581 -309.0813 206.2507 107.2272 -304.3023 196.5928 110.644 -308.9446 197.4969 112.0581 -309.0813 207.1086 107.2272 -305.8737 206.2507 107.2272 -304.3023 198.3548 112.0581 -310.6528 207.1086 107.2272 -305.8737 197.4969 112.0581 -309.0813 198.3548 112.0581 -310.6528 206.5421 105.9194 -306.8134 207.1086 107.2272 -305.8737 197.9809 110.644 -311.4872 206.5421 105.9194 -306.8134 198.3548 112.0581 -310.6528 197.9809 110.644 -311.4872 205.3341 105.1112 -305.8227 206.5421 105.9194 -306.8134 196.8919 109.77 -310.4315 205.3341 105.1112 -305.8227 197.9809 110.644 -311.4872 187.8796 113.1672 -315.3516 196.5928 110.644 -308.9446 196.8919 109.77 -310.4315 187.4534 114.089 -313.9341 196.5928 110.644 -308.9446 187.8796 113.1672 -315.3516 187.4534 114.089 -313.9341 197.4969 112.0581 -309.0813 196.5928 110.644 -308.9446 188.1519 115.5807 -314.1831 197.4969 112.0581 -309.0813 187.4534 114.089 -313.9341 188.1519 115.5807 -314.1831 198.3548 112.0581 -310.6528 197.4969 112.0581 -309.0813 189.0098 115.5807 -315.7545 198.3548 112.0581 -310.6528 188.1519 115.5807 -314.1831 189.0098 115.5807 -315.7545 197.9809 110.644 -311.4872 198.3548 112.0581 -310.6528 188.8415 114.089 -316.4767 197.9809 110.644 -311.4872 189.0098 115.5807 -315.7545 188.8415 114.089 -316.4767 196.8919 109.77 -310.4315 197.9809 110.644 -311.4872 187.8796 113.1672 -315.3516 196.8919 109.77 -310.4315 188.8415 114.089 -316.4767 178.4807 115.2335 -320.4828 187.4534 114.089 -313.9341 187.8796 113.1672 -315.3516 177.9219 116.1846 -319.1377 187.4534 114.089 -313.9341 178.4807 115.2335 -320.4828 177.9219 116.1846 -319.1377 188.1519 115.5807 -314.1831 187.4534 114.089 -313.9341 178.4059 117.7233 -319.5038 188.1519 115.5807 -314.1831 177.9219 116.1846 -319.1377 178.4059 117.7233 -319.5038 189.0098 115.5807 -315.7545 188.1519 115.5807 -314.1831 179.2638 117.7233 -321.0752 189.0098 115.5807 -315.7545 178.4059 117.7233 -319.5038 179.2638 117.7233 -321.0752 188.8415 114.089 -316.4767 189.0098 115.5807 -315.7545 179.31 116.1846 -321.6803 188.8415 114.089 -316.4767 179.2638 117.7233 -321.0752 179.31 116.1846 -321.6803 187.8796 113.1672 -315.3516 188.8415 114.089 -316.4767 178.4807 115.2335 -320.4828 187.8796 113.1672 -315.3516 179.31 116.1846 -321.6803 168.8864 115.927 -325.7207 177.9219 116.1846 -319.1377 178.4807 115.2335 -320.4828 168.1924 116.8878 -324.4493 177.9219 116.1846 -319.1377 168.8864 115.927 -325.7207 168.1924 116.8878 -324.4493 178.4059 117.7233 -319.5038 177.9219 116.1846 -319.1377 168.4575 118.4424 -324.935 178.4059 117.7233 -319.5038 168.1924 116.8878 -324.4493 168.4575 118.4424 -324.935 179.2638 117.7233 -321.0752 178.4059 117.7233 -319.5038 169.3154 118.4424 -326.5064 179.2638 117.7233 -321.0752 168.4575 118.4424 -324.935 169.3154 118.4424 -326.5064 179.31 116.1846 -321.6803 179.2638 117.7233 -321.0752 169.5805 116.8878 -326.992 179.31 116.1846 -321.6803 169.3154 118.4424 -326.5064 169.5805 116.8878 -326.992 178.4807 115.2335 -320.4828 179.31 116.1846 -321.6803 168.8864 115.927 -325.7207 178.4807 115.2335 -320.4828 169.5805 116.8878 -326.992 159.2922 115.2335 -330.9585 168.1924 116.8878 -324.4493 168.8864 115.927 -325.7207 158.4629 116.1845 -329.761 168.1924 116.8878 -324.4493 159.2922 115.2335 -330.9585 158.4629 116.1845 -329.761 168.4575 118.4424 -324.935 168.1924 116.8878 -324.4493 158.5091 117.7233 -330.3661 168.4575 118.4424 -324.935 158.4629 116.1845 -329.761 158.5091 117.7233 -330.3661 169.3154 118.4424 -326.5064 168.4575 118.4424 -324.935 159.367 117.7233 -331.9376 169.3154 118.4424 -326.5064 158.5091 117.7233 -330.3661 159.367 117.7233 -331.9376 169.5805 116.8878 -326.992 169.3154 118.4424 -326.5064 159.851 116.1845 -332.3036 169.5805 116.8878 -326.992 159.367 117.7233 -331.9376 159.851 116.1845 -332.3036 168.8864 115.927 -325.7207 169.5805 116.8878 -326.992 159.2922 115.2335 -330.9585 168.8864 115.927 -325.7207 159.851 116.1845 -332.3036 276.8318 113.1672 -242.4633 281.9647 116.1845 -233.1283 283.2191 115.2335 -233.8685 275.4872 114.089 -241.8443 281.9647 116.1845 -233.1283 276.8318 113.1672 -242.4633 275.4872 114.089 -241.8443 282.2599 117.7233 -233.6584 281.9647 116.1845 -233.1283 275.6367 115.5807 -242.5705 282.2599 117.7233 -233.6584 275.4872 114.089 -241.8443 275.6367 115.5807 -242.5705 283.6969 117.7233 -234.7263 282.2599 117.7233 -233.6584 277.0738 115.5807 -243.6385 283.6969 117.7233 -234.7263 275.6367 115.5807 -242.5705 277.0738 115.5807 -243.6385 284.2897 116.1845 -234.8562 283.6969 117.7233 -234.7263 277.8123 114.089 -243.5722 284.2897 116.1845 -234.8562 277.0738 115.5807 -243.6385 277.8123 114.089 -243.5722 283.2191 115.2335 -233.8685 284.2897 116.1845 -234.8562 276.8318 113.1672 -242.4633 283.2191 115.2335 -233.8685 277.8123 114.089 -243.5722 270.7072 109.77 -250.7046 275.4872 114.089 -241.8443 276.8318 113.1672 -242.4633 269.2763 110.644 -250.2017 275.4872 114.089 -241.8443 270.7072 109.77 -250.7046 269.2763 110.644 -250.2017 275.6367 115.5807 -242.5705 275.4872 114.089 -241.8443 269.2861 112.0581 -251.1161 275.6367 115.5807 -242.5705 269.2763 110.644 -250.2017 269.2861 112.0581 -251.1161 277.0738 115.5807 -243.6385 275.6367 115.5807 -242.5705 270.7231 112.0581 -252.184 277.0738 115.5807 -243.6385 269.2861 112.0581 -251.1161 270.7231 112.0581 -252.184 277.8123 114.089 -243.5722 277.0738 115.5807 -243.6385 271.6014 110.644 -251.9297 277.8123 114.089 -243.5722 270.7231 112.0581 -252.184 271.6014 110.644 -251.9297 276.8318 113.1672 -242.4633 277.8123 114.089 -243.5722 270.7072 109.77 -250.7046 276.8318 113.1672 -242.4633 271.6014 110.644 -251.9297 264.9701 105.1112 -258.4245 269.2763 110.644 -250.2017 270.7072 109.77 -250.7046 263.4582 105.9194 -258.0305 269.2763 110.644 -250.2017 264.9701 105.1112 -258.4245 263.4582 105.9194 -258.0305 269.2861 112.0581 -251.1161 269.2763 110.644 -250.2017 263.3371 107.2272 -259.121 269.2861 112.0581 -251.1161 263.4582 105.9194 -258.0305 263.3371 107.2272 -259.121 270.7231 112.0581 -252.184 269.2861 112.0581 -251.1161 264.7741 107.2272 -260.1889 270.7231 112.0581 -252.184 263.3371 107.2272 -259.121 264.7741 107.2272 -260.1889 271.6014 110.644 -251.9297 270.7231 112.0581 -252.184 265.7833 105.9194 -259.7584 271.6014 110.644 -251.9297 264.7741 107.2272 -260.1889 265.7833 105.9194 -259.7584 270.7072 109.77 -250.7046 271.6014 110.644 -251.9297 264.9701 105.1112 -258.4245 270.7072 109.77 -250.7046 265.7833 105.9194 -259.7584 259.7371 99.28554 -265.4659 263.4582 105.9194 -258.0305 264.9701 105.1112 -258.4245 258.1515 100.0117 -265.1712 263.4582 105.9194 -258.0305 259.7371 99.28554 -265.4659 258.1515 100.0117 -265.1712 263.3371 107.2272 -259.121 263.4582 105.9194 -258.0305 257.911 101.1865 -266.4224 263.3371 107.2272 -259.121 258.1515 100.0117 -265.1712 257.911 101.1865 -266.4224 264.7741 107.2272 -260.1889 263.3371 107.2272 -259.121 259.348 101.1865 -267.4903 264.7741 107.2272 -260.1889 257.911 101.1865 -266.4224 259.348 101.1865 -267.4903 265.7833 105.9194 -259.7584 264.7741 107.2272 -260.1889 260.4766 100.0117 -266.8991 265.7833 105.9194 -259.7584 259.348 101.1865 -267.4903 260.4766 100.0117 -266.8991 264.9701 105.1112 -258.4245 265.7833 105.9194 -259.7584 259.7371 99.28554 -265.4659 264.9701 105.1112 -258.4245 260.4766 100.0117 -266.8991 255.115 92.41168 -271.6855 258.1515 100.0117 -265.1712 259.7371 99.28554 -265.4659 253.4642 93.04086 -271.4785 258.1515 100.0117 -265.1712 255.115 92.41168 -271.6855 253.4642 93.04086 -271.4785 257.911 101.1865 -266.4224 258.1515 100.0117 -265.1712 253.1182 94.05891 -272.8716 257.911 101.1865 -266.4224 253.4642 93.04086 -271.4785 253.1182 94.05891 -272.8716 259.348 101.1865 -267.4903 257.911 101.1865 -266.4224 254.5552 94.05891 -273.9395 259.348 101.1865 -267.4903 253.1182 94.05891 -272.8716 254.5552 94.05891 -273.9395 260.4766 100.0117 -266.8991 259.348 101.1865 -267.4903 255.7893 93.04086 -273.2065 260.4766 100.0117 -266.8991 254.5552 94.05891 -273.9395 255.7893 93.04086 -273.2065 259.7371 99.28554 -265.4659 260.4766 100.0117 -266.8991 255.115 92.41168 -271.6855 259.7371 99.28554 -265.4659 255.7893 93.04086 -273.2065 333.6978 66.98932 -165.9443 333.1479 56.45077 -164.256 333.6907 56.45611 -165.9539 333.1552 67.25999 -164.2462 333.1479 56.45077 -164.256 333.6978 66.98932 -165.9443 333.1552 67.25999 -164.2462 334.5948 56.44206 -163.2365 333.1479 56.45077 -164.256 334.6022 67.69798 -163.2266 334.5948 56.44206 -163.2365 333.1552 67.25999 -164.2462 334.6022 67.69798 -163.2266 336.0318 56.44206 -164.3045 334.5948 56.44206 -163.2365 336.0392 67.69798 -164.2945 336.0318 56.44206 -164.3045 334.6022 67.69798 -163.2266 336.0392 67.69798 -164.2945 335.473 56.45077 -165.9839 336.0318 56.44206 -164.3045 335.4803 67.25999 -165.9741 335.473 56.45077 -165.9839 336.0392 67.69798 -164.2945 335.4803 67.25999 -165.9741 333.6907 56.45611 -165.9539 335.473 56.45077 -165.9839 333.6978 66.98932 -165.9443 333.6907 56.45611 -165.9539 335.4803 67.25999 -165.9741 331.4135 76.0975 -169.0181 333.1552 67.25999 -164.2462 333.6978 66.98932 -165.9443 330.8386 76.49663 -167.3634 333.1552 67.25999 -164.2462 331.4135 76.0975 -169.0181 330.8386 76.49663 -167.3634 334.6022 67.69798 -163.2266 333.1552 67.25999 -164.2462 332.2336 77.14243 -166.4138 334.6022 67.69798 -163.2266 330.8386 76.49663 -167.3634 332.2336 77.14243 -166.4138 336.0392 67.69798 -164.2945 334.6022 67.69798 -163.2266 333.6705 77.14243 -167.4818 336.0392 67.69798 -164.2945 332.2336 77.14243 -166.4138 333.6705 77.14243 -167.4818 335.4803 67.25999 -165.9741 336.0392 67.69798 -164.2945 333.1637 76.49663 -169.0913 335.4803 67.25999 -165.9741 333.6705 77.14243 -167.4818 333.1637 76.49663 -169.0913 333.6978 66.98932 -165.9443 335.4803 67.25999 -165.9741 331.4135 76.0975 -169.0181 333.6978 66.98932 -165.9443 333.1637 76.49663 -169.0913 328.2808 84.62952 -173.2335 330.8386 76.49663 -167.3634 331.4135 76.0975 -169.0181 327.6617 85.14896 -171.6382 330.8386 76.49663 -167.3634 328.2808 84.62952 -173.2335 327.6617 85.14896 -171.6382 332.2336 77.14243 -166.4138 330.8386 76.49663 -167.3634 328.9852 85.98943 -170.7849 332.2336 77.14243 -166.4138 327.6617 85.14896 -171.6382 328.9852 85.98943 -170.7849 333.6705 77.14243 -167.4818 332.2336 77.14243 -166.4138 330.4222 85.98943 -171.8528 333.6705 77.14243 -167.4818 328.9852 85.98943 -170.7849 330.4222 85.98943 -171.8528 333.1637 76.49663 -169.0913 333.6705 77.14243 -167.4818 329.9868 85.14896 -173.3661 333.1637 76.49663 -169.0913 330.4222 85.98943 -171.8528 329.9868 85.14896 -173.3661 331.4135 76.0975 -169.0181 333.1637 76.49663 -169.0913 328.2808 84.62952 -173.2335 331.4135 76.0975 -169.0181 329.9868 85.14896 -173.3661 324.3635 92.41165 -178.5046 327.6617 85.14896 -171.6382 328.2808 84.62952 -173.2335 323.6891 93.04085 -176.9837 327.6617 85.14896 -171.6382 324.3635 92.41165 -178.5046 323.6891 93.04085 -176.9837 328.9852 85.98943 -170.7849 327.6617 85.14896 -171.6382 324.9232 94.05888 -176.2506 328.9852 85.98943 -170.7849 323.6891 93.04085 -176.9837 324.9232 94.05888 -176.2506 330.4222 85.98943 -171.8528 328.9852 85.98943 -170.7849 326.3602 94.05888 -177.3186 330.4222 85.98943 -171.8528 324.9232 94.05888 -176.2506 326.3602 94.05888 -177.3186 329.9868 85.14896 -173.3661 330.4222 85.98943 -171.8528 326.0143 93.04085 -178.7116 329.9868 85.14896 -173.3661 326.3602 94.05888 -177.3186 326.0143 93.04085 -178.7116 328.2808 84.62952 -173.2335 329.9868 85.14896 -173.3661 324.3635 92.41165 -178.5046 328.2808 84.62952 -173.2335 326.0143 93.04085 -178.7116 319.7413 99.28552 -184.7242 323.6891 93.04085 -176.9837 324.3635 92.41165 -178.5046 319.0018 100.0116 -183.291 323.6891 93.04085 -176.9837 319.7413 99.28552 -184.7242 319.0018 100.0116 -183.291 324.9232 94.05888 -176.2506 323.6891 93.04085 -176.9837 320.1304 101.1865 -182.6998 324.9232 94.05888 -176.2506 319.0018 100.0116 -183.291 320.1304 101.1865 -182.6998 326.3602 94.05888 -177.3186 324.9232 94.05888 -176.2506 321.5674 101.1865 -183.7678 326.3602 94.05888 -177.3186 320.1304 101.1865 -182.6998 321.5674 101.1865 -183.7678 326.0143 93.04085 -178.7116 326.3602 94.05888 -177.3186 321.3269 100.0116 -185.0189 326.0143 93.04085 -178.7116 321.5674 101.1865 -183.7678 321.3269 100.0116 -185.0189 324.3635 92.41165 -178.5046 326.0143 93.04085 -178.7116 319.7413 99.28552 -184.7242 324.3635 92.41165 -178.5046 321.3269 100.0116 -185.0189 314.5084 105.1112 -191.7657 319.0018 100.0116 -183.291 319.7413 99.28552 -184.7242 313.6951 105.9194 -190.4317 319.0018 100.0116 -183.291 314.5084 105.1112 -191.7657 313.6951 105.9194 -190.4317 320.1304 101.1865 -182.6998 319.0018 100.0116 -183.291 314.7043 107.2272 -190.0012 320.1304 101.1865 -182.6998 313.6951 105.9194 -190.4317 314.7043 107.2272 -190.0012 321.5674 101.1865 -183.7678 320.1304 101.1865 -182.6998 316.1413 107.2272 -191.0692 321.5674 101.1865 -183.7678 314.7043 107.2272 -190.0012 316.1413 107.2272 -191.0692 321.3269 100.0116 -185.0189 321.5674 101.1865 -183.7678 316.0202 105.9194 -192.1597 321.3269 100.0116 -185.0189 316.1413 107.2272 -191.0692 316.0202 105.9194 -192.1597 319.7413 99.28552 -184.7242 321.3269 100.0116 -185.0189 314.5084 105.1112 -191.7657 319.7413 99.28552 -184.7242 316.0202 105.9194 -192.1597 308.7712 109.77 -199.4856 313.6951 105.9194 -190.4317 314.5084 105.1112 -191.7657 307.877 110.644 -198.2605 313.6951 105.9194 -190.4317 308.7712 109.77 -199.4856 307.877 110.644 -198.2605 314.7043 107.2272 -190.0012 313.6951 105.9194 -190.4317 308.7553 112.0581 -198.0061 314.7043 107.2272 -190.0012 307.877 110.644 -198.2605 308.7553 112.0581 -198.0061 316.1413 107.2272 -191.0692 314.7043 107.2272 -190.0012 310.1924 112.0581 -199.0741 316.1413 107.2272 -191.0692 308.7553 112.0581 -198.0061 310.1924 112.0581 -199.0741 316.0202 105.9194 -192.1597 316.1413 107.2272 -191.0692 310.2021 110.644 -199.9884 316.0202 105.9194 -192.1597 310.1924 112.0581 -199.0741 310.2021 110.644 -199.9884 314.5084 105.1112 -191.7657 316.0202 105.9194 -192.1597 308.7712 109.77 -199.4856 314.5084 105.1112 -191.7657 310.2021 110.644 -199.9884 302.6466 113.1672 -207.7268 307.877 110.644 -198.2605 308.7712 109.77 -199.4856 301.6661 114.089 -206.618 307.877 110.644 -198.2605 302.6466 113.1672 -207.7268 301.6661 114.089 -206.618 308.7553 112.0581 -198.0061 307.877 110.644 -198.2605 302.4046 115.5807 -206.5517 308.7553 112.0581 -198.0061 301.6661 114.089 -206.618 302.4046 115.5807 -206.5517 310.1924 112.0581 -199.0741 308.7553 112.0581 -198.0061 303.8416 115.5807 -207.6196 310.1924 112.0581 -199.0741 302.4046 115.5807 -206.5517 303.8416 115.5807 -207.6196 310.2021 110.644 -199.9884 310.1924 112.0581 -199.0741 303.9912 114.089 -208.3459 310.2021 110.644 -199.9884 303.8416 115.5807 -207.6196 303.9912 114.089 -208.3459 308.7712 109.77 -199.4856 310.2021 110.644 -199.9884 302.6466 113.1672 -207.7268 308.7712 109.77 -199.4856 303.9912 114.089 -208.3459 296.2593 115.2335 -216.3217 301.6661 114.089 -206.618 302.6466 113.1672 -207.7268 295.1887 116.1846 -215.334 301.6661 114.089 -206.618 296.2593 115.2335 -216.3217 295.1887 116.1846 -215.334 302.4046 115.5807 -206.5517 301.6661 114.089 -206.618 295.7815 117.7233 -215.4638 302.4046 115.5807 -206.5517 295.1887 116.1846 -215.334 295.7815 117.7233 -215.4638 303.8416 115.5807 -207.6196 302.4046 115.5807 -206.5517 297.2185 117.7233 -216.5317 303.8416 115.5807 -207.6196 295.7815 117.7233 -215.4638 297.2185 117.7233 -216.5317 303.9912 114.089 -208.3459 303.8416 115.5807 -207.6196 297.5138 116.1846 -217.0619 303.9912 114.089 -208.3459 297.2185 117.7233 -216.5317 297.5138 116.1846 -217.0619 302.6466 113.1672 -207.7268 303.9912 114.089 -208.3459 296.2593 115.2335 -216.3217 302.6466 113.1672 -207.7268 297.5138 116.1846 -217.0619 289.7392 115.927 -225.0951 295.1887 116.1846 -215.334 296.2593 115.2335 -216.3217 288.5766 116.8878 -224.2311 295.1887 116.1846 -215.334 289.7392 115.927 -225.0951 288.5766 116.8878 -224.2311 295.7815 117.7233 -215.4638 295.1887 116.1846 -215.334 289.0207 118.4424 -224.5611 295.7815 117.7233 -215.4638 288.5766 116.8878 -224.2311 289.0207 118.4424 -224.5611 297.2185 117.7233 -216.5317 295.7815 117.7233 -215.4638 290.4577 118.4424 -225.6291 297.2185 117.7233 -216.5317 289.0207 118.4424 -224.5611 290.4577 118.4424 -225.6291 297.5138 116.1846 -217.0619 297.2185 117.7233 -216.5317 290.9018 116.8878 -225.9591 297.5138 116.1846 -217.0619 290.4577 118.4424 -225.6291 290.9018 116.8878 -225.9591 296.2593 115.2335 -216.3217 297.5138 116.1846 -217.0619 289.7392 115.927 -225.0951 296.2593 115.2335 -216.3217 290.9018 116.8878 -225.9591 283.2191 115.2335 -233.8685 288.5766 116.8878 -224.2311 289.7392 115.927 -225.0951 281.9647 116.1845 -233.1283 288.5766 116.8878 -224.2311 283.2191 115.2335 -233.8685 281.9647 116.1845 -233.1283 289.0207 118.4424 -224.5611 288.5766 116.8878 -224.2311 282.2599 117.7233 -233.6584 289.0207 118.4424 -224.5611 281.9647 116.1845 -233.1283 282.2599 117.7233 -233.6584 290.4577 118.4424 -225.6291 289.0207 118.4424 -224.5611 283.6969 117.7233 -234.7263 290.4577 118.4424 -225.6291 282.2599 117.7233 -233.6584 283.6969 117.7233 -234.7263 290.9018 116.8878 -225.9591 290.4577 118.4424 -225.6291 284.2897 116.1845 -234.8562 290.9018 116.8878 -225.9591 283.6969 117.7233 -234.7263 284.2897 116.1845 -234.8562 289.7392 115.927 -225.0951 290.9018 116.8878 -225.9591 283.2191 115.2335 -233.8685 289.7392 115.927 -225.0951 284.2897 116.1845 -234.8562 353.8092 113.1672 -101.2094 354.4696 116.1845 -90.57674 355.92 115.2335 -90.71111 352.329 114.089 -101.223 354.4696 116.1845 -90.57674 353.8092 113.1672 -101.2094 352.329 114.089 -101.223 354.9628 117.7233 -90.9303 354.4696 116.1845 -90.57674 352.7741 115.5807 -101.8161 354.9628 117.7233 -90.9303 352.329 114.089 -101.223 352.7741 115.5807 -101.8161 356.718 117.7233 -91.2832 354.9628 117.7233 -90.9303 354.5293 115.5807 -102.1691 356.718 117.7233 -91.2832 352.7741 115.5807 -101.8161 354.5293 115.5807 -102.1691 357.3096 116.1845 -91.14775 356.718 117.7233 -91.2832 355.1691 114.089 -101.7941 357.3096 116.1845 -91.14775 354.5293 115.5807 -102.1691 355.1691 114.089 -101.7941 355.92 115.2335 -90.71111 357.3096 116.1845 -91.14775 353.8092 113.1672 -101.2094 355.92 115.2335 -90.71111 355.1691 114.089 -101.7941 351.7852 109.77 -111.2758 352.329 114.089 -101.223 353.8092 113.1672 -101.2094 350.2765 110.644 -111.4314 352.329 114.089 -101.223 351.7852 109.77 -111.2758 350.2765 110.644 -111.4314 352.7741 115.5807 -101.8161 352.329 114.089 -101.223 350.6754 112.0581 -112.2542 352.7741 115.5807 -101.8161 350.2765 110.644 -111.4314 350.6754 112.0581 -112.2542 354.5293 115.5807 -102.1691 352.7741 115.5807 -101.8161 352.4307 112.0581 -112.6071 354.5293 115.5807 -102.1691 350.6754 112.0581 -112.2542 352.4307 112.0581 -112.6071 355.1691 114.089 -101.7941 354.5293 115.5807 -102.1691 353.1166 110.644 -112.0024 355.1691 114.089 -101.7941 352.4307 112.0581 -112.6071 353.1166 110.644 -112.0024 353.8092 113.1672 -101.2094 355.1691 114.089 -101.7941 351.7852 109.77 -111.2758 353.8092 113.1672 -101.2094 353.1166 110.644 -112.0024 349.8893 105.1112 -120.7054 350.2765 110.644 -111.4314 351.7852 109.77 -111.2758 348.3539 105.9194 -120.994 350.2765 110.644 -111.4314 349.8893 105.1112 -120.7054 348.3539 105.9194 -120.994 350.6754 112.0581 -112.2542 350.2765 110.644 -111.4314 348.7095 107.2272 -122.0319 350.6754 112.0581 -112.2542 348.3539 105.9194 -120.994 348.7095 107.2272 -122.0319 352.4307 112.0581 -112.6071 350.6754 112.0581 -112.2542 350.4648 107.2272 -122.3849 352.4307 112.0581 -112.6071 348.7095 107.2272 -122.0319 350.4648 107.2272 -122.3849 353.1166 110.644 -112.0024 352.4307 112.0581 -112.6071 351.1939 105.9194 -121.565 353.1166 110.644 -112.0024 350.4648 107.2272 -122.3849 351.1939 105.9194 -121.565 351.7852 109.77 -111.2758 353.1166 110.644 -112.0024 349.8893 105.1112 -120.7054 351.7852 109.77 -111.2758 351.1939 105.9194 -121.565 348.16 99.28554 -129.3063 348.3539 105.9194 -120.994 349.8893 105.1112 -120.7054 346.6002 100.0117 -129.7161 348.3539 105.9194 -120.994 348.16 99.28554 -129.3063 346.6002 100.0117 -129.7161 348.7095 107.2272 -122.0319 348.3539 105.9194 -120.994 346.9164 101.1865 -130.9503 348.7095 107.2272 -122.0319 346.6002 100.0117 -129.7161 346.9164 101.1865 -130.9503 350.4648 107.2272 -122.3849 348.7095 107.2272 -122.0319 348.6716 101.1865 -131.3032 350.4648 107.2272 -122.3849 346.9164 101.1865 -130.9503 348.6716 101.1865 -131.3032 351.1939 105.9194 -121.565 350.4648 107.2272 -122.3849 349.4402 100.0117 -130.2872 351.1939 105.9194 -121.565 348.6716 101.1865 -131.3032 349.4402 100.0117 -130.2872 349.8893 105.1112 -120.7054 351.1939 105.9194 -121.565 348.16 99.28554 -129.3063 349.8893 105.1112 -120.7054 349.4402 100.0117 -130.2872 346.6326 92.41168 -136.9033 346.6002 100.0117 -129.7161 348.16 99.28554 -129.3063 345.0512 93.04086 -137.4203 346.6002 100.0117 -129.7161 346.6326 92.41168 -136.9033 345.0512 93.04086 -137.4203 346.9164 101.1865 -130.9503 346.6002 100.0117 -129.7161 345.3325 94.05891 -138.8278 346.9164 101.1865 -130.9503 345.0512 93.04086 -137.4203 345.3325 94.05891 -138.8278 348.6716 101.1865 -131.3032 346.9164 101.1865 -130.9503 347.0878 94.05891 -139.1807 348.6716 101.1865 -131.3032 345.3325 94.05891 -138.8278 347.0878 94.05891 -139.1807 349.4402 100.0117 -130.2872 348.6716 101.1865 -131.3032 347.8912 93.04086 -137.9913 349.4402 100.0117 -130.2872 347.0878 94.05891 -139.1807 347.8912 93.04086 -137.9913 348.16 99.28554 -129.3063 349.4402 100.0117 -130.2872 346.6326 92.41168 -136.9033 348.16 99.28554 -129.3063 347.8912 93.04086 -137.9913 345.338 84.62953 -143.3418 345.0512 93.04086 -137.4203 346.6326 92.41168 -136.9033 343.7384 85.14897 -143.9496 345.0512 93.04086 -137.4203 345.338 84.62953 -143.3418 343.7384 85.14897 -143.9496 345.3325 94.05891 -138.8278 345.0512 93.04086 -137.4203 343.9902 85.98946 -145.5041 345.3325 94.05891 -138.8278 343.7384 85.14897 -143.9496 343.9902 85.98946 -145.5041 347.0878 94.05891 -139.1807 345.3325 94.05891 -138.8278 345.7454 85.98946 -145.857 347.0878 94.05891 -139.1807 343.9902 85.98946 -145.5041 345.7454 85.98946 -145.857 347.8912 93.04086 -137.9913 347.0878 94.05891 -139.1807 346.5784 85.14897 -144.5206 347.8912 93.04086 -137.9913 345.7454 85.98946 -145.857 346.5784 85.14897 -144.5206 346.6326 92.41168 -136.9033 347.8912 93.04086 -137.9913 345.338 84.62953 -143.3418 346.6326 92.41168 -136.9033 346.5784 85.14897 -144.5206 344.3028 76.09753 -148.4908 343.7384 85.14897 -143.9496 345.338 84.62953 -143.3418 342.6885 76.49666 -149.1712 343.7384 85.14897 -143.9496 344.3028 76.09753 -148.4908 342.6885 76.49666 -149.1712 343.9902 85.98946 -145.5041 343.7384 85.14897 -143.9496 342.9167 77.14247 -150.8431 343.9902 85.98946 -145.5041 342.6885 76.49666 -149.1712 342.9167 77.14247 -150.8431 345.7454 85.98946 -145.857 343.9902 85.98946 -145.5041 344.672 77.14247 -151.196 345.7454 85.98946 -145.857 342.9167 77.14247 -150.8431 344.672 77.14247 -151.196 346.5784 85.14897 -144.5206 345.7454 85.98946 -145.857 345.5286 76.49666 -149.7422 346.5784 85.14897 -144.5206 344.672 77.14247 -151.196 345.5286 76.49666 -149.7422 345.338 84.62953 -143.3418 346.5784 85.14897 -144.5206 344.3028 76.09753 -148.4908 345.338 84.62953 -143.3418 345.5286 76.49666 -149.7422 343.5479 66.98935 -152.2453 342.6885 76.49666 -149.1712 344.3028 76.09753 -148.4908 341.923 67.26004 -152.9787 342.6885 76.49666 -149.1712 343.5479 66.98935 -152.2453 341.923 67.26004 -152.9787 342.9167 77.14247 -150.8431 342.6885 76.49666 -149.1712 342.1339 67.69801 -154.7363 342.9167 77.14247 -150.8431 341.923 67.26004 -152.9787 342.1339 67.69801 -154.7363 344.672 77.14247 -151.196 342.9167 77.14247 -150.8431 343.8892 67.69801 -155.0892 344.672 77.14247 -151.196 342.1339 67.69801 -154.7363 343.8892 67.69801 -155.0892 345.5286 76.49666 -149.7422 344.672 77.14247 -151.196 344.7631 67.26004 -153.5497 345.5286 76.49666 -149.7422 343.8892 67.69801 -155.0892 344.7631 67.26004 -153.5497 344.3028 76.09753 -148.4908 345.5286 76.49666 -149.7422 343.5479 66.98935 -152.2453 344.3028 76.09753 -148.4908 344.7631 67.26004 -153.5497 343.5503 56.45611 -152.2336 341.923 67.26004 -152.9787 343.5479 66.98935 -152.2453 341.9254 56.45077 -152.9668 341.923 67.26004 -152.9787 343.5503 56.45611 -152.2336 341.9254 56.45077 -152.9668 342.1339 67.69801 -154.7363 341.923 67.26004 -152.9787 342.1364 56.44207 -154.7241 342.1339 67.69801 -154.7363 341.9254 56.45077 -152.9668 342.1364 56.44207 -154.7241 343.8892 67.69801 -155.0892 342.1339 67.69801 -154.7363 343.8916 56.44207 -155.077 343.8892 67.69801 -155.0892 342.1364 56.44207 -154.7241 343.8916 56.44207 -155.077 344.7631 67.26004 -153.5497 343.8892 67.69801 -155.0892 344.7654 56.45077 -153.5378 344.7631 67.26004 -153.5497 343.8916 56.44207 -155.077 344.7654 56.45077 -153.5378 343.5479 66.98935 -152.2453 344.7631 67.26004 -153.5497 343.5503 56.45611 -152.2336 343.5479 66.98935 -152.2453 344.7654 56.45077 -153.5378 372.6013 66.98932 -7.744093 371.3838 56.45077 -6.451667 372.599 56.45611 -7.755868 371.3862 67.25999 -6.439728 371.3838 56.45077 -6.451667 372.6013 66.98932 -7.744093 371.3862 67.25999 -6.439728 372.2576 56.44206 -4.912435 371.3838 56.45077 -6.451667 372.26 67.69798 -4.900249 372.2576 56.44206 -4.912435 371.3862 67.25999 -6.439728 372.26 67.69798 -4.900249 374.0128 56.44206 -5.265358 372.2576 56.44206 -4.912435 374.0153 67.69798 -5.253159 374.0128 56.44206 -5.265358 372.26 67.69798 -4.900249 374.0153 67.69798 -5.253159 374.2238 56.45077 -7.022698 374.0128 56.44206 -5.265358 374.2262 67.25999 -7.010746 374.2238 56.45077 -7.022698 374.0153 67.69798 -5.253159 374.2262 67.25999 -7.010746 372.599 56.45611 -7.755868 374.2238 56.45077 -7.022698 372.6013 66.98932 -7.744093 372.599 56.45611 -7.755868 374.2262 67.25999 -7.010746 371.8464 76.0975 -11.49867 371.3862 67.25999 -6.439728 372.6013 66.98932 -7.744093 370.6206 76.49663 -10.24726 371.3862 67.25999 -6.439728 371.8464 76.0975 -11.49867 370.6206 76.49663 -10.24726 372.26 67.69798 -4.900249 371.3862 67.25999 -6.439728 371.4773 77.14243 -8.793423 372.26 67.69798 -4.900249 370.6206 76.49663 -10.24726 371.4773 77.14243 -8.793423 374.0153 67.69798 -5.253159 372.26 67.69798 -4.900249 373.2325 77.14243 -9.146334 374.0153 67.69798 -5.253159 371.4773 77.14243 -8.793423 373.2325 77.14243 -9.146334 374.2262 67.25999 -7.010746 374.0153 67.69798 -5.253159 373.4607 76.49663 -10.81827 374.2262 67.25999 -7.010746 373.2325 77.14243 -9.146334 373.4607 76.49663 -10.81827 372.6013 66.98932 -7.744093 374.2262 67.25999 -7.010746 371.8464 76.0975 -11.49867 372.6013 66.98932 -7.744093 373.4607 76.49663 -10.81827 370.8112 84.62952 -16.64762 370.6206 76.49663 -10.24726 371.8464 76.0975 -11.49867 369.5708 85.14896 -15.46882 370.6206 76.49663 -10.24726 370.8112 84.62952 -16.64762 369.5708 85.14896 -15.46882 371.4773 77.14243 -8.793423 370.6206 76.49663 -10.24726 370.4038 85.98943 -14.13247 371.4773 77.14243 -8.793423 369.5708 85.14896 -15.46882 370.4038 85.98943 -14.13247 373.2325 77.14243 -9.146334 371.4773 77.14243 -8.793423 372.1591 85.98943 -14.48538 373.2325 77.14243 -9.146334 370.4038 85.98943 -14.13247 372.1591 85.98943 -14.48538 373.4607 76.49663 -10.81827 373.2325 77.14243 -9.146334 372.4109 85.14896 -16.03984 373.4607 76.49663 -10.81827 372.1591 85.98943 -14.48538 372.4109 85.14896 -16.03984 371.8464 76.0975 -11.49867 373.4607 76.49663 -10.81827 370.8112 84.62952 -16.64762 371.8464 76.0975 -11.49867 372.4109 85.14896 -16.03984 369.5167 92.41165 -23.08614 369.5708 85.14896 -15.46882 370.8112 84.62952 -16.64762 368.258 93.04085 -21.99813 369.5708 85.14896 -15.46882 369.5167 92.41165 -23.08614 368.258 93.04085 -21.99813 370.4038 85.98943 -14.13247 369.5708 85.14896 -15.46882 369.0615 94.05888 -20.8087 370.4038 85.98943 -14.13247 368.258 93.04085 -21.99813 369.0615 94.05888 -20.8087 372.1591 85.98943 -14.48538 370.4038 85.98943 -14.13247 370.8167 94.05888 -21.16162 372.1591 85.98943 -14.48538 369.0615 94.05888 -20.8087 370.8167 94.05888 -21.16162 372.4109 85.14896 -16.03984 372.1591 85.98943 -14.48538 371.0981 93.04085 -22.56914 372.4109 85.14896 -16.03984 370.8167 94.05888 -21.16162 371.0981 93.04085 -22.56914 370.8112 84.62952 -16.64762 372.4109 85.14896 -16.03984 369.5167 92.41165 -23.08614 370.8112 84.62952 -16.64762 371.0981 93.04085 -22.56914 367.9892 99.28552 -30.68316 368.258 93.04085 -21.99813 369.5167 92.41165 -23.08614 366.709 100.0116 -29.70229 368.258 93.04085 -21.99813 367.9892 99.28552 -30.68316 366.709 100.0116 -29.70229 369.0615 94.05888 -20.8087 368.258 93.04085 -21.99813 367.4776 101.1865 -28.68619 369.0615 94.05888 -20.8087 366.709 100.0116 -29.70229 367.4776 101.1865 -28.68619 370.8167 94.05888 -21.16162 369.0615 94.05888 -20.8087 369.2329 101.1865 -29.0391 370.8167 94.05888 -21.16162 367.4776 101.1865 -28.68619 369.2329 101.1865 -29.0391 371.0981 93.04085 -22.56914 370.8167 94.05888 -21.16162 369.549 100.0116 -30.27329 371.0981 93.04085 -22.56914 369.2329 101.1865 -29.0391 369.549 100.0116 -30.27329 369.5167 92.41165 -23.08614 371.0981 93.04085 -22.56914 367.9892 99.28552 -30.68316 369.5167 92.41165 -23.08614 369.549 100.0116 -30.27329 366.2599 105.1112 -39.28403 366.709 100.0116 -29.70229 367.9892 99.28552 -30.68316 364.9553 105.9194 -38.42442 366.709 100.0116 -29.70229 366.2599 105.1112 -39.28403 364.9553 105.9194 -38.42442 367.4776 101.1865 -28.68619 366.709 100.0116 -29.70229 365.6845 107.2272 -37.60458 367.4776 101.1865 -28.68619 364.9553 105.9194 -38.42442 365.6845 107.2272 -37.60458 369.2329 101.1865 -29.0391 367.4776 101.1865 -28.68619 367.4397 107.2272 -37.95749 369.2329 101.1865 -29.0391 365.6845 107.2272 -37.60458 367.4397 107.2272 -37.95749 369.549 100.0116 -30.27329 369.2329 101.1865 -29.0391 367.7954 105.9194 -38.99545 369.549 100.0116 -30.27329 367.4397 107.2272 -37.95749 367.7954 105.9194 -38.99545 367.9892 99.28552 -30.68316 369.549 100.0116 -30.27329 366.2599 105.1112 -39.28403 367.9892 99.28552 -30.68316 367.7954 105.9194 -38.99545 364.364 109.77 -48.71363 364.9553 105.9194 -38.42442 366.2599 105.1112 -39.28403 363.0327 110.644 -47.987 364.9553 105.9194 -38.42442 364.364 109.77 -48.71363 363.0327 110.644 -47.987 365.6845 107.2272 -37.60458 364.9553 105.9194 -38.42442 363.7186 112.0581 -47.38231 365.6845 107.2272 -37.60458 363.0327 110.644 -47.987 363.7186 112.0581 -47.38231 367.4397 107.2272 -37.95749 365.6845 107.2272 -37.60458 365.4738 112.0581 -47.73522 367.4397 107.2272 -37.95749 363.7186 112.0581 -47.38231 365.4738 112.0581 -47.73522 367.7954 105.9194 -38.99545 367.4397 107.2272 -37.95749 365.8727 110.644 -48.55803 367.7954 105.9194 -38.99545 365.4738 112.0581 -47.73522 365.8727 110.644 -48.55803 366.2599 105.1112 -39.28403 367.7954 105.9194 -38.99545 364.364 109.77 -48.71363 366.2599 105.1112 -39.28403 365.8727 110.644 -48.55803 362.3401 113.1672 -58.78003 363.0327 110.644 -47.987 364.364 109.77 -48.71363 360.9802 114.089 -58.19536 363.0327 110.644 -47.987 362.3401 113.1672 -58.78003 360.9802 114.089 -58.19536 363.7186 112.0581 -47.38231 363.0327 110.644 -47.987 361.6199 115.5807 -57.82035 363.7186 112.0581 -47.38231 360.9802 114.089 -58.19536 361.6199 115.5807 -57.82035 365.4738 112.0581 -47.73522 363.7186 112.0581 -47.38231 363.3752 115.5807 -58.17326 365.4738 112.0581 -47.73522 361.6199 115.5807 -57.82035 363.3752 115.5807 -58.17326 365.8727 110.644 -48.55803 365.4738 112.0581 -47.73522 363.8202 114.089 -58.76638 365.8727 110.644 -48.55803 363.3752 115.5807 -58.17326 363.8202 114.089 -58.76638 364.364 109.77 -48.71363 365.8727 110.644 -48.55803 362.3401 113.1672 -58.78003 364.364 109.77 -48.71363 363.8202 114.089 -58.76638 360.2292 115.2335 -69.27831 360.9802 114.089 -58.19536 362.3401 113.1672 -58.78003 358.8396 116.1846 -68.84167 360.9802 114.089 -58.19536 360.2292 115.2335 -69.27831 358.8396 116.1846 -68.84167 361.6199 115.5807 -57.82035 360.9802 114.089 -58.19536 359.4312 117.7233 -68.70621 361.6199 115.5807 -57.82035 358.8396 116.1846 -68.84167 359.4312 117.7233 -68.70621 363.3752 115.5807 -58.17326 361.6199 115.5807 -57.82035 361.1864 117.7233 -69.05912 363.3752 115.5807 -58.17326 359.4312 117.7233 -68.70621 361.1864 117.7233 -69.05912 363.8202 114.089 -58.76638 363.3752 115.5807 -58.17326 361.6797 116.1846 -69.41269 363.8202 114.089 -58.76638 361.1864 117.7233 -69.05912 361.6797 116.1846 -69.41269 362.3401 113.1672 -58.78003 363.8202 114.089 -58.76638 360.2292 115.2335 -69.27831 362.3401 113.1672 -58.78003 361.6797 116.1846 -69.41269 358.0746 115.927 -79.99474 358.8396 116.1846 -68.84167 360.2292 115.2335 -69.27831 356.6546 116.8878 -79.70923 358.8396 116.1846 -68.84167 358.0746 115.927 -79.99474 356.6546 116.8878 -79.70923 359.4312 117.7233 -68.70621 358.8396 116.1846 -68.84167 357.197 118.4424 -79.81828 359.4312 117.7233 -68.70621 356.6546 116.8878 -79.70923 357.197 118.4424 -79.81828 361.1864 117.7233 -69.05912 359.4312 117.7233 -68.70621 358.9522 118.4424 -80.17119 361.1864 117.7233 -69.05912 357.197 118.4424 -79.81828 358.9522 118.4424 -80.17119 361.6797 116.1846 -69.41269 361.1864 117.7233 -69.05912 359.4946 116.8878 -80.28024 361.6797 116.1846 -69.41269 358.9522 118.4424 -80.17119 359.4946 116.8878 -80.28024 360.2292 115.2335 -69.27831 361.6797 116.1846 -69.41269 358.0746 115.927 -79.99474 360.2292 115.2335 -69.27831 359.4946 116.8878 -80.28024 355.92 115.2335 -90.71111 356.6546 116.8878 -79.70923 358.0746 115.927 -79.99474 354.4696 116.1845 -90.57674 356.6546 116.8878 -79.70923 355.92 115.2335 -90.71111 354.4696 116.1845 -90.57674 357.197 118.4424 -79.81828 356.6546 116.8878 -79.70923 354.9628 117.7233 -90.9303 357.197 118.4424 -79.81828 354.4696 116.1845 -90.57674 354.9628 117.7233 -90.9303 358.9522 118.4424 -80.17119 357.197 118.4424 -79.81828 356.718 117.7233 -91.2832 358.9522 118.4424 -80.17119 354.9628 117.7233 -90.9303 356.718 117.7233 -91.2832 359.4946 116.8878 -80.28024 358.9522 118.4424 -80.17119 357.3096 116.1845 -91.14775 359.4946 116.8878 -80.28024 356.718 117.7233 -91.2832 357.3096 116.1845 -91.14775 358.0746 115.927 -79.99474 359.4946 116.8878 -80.28024 355.92 115.2335 -90.71111 358.0746 115.927 -79.99474 357.3096 116.1845 -91.14775 363.3315 113.1672 58.43359 359.4192 116.1845 68.34233 360.7896 115.2335 68.83589 361.9969 114.089 57.79334 359.4192 116.1845 68.34233 363.3315 113.1672 58.43359 361.9969 114.089 57.79334 360.0158 117.7233 68.23138 359.4192 116.1845 68.34233 362.6516 115.5807 57.44504 360.0158 117.7233 68.23138 361.9969 114.089 57.79334 362.6516 115.5807 57.44504 361.755 117.7233 68.65637 360.0158 117.7233 68.23138 364.3907 115.5807 57.87003 361.755 117.7233 68.65637 362.6516 115.5807 57.44504 364.3907 115.5807 57.87003 362.2332 116.1845 69.02998 361.755 117.7233 68.65637 364.811 114.089 58.48098 362.2332 116.1845 69.02998 364.3907 115.5807 57.87003 364.811 114.089 58.48098 360.7896 115.2335 68.83589 362.2332 116.1845 69.02998 363.3315 113.1672 58.43359 360.7896 115.2335 68.83589 364.811 114.089 58.48098 365.7689 109.77 48.45921 361.9969 114.089 57.79334 363.3315 113.1672 58.43359 364.4686 110.644 47.6783 361.9969 114.089 57.79334 365.7689 109.77 48.45921 364.4686 110.644 47.6783 362.6516 115.5807 57.44504 361.9969 114.089 57.79334 365.1789 112.0581 47.10241 362.6516 115.5807 57.44504 364.4686 110.644 47.6783 365.1789 112.0581 47.10241 364.3907 115.5807 57.87003 362.6516 115.5807 57.44504 366.9181 112.0581 47.5274 364.3907 115.5807 57.87003 365.1789 112.0581 47.10241 366.9181 112.0581 47.5274 364.811 114.089 58.48098 364.3907 115.5807 57.87003 367.2827 110.644 48.36595 364.811 114.089 58.48098 366.9181 112.0581 47.5274 367.2827 110.644 48.36595 363.3315 113.1672 58.43359 364.811 114.089 58.48098 365.7689 109.77 48.45921 363.3315 113.1672 58.43359 367.2827 110.644 48.36595 368.052 105.1112 39.1158 364.4686 110.644 47.6783 365.7689 109.77 48.45921 366.784 105.9194 38.20313 364.4686 110.644 47.6783 368.052 105.1112 39.1158 366.784 105.9194 38.20313 365.1789 112.0581 47.10241 364.4686 110.644 47.6783 367.5463 107.2272 37.41405 365.1789 112.0581 47.10241 366.784 105.9194 38.20313 367.5463 107.2272 37.41405 366.9181 112.0581 47.5274 365.1789 112.0581 47.10241 369.2855 107.2272 37.83904 366.9181 112.0581 47.5274 367.5463 107.2272 37.41405 369.2855 107.2272 37.83904 367.2827 110.644 48.36595 366.9181 112.0581 47.5274 369.5981 105.9194 38.89078 367.2827 110.644 48.36595 369.2855 107.2272 37.83904 369.5981 105.9194 38.89078 365.7689 109.77 48.45921 367.2827 110.644 48.36595 368.052 105.1112 39.1158 365.7689 109.77 48.45921 369.5981 105.9194 38.89078 370.1345 99.28554 30.59356 366.784 105.9194 38.20313 368.052 105.1112 39.1158 368.8958 100.0117 29.56072 366.784 105.9194 38.20313 370.1345 99.28554 30.59356 368.8958 100.0117 29.56072 367.5463 107.2272 37.41405 366.784 105.9194 38.20313 369.7057 101.1865 28.57719 367.5463 107.2272 37.41405 368.8958 100.0117 29.56072 369.7057 101.1865 28.57719 369.2855 107.2272 37.83904 367.5463 107.2272 37.41405 371.4449 101.1865 29.00218 369.2855 107.2272 37.83904 369.7057 101.1865 28.57719 371.4449 101.1865 29.00218 369.5981 105.9194 38.89078 369.2855 107.2272 37.83904 371.7099 100.0117 30.24837 369.5981 105.9194 38.89078 371.4449 101.1865 29.00218 371.7099 100.0117 30.24837 368.052 105.1112 39.1158 369.5981 105.9194 38.89078 370.1345 99.28554 30.59356 368.052 105.1112 39.1158 371.7099 100.0117 30.24837 371.9739 92.41168 23.06599 368.8958 100.0117 29.56072 370.1345 99.28554 30.59356 370.7612 93.04086 21.927 368.8958 100.0117 29.56072 371.9739 92.41168 23.06599 370.7612 93.04086 21.927 369.7057 101.1865 28.57719 368.8958 100.0117 29.56072 371.613 94.05891 20.77171 369.7057 101.1865 28.57719 370.7612 93.04086 21.927 371.613 94.05891 20.77171 371.4449 101.1865 29.00218 369.7057 101.1865 28.57719 373.3522 94.05891 21.1967 371.4449 101.1865 29.00218 371.613 94.05891 20.77171 373.3522 94.05891 21.1967 371.7099 100.0117 30.24837 371.4449 101.1865 29.00218 373.5753 93.04086 22.61464 371.7099 100.0117 30.24837 373.3522 94.05891 21.1967 373.5753 93.04086 22.61464 370.1345 99.28554 30.59356 371.7099 100.0117 30.24837 371.9739 92.41168 23.06599 370.1345 99.28554 30.59356 373.5753 93.04086 22.61464 373.5329 84.62953 16.68632 370.7612 93.04086 21.927 371.9739 92.41168 23.06599 372.3421 85.14897 15.45737 370.7612 93.04086 21.927 373.5329 84.62953 16.68632 372.3421 85.14897 15.45737 371.613 94.05891 20.77171 370.7612 93.04086 21.927 373.2295 85.98946 14.15651 371.613 94.05891 20.77171 372.3421 85.14897 15.45737 373.2295 85.98946 14.15651 373.3522 94.05891 21.1967 371.613 94.05891 20.77171 374.9687 85.98946 14.5815 373.3522 94.05891 21.1967 373.2295 85.98946 14.15651 374.9687 85.98946 14.5815 373.5753 93.04086 22.61464 373.3522 94.05891 21.1967 375.1562 85.14897 16.14501 373.5753 93.04086 22.61464 374.9687 85.98946 14.5815 375.1562 85.14897 16.14501 371.9739 92.41168 23.06599 373.5753 93.04086 22.61464 373.5329 84.62953 16.68632 371.9739 92.41168 23.06599 375.1562 85.14897 16.14501 374.7795 76.09753 11.58443 372.3421 85.14897 15.45737 373.5329 84.62953 16.68632 373.6064 76.49666 10.28353 372.3421 85.14897 15.45737 374.7795 76.09753 11.58443 373.6064 76.49666 10.28353 373.2295 85.98946 14.15651 372.3421 85.14897 15.45737 374.5222 77.14247 8.866267 373.2295 85.98946 14.15651 373.6064 76.49666 10.28353 374.5222 77.14247 8.866267 374.9687 85.98946 14.5815 373.2295 85.98946 14.15651 376.2614 77.14247 9.291256 374.9687 85.98946 14.5815 374.5222 77.14247 8.866267 376.2614 77.14247 9.291256 375.1562 85.14897 16.14501 374.9687 85.98946 14.5815 376.4205 76.49666 10.97118 375.1562 85.14897 16.14501 376.2614 77.14247 9.291256 376.4205 76.49666 10.97118 373.5329 84.62953 16.68632 375.1562 85.14897 16.14501 374.7795 76.09753 11.58443 373.5329 84.62953 16.68632 376.4205 76.49666 10.97118 375.6886 66.98935 7.864176 373.6064 76.49666 10.28353 374.7795 76.09753 11.58443 374.5283 67.26004 6.510814 373.6064 76.49666 10.28353 375.6886 66.98935 7.864176 374.5283 67.26004 6.510814 374.5222 77.14247 8.866267 373.6064 76.49666 10.28353 375.4649 67.69801 5.008663 374.5222 77.14247 8.866267 374.5283 67.26004 6.510814 375.4649 67.69801 5.008663 376.2614 77.14247 9.291256 374.5222 77.14247 8.866267 377.2041 67.69801 5.433651 376.2614 77.14247 9.291256 375.4649 67.69801 5.008663 377.2041 67.69801 5.433651 376.4205 76.49666 10.97118 376.2614 77.14247 9.291256 377.3424 67.26004 7.19846 376.4205 76.49666 10.97118 377.2041 67.69801 5.433651 377.3424 67.26004 7.19846 374.7795 76.09753 11.58443 376.4205 76.49666 10.97118 375.6886 66.98935 7.864176 374.7795 76.09753 11.58443 377.3424 67.26004 7.19846 375.6858 56.45611 7.875834 374.5283 67.26004 6.510814 375.6886 66.98935 7.864176 374.5254 56.45077 6.522635 374.5283 67.26004 6.510814 375.6858 56.45611 7.875834 374.5254 56.45077 6.522635 375.4649 67.69801 5.008663 374.5283 67.26004 6.510814 375.4619 56.44207 5.020752 375.4649 67.69801 5.008663 374.5254 56.45077 6.522635 375.4619 56.44207 5.020752 377.2041 67.69801 5.433651 375.4649 67.69801 5.008663 377.2011 56.44207 5.445741 377.2041 67.69801 5.433651 375.4619 56.44207 5.020752 377.2011 56.44207 5.445741 377.3424 67.26004 7.19846 377.2041 67.69801 5.433651 377.3395 56.45077 7.210282 377.3424 67.26004 7.19846 377.2011 56.44207 5.445741 377.3395 56.45077 7.210282 375.6886 66.98935 7.864176 377.3424 67.26004 7.19846 375.6858 56.45611 7.875834 375.6886 66.98935 7.864176 377.3395 56.45077 7.210282 340.7012 66.98932 151.0445 339.0504 56.45077 151.6984 340.704 56.45611 151.0328 339.0475 67.25999 151.7102 339.0504 56.45077 151.6984 340.7012 66.98932 151.0445 339.0475 67.25999 151.7102 339.1887 56.44206 153.4629 339.0504 56.45077 151.6984 339.1858 67.69798 153.475 339.1887 56.44206 153.4629 339.0475 67.25999 151.7102 339.1858 67.69798 153.475 340.9279 56.44206 153.8879 339.1887 56.44206 153.4629 340.925 67.69798 153.9 340.9279 56.44206 153.8879 339.1858 67.69798 153.475 340.925 67.69798 153.9 341.8644 56.45077 152.386 340.9279 56.44206 153.8879 341.8615 67.25999 152.3978 341.8644 56.45077 152.386 340.925 67.69798 153.9 341.8615 67.25999 152.3978 340.704 56.45611 151.0328 341.8644 56.45077 152.386 340.7012 66.98932 151.0445 340.704 56.45611 151.0328 341.8615 67.25999 152.3978 341.6103 76.0975 147.3242 339.0475 67.25999 151.7102 340.7012 66.98932 151.0445 339.9694 76.49663 147.9375 339.0475 67.25999 151.7102 341.6103 76.0975 147.3242 339.9694 76.49663 147.9375 339.1858 67.69798 153.475 339.0475 67.25999 151.7102 340.1284 77.14243 149.6174 339.1858 67.69798 153.475 339.9694 76.49663 147.9375 340.1284 77.14243 149.6174 340.925 67.69798 153.9 339.1858 67.69798 153.475 341.8676 77.14243 150.0424 340.925 67.69798 153.9 340.1284 77.14243 149.6174 341.8676 77.14243 150.0424 341.8615 67.25999 152.3978 340.925 67.69798 153.9 342.7834 76.49663 148.6251 341.8615 67.25999 152.3978 341.8676 77.14243 150.0424 342.7834 76.49663 148.6251 340.7012 66.98932 151.0445 341.8615 67.25999 152.3978 341.6103 76.0975 147.3242 340.7012 66.98932 151.0445 342.7834 76.49663 148.6251 342.857 84.62952 142.2223 339.9694 76.49663 147.9375 341.6103 76.0975 147.3242 341.2336 85.14896 142.7636 339.9694 76.49663 147.9375 342.857 84.62952 142.2223 341.2336 85.14896 142.7636 340.1284 77.14243 149.6174 339.9694 76.49663 147.9375 341.4211 85.98943 144.3272 340.1284 77.14243 149.6174 341.2336 85.14896 142.7636 341.4211 85.98943 144.3272 341.8676 77.14243 150.0424 340.1284 77.14243 149.6174 343.1603 85.98943 144.7522 341.8676 77.14243 150.0424 341.4211 85.98943 144.3272 343.1603 85.98943 144.7522 342.7834 76.49663 148.6251 341.8676 77.14243 150.0424 344.0477 85.14896 143.4513 342.7834 76.49663 148.6251 343.1603 85.98943 144.7522 344.0477 85.14896 143.4513 341.6103 76.0975 147.3242 342.7834 76.49663 148.6251 342.857 84.62952 142.2223 341.6103 76.0975 147.3242 344.0477 85.14896 143.4513 344.4159 92.41165 135.8427 341.2336 85.14896 142.7636 342.857 84.62952 142.2223 342.8145 93.04085 136.294 341.2336 85.14896 142.7636 344.4159 92.41165 135.8427 342.8145 93.04085 136.294 341.4211 85.98943 144.3272 341.2336 85.14896 142.7636 343.0376 94.05888 137.712 341.4211 85.98943 144.3272 342.8145 93.04085 136.294 343.0376 94.05888 137.712 343.1603 85.98943 144.7522 341.4211 85.98943 144.3272 344.7768 94.05888 138.1369 343.1603 85.98943 144.7522 343.0376 94.05888 137.712 344.7768 94.05888 138.1369 344.0477 85.14896 143.4513 343.1603 85.98943 144.7522 345.6286 93.04085 136.9817 344.0477 85.14896 143.4513 344.7768 94.05888 138.1369 345.6286 93.04085 136.9817 342.857 84.62952 142.2223 344.0477 85.14896 143.4513 344.4159 92.41165 135.8427 342.857 84.62952 142.2223 345.6286 93.04085 136.9817 346.2553 99.28552 128.3151 342.8145 93.04085 136.294 344.4159 92.41165 135.8427 344.6799 100.0116 128.6603 342.8145 93.04085 136.294 346.2553 99.28552 128.3151 344.6799 100.0116 128.6603 343.0376 94.05888 137.712 342.8145 93.04085 136.294 344.9449 101.1865 129.9065 343.0376 94.05888 137.712 344.6799 100.0116 128.6603 344.9449 101.1865 129.9065 344.7768 94.05888 138.1369 343.0376 94.05888 137.712 346.6841 101.1865 130.3315 344.7768 94.05888 138.1369 344.9449 101.1865 129.9065 346.6841 101.1865 130.3315 345.6286 93.04085 136.9817 344.7768 94.05888 138.1369 347.494 100.0116 129.3479 345.6286 93.04085 136.9817 346.6841 101.1865 130.3315 347.494 100.0116 129.3479 344.4159 92.41165 135.8427 345.6286 93.04085 136.9817 346.2553 99.28552 128.3151 344.4159 92.41165 135.8427 347.494 100.0116 129.3479 348.3378 105.1112 119.7929 344.6799 100.0116 128.6603 346.2553 99.28552 128.3151 346.7918 105.9194 120.0179 344.6799 100.0116 128.6603 348.3378 105.1112 119.7929 346.7918 105.9194 120.0179 344.9449 101.1865 129.9065 344.6799 100.0116 128.6603 347.1043 107.2272 121.0696 344.9449 101.1865 129.9065 346.7918 105.9194 120.0179 347.1043 107.2272 121.0696 346.6841 101.1865 130.3315 344.9449 101.1865 129.9065 348.8435 107.2272 121.4946 346.6841 101.1865 130.3315 347.1043 107.2272 121.0696 348.8435 107.2272 121.4946 347.494 100.0116 129.3479 346.6841 101.1865 130.3315 349.6059 105.9194 120.7055 347.494 100.0116 129.3479 348.8435 107.2272 121.4946 349.6059 105.9194 120.7055 346.2553 99.28552 128.3151 347.494 100.0116 129.3479 348.3378 105.1112 119.7929 346.2553 99.28552 128.3151 349.6059 105.9194 120.7055 350.621 109.77 110.4495 346.7918 105.9194 120.0179 348.3378 105.1112 119.7929 349.1071 110.644 110.5427 346.7918 105.9194 120.0179 350.621 109.77 110.4495 349.1071 110.644 110.5427 347.1043 107.2272 121.0696 346.7918 105.9194 120.0179 349.4717 112.0581 111.3813 347.1043 107.2272 121.0696 349.1071 110.644 110.5427 349.4717 112.0581 111.3813 348.8435 107.2272 121.4946 347.1043 107.2272 121.0696 351.2109 112.0581 111.8063 348.8435 107.2272 121.4946 349.4717 112.0581 111.3813 351.2109 112.0581 111.8063 349.6059 105.9194 120.7055 348.8435 107.2272 121.4946 351.9212 110.644 111.2304 349.6059 105.9194 120.7055 351.2109 112.0581 111.8063 351.9212 110.644 111.2304 348.3378 105.1112 119.7929 349.6059 105.9194 120.7055 350.621 109.77 110.4495 348.3378 105.1112 119.7929 351.9212 110.644 111.2304 353.0583 113.1672 100.4751 349.1071 110.644 110.5427 350.621 109.77 110.4495 351.5788 114.089 100.4277 349.1071 110.644 110.5427 353.0583 113.1672 100.4751 351.5788 114.089 100.4277 349.4717 112.0581 111.3813 349.1071 110.644 110.5427 351.9991 115.5807 101.0387 349.4717 112.0581 111.3813 351.5788 114.089 100.4277 351.9991 115.5807 101.0387 351.2109 112.0581 111.8063 349.4717 112.0581 111.3813 353.7383 115.5807 101.4636 351.2109 112.0581 111.8063 351.9991 115.5807 101.0387 353.7383 115.5807 101.4636 351.9212 110.644 111.2304 351.2109 112.0581 111.8063 354.3929 114.089 101.1153 351.9212 110.644 111.2304 353.7383 115.5807 101.4636 354.3929 114.089 101.1153 350.621 109.77 110.4495 351.9212 110.644 111.2304 353.0583 113.1672 100.4751 350.621 109.77 110.4495 354.3929 114.089 101.1153 355.6002 115.2335 90.07278 351.5788 114.089 100.4277 353.0583 113.1672 100.4751 354.1566 116.1846 89.87869 351.5788 114.089 100.4277 355.6002 115.2335 90.07278 354.1566 116.1846 89.87869 351.9991 115.5807 101.0387 351.5788 114.089 100.4277 354.6348 117.7233 90.2523 351.9991 115.5807 101.0387 354.1566 116.1846 89.87869 354.6348 117.7233 90.2523 353.7383 115.5807 101.4636 351.9991 115.5807 101.0387 356.374 117.7233 90.67729 353.7383 115.5807 101.4636 354.6348 117.7233 90.2523 356.374 117.7233 90.67729 354.3929 114.089 101.1153 353.7383 115.5807 101.4636 356.9706 116.1846 90.56635 354.3929 114.089 101.1153 356.374 117.7233 90.67729 356.9706 116.1846 90.56635 353.0583 113.1672 100.4751 354.3929 114.089 101.1153 355.6002 115.2335 90.07278 353.0583 113.1672 100.4751 356.9706 116.1846 90.56635 358.1949 115.927 79.45432 354.1566 116.1846 89.87869 355.6002 115.2335 90.07278 356.7879 116.8878 79.11049 354.1566 116.1846 89.87869 358.1949 115.927 79.45432 356.7879 116.8878 79.11049 354.6348 117.7233 90.2523 354.1566 116.1846 89.87869 357.3253 118.4424 79.24182 354.6348 117.7233 90.2523 356.7879 116.8878 79.11049 357.3253 118.4424 79.24182 356.374 117.7233 90.67729 354.6348 117.7233 90.2523 359.0645 118.4424 79.66681 356.374 117.7233 90.67729 357.3253 118.4424 79.24182 359.0645 118.4424 79.66681 356.9706 116.1846 90.56635 356.374 117.7233 90.67729 359.602 116.8878 79.79814 356.9706 116.1846 90.56635 359.0645 118.4424 79.66681 359.602 116.8878 79.79814 355.6002 115.2335 90.07278 356.9706 116.1846 90.56635 358.1949 115.927 79.45432 355.6002 115.2335 90.07278 359.602 116.8878 79.79814 360.7896 115.2335 68.83589 356.7879 116.8878 79.11049 358.1949 115.927 79.45432 359.4192 116.1845 68.34233 356.7879 116.8878 79.11049 360.7896 115.2335 68.83589 359.4192 116.1845 68.34233 357.3253 118.4424 79.24182 356.7879 116.8878 79.11049 360.0158 117.7233 68.23138 357.3253 118.4424 79.24182 359.4192 116.1845 68.34233 360.0158 117.7233 68.23138 359.0645 118.4424 79.66681 357.3253 118.4424 79.24182 361.755 117.7233 68.65637 359.0645 118.4424 79.66681 360.0158 117.7233 68.23138 361.755 117.7233 68.65637 359.602 116.8878 79.79814 359.0645 118.4424 79.66681 362.2332 116.1845 69.02998 359.602 116.8878 79.79814 361.755 117.7233 68.65637 362.2332 116.1845 69.02998 358.1949 115.927 79.45432 359.602 116.8878 79.79814 360.7896 115.2335 68.83589 358.1949 115.927 79.45432 362.2332 116.1845 69.02998 303.8724 113.1672 207.5713 296.1135 116.1845 214.8712 297.1433 115.2335 215.9013 302.9374 114.089 206.4238 296.1135 116.1845 214.8712 303.8724 113.1672 207.5713 302.9374 114.089 206.4238 296.7005 117.7233 215.0249 296.1135 116.1845 214.8712 303.678 115.5807 206.3873 296.7005 117.7233 215.0249 302.9374 114.089 206.4238 303.678 115.5807 206.3873 298.0933 117.7233 216.1499 296.7005 117.7233 215.0249 305.0707 115.5807 207.5124 298.0933 117.7233 216.1499 303.678 115.5807 206.3873 305.0707 115.5807 207.5124 298.3669 116.1845 216.6916 298.0933 117.7233 216.1499 305.1909 114.089 208.2441 298.3669 116.1845 216.6916 305.0707 115.5807 207.5124 305.1909 114.089 208.2441 297.1433 115.2335 215.9013 298.3669 116.1845 216.6916 303.8724 113.1672 207.5713 297.1433 115.2335 215.9013 305.1909 114.089 208.2441 310.3246 109.77 199.584 302.9374 114.089 206.4238 303.8724 113.1672 207.5713 309.4806 110.644 198.3238 302.9374 114.089 206.4238 310.3246 109.77 199.584 309.4806 110.644 198.3238 303.678 115.5807 206.3873 302.9374 114.089 206.4238 310.3685 112.0581 198.1051 303.678 115.5807 206.3873 309.4806 110.644 198.3238 310.3685 112.0581 198.1051 305.0707 115.5807 207.5124 303.678 115.5807 206.3873 311.7612 112.0581 199.2302 305.0707 115.5807 207.5124 310.3685 112.0581 198.1051 311.7612 112.0581 199.2302 305.1909 114.089 208.2441 305.0707 115.5807 207.5124 311.7341 110.644 200.1442 305.1909 114.089 208.2441 311.7612 112.0581 199.2302 311.7341 110.644 200.1442 303.8724 113.1672 207.5713 305.1909 114.089 208.2441 310.3246 109.77 199.584 303.8724 113.1672 207.5713 311.7341 110.644 200.1442 316.3687 105.1112 192.1019 309.4806 110.644 198.3238 310.3246 109.77 199.584 315.61 105.9194 190.7362 309.4806 110.644 198.3238 316.3687 105.1112 192.1019 315.61 105.9194 190.7362 310.3685 112.0581 198.1051 309.4806 110.644 198.3238 316.6357 107.2272 190.3469 310.3685 112.0581 198.1051 315.61 105.9194 190.7362 316.6357 107.2272 190.3469 311.7612 112.0581 199.2302 310.3685 112.0581 198.1051 318.0284 107.2272 191.4719 311.7612 112.0581 199.2302 316.6357 107.2272 190.3469 318.0284 107.2272 191.4719 311.7341 110.644 200.1442 311.7612 112.0581 199.2302 317.8634 105.9194 192.5566 311.7341 110.644 200.1442 318.0284 107.2272 191.4719 317.8634 105.9194 192.5566 310.3246 109.77 199.584 311.7341 110.644 200.1442 316.3687 105.1112 192.1019 310.3246 109.77 199.584 317.8634 105.9194 192.5566 321.8816 99.28554 185.2775 315.61 105.9194 190.7362 316.3687 105.1112 192.1019 321.2006 100.0117 183.8155 315.61 105.9194 190.7362 321.8816 99.28554 185.2775 321.2006 100.0117 183.8155 316.6357 107.2272 190.3469 315.61 105.9194 190.7362 322.3521 101.1865 183.2704 316.6357 107.2272 190.3469 321.2006 100.0117 183.8155 322.3521 101.1865 183.2704 318.0284 107.2272 191.4719 316.6357 107.2272 190.3469 323.7448 101.1865 184.3955 318.0284 107.2272 191.4719 322.3521 101.1865 183.2704 323.7448 101.1865 184.3955 317.8634 105.9194 192.5566 318.0284 107.2272 191.4719 323.454 100.0117 185.6359 317.8634 105.9194 192.5566 323.7448 101.1865 184.3955 323.454 100.0117 185.6359 316.3687 105.1112 192.1019 317.8634 105.9194 192.5566 321.8816 99.28554 185.2775 316.3687 105.1112 192.1019 323.454 100.0117 185.6359 326.7511 92.41168 179.2495 321.2006 100.0117 183.8155 321.8816 99.28554 185.2775 326.1387 93.04086 177.7026 321.2006 100.0117 183.8155 326.7511 92.41168 179.2495 326.1387 93.04086 177.7026 322.3521 101.1865 183.2704 321.2006 100.0117 183.8155 327.4014 94.05891 177.0199 322.3521 101.1865 183.2704 326.1387 93.04086 177.7026 327.4014 94.05891 177.0199 323.7448 101.1865 184.3955 322.3521 101.1865 183.2704 328.7941 94.05891 178.145 323.7448 101.1865 184.3955 327.4014 94.05891 177.0199 328.7941 94.05891 178.145 323.454 100.0117 185.6359 323.7448 101.1865 184.3955 328.3922 93.04086 179.523 323.454 100.0117 185.6359 328.7941 94.05891 178.145 328.3922 93.04086 179.523 321.8816 99.28554 185.2775 323.454 100.0117 185.6359 326.7511 92.41168 179.2495 321.8816 99.28554 185.2775 328.3922 93.04086 179.523 330.878 84.62953 174.1408 326.1387 93.04086 177.7026 326.7511 92.41168 179.2495 330.3238 85.14897 172.5218 326.1387 93.04086 177.7026 330.878 84.62953 174.1408 330.3238 85.14897 172.5218 327.4014 94.05891 177.0199 326.1387 93.04086 177.7026 331.6806 85.98946 171.7226 327.4014 94.05891 177.0199 330.3238 85.14897 172.5218 331.6806 85.98946 171.7226 328.7941 94.05891 178.145 327.4014 94.05891 177.0199 333.0733 85.98946 172.8476 328.7941 94.05891 178.145 331.6806 85.98946 171.7226 333.0733 85.98946 172.8476 328.3922 93.04086 179.523 328.7941 94.05891 178.145 332.5772 85.14897 174.3422 328.3922 93.04086 179.523 333.0733 85.98946 172.8476 332.5772 85.14897 174.3422 326.7511 92.41168 179.2495 328.3922 93.04086 179.523 330.878 84.62953 174.1408 326.7511 92.41168 179.2495 332.5772 85.14897 174.3422 334.1783 76.09753 170.0553 330.3238 85.14897 172.5218 330.878 84.62953 174.1408 333.6707 76.49666 168.3787 330.3238 85.14897 172.5218 334.1783 76.09753 170.0553 333.6707 76.49666 168.3787 331.6806 85.98946 171.7226 330.3238 85.14897 172.5218 335.1028 77.14247 167.4863 331.6806 85.98946 171.7226 333.6707 76.49666 168.3787 335.1028 77.14247 167.4863 333.0733 85.98946 172.8476 331.6806 85.98946 171.7226 336.4955 77.14247 168.6113 333.0733 85.98946 172.8476 335.1028 77.14247 167.4863 336.4955 77.14247 168.6113 332.5772 85.14897 174.3422 333.0733 85.98946 172.8476 335.9241 76.49666 170.1991 332.5772 85.14897 174.3422 336.4955 77.14247 168.6113 335.9241 76.49666 170.1991 330.878 84.62953 174.1408 332.5772 85.14897 174.3422 334.1783 76.09753 170.0553 330.878 84.62953 174.1408 335.9241 76.49666 170.1991 336.5848 66.98935 167.0762 333.6707 76.49666 168.3787 334.1783 76.09753 170.0553 336.1111 67.26004 165.3575 333.6707 76.49666 168.3787 336.5848 66.98935 167.0762 336.1111 67.26004 165.3575 335.1028 77.14247 167.4863 333.6707 76.49666 168.3787 337.5982 67.69801 164.3971 335.1028 77.14247 167.4863 336.1111 67.26004 165.3575 337.5982 67.69801 164.3971 336.4955 77.14247 168.6113 335.1028 77.14247 167.4863 338.9909 67.69801 165.5222 336.4955 77.14247 168.6113 337.5982 67.69801 164.3971 338.9909 67.69801 165.5222 335.9241 76.49666 170.1991 336.4955 77.14247 168.6113 338.3646 67.26004 167.1779 335.9241 76.49666 170.1991 338.9909 67.69801 165.5222 338.3646 67.26004 167.1779 334.1783 76.09753 170.0553 335.9241 76.49666 170.1991 336.5848 66.98935 167.0762 334.1783 76.09753 170.0553 338.3646 67.26004 167.1779 336.5773 56.45611 167.0855 336.1111 67.26004 165.3575 336.5848 66.98935 167.0762 336.1035 56.45077 165.367 336.1111 67.26004 165.3575 336.5773 56.45611 167.0855 336.1035 56.45077 165.367 337.5982 67.69801 164.3971 336.1111 67.26004 165.3575 337.5904 56.44207 164.4068 337.5982 67.69801 164.3971 336.1035 56.45077 165.367 337.5904 56.44207 164.4068 338.9909 67.69801 165.5222 337.5982 67.69801 164.3971 338.9831 56.44207 165.5319 338.9909 67.69801 165.5222 337.5904 56.44207 164.4068 338.9831 56.44207 165.5319 338.3646 67.26004 167.1779 338.9909 67.69801 165.5222 338.357 56.45077 167.1874 338.3646 67.26004 167.1779 338.9831 56.44207 165.5319 338.357 56.45077 167.1874 336.5848 66.98935 167.0762 338.3646 67.26004 167.1779 336.5773 56.45611 167.0855 336.5848 66.98935 167.0762 338.357 56.45077 167.1874 258.6673 99.28552 263.5313 252.1567 93.04085 269.2859 253.7978 92.41165 269.5593 257.0948 100.0116 263.1729 252.1567 93.04085 269.2859 258.6673 99.28552 263.5313 257.0948 100.0116 263.1729 251.7548 94.05888 270.6638 252.1567 93.04085 269.2859 256.804 101.1865 264.4133 251.7548 94.05888 270.6638 257.0948 100.0116 263.1729 256.804 101.1865 264.4133 253.1475 94.05888 271.7889 251.7548 94.05888 270.6638 258.1967 101.1865 265.5384 253.1475 94.05888 271.7889 256.804 101.1865 264.4133 258.1967 101.1865 265.5384 254.4102 93.04085 271.1063 253.1475 94.05888 271.7889 259.3483 100.0116 264.9933 254.4102 93.04085 271.1063 258.1967 101.1865 265.5384 259.3483 100.0116 264.9933 253.7978 92.41165 269.5593 254.4102 93.04085 271.1063 258.6673 99.28552 263.5313 253.7978 92.41165 269.5593 259.3483 100.0116 264.9933 264.1802 105.1112 256.7069 257.0948 100.0116 263.1729 258.6673 99.28552 263.5313 262.6855 105.9194 256.2522 257.0948 100.0116 263.1729 264.1802 105.1112 256.7069 262.6855 105.9194 256.2522 256.804 101.1865 264.4133 257.0948 100.0116 263.1729 262.5204 107.2272 257.3369 256.804 101.1865 264.4133 262.6855 105.9194 256.2522 262.5204 107.2272 257.3369 258.1967 101.1865 265.5384 256.804 101.1865 264.4133 263.9131 107.2272 258.462 258.1967 101.1865 265.5384 262.5204 107.2272 257.3369 263.9131 107.2272 258.462 259.3483 100.0116 264.9933 258.1967 101.1865 265.5384 264.9389 105.9194 258.0726 259.3483 100.0116 264.9933 263.9131 107.2272 258.462 264.9389 105.9194 258.0726 258.6673 99.28552 263.5313 259.3483 100.0116 264.9933 264.1802 105.1112 256.7069 258.6673 99.28552 263.5313 264.9389 105.9194 258.0726 270.2242 109.77 249.2248 262.6855 105.9194 256.2522 264.1802 105.1112 256.7069 268.8148 110.644 248.6646 262.6855 105.9194 256.2522 270.2242 109.77 249.2248 268.8148 110.644 248.6646 262.5204 107.2272 257.3369 262.6855 105.9194 256.2522 268.7876 112.0581 249.5786 262.5204 107.2272 257.3369 268.8148 110.644 248.6646 268.7876 112.0581 249.5786 263.9131 107.2272 258.462 262.5204 107.2272 257.3369 270.1804 112.0581 250.7037 263.9131 107.2272 258.462 268.7876 112.0581 249.5786 270.1804 112.0581 250.7037 264.9389 105.9194 258.0726 263.9131 107.2272 258.462 271.0682 110.644 250.485 264.9389 105.9194 258.0726 270.1804 112.0581 250.7037 271.0682 110.644 250.485 264.1802 105.1112 256.7069 264.9389 105.9194 258.0726 270.2242 109.77 249.2248 264.1802 105.1112 256.7069 271.0682 110.644 250.485 276.6765 113.1672 241.2375 268.8148 110.644 248.6646 270.2242 109.77 249.2248 275.358 114.089 240.5647 268.8148 110.644 248.6646 276.6765 113.1672 241.2375 275.358 114.089 240.5647 268.7876 112.0581 249.5786 268.8148 110.644 248.6646 275.4781 115.5807 241.2964 268.7876 112.0581 249.5786 275.358 114.089 240.5647 275.4781 115.5807 241.2964 270.1804 112.0581 250.7037 268.7876 112.0581 249.5786 276.8708 115.5807 242.4215 270.1804 112.0581 250.7037 275.4781 115.5807 241.2964 276.8708 115.5807 242.4215 271.0682 110.644 250.485 270.1804 112.0581 250.7037 277.6115 114.089 242.3851 271.0682 110.644 250.485 276.8708 115.5807 242.4215 277.6115 114.089 242.3851 270.2242 109.77 249.2248 271.0682 110.644 250.485 276.6765 113.1672 241.2375 270.2242 109.77 249.2248 277.6115 114.089 242.3851 283.4055 115.2335 232.9075 275.358 114.089 240.5647 276.6765 113.1672 241.2375 282.1819 116.1846 232.1172 275.358 114.089 240.5647 283.4055 115.2335 232.9075 282.1819 116.1846 232.1172 275.4781 115.5807 241.2964 275.358 114.089 240.5647 282.4556 117.7233 232.6589 275.4781 115.5807 241.2964 282.1819 116.1846 232.1172 282.4556 117.7233 232.6589 276.8708 115.5807 242.4215 275.4781 115.5807 241.2964 283.8483 117.7233 233.7839 276.8708 115.5807 242.4215 282.4556 117.7233 232.6589 283.8483 117.7233 233.7839 277.6115 114.089 242.3851 276.8708 115.5807 242.4215 284.4354 116.1846 233.9376 277.6115 114.089 242.3851 283.8483 117.7233 233.7839 284.4354 116.1846 233.9376 276.6765 113.1672 241.2375 277.6115 114.089 242.3851 283.4055 115.2335 232.9075 276.6765 113.1672 241.2375 284.4354 116.1846 233.9376 290.2744 115.927 224.4044 282.1819 116.1846 232.1172 283.4055 115.2335 232.9075 289.1477 116.8878 223.4942 282.1819 116.1846 232.1172 290.2744 115.927 224.4044 289.1477 116.8878 223.4942 282.4556 117.7233 232.6589 282.1819 116.1846 232.1172 289.5781 118.4424 223.8419 282.4556 117.7233 232.6589 289.1477 116.8878 223.4942 289.5781 118.4424 223.8419 283.8483 117.7233 233.7839 282.4556 117.7233 232.6589 290.9708 118.4424 224.9669 283.8483 117.7233 233.7839 289.5781 118.4424 223.8419 290.9708 118.4424 224.9669 284.4354 116.1846 233.9376 283.8483 117.7233 233.7839 291.4012 116.8878 225.3146 284.4354 116.1846 233.9376 290.9708 118.4424 224.9669 291.4012 116.8878 225.3146 283.4055 115.2335 232.9075 284.4354 116.1846 233.9376 290.2744 115.927 224.4044 283.4055 115.2335 232.9075 291.4012 116.8878 225.3146 297.1433 115.2335 215.9013 289.1477 116.8878 223.4942 290.2744 115.927 224.4044 296.1135 116.1845 214.8712 289.1477 116.8878 223.4942 297.1433 115.2335 215.9013 296.1135 116.1845 214.8712 289.5781 118.4424 223.8419 289.1477 116.8878 223.4942 296.7005 117.7233 215.0249 289.5781 118.4424 223.8419 296.1135 116.1845 214.8712 296.7005 117.7233 215.0249 290.9708 118.4424 224.9669 289.5781 118.4424 223.8419 298.0933 117.7233 216.1499 290.9708 118.4424 224.9669 296.7005 117.7233 215.0249 298.0933 117.7233 216.1499 291.4012 116.8878 225.3146 290.9708 118.4424 224.9669 298.3669 116.1845 216.6916 291.4012 116.8878 225.3146 298.0933 117.7233 216.1499 298.3669 116.1845 216.6916 290.2744 115.927 224.4044 291.4012 116.8878 225.3146 297.1433 115.2335 215.9013 290.2744 115.927 224.4044 298.3669 116.1845 216.6916 189.6086 113.1672 315.3932 179.5121 116.1845 318.7918 180.0185 115.2335 320.1576 189.2375 114.089 313.9602 179.5121 116.1845 318.7918 189.6086 113.1672 315.3932 189.2375 114.089 313.9602 179.9816 117.7233 319.1763 179.5121 116.1845 318.7918 189.9258 115.5807 314.236 179.9816 117.7233 319.1763 189.2375 114.089 313.9602 189.9258 115.5807 314.236 180.7782 117.7233 320.7797 179.9816 117.7233 319.1763 190.7224 115.5807 315.8394 180.7782 117.7233 320.7797 189.9258 115.5807 314.236 190.7224 115.5807 315.8394 180.801 116.1845 321.3861 180.7782 117.7233 320.7797 190.5264 114.089 316.5546 180.801 116.1845 321.3861 190.7224 115.5807 315.8394 190.5264 114.089 316.5546 180.0185 115.2335 320.1576 180.801 116.1845 321.3861 189.6086 113.1672 315.3932 180.0185 115.2335 320.1576 190.5264 114.089 316.5546 198.8042 109.77 310.8248 189.2375 114.089 313.9602 189.6086 113.1672 315.3932 198.5627 110.644 309.3274 189.2375 114.089 313.9602 198.8042 109.77 310.8248 198.5627 110.644 309.3274 189.9258 115.5807 314.236 189.2375 114.089 313.9602 199.4609 112.0581 309.499 189.9258 115.5807 314.236 198.5627 110.644 309.3274 199.4609 112.0581 309.499 190.7224 115.5807 315.8394 189.9258 115.5807 314.236 200.2574 112.0581 311.1024 190.7224 115.5807 315.8394 199.4609 112.0581 309.499 200.2574 112.0581 311.1024 190.5264 114.089 316.5546 190.7224 115.5807 315.8394 199.8516 110.644 311.9218 190.5264 114.089 316.5546 200.2574 112.0581 311.1024 199.8516 110.644 311.9218 189.6086 113.1672 315.3932 190.5264 114.089 316.5546 198.8042 109.77 310.8248 189.6086 113.1672 315.3932 199.8516 110.644 311.9218 207.4181 105.1112 306.5454 198.5627 110.644 309.3274 198.8042 109.77 310.8248 207.298 105.9194 304.9877 198.5627 110.644 309.3274 207.4181 105.1112 306.5454 207.298 105.9194 304.9877 199.4609 112.0581 309.499 198.5627 110.644 309.3274 208.3928 107.2272 305.0616 199.4609 112.0581 309.499 207.298 105.9194 304.9877 208.3928 107.2272 305.0616 200.2574 112.0581 311.1024 199.4609 112.0581 309.499 209.1893 107.2272 306.665 200.2574 112.0581 311.1024 208.3928 107.2272 305.0616 209.1893 107.2272 306.665 199.8516 110.644 311.9218 200.2574 112.0581 311.1024 208.5869 105.9194 307.582 199.8516 110.644 311.9218 209.1893 107.2272 306.665 208.5869 105.9194 307.582 198.8042 109.77 310.8248 199.8516 110.644 311.9218 207.4181 105.1112 306.5454 198.8042 109.77 310.8248 208.5869 105.9194 307.582 215.2749 99.28554 302.6421 207.298 105.9194 304.9877 207.4181 105.1112 306.5454 215.2657 100.0117 301.0293 207.298 105.9194 304.9877 215.2749 99.28554 302.6421 215.2657 100.0117 301.0293 208.3928 107.2272 305.0616 207.298 105.9194 304.9877 216.5396 101.1865 301.0142 208.3928 107.2272 305.0616 215.2657 100.0117 301.0293 216.5396 101.1865 301.0142 209.1893 107.2272 306.665 208.3928 107.2272 305.0616 217.3362 101.1865 302.6176 209.1893 107.2272 306.665 216.5396 101.1865 301.0142 217.3362 101.1865 302.6176 208.5869 105.9194 307.582 209.1893 107.2272 306.665 216.5546 100.0117 303.6237 208.5869 105.9194 307.582 217.3362 101.1865 302.6176 216.5546 100.0117 303.6237 207.4181 105.1112 306.5454 208.5869 105.9194 307.582 215.2749 99.28554 302.6421 207.4181 105.1112 306.5454 216.5546 100.0117 303.6237 222.2147 92.41168 299.1944 215.2657 100.0117 301.0293 215.2749 99.28554 302.6421 222.3033 93.04086 297.533 215.2657 100.0117 301.0293 222.2147 92.41168 299.1944 222.3033 93.04086 297.533 216.5396 101.1865 301.0142 215.2657 100.0117 301.0293 223.7357 94.05891 297.4392 216.5396 101.1865 301.0142 222.3033 93.04086 297.533 223.7357 94.05891 297.4392 217.3362 101.1865 302.6176 216.5396 101.1865 301.0142 224.5322 94.05891 299.0426 217.3362 101.1865 302.6176 223.7357 94.05891 297.4392 224.5322 94.05891 299.0426 216.5546 100.0117 303.6237 217.3362 101.1865 302.6176 223.5922 93.04086 300.1273 216.5546 100.0117 303.6237 224.5322 94.05891 299.0426 223.5922 93.04086 300.1273 215.2749 99.28554 302.6421 216.5546 100.0117 303.6237 222.2147 92.41168 299.1944 215.2749 99.28554 302.6421 223.5922 93.04086 300.1273 228.0963 84.62953 296.2724 222.3033 93.04086 297.533 222.2147 92.41168 299.1944 228.2678 85.14897 294.5698 222.3033 93.04086 297.533 228.0963 84.62953 296.2724 228.2678 85.14897 294.5698 223.7357 94.05891 297.4392 222.3033 93.04086 297.533 229.8343 85.98946 294.4093 223.7357 94.05891 297.4392 228.2678 85.14897 294.5698 229.8343 85.98946 294.4093 224.5322 94.05891 299.0426 223.7357 94.05891 297.4392 230.6309 85.98946 296.0128 224.5322 94.05891 299.0426 229.8343 85.98946 294.4093 230.6309 85.98946 296.0128 223.5922 93.04086 300.1273 224.5322 94.05891 299.0426 229.5567 85.14897 297.1642 223.5922 93.04086 300.1273 230.6309 85.98946 296.0128 229.5567 85.14897 297.1642 222.2147 92.41168 299.1944 223.5922 93.04086 300.1273 228.0963 84.62953 296.2724 222.2147 92.41168 299.1944 229.5567 85.14897 297.1642 104.2288 66.98932 357.8102 102.6646 56.45077 356.9699 104.2396 56.45611 357.8048 102.6537 67.25999 356.9753 102.6646 56.45077 356.9699 104.2288 66.98932 357.8102 102.6537 67.25999 356.9753 101.405 56.44206 358.2134 102.6646 56.45077 356.9699 101.3939 67.69798 358.219 101.405 56.44206 358.2134 102.6537 67.25999 356.9753 101.3939 67.69798 358.219 102.2016 56.44206 359.8168 101.405 56.44206 358.2134 102.1905 67.69798 359.8224 102.2016 56.44206 359.8168 101.3939 67.69798 358.219 102.1905 67.69798 359.8224 103.9535 56.45077 359.5643 102.2016 56.44206 359.8168 103.9426 67.25999 359.5697 103.9535 56.45077 359.5643 102.1905 67.69798 359.8224 103.9426 67.25999 359.5697 104.2396 56.45611 357.8048 103.9535 56.45077 359.5643 104.2288 66.98932 357.8102 104.2396 56.45611 357.8048 103.9426 67.25999 359.5697 107.6586 76.0975 356.1062 102.6537 67.25999 356.9753 104.2288 66.98932 357.8102 106.1318 76.49663 355.2474 102.6537 67.25999 356.9753 107.6586 76.0975 356.1062 106.1318 76.49663 355.2474 101.3939 67.69798 358.219 102.6537 67.25999 356.9753 104.9503 77.14243 356.4521 101.3939 67.69798 358.219 106.1318 76.49663 355.2474 104.9503 77.14243 356.4521 102.1905 67.69798 359.8224 101.3939 67.69798 358.219 105.7469 77.14243 358.0555 102.1905 67.69798 359.8224 104.9503 77.14243 356.4521 105.7469 77.14243 358.0555 103.9426 67.25999 359.5697 102.1905 67.69798 359.8224 107.4207 76.49663 357.8417 103.9426 67.25999 359.5697 105.7469 77.14243 358.0555 107.4207 76.49663 357.8417 104.2288 66.98932 357.8102 103.9426 67.25999 359.5697 107.6586 76.0975 356.1062 104.2288 66.98932 357.8102 107.4207 76.49663 357.8417 112.3621 84.62952 353.7695 106.1318 76.49663 355.2474 107.6586 76.0975 356.1062 110.9017 85.14896 352.8777 106.1318 76.49663 355.2474 112.3621 84.62952 353.7695 110.9017 85.14896 352.8777 104.9503 77.14243 356.4521 106.1318 76.49663 355.2474 109.8275 85.98943 354.0291 104.9503 77.14243 356.4521 110.9017 85.14896 352.8777 109.8275 85.98943 354.0291 105.7469 77.14243 358.0555 104.9503 77.14243 356.4521 110.624 85.98943 355.6325 105.7469 77.14243 358.0555 109.8275 85.98943 354.0291 110.624 85.98943 355.6325 107.4207 76.49663 357.8417 105.7469 77.14243 358.0555 112.1906 85.14896 355.4721 107.4207 76.49663 357.8417 110.624 85.98943 355.6325 112.1906 85.14896 355.4721 107.6586 76.0975 356.1062 107.4207 76.49663 357.8417 112.3621 84.62952 353.7695 107.6586 76.0975 356.1062 112.1906 85.14896 355.4721 118.2437 92.41165 350.8475 110.9017 85.14896 352.8777 112.3621 84.62952 353.7695 116.8661 93.04085 349.9145 110.9017 85.14896 352.8777 118.2437 92.41165 350.8475 116.8661 93.04085 349.9145 109.8275 85.98943 354.0291 110.9017 85.14896 352.8777 115.9261 94.05888 350.9993 109.8275 85.98943 354.0291 116.8661 93.04085 349.9145 115.9261 94.05888 350.9993 110.624 85.98943 355.6325 109.8275 85.98943 354.0291 116.7227 94.05888 352.6027 110.624 85.98943 355.6325 115.9261 94.05888 350.9993 116.7227 94.05888 352.6027 112.1906 85.14896 355.4721 110.624 85.98943 355.6325 118.155 93.04085 352.5089 112.1906 85.14896 355.4721 116.7227 94.05888 352.6027 118.155 93.04085 352.5089 112.3621 84.62952 353.7695 112.1906 85.14896 355.4721 118.2437 92.41165 350.8475 112.3621 84.62952 353.7695 118.155 93.04085 352.5089 125.1835 99.28552 347.3998 116.8661 93.04085 349.9145 118.2437 92.41165 350.8475 123.9038 100.0116 346.4182 116.8661 93.04085 349.9145 125.1835 99.28552 347.3998 123.9038 100.0116 346.4182 115.9261 94.05888 350.9993 116.8661 93.04085 349.9145 123.1222 101.1865 347.4243 115.9261 94.05888 350.9993 123.9038 100.0116 346.4182 123.1222 101.1865 347.4243 116.7227 94.05888 352.6027 115.9261 94.05888 350.9993 123.9187 101.1865 349.0277 116.7227 94.05888 352.6027 123.1222 101.1865 347.4243 123.9187 101.1865 349.0277 118.155 93.04085 352.5089 116.7227 94.05888 352.6027 125.1927 100.0116 349.0125 118.155 93.04085 352.5089 123.9187 101.1865 349.0277 125.1927 100.0116 349.0125 118.2437 92.41165 350.8475 118.155 93.04085 352.5089 125.1835 99.28552 347.3998 118.2437 92.41165 350.8475 125.1927 100.0116 349.0125 133.0403 105.1112 343.4965 123.9038 100.0116 346.4182 125.1835 99.28552 347.3998 131.8714 105.9194 342.4599 123.9038 100.0116 346.4182 133.0403 105.1112 343.4965 131.8714 105.9194 342.4599 123.1222 101.1865 347.4243 123.9038 100.0116 346.4182 131.269 107.2272 343.3769 123.1222 101.1865 347.4243 131.8714 105.9194 342.4599 131.269 107.2272 343.3769 123.9187 101.1865 349.0277 123.1222 101.1865 347.4243 132.0656 107.2272 344.9803 123.9187 101.1865 349.0277 131.269 107.2272 343.3769 132.0656 107.2272 344.9803 125.1927 100.0116 349.0125 123.9187 101.1865 349.0277 133.1603 105.9194 345.0542 125.1927 100.0116 349.0125 132.0656 107.2272 344.9803 133.1603 105.9194 345.0542 125.1835 99.28552 347.3998 125.1927 100.0116 349.0125 133.0403 105.1112 343.4965 125.1835 99.28552 347.3998 133.1603 105.9194 345.0542 141.6542 109.77 339.2171 131.8714 105.9194 342.4599 133.0403 105.1112 343.4965 140.6068 110.644 338.1201 131.8714 105.9194 342.4599 141.6542 109.77 339.2171 140.6068 110.644 338.1201 131.269 107.2272 343.3769 131.8714 105.9194 342.4599 140.2009 112.0581 338.9395 131.269 107.2272 343.3769 140.6068 110.644 338.1201 140.2009 112.0581 338.9395 132.0656 107.2272 344.9803 131.269 107.2272 343.3769 140.9975 112.0581 340.5429 132.0656 107.2272 344.9803 140.2009 112.0581 338.9395 140.9975 112.0581 340.5429 133.1603 105.9194 345.0542 132.0656 107.2272 344.9803 141.8957 110.644 340.7145 133.1603 105.9194 345.0542 140.9975 112.0581 340.5429 141.8957 110.644 340.7145 133.0403 105.1112 343.4965 133.1603 105.9194 345.0542 141.6542 109.77 339.2171 133.0403 105.1112 343.4965 141.8957 110.644 340.7145 150.8497 113.1672 334.6487 140.6068 110.644 338.1201 141.6542 109.77 339.2171 149.932 114.089 333.4873 140.6068 110.644 338.1201 150.8497 113.1672 334.6487 149.932 114.089 333.4873 140.2009 112.0581 338.9395 140.6068 110.644 338.1201 149.736 115.5807 334.2025 140.2009 112.0581 338.9395 149.932 114.089 333.4873 149.736 115.5807 334.2025 140.9975 112.0581 340.5429 140.2009 112.0581 338.9395 150.5326 115.5807 335.8058 140.9975 112.0581 340.5429 149.736 115.5807 334.2025 150.5326 115.5807 335.8058 141.8957 110.644 340.7145 140.9975 112.0581 340.5429 151.2209 114.089 336.0817 141.8957 110.644 340.7145 150.5326 115.5807 335.8058 151.2209 114.089 336.0817 141.6542 109.77 339.2171 141.8957 110.644 340.7145 150.8497 113.1672 334.6487 141.6542 109.77 339.2171 151.2209 114.089 336.0817 160.4398 115.2335 329.8843 149.932 114.089 333.4873 150.8497 113.1672 334.6487 159.6573 116.1846 328.6557 149.932 114.089 333.4873 160.4398 115.2335 329.8843 159.6573 116.1846 328.6557 149.736 115.5807 334.2025 149.932 114.089 333.4873 159.6801 117.7233 329.2622 149.736 115.5807 334.2025 159.6573 116.1846 328.6557 159.6801 117.7233 329.2622 150.5326 115.5807 335.8058 149.736 115.5807 334.2025 160.4767 117.7233 330.8656 150.5326 115.5807 335.8058 159.6801 117.7233 329.2622 160.4767 117.7233 330.8656 151.2209 114.089 336.0817 150.5326 115.5807 335.8058 160.9462 116.1846 331.2501 151.2209 114.089 336.0817 160.4767 117.7233 330.8656 160.9462 116.1846 331.2501 150.8497 113.1672 334.6487 151.2209 114.089 336.0817 160.4398 115.2335 329.8843 150.8497 113.1672 334.6487 160.9462 116.1846 331.2501 170.2292 115.927 325.0209 159.6573 116.1846 328.6557 160.4398 115.2335 329.8843 169.5848 116.8878 323.7238 159.6573 116.1846 328.6557 170.2292 115.927 325.0209 169.5848 116.8878 323.7238 159.6801 117.7233 329.2622 159.6573 116.1846 328.6557 169.8309 118.4424 324.2192 159.6801 117.7233 329.2622 169.5848 116.8878 323.7238 169.8309 118.4424 324.2192 160.4767 117.7233 330.8656 159.6801 117.7233 329.2622 170.6275 118.4424 325.8226 160.4767 117.7233 330.8656 169.8309 118.4424 324.2192 170.6275 118.4424 325.8226 160.9462 116.1846 331.2501 160.4767 117.7233 330.8656 170.8736 116.8878 326.3181 160.9462 116.1846 331.2501 170.6275 118.4424 325.8226 170.8736 116.8878 326.3181 160.4398 115.2335 329.8843 160.9462 116.1846 331.2501 170.2292 115.927 325.0209 160.4398 115.2335 329.8843 170.8736 116.8878 326.3181 180.0185 115.2335 320.1576 169.5848 116.8878 323.7238 170.2292 115.927 325.0209 179.5121 116.1845 318.7918 169.5848 116.8878 323.7238 180.0185 115.2335 320.1576 179.5121 116.1845 318.7918 169.8309 118.4424 324.2192 169.5848 116.8878 323.7238 179.9816 117.7233 319.1763 169.8309 118.4424 324.2192 179.5121 116.1845 318.7918 179.9816 117.7233 319.1763 170.6275 118.4424 325.8226 169.8309 118.4424 324.2192 180.7782 117.7233 320.7797 170.6275 118.4424 325.8226 179.9816 117.7233 319.1763 180.7782 117.7233 320.7797 170.8736 116.8878 326.3181 170.6275 118.4424 325.8226 180.801 116.1845 321.3861 170.8736 116.8878 326.3181 180.7782 117.7233 320.7797 180.801 116.1845 321.3861 170.2292 115.927 325.0209 170.8736 116.8878 326.3181 180.0185 115.2335 320.1576 170.2292 115.927 325.0209 180.801 116.1845 321.3861</float_array>
                    <technique_common>
                        <accessor count="3180" offset="0" source="green_3_0-geometry-POSITION-array" stride="3">
                            <param name="X" type="float" />
                            <param name="Y" type="float" />
                            <param name="Z" type="float" />
                        </accessor>
                    </technique_common>
                </source>
                <source id="green_3_0-geometry-NORMAL">
                    <float_array id="green_3_0-geometry-NORMAL-array" count="1680">0.2213895 -0.9676661 0.1208678 -0.4196253 -0.3129597 0.8520392 0.1111259 -0.9919525 0.06067334 -0.3849979 -0.3048526 0.8711151 -0.3673764 0.8099543 0.4571745 -0.4576872 0.7895504 0.4088185 0.1858819 0.8099601 -0.5562486 0.09637231 0.7895561 -0.6060639 0.4897781 -0.3129581 -0.8137411 0.5245534 -0.3048504 -0.7949277 0.3297734 -0.9267347 0.1800343 -0.3512101 -0.2912521 0.8898447 -0.5464538 0.7552785 0.3618601 0.008877235 0.7552779 -0.6553445 0.5585821 -0.2912562 -0.7766311 0.4349531 -0.8685799 0.2374549 -0.3187453 -0.2720826 0.9079496 -0.6324704 0.7068081 0.3168651 -0.07548629 0.7068022 -0.7033722 0.5913653 -0.2720894 -0.7591142 0.5351691 -0.7926124 0.2921639 -0.288198 -0.2472982 0.9250867 -0.7142199 0.6438379 0.2745228 -0.1553145 0.6438335 -0.7492368 0.6222961 -0.2473034 -0.7426901 0.6281275 -0.6984751 0.3429117 -0.2602761 -0.2169518 0.9408445 -0.7897926 0.5662823 0.2356946 -0.2288395 0.5662797 -0.7918079 0.6506532 -0.2169542 -0.7277233 0.7109906 -0.5863702 0.3881525 -0.2357748 -0.1812845 0.9547493 -0.8568998 0.4744955 0.2014368 -0.2939417 0.4744919 -0.8297324 0.675604 -0.1812869 -0.7146288 0.7805111 -0.4574213 0.426108 -0.2155336 -0.140799 0.9662924 -0.9129896 0.3695142 0.1729427 -0.348247 0.3695115 -0.8615018 0.696256 -0.1408028 -0.7038481 0.8606301 -0.19637 0.4698453 -0.1953563 -0.05984449 0.9789048 -0.9767258 0.1580283 0.1450304 -0.4061982 0.1580269 -0.900017 0.7177724 -0.05984666 -0.6937011 0.8777199 0.001131965 0.4791727 -0.1833655 0.0003538795 0.9830447 -0.9919817 -0.0008978603 0.1263783 -0.4301384 -0.0008989051 -0.9027625 0.7277373 0.0003530268 -0.6858559 -0.6281246 -0.6984752 -0.3429168 -0.6638827 -0.2003981 0.7204862 -0.6707788 -0.6449418 -0.3662048 -0.650653 -0.2169529 0.727724 0.2633559 0.5228928 0.8106952 0.2288424 0.5662816 0.7918057 0.8243467 0.5228935 -0.2168752 0.7897944 0.5662804 -0.2356932 0.2470424 -0.2003947 -0.9480569 0.2602812 -0.2169521 -0.9408429 -0.5351678 -0.7926111 -0.2921697 -0.6222987 -0.2473015 0.7426886 0.1553157 0.643835 0.7492353 0.7142231 0.643833 -0.2745258 0.288198 -0.2473027 -0.9250855 -0.4349514 -0.8685801 -0.2374571 -0.5913625 -0.2720911 0.7591159 0.07549088 0.706801 0.703373 0.6324745 0.7068029 -0.3168685 0.3187431 -0.272088 -0.9079488 -0.3297757 -0.9267344 -0.1800315 -0.5585785 -0.2912594 0.7766325 -0.008878295 0.7552741 0.655349 0.5464522 0.7552803 -0.3618587 0.3512059 -0.2912534 -0.889846 -0.2213941 -0.967666 -0.1208602 -0.5245534 -0.3048522 0.7949269 -0.09637568 0.7895512 0.6060698 0.4576845 0.7895557 -0.4088114 0.384997 -0.3048511 -0.871116 -0.1111285 -0.9919528 -0.06066466 -0.4897794 -0.312956 0.8137412 -0.1858834 0.8099585 0.5562506 0.3673753 0.8099594 -0.4571666 0.4196275 -0.3129593 -0.8520383 -4.924269E-07 -1 3.670818E-06 -0.4546783 -0.3156489 0.8328466 -0.2764928 0.8167301 0.5064619 0.2764927 0.8167322 -0.5064585 0.4546788 -0.3156517 -0.8328452 0.1504532 -0.9676663 0.2024493 -0.7377947 -0.3129624 0.5980916 0.07552068 -0.9919525 0.1016207 -0.7143331 -0.3048592 0.6299119 -0.5250312 0.8099557 0.2613696 -0.586803 0.7895496 0.1796487 0.4016899 0.8099557 -0.4273371 0.3412553 0.7895536 -0.5100489 0.7854683 -0.3129604 -0.5339432 0.8091736 -0.3048489 -0.5022998 0.2241107 -0.9267349 0.3015573 -0.6914868 -0.2912625 0.6610689 -0.6477582 0.7552748 0.09984646 0.2824245 0.7552794 -0.59143 0.8324167 -0.2912507 -0.4714398 0.2955887 -0.8685808 0.397737 -0.6695839 -0.272092 0.6911031 -0.7070388 0.7068015 0.02297231 0.2259178 0.7068037 -0.6703654 0.8548545 -0.2720875 -0.4418056 0.3636892 -0.7926149 0.489379 -0.6490223 -0.2473039 0.7194518 -0.7635495 0.6438333 -0.04970733 0.1726275 0.6438352 -0.7454367 0.8760703 -0.2473016 -0.4139356 0.3958228 -0.7480913 0.5326196 -0.6389973 -0.2334854 0.7329168 -0.7896751 0.6076486 -0.08471382 0.1466421 0.6076531 -0.7805471 0.8860742 -0.2334773 -0.4004507 -0.5848702 -0.1963695 -0.786998 -0.9480292 0.0003569896 0.318183 -0.5964832 0.001135111 -0.8026248 -0.9422651 -0.05984358 0.3294773 0.0126782 -0.0008962514 0.9999192 -0.00791454 0.1580278 0.987403 0.9537725 -0.0008956467 0.3005283 0.9477264 0.1580283 0.2772036 0.5780832 0.0003564319 -0.8159778 0.5872381 -0.05984418 -0.8071989 -0.5304238 -0.4574199 -0.713735 -0.9269738 -0.1408001 0.3476996 -0.04441508 0.3695108 0.9281644 0.9015312 0.3695109 0.2251735 0.6002822 -0.1408004 -0.787297 -0.4831766 -0.5863701 -0.6501619 -0.9127302 -0.1812885 0.3661395 -0.08042943 0.4744928 0.8765773 0.8625221 0.4744944 0.1758145 0.6138322 -0.1812844 -0.7683398 -0.4268575 -0.6984767 -0.5743892 -0.8955541 -0.2169592 0.3884733 -0.1236779 0.5662805 0.8148805 0.8159223 0.5662806 0.1166069 0.6302623 -0.2169526 -0.7454535 -0.3636827 -0.7926135 -0.489386 -0.8760701 -0.2473039 0.4139348 -0.1726249 0.6438349 0.7454376 0.7635516 0.6438308 0.0497067 0.649022 -0.2473025 -0.7194526 -0.2955829 -0.8685811 -0.3977407 -0.8548546 -0.2720881 0.441805 -0.225916 0.7068029 0.6703667 0.7070398 0.7068006 -0.02297021 0.6695862 -0.2720892 -0.6911019 -0.2241087 -0.9267347 -0.3015593 -0.8324151 -0.2912562 0.4714393 -0.2824272 0.7552759 0.5914332 0.6477565 0.7552767 -0.09984251 0.6914889 -0.2912555 -0.6610699 -0.1504547 -0.967666 -0.2024499 -0.809173 -0.3048506 0.5022998 -0.3412571 0.7895532 0.5100484 0.5867971 0.7895547 -0.1796456 0.7143348 -0.3048498 -0.6299146 -0.07552102 -0.9919527 -0.1016193 -0.7854703 -0.3129577 0.5339417 -0.4016899 0.809958 0.4273326 0.5250269 0.8099589 -0.2613679 0.7377971 -0.3129564 -0.5980918 5.371935E-07 -1 7.610241E-07 -0.7615932 -0.3156506 0.5659863 -0.4631317 0.8167309 0.3441798 0.463131 0.8167295 -0.344184 0.7615922 -0.3156519 -0.5659869 0.04971579 -0.9676662 0.2472862 -0.9224321 -0.3129547 0.2262266 0.02495347 -0.9919525 0.1241268 -0.9147866 -0.3048481 0.2650154 -0.5863556 0.8099583 0.01243435 -0.6073629 0.7895546 -0.08782835 0.5455958 0.8099586 -0.2151564 0.526219 0.7895551 -0.3157474 0.9381857 -0.3129573 -0.1478693 0.9461262 -0.3048505 -0.1091394 0.07405942 -0.926735 0.368344 -0.9074132 -0.2912527 0.3029408 -0.6284535 0.75528 -0.1860064 0.5077257 0.7552803 -0.4144471 0.9539841 -0.2912536 -0.07131301 0.09767973 -0.8685803 0.485826 -0.9004142 -0.2720836 0.3394479 -0.6492798 0.7068059 -0.2808224 0.4902899 0.7068036 -0.5099456 0.9616373 -0.27209 -0.03493977 0.1201857 -0.7926146 0.5977604 -0.8939069 -0.2473047 0.3738594 -0.6693928 0.6438326 -0.3706654 0.4741141 0.6438335 -0.6005782 0.9689378 -0.2473037 -0.0006844802 0.1410674 -0.6984786 0.7015893 -0.8880306 -0.2169601 0.4053764 -0.6882238 0.566279 -0.4535153 0.459462 0.5662821 -0.6842654 0.9757014 -0.2169493 0.03065645 0.1596787 -0.5863699 0.7941493 -0.8829338 -0.1812867 0.4330855 -0.7051153 0.4744927 -0.5269433 0.4466619 0.4744949 -0.7585167 0.9817093 -0.1812786 0.05818057 0.1752859 -0.4574186 0.8718045 -0.8787665 -0.1407981 0.4560102 -0.719341 0.3695117 -0.5882258 0.4360961 0.3695129 -0.8205367 0.9867251 -0.1407951 0.08093411 0.1932766 -0.1963685 0.9612926 -0.8754581 -0.05984419 0.4795747 -0.7389289 0.1580278 -0.6549895 0.4283537 0.1580279 -0.8896855 0.9927813 -0.05984316 0.1039422 0.1971162 0.001132005 0.9803795 -0.8709214 0.0003535156 0.4914222 -0.7344489 -0.000897668 -0.6786634 0.415067 -0.0008997123 -0.9097904 0.9931768 0.0003525559 0.1166182 -0.1932811 -0.1963689 -0.9612917 -0.9931764 0.0003543727 -0.1166213 -0.1971188 0.001132455 -0.980379 -0.9927811 -0.05984161 -0.1039452 -0.41507 -0.0008974561 0.909789 -0.4283551 0.1580298 0.8896845 0.7344491 -0.0008968458 0.6786632 0.7389301 0.1580277 0.6549882 0.8709204 0.0003544847 -0.491424 0.8754563 -0.05984652 -0.4795775 -0.1752911 -0.4574185 -0.8718035 -0.986725 -0.1407943 -0.08093626 -0.4360967 0.3695134 0.8205361 0.7193418 0.3695097 0.5882261 0.8787643 -0.1408022 -0.4560132 -0.1596796 -0.5863692 -0.7941496 -0.9817092 -0.1812793 -0.05817936 -0.4466603 0.4744947 0.7585179 0.7051142 0.4744933 0.5269441 0.8829332 -0.1812837 -0.4330879 -0.1410645 -0.6984776 -0.701591 -0.9757019 -0.2169473 -0.03065338 -0.4594568 0.5662873 0.6842647 0.6882222 0.5662832 0.4535125 0.8880315 -0.2169527 -0.4053783 -0.1201817 -0.7926135 -0.5977626 -0.9689393 -0.2472977 0.0006835893 -0.4741082 0.64384 0.6005759 0.6693922 0.6438339 0.3706644 0.8939078 -0.2473016 -0.3738593 -0.09767391 -0.8685798 -0.4858282 -0.9616374 -0.2720897 0.03493737 -0.4902886 0.7068036 0.5099467 0.6492798 0.7068052 0.280824 0.9004156 -0.2720817 -0.3394457 -0.0740561 -0.9267351 -0.3683445 -0.9539818 -0.2912616 0.07131165 -0.5077324 0.7552747 0.4144489 0.6284541 0.7552792 0.1860075 0.9074142 -0.2912515 -0.3029391 -0.04971843 -0.9676664 -0.2472849 -0.9461251 -0.3048537 0.1091398 -0.5262234 0.7895523 0.3157471 0.607366 0.7895522 0.0878284 0.9147848 -0.3048532 -0.2650155 -0.02495803 -0.9919527 -0.1241249 -0.9381858 -0.3129562 0.1478708 -0.5455961 0.8099584 0.2151565 0.5863581 0.8099566 -0.0124342 0.9224302 -0.3129607 -0.226226 -2.166684E-06 -1 1.00724E-06 -0.9302596 -0.3156482 0.1870383 -0.5656983 0.8167305 0.1137397 0.5656973 0.8167314 -0.1137381 0.9302595 -0.3156491 -0.1870371 -0.05987867 -0.9676662 0.2450238 -0.9312896 -0.3129594 -0.1864303 -0.03005914 -0.9919525 0.1229904 -0.9408197 -0.3048538 -0.1480625 -0.5362648 0.8099549 -0.2374725 -0.5127568 0.7895507 -0.3371798 0.5853435 0.8099588 0.03660204 0.6104656 0.7895564 -0.06270809 0.912318 -0.3129577 0.2640707 0.9030796 -0.3048488 0.3025134 -0.08918934 -0.9267352 0.3649754 -0.9502315 -0.291255 -0.1105925 -0.4902066 0.755277 -0.4350334 0.6355903 0.7552791 -0.1599327 0.8941485 -0.291256 0.3401008 -0.1176328 -0.8685802 0.4813845 -0.9593802 -0.2720841 -0.07456416 -0.4688424 0.7068052 -0.5297295 0.6603121 0.7068012 -0.2538109 0.8856494 -0.2720913 0.3762865 -0.1447347 -0.7926117 0.5922994 -0.9680864 -0.2472999 -0.04063908 -0.4489435 0.6438348 -0.6196179 0.6841086 0.6438327 -0.3427461 0.8777298 -0.2473039 0.4104036 -0.1698737 -0.6984764 0.6951788 -0.9761345 -0.2169545 -0.009603152 -0.4308545 0.5662808 -0.7026311 0.7063394 0.5662821 -0.4247462 0.8705595 -0.2169555 0.4416521 -0.1922832 -0.5863724 0.7868892 -0.983272 -0.1812864 0.01764983 -0.4150026 0.4744937 -0.7762915 0.7262464 0.4744935 -0.4974153 0.864323 -0.1812873 0.4691275 -0.211088 -0.4574204 0.8638335 -0.9892225 -0.1408 0.04017697 -0.4018897 0.3695105 -0.8378226 0.7429872 0.3695102 -0.5580612 0.859213 -0.1407997 0.4918622 -0.2327558 -0.1963677 0.9525043 -0.9962228 -0.05984318 0.06291948 -0.3913057 0.1580266 -0.9065911 0.7653071 0.1580252 -0.6239657 0.8549387 -0.05984439 0.5152654 -0.2373756 0.001133323 0.9714173 -0.9971403 0.0003563919 0.0755713 -0.3772033 -0.0008972616 -0.9261301 0.7618032 -0.0008978051 -0.647808 0.8499205 0.0003544801 0.5269109 0.2327539 -0.1963697 -0.9525043 -0.8499188 0.0003563711 -0.5269136 0.2373746 0.001133401 -0.9714175 -0.8549381 -0.05984489 -0.5152663 -0.7618058 -0.0008962003 0.6478049 -0.7653077 0.158027 0.6239644 0.3772037 -0.0008970053 0.9261299 0.3913065 0.1580254 0.906591 0.9971403 0.0003554545 -0.07557125 0.9962227 -0.05984515 -0.06292078 0.2110871 -0.4574193 -0.8638344 -0.8592129 -0.1407993 -0.4918624 -0.7429858 0.3695124 0.5580615 0.401891 0.3695099 0.8378223 0.9892223 -0.1408003 -0.04017969 0.1922823 -0.5863706 -0.7868907 -0.8643234 -0.1812865 -0.4691272 -0.7262467 0.4744908 0.4974175 0.4150019 0.4744914 0.7762933 0.983272 -0.1812864 -0.01765009 0.169873 -0.6984749 -0.6951805 -0.8705599 -0.2169546 -0.4416516 -0.7063404 0.5662792 0.4247482 0.4308554 0.5662791 0.702632 0.9761344 -0.2169546 0.009603762 0.1447355 -0.7926108 -0.5923005 -0.8777298 -0.2473022 -0.4104048 -0.6841082 0.6438326 0.3427469 0.448947 0.6438327 0.6196176 0.9680858 -0.2473024 0.04063828 0.1176319 -0.8685794 -0.4813861 -0.8856491 -0.2720903 -0.3762877 -0.6603134 0.7067989 0.253814 0.4688425 0.7068031 0.5297321 0.9593798 -0.2720856 0.07456402 0.08918718 -0.9267336 -0.3649801 -0.8941484 -0.2912551 -0.3401015 -0.6355931 0.7552763 0.1599347 0.4902024 0.7552794 0.4350341 0.9502333 -0.2912496 0.1105909 0.05987223 -0.967666 -0.2450263 -0.9030792 -0.3048513 -0.3025123 -0.6104701 0.789553 0.0627086 0.5127491 0.7895563 0.3371782 0.9408217 -0.3048479 0.1480621 0.03005193 -0.9919527 -0.1229908 -0.9123183 -0.3129563 -0.2640712 -0.5853428 0.8099593 -0.03660277 0.5362568 0.8099607 0.2374706 0.9312903 -0.3129556 0.1864324 -2.041339E-06 -1 -8.505577E-08 -0.9217561 -0.3156469 -0.2252393 -0.5605256 0.8167315 -0.13697 0.5605262 0.8167312 0.1369688 0.9217553 -0.3156494 0.2252389 -0.1585037 -0.9676668 0.1962078 -0.7632757 -0.3129634 -0.5652116 -0.07956069 -0.9919528 0.09848677 -0.7882381 -0.304852 -0.5345521 -0.3841168 0.8099546 -0.4432018 -0.3203922 0.7895522 -0.5234083 0.5140494 0.8099594 0.2823455 0.5790678 0.789555 0.2031834 0.7130548 -0.3129567 0.6273842 0.6883276 -0.304852 0.6582328 -0.2360974 -0.9267355 0.2922659 -0.8127082 -0.2912522 -0.5046558 -0.2583226 0.7552797 -0.6023471 0.6431954 0.7552791 0.1259098 0.6642415 -0.2912553 0.6884428 -0.3113989 -0.8685803 0.3854853 -0.8363247 -0.2720878 -0.4759509 -0.1986747 0.7068037 -0.678938 0.7055321 0.7068049 0.05149086 0.6411464 -0.2720856 0.7175659 -0.3831457 -0.7926128 0.4743039 -0.8586465 -0.2473049 -0.4489617 -0.1423956 0.6438337 -0.751799 0.7649315 0.6438358 -0.01884857 0.619456 -0.2472982 0.7450624 -0.4496943 -0.6984777 0.5566902 -0.8791441 -0.2169563 -0.4243059 -0.09068089 0.5662829 -0.8192073 0.8199627 0.5662824 -0.08357865 0.5996625 -0.2169521 0.7702835 -0.5090205 -0.5863718 0.630132 -0.8972062 -0.1812894 -0.4026849 -0.04497689 0.4744918 -0.8791101 0.8689166 0.4744928 -0.1408562 0.5823196 -0.1812855 0.7924894 -0.558799 -0.4574195 0.691745 -0.9121823 -0.1408022 -0.3848353 -0.006915942 0.3695101 -0.929201 0.9098851 0.3695112 -0.1886015 0.568014 -0.1407994 0.8108857 -0.6161583 -0.1963674 0.7627508 -0.9282004 -0.05984341 -0.3672369 0.03194153 0.1580286 -0.9869178 0.9581418 0.158027 -0.2387294 0.5541807 -0.05984539 0.8302423 -0.6283894 0.001132879 0.7778981 -0.9344172 0.000355745 -0.3561802 0.0530227 -0.0008961314 -0.9985929 0.9651234 -0.0008981532 -0.2617941 0.5446807 0.0003533863 0.8386435 0.3831527 -0.7926118 -0.4743001 -0.6088895 -0.2334859 -0.7581148 0.4170079 -0.7480863 -0.5162086 -0.61945 -0.2473067 -0.7450644 -0.792451 0.6076484 0.05277035 -0.7649352 0.6438315 0.01884609 0.1150199 0.6076493 0.7858325 0.1423982 0.6438334 0.7517987 0.8691882 -0.2334744 0.4358917 0.8586488 -0.2472974 0.4489612 0.3114028 -0.8685797 -0.3854836 -0.6411414 -0.2720926 -0.7175677 -0.7055365 0.7068003 -0.05149313 0.1986739 0.7068019 0.6789402 0.8363253 -0.272087 0.4759501 0.2360982 -0.9267343 -0.2922688 -0.6642402 -0.2912601 -0.6884421 -0.6432009 0.7552742 -0.1259109 0.2583204 0.7552782 0.6023499 0.8127083 -0.2912525 0.5046555 0.1585002 -0.9676661 -0.1962143 -0.6883255 -0.3048569 -0.6582327 -0.5790747 0.7895489 -0.203187 0.3203852 0.7895561 0.5234066 0.7882389 -0.3048473 0.5345536 0.07955787 -0.9919527 -0.09849124 -0.7130528 -0.3129585 -0.6273856 -0.5140515 0.8099576 -0.282347 0.3841107 0.8099591 0.4431988 0.7632773 -0.3129584 0.5652122 -7.968364E-07 -1 -2.506901E-07 -0.7381259 -0.3156506 -0.5962675 -0.4488604 0.8167309 -0.3625948 0.4488603 0.8167309 0.3625948 0.7381264 -0.3156505 0.5962669 -0.2258957 -0.9676661 0.1122204 -0.4579881 -0.3129597 -0.8320476 -0.1133891 -0.9919525 0.05632925 -0.4934604 -0.304852 -0.8145932 -0.1642646 0.8099566 -0.5630164 -0.07289608 0.7895519 -0.609339 0.3494453 0.8099602 0.4710121 0.4415536 0.7895573 0.4261804 0.3864103 -0.3129545 0.8676097 0.3510694 -0.3048479 0.885335 -0.336482 -0.9267344 0.1671619 -0.5281694 -0.2912537 -0.7976267 0.01643891 0.7552778 -0.6551987 0.5320693 0.7552808 0.382692 0.3165812 -0.2912533 0.9027447 -0.4437986 -0.8685801 0.22048 -0.5616058 -0.2720865 -0.7813885 0.1025964 0.7068046 -0.6999295 0.6197644 0.7068048 0.3410558 0.2834431 -0.2720861 0.919581 -0.546051 -0.7926127 0.2712812 -0.5931519 -0.2473011 -0.7661677 0.1841341 0.6438345 -0.7426788 0.7030867 0.6438359 0.3019015 0.2522571 -0.2472996 0.9355262 -0.6408985 -0.6984769 0.3184009 -0.6220626 -0.2169551 -0.7523088 0.2592517 0.5662799 -0.7823781 0.7801011 0.5662813 0.266022 0.2237459 -0.2169533 0.9501942 -0.6844234 -0.6449418 0.3400216 -0.6355603 -0.2004005 -0.7455888 0.2944688 0.5228933 -0.7999192 0.8153538 0.5228942 0.2485553 0.2102327 -0.2003982 0.9568923 0.8781328 -0.196369 -0.4362591 -0.1452632 0.0003567839 -0.989393 0.8955694 0.001134889 -0.4449203 -0.1574052 -0.05984436 -0.9857191 -0.9863606 -0.0008968308 -0.1645962 -0.9703957 0.1580282 -0.1826452 -0.4646798 -0.0008975554 0.8854783 -0.4406512 0.1580274 0.8836594 0.7007098 0.0003552396 0.7134463 0.6904485 -0.05984445 0.7209019 0.7963838 -0.4574209 -0.3956502 -0.1780559 -0.1408 -0.973895 -0.9056305 0.3695104 -0.2080756 -0.3812639 0.3695099 0.8474079 0.6685522 -0.1408009 0.7302144 0.7254496 -0.586369 -0.3604086 -0.1987289 -0.1812846 -0.9631421 -0.8484843 0.4744894 -0.2343806 -0.3257831 0.4744919 0.8177547 0.6474928 -0.1812843 0.7401953 0.6409019 -0.6984748 -0.3183989 -0.2237502 -0.216953 -0.9501932 -0.7801033 0.5662795 -0.2660193 -0.2592568 0.5662819 0.7823751 0.6220605 -0.2169487 0.7523125 0.5460537 -0.7926123 -0.271277 -0.2522576 -0.2473039 -0.9355249 -0.7030894 0.6438324 -0.3019026 -0.1841358 0.6438329 0.7426797 0.5931525 -0.2473 0.7661676 0.443799 -0.86858 -0.2204796 -0.2834411 -0.2720897 -0.9195805 -0.6197663 0.7068009 -0.3410605 -0.1025999 0.7068034 0.6999302 0.5616062 -0.2720876 0.7813877 0.3364807 -0.9267341 -0.1671665 -0.3165796 -0.2912551 -0.9027446 -0.5320721 0.7552763 -0.382697 -0.01644241 0.7552806 0.6551952 0.5281705 -0.2912523 0.7976266 0.2258942 -0.9676656 -0.1122277 -0.3510692 -0.3048514 -0.8853339 -0.4415579 0.789553 -0.4261839 0.07289123 0.789557 0.6093329 0.4934609 -0.3048473 0.8145947 0.113387 -0.9919525 -0.05633398 -0.3864101 -0.3129566 -0.867609 -0.3494471 0.8099588 -0.4710131 0.1642588 0.8099608 0.5630121 0.4579861 -0.312955 0.8320504 -7.386412E-07 -1 -1.808552E-06 -0.4221762 -0.3156492 -0.849784 -0.2567287 0.816731 -0.5167599 0.2567271 0.8167325 0.5167583 0.4221767 -0.3156475 0.8497843</float_array>
                    <technique_common>
                        <accessor count="560" offset="0" source="green_3_0-geometry-NORMAL-array" stride="3">
                            <param name="X" type="float" />
                            <param name="Y" type="float" />
                            <param name="Z" type="float" />
                        </accessor>
                    </technique_common>
                </source>
                <source id="green_3_0-geometry-TEXCOORD">
                    <float_array id="green_3_0-geometry-TEXCOORD-array" count="252">0.5999997 1 0.5499997 0.8000001 0.5499997 1 0.5999997 0.8000001 0.5499997 0.6 0.5999997 0.6 0.5499997 0.4 0.5999997 0.4 0.5499997 0.1999999 0.5999997 0.1999999 0.5499997 5.960464E-08 0.5999997 5.960464E-08 0.6499997 1 0.6499997 0.8000001 0.6499997 0.6 0.6499997 0.4 0.6499997 0.1999999 0.6499997 5.960464E-08 0.6999999 1 0.6999999 0.8000001 0.6999999 0.6 0.6999999 0.4 0.6999999 0.1999999 0.6999999 5.960464E-08 0.7499999 1 0.7499999 0.8000001 0.7499999 0.6 0.7499999 0.4 0.7499999 0.1999999 0.7499999 5.960464E-08 0.7999999 1 0.7999999 0.8000001 0.7999999 0.6 0.7999999 0.4 0.7999999 0.1999999 0.7999999 5.960464E-08 0.8499998 1 0.8499998 0.8000001 0.8499998 0.6 0.8499998 0.4 0.8499998 0.1999999 0.8499998 5.960464E-08 0.8999998 1 0.8999998 0.8000001 0.8999998 0.6 0.8999998 0.4 0.8999998 0.1999999 0.8999998 5.960464E-08 0.9499998 1 0.9499998 0.8000001 0.9499998 0.6 0.9499998 0.4 0.9499998 0.1999999 0.9499998 5.960464E-08 1 1 1 0.8000001 1 0.6 1 0.4 1 0.1999999 1 5.960464E-08 0.1999999 1 0.1499999 0.8000001 0.1499999 1 0.1999999 0.8000001 0.1499999 0.6 0.1999999 0.6 0.1499999 0.4 0.1999999 0.4 0.1499999 0.1999999 0.1999999 0.1999999 0.1499999 5.960464E-08 0.1999999 5.960464E-08 0.2499998 1 0.2499998 0.8000001 0.2499998 0.6 0.2499998 0.4 0.2499998 0.1999999 0.2499998 5.960464E-08 0.2999998 1 0.2999998 0.8000001 0.2999998 0.6 0.2999998 0.4 0.2999998 0.1999999 0.2999998 5.960464E-08 0.3499998 1 0.3499998 0.8000001 0.3499998 0.6 0.3499998 0.4 0.3499998 0.1999999 0.3499998 5.960464E-08 0.3999998 1 0.3999998 0.8000001 0.3999998 0.6 0.3999998 0.4 0.3999998 0.1999999 0.3999998 5.960464E-08 0.4499997 1 0.4499997 0.8000001 0.4499997 0.6 0.4499997 0.4 0.4499997 0.1999999 0.4499997 5.960464E-08 0.4999997 1 0.4999997 0.8000001 0.4999997 0.6 0.4999997 0.4 0.4999997 0.1999999 0.4999997 5.960464E-08 0.04999994 1 -1.301953E-08 0.8000001 -1.301953E-08 1 0.04999994 0.8000001 -1.301953E-08 0.6 0.04999994 0.6 -1.301953E-08 0.4 0.04999994 0.4 -1.301953E-08 0.1999999 0.04999994 0.1999999 -1.301953E-08 5.960464E-08 0.04999994 5.960464E-08 0.09999994 1 0.09999994 0.8000001 0.09999994 0.6 0.09999994 0.4 0.09999994 0.1999999 0.09999994 5.960464E-08</float_array>
                    <technique_common>
                        <accessor count="126" offset="0" source="green_3_0-geometry-TEXCOORD-array" stride="2">
                            <param name="S" type="float" />
                            <param name="T" type="float" />
                        </accessor>
                    </technique_common>
                </source>
                <source id="green_3_0-geometry-COLOR">
                    <float_array id="green_3_0-geometry-COLOR-array" count="24">0.5921569 0.6 0.6745098 1 1 1 0.9764706 1 1 0.9803922 0.8980392 1 1 1 0.972549 1 0.9843137 0.9529412 0.8745098 1 1 0.9764706 0.8941177 1</float_array>
                    <technique_common>
                        <accessor count="6" offset="0" source="green_3_0-geometry-COLOR-array" stride="4">
                            <param name="R" type="double" />
                            <param name="G" type="double" />
                            <param name="B" type="double" />
                            <param name="A" type="double" />
                        </accessor>
                    </technique_common>
                </source>
                <vertices id="green_3_0-vertices">
                    <input semantic="POSITION" source="#green_3_0-geometry-POSITION" />
                </vertices>
                <triangles count="1060" material="tach_s1">
                    <input semantic="VERTEX" source="#green_3_0-vertices" offset="0" set="0" />
                    <input semantic="NORMAL" source="#green_3_0-geometry-NORMAL" offset="1" set="0" />
                    <input semantic="TEXCOORD" source="#green_3_0-geometry-TEXCOORD" offset="2" set="0" />
                    <input semantic="COLOR" source="#green_3_0-geometry-COLOR" offset="3" set="0" />
                    <p>2 2 2 0 1 1 1 0 0 0 0 0 5 0 0 0 4 1 1 0 3 3 3 0 8 1 1 0 7 4 4 1 6 3 3 0 11 3 3 0 10 4 4 1 9 5 5 1 14 4 4 1 13 6 6 1 12 5 5 1 17 5 5 1 16 6 6 1 15 7 7 1 20 6 6 1 19 8 8 1 18 7 7 1 23 7 7 1 22 8 8 1 21 9 9 1 26 8 8 1 25 2 10 0 24 9 9 1 29 9 9 1 28 2 10 0 27 0 11 0 32 0 0 0 31 3 3 0 30 10 12 0 35 10 12 0 34 3 3 0 33 11 13 0 38 3 3 0 37 5 5 1 36 11 13 0 41 11 13 0 40 5 5 1 39 12 14 1 44 5 5 1 43 7 7 1 42 12 14 1 47 12 14 1 46 7 7 1 45 13 15 1 50 7 7 1 49 9 9 1 48 13 15 1 53 13 15 1 52 9 9 1 51 14 16 1 56 9 9 1 55 0 11 0 54 14 16 1 59 14 16 1 58 0 11 0 57 10 17 0 62 10 12 0 61 11 13 0 60 15 18 0 65 15 18 0 64 11 13 0 63 16 19 0 68 11 13 0 67 12 14 1 66 16 19 0 71 16 19 0 70 12 14 1 69 17 20 0 74 12 14 1 73 13 15 1 72 17 20 0 77 17 20 0 76 13 15 1 75 18 21 1 80 13 15 1 79 14 16 1 78 18 21 1 83 18 21 1 82 14 16 1 81 19 22 1 86 14 16 1 85 10 17 0 84 19 22 1 89 19 22 1 88 10 17 0 87 15 23 0 92 15 18 0 91 16 19 0 90 20 24 0 95 20 24 0 94 16 19 0 93 21 25 0 98 16 19 0 97 17 20 0 96 21 25 0 101 21 25 0 100 17 20 0 99 22 26 0 104 17 20 0 103 18 21 1 102 22 26 0 107 22 26 0 106 18 21 1 105 23 27 1 110 18 21 1 109 19 22 1 108 23 27 1 113 23 27 1 112 19 22 1 111 24 28 1 116 19 22 1 115 15 23 0 114 24 28 1 119 24 28 1 118 15 23 0 117 20 29 0 122 20 24 0 121 21 25 0 120 25 30 0 125 25 30 0 124 21 25 0 123 26 31 0 128 21 25 0 127 22 26 0 126 26 31 0 131 26 31 0 130 22 26 0 129 27 32 0 134 22 26 0 133 23 27 1 132 27 32 0 137 27 32 0 136 23 27 1 135 28 33 1 140 23 27 1 139 24 28 1 138 28 33 1 143 28 33 1 142 24 28 1 141 29 34 1 146 24 28 1 145 20 29 0 144 29 34 1 149 29 34 1 148 20 29 0 147 25 35 0 152 25 30 0 151 26 31 0 150 30 36 2 155 30 36 2 154 26 31 0 153 31 37 0 158 26 31 0 157 27 32 0 156 31 37 0 161 31 37 0 160 27 32 0 159 32 38 0 164 27 32 0 163 28 33 1 162 32 38 0 167 32 38 0 166 28 33 1 165 33 39 1 170 28 33 1 169 29 34 1 168 33 39 1 173 33 39 1 172 29 34 1 171 34 40 1 176 29 34 1 175 25 35 0 174 34 40 1 179 34 40 1 178 25 35 0 177 30 41 2 182 30 36 2 181 31 37 0 180 35 42 1 185 35 42 1 184 31 37 0 183 36 43 0 188 31 37 0 187 32 38 0 186 36 43 0 191 36 43 0 190 32 38 0 189 37 44 0 194 32 38 0 193 33 39 1 192 37 44 0 197 37 44 0 196 33 39 1 195 38 45 1 200 33 39 1 199 34 40 1 198 38 45 1 203 38 45 1 202 34 40 1 201 39 46 1 206 34 40 1 205 30 41 2 204 39 46 1 209 39 46 1 208 30 41 2 207 35 47 1 212 35 42 1 211 36 43 0 210 40 48 1 215 40 48 1 214 36 43 0 213 41 49 0 218 36 43 0 217 37 44 0 216 41 49 0 221 41 49 0 220 37 44 0 219 42 50 0 224 37 44 0 223 38 45 1 222 42 50 0 227 42 50 0 226 38 45 1 225 43 51 0 230 38 45 1 229 39 46 1 228 43 51 0 233 43 51 0 232 39 46 1 231 44 52 1 236 39 46 1 235 35 47 1 234 44 52 1 239 44 52 1 238 35 47 1 237 40 53 1 242 40 48 1 241 41 49 0 240 45 54 1 245 45 54 1 244 41 49 0 243 46 55 0 248 41 49 0 247 42 50 0 246 46 55 0 251 46 55 0 250 42 50 0 249 47 56 0 254 42 50 0 253 43 51 0 252 47 56 0 257 47 56 0 256 43 51 0 255 48 57 0 260 43 51 0 259 44 52 1 258 48 57 0 263 48 57 0 262 44 52 1 261 49 58 1 266 44 52 1 265 40 53 1 264 49 58 1 269 49 58 1 268 40 53 1 267 45 59 1 272 52 62 0 271 51 61 0 270 50 60 0 275 50 60 0 274 51 61 0 273 53 63 0 278 51 61 0 277 54 64 1 276 53 63 0 281 53 63 0 280 54 64 1 279 55 65 1 284 54 64 1 283 56 66 1 282 55 65 1 287 55 65 1 286 56 66 1 285 57 67 1 290 56 66 1 289 58 68 1 288 57 67 1 293 57 67 1 292 58 68 1 291 59 69 1 296 58 68 1 295 52 70 0 294 59 69 1 299 59 69 1 298 52 70 0 297 50 71 0 302 50 60 0 301 53 63 0 300 60 72 0 305 60 72 0 304 53 63 0 303 61 73 0 308 53 63 0 307 55 65 1 306 61 73 0 311 61 73 0 310 55 65 1 309 62 74 1 314 55 65 1 313 57 67 1 312 62 74 1 317 62 74 1 316 57 67 1 315 63 75 1 320 57 67 1 319 59 69 1 318 63 75 1 323 63 75 1 322 59 69 1 321 64 76 1 326 59 69 1 325 50 71 0 324 64 76 1 329 64 76 1 328 50 71 0 327 60 77 0 332 60 72 0 331 61 73 0 330 65 78 0 335 65 78 0 334 61 73 0 333 66 79 0 338 61 73 0 337 62 74 1 336 66 79 0 341 66 79 0 340 62 74 1 339 67 80 1 344 62 74 1 343 63 75 1 342 67 80 1 347 67 80 1 346 63 75 1 345 68 81 1 350 63 75 1 349 64 76 1 348 68 81 1 353 68 81 1 352 64 76 1 351 69 82 1 356 64 76 1 355 60 77 0 354 69 82 1 359 69 82 1 358 60 77 0 357 65 83 0 362 65 78 0 361 66 79 0 360 70 84 0 365 70 84 0 364 66 79 0 363 71 85 0 368 66 79 0 367 67 80 1 366 71 85 0 371 71 85 0 370 67 80 1 369 72 86 1 374 67 80 1 373 68 81 1 372 72 86 1 377 72 86 1 376 68 81 1 375 73 87 1 380 68 81 1 379 69 82 1 378 73 87 1 383 73 87 1 382 69 82 1 381 74 88 1 386 69 82 1 385 65 83 0 384 74 88 1 389 74 88 1 388 65 83 0 387 70 89 0 392 70 84 0 391 71 85 0 390 75 90 0 395 75 90 0 394 71 85 0 393 76 91 0 398 71 85 0 397 72 86 1 396 76 91 0 401 76 91 0 400 72 86 1 399 77 92 1 404 72 86 1 403 73 87 1 402 77 92 1 407 77 92 1 406 73 87 1 405 78 93 1 410 73 87 1 409 74 88 1 408 78 93 1 413 78 93 1 412 74 88 1 411 79 94 1 416 74 88 1 415 70 89 0 414 79 94 1 419 79 94 1 418 70 89 0 417 75 95 0 422 75 90 0 421 76 91 0 420 80 96 0 425 80 96 0 424 76 91 0 423 81 97 0 428 76 91 0 427 77 92 1 426 81 97 0 431 81 97 0 430 77 92 1 429 82 98 1 434 77 92 1 433 78 93 1 432 82 98 1 437 82 98 1 436 78 93 1 435 83 99 1 440 78 93 1 439 79 94 1 438 83 99 1 443 83 99 1 442 79 94 1 441 84 100 1 446 79 94 1 445 75 95 0 444 84 100 1 449 84 100 1 448 75 95 0 447 80 101 0 452 80 96 0 451 81 97 0 450 85 102 0 455 85 102 0 454 81 97 0 453 86 103 0 458 81 97 0 457 82 98 1 456 86 103 0 461 86 103 0 460 82 98 1 459 87 104 1 464 82 98 1 463 83 99 1 462 87 104 1 467 87 104 1 466 83 99 1 465 88 105 1 470 83 99 1 469 84 100 1 468 88 105 1 473 88 105 1 472 84 100 1 471 89 106 1 476 84 100 1 475 80 101 0 474 89 106 1 479 89 106 1 478 80 101 0 477 85 107 0 482 85 102 0 481 86 103 0 480 2 2 0 485 2 2 0 484 86 103 0 483 1 1 0 488 86 103 0 487 87 104 1 486 1 1 0 491 1 1 0 490 87 104 1 489 4 4 1 494 87 104 1 493 88 105 1 492 4 4 1 497 4 4 1 496 88 105 1 495 6 6 1 500 88 105 1 499 89 106 1 498 6 6 1 503 6 6 1 502 89 106 1 501 8 8 1 506 89 106 1 505 85 107 0 504 8 8 1 509 8 8 1 508 85 107 0 507 2 10 0 512 92 2 0 511 91 1 0 510 90 0 0 515 90 0 0 514 91 1 0 513 93 3 0 518 91 1 0 517 94 4 1 516 93 3 0 521 93 3 0 520 94 4 1 519 95 5 1 524 94 4 1 523 96 6 1 522 95 5 1 527 95 5 1 526 96 6 1 525 97 7 1 530 96 6 1 529 98 8 1 528 97 7 1 533 97 7 1 532 98 8 1 531 99 9 1 536 98 8 1 535 92 10 0 534 99 9 1 539 99 9 1 538 92 10 0 537 90 11 0 542 90 0 0 541 93 3 0 540 100 12 0 545 100 12 0 544 93 3 0 543 101 13 0 548 93 3 0 547 95 5 1 546 101 13 0 551 101 13 0 550 95 5 1 549 102 14 1 554 95 5 1 553 97 7 1 552 102 14 1 557 102 14 1 556 97 7 1 555 103 15 1 560 97 7 1 559 99 9 1 558 103 15 1 563 103 15 1 562 99 9 1 561 104 16 1 566 99 9 1 565 90 11 0 564 104 16 1 569 104 16 1 568 90 11 0 567 100 17 0 572 100 12 0 571 101 13 0 570 105 18 0 575 105 18 0 574 101 13 0 573 106 19 0 578 101 13 0 577 102 14 1 576 106 19 0 581 106 19 0 580 102 14 1 579 107 20 0 584 102 14 1 583 103 15 1 582 107 20 0 587 107 20 0 586 103 15 1 585 108 21 1 590 103 15 1 589 104 16 1 588 108 21 1 593 108 21 1 592 104 16 1 591 109 22 1 596 104 16 1 595 100 17 0 594 109 22 1 599 109 22 1 598 100 17 0 597 105 23 0 602 105 18 0 601 106 19 0 600 110 24 0 605 110 24 0 604 106 19 0 603 111 25 0 608 106 19 0 607 107 20 0 606 111 25 0 611 111 25 0 610 107 20 0 609 112 26 0 614 107 20 0 613 108 21 1 612 112 26 0 617 112 26 0 616 108 21 1 615 113 27 1 620 108 21 1 619 109 22 1 618 113 27 1 623 113 27 1 622 109 22 1 621 114 28 1 626 109 22 1 625 105 23 0 624 114 28 1 629 114 28 1 628 105 23 0 627 110 29 0 632 110 24 0 631 111 25 0 630 115 30 0 635 115 30 0 634 111 25 0 633 116 31 0 638 111 25 0 637 112 26 0 636 116 31 0 641 116 31 0 640 112 26 0 639 117 32 0 644 112 26 0 643 113 27 1 642 117 32 0 647 117 32 0 646 113 27 1 645 118 33 1 650 113 27 1 649 114 28 1 648 118 33 1 653 118 33 1 652 114 28 1 651 119 34 1 656 114 28 1 655 110 29 0 654 119 34 1 659 119 34 1 658 110 29 0 657 115 35 0 662 122 110 0 661 121 109 0 660 120 108 0 665 120 108 0 664 121 109 0 663 123 111 0 668 121 109 0 667 124 112 0 666 123 111 0 671 123 111 0 670 124 112 0 669 125 113 0 674 124 112 0 673 126 114 1 672 125 113 0 677 125 113 0 676 126 114 1 675 127 115 1 680 126 114 1 679 128 116 1 678 127 115 1 683 127 115 1 682 128 116 1 681 129 117 1 686 128 116 1 685 122 118 0 684 129 117 1 689 129 117 1 688 122 118 0 687 120 119 0 692 120 108 0 691 123 111 0 690 130 120 0 695 130 120 0 694 123 111 0 693 131 121 0 698 123 111 0 697 125 113 0 696 131 121 0 701 131 121 0 700 125 113 0 699 132 122 3 704 125 113 0 703 127 115 1 702 132 122 3 707 132 122 3 706 127 115 1 705 133 123 1 710 127 115 1 709 129 117 1 708 133 123 1 713 133 123 1 712 129 117 1 711 134 124 1 716 129 117 1 715 120 119 0 714 134 124 1 719 134 124 1 718 120 119 0 717 130 125 0 722 130 120 0 721 131 121 0 720 135 62 0 725 135 62 0 724 131 121 0 723 136 61 0 728 131 121 0 727 132 122 3 726 136 61 0 731 136 61 0 730 132 122 3 729 137 64 1 734 132 122 3 733 133 123 1 732 137 64 1 737 137 64 1 736 133 123 1 735 138 66 1 740 133 123 1 739 134 124 1 738 138 66 1 743 138 66 1 742 134 124 1 741 139 68 1 746 134 124 1 745 130 125 0 744 139 68 1 749 139 68 1 748 130 125 0 747 135 70 0 752 135 62 0 751 136 61 0 750 140 60 0 755 140 60 0 754 136 61 0 753 141 63 0 758 136 61 0 757 137 64 1 756 141 63 0 761 141 63 0 760 137 64 1 759 142 65 1 764 137 64 1 763 138 66 1 762 142 65 1 767 142 65 1 766 138 66 1 765 143 67 1 770 138 66 1 769 139 68 1 768 143 67 1 773 143 67 1 772 139 68 1 771 144 69 1 776 139 68 1 775 135 70 0 774 144 69 1 779 144 69 1 778 135 70 0 777 140 71 0 782 140 60 0 781 141 63 0 780 145 72 0 785 145 72 0 784 141 63 0 783 146 73 0 788 141 63 0 787 142 65 1 786 146 73 0 791 146 73 0 790 142 65 1 789 147 74 1 794 142 65 1 793 143 67 1 792 147 74 1 797 147 74 1 796 143 67 1 795 148 75 1 800 143 67 1 799 144 69 1 798 148 75 1 803 148 75 1 802 144 69 1 801 149 76 1 806 144 69 1 805 140 71 0 804 149 76 1 809 149 76 1 808 140 71 0 807 145 77 0 812 145 72 0 811 146 73 0 810 150 78 0 815 150 78 0 814 146 73 0 813 151 79 0 818 146 73 0 817 147 74 1 816 151 79 0 821 151 79 0 820 147 74 1 819 152 80 1 824 147 74 1 823 148 75 1 822 152 80 1 827 152 80 1 826 148 75 1 825 153 81 1 830 148 75 1 829 149 76 1 828 153 81 1 833 153 81 1 832 149 76 1 831 154 82 1 836 149 76 1 835 145 77 0 834 154 82 1 839 154 82 1 838 145 77 0 837 150 83 0 842 150 78 0 841 151 79 0 840 155 84 0 845 155 84 0 844 151 79 0 843 156 85 0 848 151 79 0 847 152 80 1 846 156 85 0 851 156 85 0 850 152 80 1 849 157 86 1 854 152 80 1 853 153 81 1 852 157 86 1 857 157 86 1 856 153 81 1 855 158 87 1 860 153 81 1 859 154 82 1 858 158 87 1 863 158 87 1 862 154 82 1 861 159 88 1 866 154 82 1 865 150 83 0 864 159 88 1 869 159 88 1 868 150 83 0 867 155 89 0 872 155 84 0 871 156 85 0 870 160 90 0 875 160 90 0 874 156 85 0 873 161 91 0 878 156 85 0 877 157 86 1 876 161 91 0 881 161 91 0 880 157 86 1 879 162 92 1 884 157 86 1 883 158 87 1 882 162 92 1 887 162 92 1 886 158 87 1 885 163 93 1 890 158 87 1 889 159 88 1 888 163 93 1 893 163 93 1 892 159 88 1 891 164 94 1 896 159 88 1 895 155 89 0 894 164 94 1 899 164 94 1 898 155 89 0 897 160 95 0 902 160 90 0 901 161 91 0 900 165 96 0 905 165 96 0 904 161 91 0 903 166 97 0 908 161 91 0 907 162 92 1 906 166 97 0 911 166 97 0 910 162 92 1 909 167 98 1 914 162 92 1 913 163 93 1 912 167 98 1 917 167 98 1 916 163 93 1 915 168 99 1 920 163 93 1 919 164 94 1 918 168 99 1 923 168 99 1 922 164 94 1 921 169 100 1 926 164 94 1 925 160 95 0 924 169 100 1 929 169 100 1 928 160 95 0 927 165 101 0 932 165 96 0 931 166 97 0 930 170 102 0 935 170 102 0 934 166 97 0 933 171 103 0 938 166 97 0 937 167 98 1 936 171 103 0 941 171 103 0 940 167 98 1 939 172 104 1 944 167 98 1 943 168 99 1 942 172 104 1 947 172 104 1 946 168 99 1 945 173 105 1 950 168 99 1 949 169 100 1 948 173 105 1 953 173 105 1 952 169 100 1 951 174 106 1 956 169 100 1 955 165 101 0 954 174 106 1 959 174 106 1 958 165 101 0 957 170 107 0 962 170 102 0 961 171 103 0 960 92 2 0 965 92 2 0 964 171 103 0 963 91 1 0 968 171 103 0 967 172 104 1 966 91 1 0 971 91 1 0 970 172 104 1 969 94 4 1 974 172 104 1 973 173 105 1 972 94 4 1 977 94 4 1 976 173 105 1 975 96 6 1 980 173 105 1 979 174 106 1 978 96 6 1 983 96 6 1 982 174 106 1 981 98 8 1 986 174 106 1 985 170 107 0 984 98 8 1 989 98 8 1 988 170 107 0 987 92 10 0 992 177 2 0 991 176 1 0 990 175 0 0 995 175 0 0 994 176 1 0 993 178 3 0 998 176 1 0 997 179 4 1 996 178 3 0 1001 178 3 0 1000 179 4 1 999 180 5 1 1004 179 4 1 1003 181 6 1 1002 180 5 1 1007 180 5 1 1006 181 6 1 1005 182 7 1 1010 181 6 1 1009 183 8 1 1008 182 7 1 1013 182 7 1 1012 183 8 1 1011 184 9 1 1016 183 8 1 1015 177 10 0 1014 184 9 1 1019 184 9 1 1018 177 10 0 1017 175 11 0 1022 175 0 0 1021 178 3 0 1020 185 12 0 1025 185 12 0 1024 178 3 0 1023 186 13 0 1028 178 3 0 1027 180 5 1 1026 186 13 0 1031 186 13 0 1030 180 5 1 1029 187 14 1 1034 180 5 1 1033 182 7 1 1032 187 14 1 1037 187 14 1 1036 182 7 1 1035 188 15 1 1040 182 7 1 1039 184 9 1 1038 188 15 1 1043 188 15 1 1042 184 9 1 1041 189 16 1 1046 184 9 1 1045 175 11 0 1044 189 16 1 1049 189 16 1 1048 175 11 0 1047 185 17 0 1052 185 12 0 1051 186 13 0 1050 190 18 0 1055 190 18 0 1054 186 13 0 1053 191 19 0 1058 186 13 0 1057 187 14 1 1056 191 19 0 1061 191 19 0 1060 187 14 1 1059 192 20 1 1064 187 14 1 1063 188 15 1 1062 192 20 1 1067 192 20 1 1066 188 15 1 1065 193 21 1 1070 188 15 1 1069 189 16 1 1068 193 21 1 1073 193 21 1 1072 189 16 1 1071 194 22 1 1076 189 16 1 1075 185 17 0 1074 194 22 1 1079 194 22 1 1078 185 17 0 1077 190 23 0 1082 190 18 0 1081 191 19 0 1080 195 24 0 1085 195 24 0 1084 191 19 0 1083 196 25 0 1088 191 19 0 1087 192 20 1 1086 196 25 0 1091 196 25 0 1090 192 20 1 1089 197 26 1 1094 192 20 1 1093 193 21 1 1092 197 26 1 1097 197 26 1 1096 193 21 1 1095 198 27 1 1100 193 21 1 1099 194 22 1 1098 198 27 1 1103 198 27 1 1102 194 22 1 1101 199 28 1 1106 194 22 1 1105 190 23 0 1104 199 28 1 1109 199 28 1 1108 190 23 0 1107 195 29 0 1112 195 24 0 1111 196 25 0 1110 200 30 0 1115 200 30 0 1114 196 25 0 1113 201 31 0 1118 196 25 0 1117 197 26 1 1116 201 31 0 1121 201 31 0 1120 197 26 1 1119 202 32 0 1124 197 26 1 1123 198 27 1 1122 202 32 0 1127 202 32 0 1126 198 27 1 1125 203 33 1 1130 198 27 1 1129 199 28 1 1128 203 33 1 1133 203 33 1 1132 199 28 1 1131 204 34 1 1136 199 28 1 1135 195 29 0 1134 204 34 1 1139 204 34 1 1138 195 29 0 1137 200 35 0 1142 200 30 0 1141 201 31 0 1140 205 36 0 1145 205 36 0 1144 201 31 0 1143 206 37 0 1148 201 31 0 1147 202 32 0 1146 206 37 0 1151 206 37 0 1150 202 32 0 1149 207 38 0 1154 202 32 0 1153 203 33 1 1152 207 38 0 1157 207 38 0 1156 203 33 1 1155 208 39 1 1160 203 33 1 1159 204 34 1 1158 208 39 1 1163 208 39 1 1162 204 34 1 1161 209 40 1 1166 204 34 1 1165 200 35 0 1164 209 40 1 1169 209 40 1 1168 200 35 0 1167 205 41 0 1172 205 36 0 1171 206 37 0 1170 210 42 0 1175 210 42 0 1174 206 37 0 1173 211 43 0 1178 206 37 0 1177 207 38 0 1176 211 43 0 1181 211 43 0 1180 207 38 0 1179 212 44 0 1184 207 38 0 1183 208 39 1 1182 212 44 0 1187 212 44 0 1186 208 39 1 1185 213 45 1 1190 208 39 1 1189 209 40 1 1188 213 45 1 1193 213 45 1 1192 209 40 1 1191 214 46 1 1196 209 40 1 1195 205 41 0 1194 214 46 1 1199 214 46 1 1198 205 41 0 1197 210 47 0 1202 210 42 0 1201 211 43 0 1200 215 48 0 1205 215 48 0 1204 211 43 0 1203 216 49 0 1208 211 43 0 1207 212 44 0 1206 216 49 0 1211 216 49 0 1210 212 44 0 1209 217 50 0 1214 212 44 0 1213 213 45 1 1212 217 50 0 1217 217 50 0 1216 213 45 1 1215 218 51 1 1220 213 45 1 1219 214 46 1 1218 218 51 1 1223 218 51 1 1222 214 46 1 1221 219 52 1 1226 214 46 1 1225 210 47 0 1224 219 52 1 1229 219 52 1 1228 210 47 0 1227 215 53 0 1232 215 48 0 1231 216 49 0 1230 220 54 0 1235 220 54 0 1234 216 49 0 1233 221 55 0 1238 216 49 0 1237 217 50 0 1236 221 55 0 1241 221 55 0 1240 217 50 0 1239 222 56 0 1244 217 50 0 1243 218 51 1 1242 222 56 0 1247 222 56 0 1246 218 51 1 1245 223 57 1 1250 218 51 1 1249 219 52 1 1248 223 57 1 1253 223 57 1 1252 219 52 1 1251 224 58 1 1256 219 52 1 1255 215 53 0 1254 224 58 1 1259 224 58 1 1258 215 53 0 1257 220 59 0 1262 227 110 1 1261 226 109 0 1260 225 108 0 1265 225 108 0 1264 226 109 0 1263 228 111 0 1268 226 109 0 1267 229 112 0 1266 228 111 0 1271 228 111 0 1270 229 112 0 1269 230 113 0 1274 229 112 0 1273 231 114 1 1272 230 113 0 1277 230 113 0 1276 231 114 1 1275 232 115 1 1280 231 114 1 1279 233 116 1 1278 232 115 1 1283 232 115 1 1282 233 116 1 1281 234 117 1 1286 233 116 1 1285 227 118 1 1284 234 117 1 1289 234 117 1 1288 227 118 1 1287 225 119 0 1292 225 108 0 1291 228 111 0 1290 235 120 0 1295 235 120 0 1294 228 111 0 1293 236 121 0 1298 228 111 0 1297 230 113 0 1296 236 121 0 1301 236 121 0 1300 230 113 0 1299 237 122 0 1304 230 113 0 1303 232 115 1 1302 237 122 0 1307 237 122 0 1306 232 115 1 1305 238 123 1 1310 232 115 1 1309 234 117 1 1308 238 123 1 1313 238 123 1 1312 234 117 1 1311 239 124 1 1316 234 117 1 1315 225 119 0 1314 239 124 1 1319 239 124 1 1318 225 119 0 1317 235 125 0 1322 235 120 0 1321 236 121 0 1320 240 62 0 1325 240 62 0 1324 236 121 0 1323 241 61 0 1328 236 121 0 1327 237 122 0 1326 241 61 0 1331 241 61 0 1330 237 122 0 1329 242 64 0 1334 237 122 0 1333 238 123 1 1332 242 64 0 1337 242 64 0 1336 238 123 1 1335 243 66 1 1340 238 123 1 1339 239 124 1 1338 243 66 1 1343 243 66 1 1342 239 124 1 1341 244 68 1 1346 239 124 1 1345 235 125 0 1344 244 68 1 1349 244 68 1 1348 235 125 0 1347 240 70 0 1352 240 62 0 1351 241 61 0 1350 245 60 0 1355 245 60 0 1354 241 61 0 1353 246 63 0 1358 241 61 0 1357 242 64 0 1356 246 63 0 1361 246 63 0 1360 242 64 0 1359 247 65 0 1364 242 64 0 1363 243 66 1 1362 247 65 0 1367 247 65 0 1366 243 66 1 1365 248 67 1 1370 243 66 1 1369 244 68 1 1368 248 67 1 1373 248 67 1 1372 244 68 1 1371 249 69 1 1376 244 68 1 1375 240 70 0 1374 249 69 1 1379 249 69 1 1378 240 70 0 1377 245 71 0 1382 245 60 0 1381 246 63 0 1380 250 72 0 1385 250 72 0 1384 246 63 0 1383 251 73 0 1388 246 63 0 1387 247 65 0 1386 251 73 0 1391 251 73 0 1390 247 65 0 1389 252 74 0 1394 247 65 0 1393 248 67 1 1392 252 74 0 1397 252 74 0 1396 248 67 1 1395 253 75 1 1400 248 67 1 1399 249 69 1 1398 253 75 1 1403 253 75 1 1402 249 69 1 1401 254 76 1 1406 249 69 1 1405 245 71 0 1404 254 76 1 1409 254 76 1 1408 245 71 0 1407 250 77 0 1412 250 72 0 1411 251 73 0 1410 255 78 0 1415 255 78 0 1414 251 73 0 1413 256 79 0 1418 251 73 0 1417 252 74 0 1416 256 79 0 1421 256 79 0 1420 252 74 0 1419 257 80 4 1424 252 74 0 1423 253 75 1 1422 257 80 4 1427 257 80 4 1426 253 75 1 1425 258 81 1 1430 253 75 1 1429 254 76 1 1428 258 81 1 1433 258 81 1 1432 254 76 1 1431 259 82 1 1436 254 76 1 1435 250 77 0 1434 259 82 1 1439 259 82 1 1438 250 77 0 1437 255 83 0 1442 255 78 0 1441 256 79 0 1440 260 84 0 1445 260 84 0 1444 256 79 0 1443 261 85 0 1448 256 79 0 1447 257 80 4 1446 261 85 0 1451 261 85 0 1450 257 80 4 1449 262 86 1 1454 257 80 4 1453 258 81 1 1452 262 86 1 1457 262 86 1 1456 258 81 1 1455 263 87 1 1460 258 81 1 1459 259 82 1 1458 263 87 1 1463 263 87 1 1462 259 82 1 1461 264 88 1 1466 259 82 1 1465 255 83 0 1464 264 88 1 1469 264 88 1 1468 255 83 0 1467 260 89 0 1472 260 84 0 1471 261 85 0 1470 265 90 0 1475 265 90 0 1474 261 85 0 1473 266 91 0 1478 261 85 0 1477 262 86 1 1476 266 91 0 1481 266 91 0 1480 262 86 1 1479 267 92 1 1484 262 86 1 1483 263 87 1 1482 267 92 1 1487 267 92 1 1486 263 87 1 1485 268 93 1 1490 263 87 1 1489 264 88 1 1488 268 93 1 1493 268 93 1 1492 264 88 1 1491 269 94 1 1496 264 88 1 1495 260 89 0 1494 269 94 1 1499 269 94 1 1498 260 89 0 1497 265 95 0 1502 265 90 0 1501 266 91 0 1500 270 96 0 1505 270 96 0 1504 266 91 0 1503 271 97 0 1508 266 91 0 1507 267 92 1 1506 271 97 0 1511 271 97 0 1510 267 92 1 1509 272 98 1 1514 267 92 1 1513 268 93 1 1512 272 98 1 1517 272 98 1 1516 268 93 1 1515 273 99 1 1520 268 93 1 1519 269 94 1 1518 273 99 1 1523 273 99 1 1522 269 94 1 1521 274 100 1 1526 269 94 1 1525 265 95 0 1524 274 100 1 1529 274 100 1 1528 265 95 0 1527 270 101 0 1532 270 96 0 1531 271 97 0 1530 275 102 0 1535 275 102 0 1534 271 97 0 1533 276 103 0 1538 271 97 0 1537 272 98 1 1536 276 103 0 1541 276 103 0 1540 272 98 1 1539 277 104 1 1544 272 98 1 1543 273 99 1 1542 277 104 1 1547 277 104 1 1546 273 99 1 1545 278 105 1 1550 273 99 1 1549 274 100 1 1548 278 105 1 1553 278 105 1 1552 274 100 1 1551 279 106 1 1556 274 100 1 1555 270 101 0 1554 279 106 1 1559 279 106 1 1558 270 101 0 1557 275 107 0 1562 275 102 0 1561 276 103 0 1560 177 2 0 1565 177 2 0 1564 276 103 0 1563 176 1 0 1568 276 103 0 1567 277 104 1 1566 176 1 0 1571 176 1 0 1570 277 104 1 1569 179 4 1 1574 277 104 1 1573 278 105 1 1572 179 4 1 1577 179 4 1 1576 278 105 1 1575 181 6 1 1580 278 105 1 1579 279 106 1 1578 181 6 1 1583 181 6 1 1582 279 106 1 1581 183 8 1 1586 279 106 1 1585 275 107 0 1584 183 8 1 1589 183 8 1 1588 275 107 0 1587 177 10 0 1592 282 2 0 1591 281 1 0 1590 280 0 0 1595 280 0 0 1594 281 1 0 1593 283 3 0 1598 281 1 0 1597 284 4 1 1596 283 3 0 1601 283 3 0 1600 284 4 1 1599 285 5 1 1604 284 4 1 1603 286 6 1 1602 285 5 1 1607 285 5 1 1606 286 6 1 1605 287 7 1 1610 286 6 1 1609 288 8 1 1608 287 7 1 1613 287 7 1 1612 288 8 1 1611 289 9 1 1616 288 8 1 1615 282 10 0 1614 289 9 1 1619 289 9 1 1618 282 10 0 1617 280 11 0 1622 280 0 0 1621 283 3 0 1620 290 12 0 1625 290 12 0 1624 283 3 0 1623 291 13 0 1628 283 3 0 1627 285 5 1 1626 291 13 0 1631 291 13 0 1630 285 5 1 1629 292 14 1 1634 285 5 1 1633 287 7 1 1632 292 14 1 1637 292 14 1 1636 287 7 1 1635 293 15 1 1640 287 7 1 1639 289 9 1 1638 293 15 1 1643 293 15 1 1642 289 9 1 1641 294 16 1 1646 289 9 1 1645 280 11 0 1644 294 16 1 1649 294 16 1 1648 280 11 0 1647 290 17 0 1652 290 12 0 1651 291 13 0 1650 295 18 0 1655 295 18 0 1654 291 13 0 1653 296 19 0 1658 291 13 0 1657 292 14 1 1656 296 19 0 1661 296 19 0 1660 292 14 1 1659 297 20 1 1664 292 14 1 1663 293 15 1 1662 297 20 1 1667 297 20 1 1666 293 15 1 1665 298 21 1 1670 293 15 1 1669 294 16 1 1668 298 21 1 1673 298 21 1 1672 294 16 1 1671 299 22 1 1676 294 16 1 1675 290 17 0 1674 299 22 1 1679 299 22 1 1678 290 17 0 1677 295 23 0 1682 295 18 0 1681 296 19 0 1680 300 24 0 1685 300 24 0 1684 296 19 0 1683 301 25 0 1688 296 19 0 1687 297 20 1 1686 301 25 0 1691 301 25 0 1690 297 20 1 1689 302 26 1 1694 297 20 1 1693 298 21 1 1692 302 26 1 1697 302 26 1 1696 298 21 1 1695 303 27 1 1700 298 21 1 1699 299 22 1 1698 303 27 1 1703 303 27 1 1702 299 22 1 1701 304 28 1 1706 299 22 1 1705 295 23 0 1704 304 28 1 1709 304 28 1 1708 295 23 0 1707 300 29 0 1712 300 24 0 1711 301 25 0 1710 305 30 0 1715 305 30 0 1714 301 25 0 1713 306 31 0 1718 301 25 0 1717 302 26 1 1716 306 31 0 1721 306 31 0 1720 302 26 1 1719 307 32 1 1724 302 26 1 1723 303 27 1 1722 307 32 1 1727 307 32 1 1726 303 27 1 1725 308 33 1 1730 303 27 1 1729 304 28 1 1728 308 33 1 1733 308 33 1 1732 304 28 1 1731 309 34 1 1736 304 28 1 1735 300 29 0 1734 309 34 1 1739 309 34 1 1738 300 29 0 1737 305 35 0 1742 305 30 0 1741 306 31 0 1740 310 36 0 1745 310 36 0 1744 306 31 0 1743 311 37 0 1748 306 31 0 1747 307 32 1 1746 311 37 0 1751 311 37 0 1750 307 32 1 1749 312 38 1 1754 307 32 1 1753 308 33 1 1752 312 38 1 1757 312 38 1 1756 308 33 1 1755 313 39 1 1760 308 33 1 1759 309 34 1 1758 313 39 1 1763 313 39 1 1762 309 34 1 1761 314 40 1 1766 309 34 1 1765 305 35 0 1764 314 40 1 1769 314 40 1 1768 305 35 0 1767 310 41 0 1772 310 36 0 1771 311 37 0 1770 315 42 0 1775 315 42 0 1774 311 37 0 1773 316 43 0 1778 311 37 0 1777 312 38 1 1776 316 43 0 1781 316 43 0 1780 312 38 1 1779 317 44 1 1784 312 38 1 1783 313 39 1 1782 317 44 1 1787 317 44 1 1786 313 39 1 1785 318 45 1 1790 313 39 1 1789 314 40 1 1788 318 45 1 1793 318 45 1 1792 314 40 1 1791 319 46 1 1796 314 40 1 1795 310 41 0 1794 319 46 1 1799 319 46 1 1798 310 41 0 1797 315 47 0 1802 315 42 0 1801 316 43 0 1800 320 48 0 1805 320 48 0 1804 316 43 0 1803 321 49 0 1808 316 43 0 1807 317 44 1 1806 321 49 0 1811 321 49 0 1810 317 44 1 1809 322 50 0 1814 317 44 1 1813 318 45 1 1812 322 50 0 1817 322 50 0 1816 318 45 1 1815 323 51 1 1820 318 45 1 1819 319 46 1 1818 323 51 1 1823 323 51 1 1822 319 46 1 1821 324 52 1 1826 319 46 1 1825 315 47 0 1824 324 52 1 1829 324 52 1 1828 315 47 0 1827 320 53 0 1832 320 48 0 1831 321 49 0 1830 325 54 0 1835 325 54 0 1834 321 49 0 1833 326 55 0 1838 321 49 0 1837 322 50 0 1836 326 55 0 1841 326 55 0 1840 322 50 0 1839 327 56 0 1844 322 50 0 1843 323 51 1 1842 327 56 0 1847 327 56 0 1846 323 51 1 1845 328 57 1 1850 323 51 1 1849 324 52 1 1848 328 57 1 1853 328 57 1 1852 324 52 1 1851 329 58 1 1856 324 52 1 1855 320 53 0 1854 329 58 1 1859 329 58 1 1858 320 53 0 1857 325 59 0 1862 332 110 1 1861 331 109 0 1860 330 108 1 1865 330 108 1 1864 331 109 0 1863 333 111 0 1868 331 109 0 1867 334 112 0 1866 333 111 0 1871 333 111 0 1870 334 112 0 1869 335 113 0 1874 334 112 0 1873 336 114 1 1872 335 113 0 1877 335 113 0 1876 336 114 1 1875 337 115 1 1880 336 114 1 1879 338 116 1 1878 337 115 1 1883 337 115 1 1882 338 116 1 1881 339 117 1 1886 338 116 1 1885 332 118 1 1884 339 117 1 1889 339 117 1 1888 332 118 1 1887 330 119 1 1892 330 108 1 1891 333 111 0 1890 340 120 0 1895 340 120 0 1894 333 111 0 1893 341 121 0 1898 333 111 0 1897 335 113 0 1896 341 121 0 1901 341 121 0 1900 335 113 0 1899 342 122 0 1904 335 113 0 1903 337 115 1 1902 342 122 0 1907 342 122 0 1906 337 115 1 1905 343 123 1 1910 337 115 1 1909 339 117 1 1908 343 123 1 1913 343 123 1 1912 339 117 1 1911 344 124 1 1916 339 117 1 1915 330 119 1 1914 344 124 1 1919 344 124 1 1918 330 119 1 1917 340 125 0 1922 340 120 0 1921 341 121 0 1920 345 62 0 1925 345 62 0 1924 341 121 0 1923 346 61 0 1928 341 121 0 1927 342 122 0 1926 346 61 0 1931 346 61 0 1930 342 122 0 1929 347 64 0 1934 342 122 0 1933 343 123 1 1932 347 64 0 1937 347 64 0 1936 343 123 1 1935 348 66 1 1940 343 123 1 1939 344 124 1 1938 348 66 1 1943 348 66 1 1942 344 124 1 1941 349 68 1 1946 344 124 1 1945 340 125 0 1944 349 68 1 1949 349 68 1 1948 340 125 0 1947 345 70 0 1952 345 62 0 1951 346 61 0 1950 350 60 0 1955 350 60 0 1954 346 61 0 1953 351 63 0 1958 346 61 0 1957 347 64 0 1956 351 63 0 1961 351 63 0 1960 347 64 0 1959 352 65 0 1964 347 64 0 1963 348 66 1 1962 352 65 0 1967 352 65 0 1966 348 66 1 1965 353 67 1 1970 348 66 1 1969 349 68 1 1968 353 67 1 1973 353 67 1 1972 349 68 1 1971 354 69 1 1976 349 68 1 1975 345 70 0 1974 354 69 1 1979 354 69 1 1978 345 70 0 1977 350 71 0 1982 350 60 0 1981 351 63 0 1980 355 72 0 1985 355 72 0 1984 351 63 0 1983 356 73 0 1988 351 63 0 1987 352 65 0 1986 356 73 0 1991 356 73 0 1990 352 65 0 1989 357 74 0 1994 352 65 0 1993 353 67 1 1992 357 74 0 1997 357 74 0 1996 353 67 1 1995 358 75 1 2000 353 67 1 1999 354 69 1 1998 358 75 1 2003 358 75 1 2002 354 69 1 2001 359 76 1 2006 354 69 1 2005 350 71 0 2004 359 76 1 2009 359 76 1 2008 350 71 0 2007 355 77 0 2012 355 72 0 2011 356 73 0 2010 360 78 0 2015 360 78 0 2014 356 73 0 2013 361 79 0 2018 356 73 0 2017 357 74 0 2016 361 79 0 2021 361 79 0 2020 357 74 0 2019 362 80 0 2024 357 74 0 2023 358 75 1 2022 362 80 0 2027 362 80 0 2026 358 75 1 2025 363 81 1 2030 358 75 1 2029 359 76 1 2028 363 81 1 2033 363 81 1 2032 359 76 1 2031 364 82 1 2036 359 76 1 2035 355 77 0 2034 364 82 1 2039 364 82 1 2038 355 77 0 2037 360 83 0 2042 360 78 0 2041 361 79 0 2040 365 84 0 2045 365 84 0 2044 361 79 0 2043 366 85 0 2048 361 79 0 2047 362 80 0 2046 366 85 0 2051 366 85 0 2050 362 80 0 2049 367 86 5 2054 362 80 0 2053 363 81 1 2052 367 86 5 2057 367 86 5 2056 363 81 1 2055 368 87 1 2060 363 81 1 2059 364 82 1 2058 368 87 1 2063 368 87 1 2062 364 82 1 2061 369 88 1 2066 364 82 1 2065 360 83 0 2064 369 88 1 2069 369 88 1 2068 360 83 0 2067 365 89 0 2072 365 84 0 2071 366 85 0 2070 370 90 0 2075 370 90 0 2074 366 85 0 2073 371 91 0 2078 366 85 0 2077 367 86 5 2076 371 91 0 2081 371 91 0 2080 367 86 5 2079 372 92 1 2084 367 86 5 2083 368 87 1 2082 372 92 1 2087 372 92 1 2086 368 87 1 2085 373 93 1 2090 368 87 1 2089 369 88 1 2088 373 93 1 2093 373 93 1 2092 369 88 1 2091 374 94 1 2096 369 88 1 2095 365 89 0 2094 374 94 1 2099 374 94 1 2098 365 89 0 2097 370 95 0 2102 370 90 0 2101 371 91 0 2100 375 96 0 2105 375 96 0 2104 371 91 0 2103 376 97 0 2108 371 91 0 2107 372 92 1 2106 376 97 0 2111 376 97 0 2110 372 92 1 2109 377 98 1 2114 372 92 1 2113 373 93 1 2112 377 98 1 2117 377 98 1 2116 373 93 1 2115 378 99 1 2120 373 93 1 2119 374 94 1 2118 378 99 1 2123 378 99 1 2122 374 94 1 2121 379 100 1 2126 374 94 1 2125 370 95 0 2124 379 100 1 2129 379 100 1 2128 370 95 0 2127 375 101 0 2132 375 96 0 2131 376 97 0 2130 380 102 0 2135 380 102 0 2134 376 97 0 2133 381 103 0 2138 376 97 0 2137 377 98 1 2136 381 103 0 2141 381 103 0 2140 377 98 1 2139 382 104 1 2144 377 98 1 2143 378 99 1 2142 382 104 1 2147 382 104 1 2146 378 99 1 2145 383 105 1 2150 378 99 1 2149 379 100 1 2148 383 105 1 2153 383 105 1 2152 379 100 1 2151 384 106 1 2156 379 100 1 2155 375 101 0 2154 384 106 1 2159 384 106 1 2158 375 101 0 2157 380 107 0 2162 380 102 0 2161 381 103 0 2160 282 2 0 2165 282 2 0 2164 381 103 0 2163 281 1 0 2168 381 103 0 2167 382 104 1 2166 281 1 0 2171 281 1 0 2170 382 104 1 2169 284 4 1 2174 382 104 1 2173 383 105 1 2172 284 4 1 2177 284 4 1 2176 383 105 1 2175 286 6 1 2180 383 105 1 2179 384 106 1 2178 286 6 1 2183 286 6 1 2182 384 106 1 2181 288 8 1 2186 384 106 1 2185 380 107 0 2184 288 8 1 2189 288 8 1 2188 380 107 0 2187 282 10 0 2192 387 2 0 2191 386 1 0 2190 385 0 0 2195 385 0 0 2194 386 1 0 2193 388 3 0 2198 386 1 0 2197 389 4 1 2196 388 3 0 2201 388 3 0 2200 389 4 1 2199 390 5 1 2204 389 4 1 2203 391 6 1 2202 390 5 1 2207 390 5 1 2206 391 6 1 2205 392 7 1 2210 391 6 1 2209 393 8 1 2208 392 7 1 2213 392 7 1 2212 393 8 1 2211 394 9 1 2216 393 8 1 2215 387 10 0 2214 394 9 1 2219 394 9 1 2218 387 10 0 2217 385 11 0 2222 385 0 0 2221 388 3 0 2220 395 12 0 2225 395 12 0 2224 388 3 0 2223 396 13 0 2228 388 3 0 2227 390 5 1 2226 396 13 0 2231 396 13 0 2230 390 5 1 2229 397 14 1 2234 390 5 1 2233 392 7 1 2232 397 14 1 2237 397 14 1 2236 392 7 1 2235 398 15 1 2240 392 7 1 2239 394 9 1 2238 398 15 1 2243 398 15 1 2242 394 9 1 2241 399 16 1 2246 394 9 1 2245 385 11 0 2244 399 16 1 2249 399 16 1 2248 385 11 0 2247 395 17 0 2252 395 12 0 2251 396 13 0 2250 400 18 0 2255 400 18 0 2254 396 13 0 2253 401 19 0 2258 396 13 0 2257 397 14 1 2256 401 19 0 2261 401 19 0 2260 397 14 1 2259 402 20 1 2264 397 14 1 2263 398 15 1 2262 402 20 1 2267 402 20 1 2266 398 15 1 2265 403 21 1 2270 398 15 1 2269 399 16 1 2268 403 21 1 2273 403 21 1 2272 399 16 1 2271 404 22 1 2276 399 16 1 2275 395 17 0 2274 404 22 1 2279 404 22 1 2278 395 17 0 2277 400 23 0 2282 400 18 0 2281 401 19 0 2280 405 24 0 2285 405 24 0 2284 401 19 0 2283 406 25 0 2288 401 19 0 2287 402 20 1 2286 406 25 0 2291 406 25 0 2290 402 20 1 2289 407 26 1 2294 402 20 1 2293 403 21 1 2292 407 26 1 2297 407 26 1 2296 403 21 1 2295 408 27 1 2300 403 21 1 2299 404 22 1 2298 408 27 1 2303 408 27 1 2302 404 22 1 2301 409 28 1 2306 404 22 1 2305 400 23 0 2304 409 28 1 2309 409 28 1 2308 400 23 0 2307 405 29 0 2312 405 24 0 2311 406 25 0 2310 410 30 0 2315 410 30 0 2314 406 25 0 2313 411 31 0 2318 406 25 0 2317 407 26 1 2316 411 31 0 2321 411 31 0 2320 407 26 1 2319 412 32 1 2324 407 26 1 2323 408 27 1 2322 412 32 1 2327 412 32 1 2326 408 27 1 2325 413 33 1 2330 408 27 1 2329 409 28 1 2328 413 33 1 2333 413 33 1 2332 409 28 1 2331 414 34 1 2336 409 28 1 2335 405 29 0 2334 414 34 1 2339 414 34 1 2338 405 29 0 2337 410 35 0 2342 410 30 0 2341 411 31 0 2340 415 36 0 2345 415 36 0 2344 411 31 0 2343 416 37 0 2348 411 31 0 2347 412 32 1 2346 416 37 0 2351 416 37 0 2350 412 32 1 2349 417 38 1 2354 412 32 1 2353 413 33 1 2352 417 38 1 2357 417 38 1 2356 413 33 1 2355 418 39 1 2360 413 33 1 2359 414 34 1 2358 418 39 1 2363 418 39 1 2362 414 34 1 2361 419 40 1 2366 414 34 1 2365 410 35 0 2364 419 40 1 2369 419 40 1 2368 410 35 0 2367 415 41 0 2372 415 36 0 2371 416 37 0 2370 420 42 0 2375 420 42 0 2374 416 37 0 2373 421 43 0 2378 416 37 0 2377 417 38 1 2376 421 43 0 2381 421 43 0 2380 417 38 1 2379 422 44 1 2384 417 38 1 2383 418 39 1 2382 422 44 1 2387 422 44 1 2386 418 39 1 2385 423 45 1 2390 418 39 1 2389 419 40 1 2388 423 45 1 2393 423 45 1 2392 419 40 1 2391 424 46 1 2396 419 40 1 2395 415 41 0 2394 424 46 1 2399 424 46 1 2398 415 41 0 2397 420 47 0 2402 420 42 0 2401 421 43 0 2400 425 48 0 2405 425 48 0 2404 421 43 0 2403 426 49 0 2408 421 43 0 2407 422 44 1 2406 426 49 0 2411 426 49 0 2410 422 44 1 2409 427 50 1 2414 422 44 1 2413 423 45 1 2412 427 50 1 2417 427 50 1 2416 423 45 1 2415 428 51 1 2420 423 45 1 2419 424 46 1 2418 428 51 1 2423 428 51 1 2422 424 46 1 2421 429 52 1 2426 424 46 1 2425 420 47 0 2424 429 52 1 2429 429 52 1 2428 420 47 0 2427 425 53 0 2432 425 48 0 2431 426 49 0 2430 430 54 0 2435 430 54 0 2434 426 49 0 2433 431 55 0 2438 426 49 0 2437 427 50 1 2436 431 55 0 2441 431 55 0 2440 427 50 1 2439 432 56 1 2444 427 50 1 2443 428 51 1 2442 432 56 1 2447 432 56 1 2446 428 51 1 2445 433 57 1 2450 428 51 1 2449 429 52 1 2448 433 57 1 2453 433 57 1 2452 429 52 1 2451 434 58 1 2456 429 52 1 2455 425 53 0 2454 434 58 1 2459 434 58 1 2458 425 53 0 2457 430 59 0 2462 437 60 0 2461 436 63 0 2460 435 72 0 2465 435 72 0 2464 436 63 0 2463 438 73 0 2468 436 63 0 2467 439 65 0 2466 438 73 0 2471 438 73 0 2470 439 65 0 2469 440 74 0 2474 439 65 0 2473 441 67 1 2472 440 74 0 2477 440 74 0 2476 441 67 1 2475 442 75 1 2480 441 67 1 2479 443 69 1 2478 442 75 1 2483 442 75 1 2482 443 69 1 2481 444 76 1 2486 443 69 1 2485 437 71 0 2484 444 76 1 2489 444 76 1 2488 437 71 0 2487 435 77 0 2492 435 72 0 2491 438 73 0 2490 445 78 0 2495 445 78 0 2494 438 73 0 2493 446 79 0 2498 438 73 0 2497 440 74 0 2496 446 79 0 2501 446 79 0 2500 440 74 0 2499 447 80 0 2504 440 74 0 2503 442 75 1 2502 447 80 0 2507 447 80 0 2506 442 75 1 2505 448 81 1 2510 442 75 1 2509 444 76 1 2508 448 81 1 2513 448 81 1 2512 444 76 1 2511 449 82 1 2516 444 76 1 2515 435 77 0 2514 449 82 1 2519 449 82 1 2518 435 77 0 2517 445 83 0 2522 445 78 0 2521 446 79 0 2520 450 84 0 2525 450 84 0 2524 446 79 0 2523 451 85 0 2528 446 79 0 2527 447 80 0 2526 451 85 0 2531 451 85 0 2530 447 80 0 2529 452 86 1 2534 447 80 0 2533 448 81 1 2532 452 86 1 2537 452 86 1 2536 448 81 1 2535 453 87 1 2540 448 81 1 2539 449 82 1 2538 453 87 1 2543 453 87 1 2542 449 82 1 2541 454 88 1 2546 449 82 1 2545 445 83 0 2544 454 88 1 2549 454 88 1 2548 445 83 0 2547 450 89 0 2552 450 84 0 2551 451 85 0 2550 455 90 0 2555 455 90 0 2554 451 85 0 2553 456 91 0 2558 451 85 0 2557 452 86 1 2556 456 91 0 2561 456 91 0 2560 452 86 1 2559 457 92 1 2564 452 86 1 2563 453 87 1 2562 457 92 1 2567 457 92 1 2566 453 87 1 2565 458 93 1 2570 453 87 1 2569 454 88 1 2568 458 93 1 2573 458 93 1 2572 454 88 1 2571 459 94 1 2576 454 88 1 2575 450 89 0 2574 459 94 1 2579 459 94 1 2578 450 89 0 2577 455 95 0 2582 455 90 0 2581 456 91 0 2580 460 96 0 2585 460 96 0 2584 456 91 0 2583 461 97 0 2588 456 91 0 2587 457 92 1 2586 461 97 0 2591 461 97 0 2590 457 92 1 2589 462 98 1 2594 457 92 1 2593 458 93 1 2592 462 98 1 2597 462 98 1 2596 458 93 1 2595 463 99 1 2600 458 93 1 2599 459 94 1 2598 463 99 1 2603 463 99 1 2602 459 94 1 2601 464 100 1 2606 459 94 1 2605 455 95 0 2604 464 100 1 2609 464 100 1 2608 455 95 0 2607 460 101 0 2612 460 96 0 2611 461 97 0 2610 465 102 0 2615 465 102 0 2614 461 97 0 2613 466 103 0 2618 461 97 0 2617 462 98 1 2616 466 103 0 2621 466 103 0 2620 462 98 1 2619 467 104 1 2624 462 98 1 2623 463 99 1 2622 467 104 1 2627 467 104 1 2626 463 99 1 2625 468 105 1 2630 463 99 1 2629 464 100 1 2628 468 105 1 2633 468 105 1 2632 464 100 1 2631 469 106 1 2636 464 100 1 2635 460 101 0 2634 469 106 1 2639 469 106 1 2638 460 101 0 2637 465 107 0 2642 465 102 0 2641 466 103 0 2640 387 2 0 2645 387 2 0 2644 466 103 0 2643 386 1 0 2648 466 103 0 2647 467 104 1 2646 386 1 0 2651 386 1 0 2650 467 104 1 2649 389 4 1 2654 467 104 1 2653 468 105 1 2652 389 4 1 2657 389 4 1 2656 468 105 1 2655 391 6 1 2660 468 105 1 2659 469 106 1 2658 391 6 1 2663 391 6 1 2662 469 106 1 2661 393 8 1 2666 469 106 1 2665 465 107 0 2664 393 8 1 2669 393 8 1 2668 465 107 0 2667 387 10 0 2672 472 2 0 2671 471 1 0 2670 470 0 0 2675 470 0 0 2674 471 1 0 2673 473 3 0 2678 471 1 0 2677 474 4 1 2676 473 3 0 2681 473 3 0 2680 474 4 1 2679 475 5 1 2684 474 4 1 2683 476 6 1 2682 475 5 1 2687 475 5 1 2686 476 6 1 2685 477 7 1 2690 476 6 1 2689 478 8 0 2688 477 7 1 2693 477 7 1 2692 478 8 0 2691 479 9 0 2696 478 8 0 2695 472 10 0 2694 479 9 0 2699 479 9 0 2698 472 10 0 2697 470 11 0 2702 470 0 0 2701 473 3 0 2700 480 12 0 2705 480 12 0 2704 473 3 0 2703 481 13 0 2708 473 3 0 2707 475 5 1 2706 481 13 0 2711 481 13 0 2710 475 5 1 2709 482 14 1 2714 475 5 1 2713 477 7 1 2712 482 14 1 2717 482 14 1 2716 477 7 1 2715 483 15 1 2720 477 7 1 2719 479 9 0 2718 483 15 1 2723 483 15 1 2722 479 9 0 2721 484 16 0 2726 479 9 0 2725 470 11 0 2724 484 16 0 2729 484 16 0 2728 470 11 0 2727 480 17 0 2732 480 12 0 2731 481 13 0 2730 485 18 0 2735 485 18 0 2734 481 13 0 2733 486 19 0 2738 481 13 0 2737 482 14 1 2736 486 19 0 2741 486 19 0 2740 482 14 1 2739 487 20 1 2744 482 14 1 2743 483 15 1 2742 487 20 1 2747 487 20 1 2746 483 15 1 2745 488 21 1 2750 483 15 1 2749 484 16 0 2748 488 21 1 2753 488 21 1 2752 484 16 0 2751 489 22 0 2756 484 16 0 2755 480 17 0 2754 489 22 0 2759 489 22 0 2758 480 17 0 2757 485 23 0 2762 485 18 0 2761 486 19 0 2760 490 24 0 2765 490 24 0 2764 486 19 0 2763 491 25 0 2768 486 19 0 2767 487 20 1 2766 491 25 0 2771 491 25 0 2770 487 20 1 2769 492 26 1 2774 487 20 1 2773 488 21 1 2772 492 26 1 2777 492 26 1 2776 488 21 1 2775 493 27 1 2780 488 21 1 2779 489 22 0 2778 493 27 1 2783 493 27 1 2782 489 22 0 2781 494 28 0 2786 489 22 0 2785 485 23 0 2784 494 28 0 2789 494 28 0 2788 485 23 0 2787 490 29 0 2792 490 24 0 2791 491 25 0 2790 495 30 0 2795 495 30 0 2794 491 25 0 2793 496 31 0 2798 491 25 0 2797 492 26 1 2796 496 31 0 2801 496 31 0 2800 492 26 1 2799 497 32 1 2804 492 26 1 2803 493 27 1 2802 497 32 1 2807 497 32 1 2806 493 27 1 2805 498 33 1 2810 493 27 1 2809 494 28 0 2808 498 33 1 2813 498 33 1 2812 494 28 0 2811 499 34 0 2816 494 28 0 2815 490 29 0 2814 499 34 0 2819 499 34 0 2818 490 29 0 2817 495 35 0 2822 495 30 0 2821 496 31 0 2820 500 36 0 2825 500 36 0 2824 496 31 0 2823 501 37 0 2828 496 31 0 2827 497 32 1 2826 501 37 0 2831 501 37 0 2830 497 32 1 2829 502 38 1 2834 497 32 1 2833 498 33 1 2832 502 38 1 2837 502 38 1 2836 498 33 1 2835 503 39 1 2840 498 33 1 2839 499 34 0 2838 503 39 1 2843 503 39 1 2842 499 34 0 2841 504 40 0 2846 499 34 0 2845 495 35 0 2844 504 40 0 2849 504 40 0 2848 495 35 0 2847 500 41 0 2852 507 110 1 2851 506 109 1 2850 505 108 1 2855 505 108 1 2854 506 109 1 2853 508 111 1 2858 506 109 1 2857 509 112 0 2856 508 111 1 2861 508 111 1 2860 509 112 0 2859 510 113 0 2864 509 112 0 2863 511 114 0 2862 510 113 0 2867 510 113 0 2866 511 114 0 2865 512 115 0 2870 511 114 0 2869 513 116 1 2868 512 115 0 2873 512 115 0 2872 513 116 1 2871 514 117 1 2876 513 116 1 2875 507 118 1 2874 514 117 1 2879 514 117 1 2878 507 118 1 2877 505 119 1 2882 505 108 1 2881 508 111 1 2880 515 120 1 2885 515 120 1 2884 508 111 1 2883 516 121 0 2888 508 111 1 2887 510 113 0 2886 516 121 0 2891 516 121 0 2890 510 113 0 2889 517 122 0 2894 510 113 0 2893 512 115 0 2892 517 122 0 2897 517 122 0 2896 512 115 0 2895 518 123 0 2900 512 115 0 2899 514 117 1 2898 518 123 0 2903 518 123 0 2902 514 117 1 2901 519 124 1 2906 514 117 1 2905 505 119 1 2904 519 124 1 2909 519 124 1 2908 505 119 1 2907 515 125 1 2912 515 120 1 2911 516 121 0 2910 520 62 1 2915 520 62 1 2914 516 121 0 2913 521 61 0 2918 516 121 0 2917 517 122 0 2916 521 61 0 2921 521 61 0 2920 517 122 0 2919 522 64 0 2924 517 122 0 2923 518 123 0 2922 522 64 0 2927 522 64 0 2926 518 123 0 2925 523 66 0 2930 518 123 0 2929 519 124 1 2928 523 66 0 2933 523 66 0 2932 519 124 1 2931 524 68 1 2936 519 124 1 2935 515 125 1 2934 524 68 1 2939 524 68 1 2938 515 125 1 2937 520 70 1 2942 520 62 1 2941 521 61 0 2940 525 60 1 2945 525 60 1 2944 521 61 0 2943 526 63 0 2948 521 61 0 2947 522 64 0 2946 526 63 0 2951 526 63 0 2950 522 64 0 2949 527 65 0 2954 522 64 0 2953 523 66 0 2952 527 65 0 2957 527 65 0 2956 523 66 0 2955 528 67 1 2960 523 66 0 2959 524 68 1 2958 528 67 1 2963 528 67 1 2962 524 68 1 2961 529 69 1 2966 524 68 1 2965 520 70 1 2964 529 69 1 2969 529 69 1 2968 520 70 1 2967 525 71 1 2972 525 60 1 2971 526 63 0 2970 530 72 0 2975 530 72 0 2974 526 63 0 2973 531 73 0 2978 526 63 0 2977 527 65 0 2976 531 73 0 2981 531 73 0 2980 527 65 0 2979 532 74 0 2984 527 65 0 2983 528 67 1 2982 532 74 0 2987 532 74 0 2986 528 67 1 2985 533 75 1 2990 528 67 1 2989 529 69 1 2988 533 75 1 2993 533 75 1 2992 529 69 1 2991 534 76 1 2996 529 69 1 2995 525 71 1 2994 534 76 1 2999 534 76 1 2998 525 71 1 2997 530 77 0 3002 530 72 0 3001 531 73 0 3000 535 78 0 3005 535 78 0 3004 531 73 0 3003 536 79 0 3008 531 73 0 3007 532 74 0 3006 536 79 0 3011 536 79 0 3010 532 74 0 3009 537 80 1 3014 532 74 0 3013 533 75 1 3012 537 80 1 3017 537 80 1 3016 533 75 1 3015 538 81 1 3020 533 75 1 3019 534 76 1 3018 538 81 1 3023 538 81 1 3022 534 76 1 3021 539 82 1 3026 534 76 1 3025 530 77 0 3024 539 82 1 3029 539 82 1 3028 530 77 0 3027 535 83 0 3032 535 78 0 3031 536 79 0 3030 540 84 0 3035 540 84 0 3034 536 79 0 3033 541 85 0 3038 536 79 0 3037 537 80 1 3036 541 85 0 3041 541 85 0 3040 537 80 1 3039 542 86 1 3044 537 80 1 3043 538 81 1 3042 542 86 1 3047 542 86 1 3046 538 81 1 3045 543 87 1 3050 538 81 1 3049 539 82 1 3048 543 87 1 3053 543 87 1 3052 539 82 1 3051 544 88 0 3056 539 82 1 3055 535 83 0 3054 544 88 0 3059 544 88 0 3058 535 83 0 3057 540 89 0 3062 540 84 0 3061 541 85 0 3060 545 90 0 3065 545 90 0 3064 541 85 0 3063 546 91 0 3068 541 85 0 3067 542 86 1 3066 546 91 0 3071 546 91 0 3070 542 86 1 3069 547 92 1 3074 542 86 1 3073 543 87 1 3072 547 92 1 3077 547 92 1 3076 543 87 1 3075 548 93 1 3080 543 87 1 3079 544 88 0 3078 548 93 1 3083 548 93 1 3082 544 88 0 3081 549 94 0 3086 544 88 0 3085 540 89 0 3084 549 94 0 3089 549 94 0 3088 540 89 0 3087 545 95 0 3092 545 90 0 3091 546 91 0 3090 550 96 0 3095 550 96 0 3094 546 91 0 3093 551 97 0 3098 546 91 0 3097 547 92 1 3096 551 97 0 3101 551 97 0 3100 547 92 1 3099 552 98 1 3104 547 92 1 3103 548 93 1 3102 552 98 1 3107 552 98 1 3106 548 93 1 3105 553 99 1 3110 548 93 1 3109 549 94 0 3108 553 99 1 3113 553 99 1 3112 549 94 0 3111 554 100 0 3116 549 94 0 3115 545 95 0 3114 554 100 0 3119 554 100 0 3118 545 95 0 3117 550 101 0 3122 550 96 0 3121 551 97 0 3120 555 102 0 3125 555 102 0 3124 551 97 0 3123 556 103 0 3128 551 97 0 3127 552 98 1 3126 556 103 0 3131 556 103 0 3130 552 98 1 3129 557 104 1 3134 552 98 1 3133 553 99 1 3132 557 104 1 3137 557 104 1 3136 553 99 1 3135 558 105 1 3140 553 99 1 3139 554 100 0 3138 558 105 1 3143 558 105 1 3142 554 100 0 3141 559 106 0 3146 554 100 0 3145 550 101 0 3144 559 106 0 3149 559 106 0 3148 550 101 0 3147 555 107 0 3152 555 102 0 3151 556 103 0 3150 472 2 0 3155 472 2 0 3154 556 103 0 3153 471 1 0 3158 556 103 0 3157 557 104 1 3156 471 1 0 3161 471 1 0 3160 557 104 1 3159 474 4 1 3164 557 104 1 3163 558 105 1 3162 474 4 1 3167 474 4 1 3166 558 105 1 3165 476 6 1 3170 558 105 1 3169 559 106 0 3168 476 6 1 3173 476 6 1 3172 559 106 0 3171 478 8 0 3176 559 106 0 3175 555 107 0 3174 478 8 0 3179 478 8 0 3178 555 107 0 3177 472 10 0</p>
                </triangles>
            </mesh>
        </geometry>
        <geometry id="green_3_1-geometry" name="green_3_1">
            <mesh>
                <source id="green_3_1-geometry-POSITION">
                    <float_array id="green_3_1-geometry-POSITION-array" count="3240">100.5675 60.08032 -361.3131 102.2147 60.46955 -362.9539 101.5201 60.46955 -361.4842 101.7527 60.08032 -363.8208 102.2147 60.46955 -362.9539 100.5675 60.08032 -361.3131 101.7527 60.08032 -363.8208 103.8271 60.46955 -362.7475 102.2147 60.46955 -362.9539 104.5039 60.08032 -363.4686 103.8271 60.46955 -362.7475 101.7527 60.08032 -363.8208 104.5039 60.08032 -363.4686 104.129 60.46955 -361.1502 103.8271 60.46955 -362.7475 105.0191 60.08032 -360.7432 104.129 60.46955 -361.1502 104.5039 60.08032 -363.4686 101.5201 60.46955 -361.4842 102.5863 60.08032 -359.4111 100.5675 60.08032 -361.3131 102.7032 60.46955 -360.3695 102.5863 60.08032 -359.4111 101.5201 60.46955 -361.4842 102.7032 60.46955 -360.3695 105.0191 60.08032 -360.7432 102.5863 60.08032 -359.4111 104.129 60.46955 -361.1502 105.0191 60.08032 -360.7432 102.7032 60.46955 -360.3695 100.5675 58.27907 -361.3131 101.7527 60.08032 -363.8208 100.5675 60.08032 -361.3131 101.7527 58.27907 -363.8208 101.7527 60.08032 -363.8208 100.5675 58.27907 -361.3131 101.7527 58.27907 -363.8208 104.5039 60.08032 -363.4686 101.7527 60.08032 -363.8208 104.5039 58.27907 -363.4686 104.5039 60.08032 -363.4686 101.7527 58.27907 -363.8208 104.5039 58.27907 -363.4686 105.0191 60.08032 -360.7432 104.5039 60.08032 -363.4686 105.0191 58.27907 -360.7432 105.0191 60.08032 -360.7432 104.5039 58.27907 -363.4686 100.5675 60.08032 -361.3131 102.5863 58.27907 -359.4111 100.5675 58.27907 -361.3131 102.5863 60.08032 -359.4111 102.5863 58.27907 -359.4111 100.5675 60.08032 -361.3131 102.5863 60.08032 -359.4111 105.0191 58.27907 -360.7432 102.5863 58.27907 -359.4111 105.0191 60.08032 -360.7432 105.0191 58.27907 -360.7432 102.5863 60.08032 -359.4111 101.5201 57.88984 -361.4842 101.7527 58.27907 -363.8208 100.5675 58.27907 -361.3131 102.2147 57.88984 -362.9539 101.7527 58.27907 -363.8208 101.5201 57.88984 -361.4842 102.2147 57.88984 -362.9539 104.5039 58.27907 -363.4686 101.7527 58.27907 -363.8208 103.8271 57.88984 -362.7475 104.5039 58.27907 -363.4686 102.2147 57.88984 -362.9539 103.8271 57.88984 -362.7475 105.0191 58.27907 -360.7432 104.5039 58.27907 -363.4686 104.129 57.88984 -361.1502 105.0191 58.27907 -360.7432 103.8271 57.88984 -362.7475 100.5675 58.27907 -361.3131 102.7032 57.88984 -360.3695 101.5201 57.88984 -361.4842 102.5863 58.27907 -359.4111 102.7032 57.88984 -360.3695 100.5675 58.27907 -361.3131 102.5863 58.27907 -359.4111 104.129 57.88984 -361.1502 102.7032 57.88984 -360.3695 105.0191 58.27907 -360.7432 104.129 57.88984 -361.1502 102.5863 58.27907 -359.4111 218.8377 92.52246 -298.4944 220.6398 93.8606 -299.0137 219.3226 93.35527 -298.2467 221.0907 93.38676 -299.8063 220.6398 93.8606 -299.0137 218.8377 92.52246 -298.4944 221.0907 93.38676 -299.8063 221.4779 94.69832 -297.9718 220.6398 93.8606 -299.0137 222.5241 94.81955 -298.0243 221.4779 94.69832 -297.9718 221.0907 93.38676 -299.8063 222.5241 94.81955 -298.0243 220.6786 94.71074 -296.5609 221.4779 94.69832 -297.9718 221.157 94.84077 -295.6111 220.6786 94.71074 -296.5609 222.5241 94.81955 -298.0243 219.3226 93.35527 -298.2467 218.8786 93.42111 -295.9016 218.8377 92.52246 -298.4944 219.3465 93.88069 -296.7307 218.8786 93.42111 -295.9016 219.3226 93.35527 -298.2467 219.3465 93.88069 -296.7307 221.157 94.84077 -295.6111 218.8786 93.42111 -295.9016 220.6786 94.71074 -296.5609 221.157 94.84077 -295.6111 219.3465 93.88069 -296.7307 219.8477 91.07112 -297.907 221.0907 93.38676 -299.8063 218.8377 92.52246 -298.4944 222.1007 91.93541 -299.2188 221.0907 93.38676 -299.8063 219.8477 91.07112 -297.907 222.1007 91.93541 -299.2188 222.5241 94.81955 -298.0243 221.0907 93.38676 -299.8063 223.5341 93.36821 -297.4368 222.5241 94.81955 -298.0243 222.1007 91.93541 -299.2188 223.5341 93.36821 -297.4368 221.157 94.84077 -295.6111 222.5241 94.81955 -298.0243 222.167 93.38943 -295.0236 221.157 94.84077 -295.6111 223.5341 93.36821 -297.4368 218.8377 92.52246 -298.4944 219.8887 91.96976 -295.3141 219.8477 91.07112 -297.907 218.8786 93.42111 -295.9016 219.8887 91.96976 -295.3141 218.8377 92.52246 -298.4944 218.8786 93.42111 -295.9016 222.167 93.38943 -295.0236 219.8887 91.96976 -295.3141 221.157 94.84077 -295.6111 222.167 93.38943 -295.0236 218.8786 93.42111 -295.9016 220.7657 91.28165 -297.4073 222.1007 91.93541 -299.2188 219.8477 91.07112 -297.907 222.0829 91.78696 -298.1743 222.1007 91.93541 -299.2188 220.7657 91.28165 -297.4073 222.0829 91.78696 -298.1743 223.5341 93.36821 -297.4368 222.1007 91.93541 -299.2188 222.921 92.62469 -297.1324 223.5341 93.36821 -297.4368 222.0829 91.78696 -298.1743 222.921 92.62469 -297.1324 222.167 93.38943 -295.0236 223.5341 93.36821 -297.4368 222.1217 92.6371 -295.7214 222.167 93.38943 -295.0236 222.921 92.62469 -297.1324 219.8477 91.07112 -297.907 220.7896 91.80705 -295.8913 220.7657 91.28165 -297.4073 219.8887 91.96976 -295.3141 220.7896 91.80705 -295.8913 219.8477 91.07112 -297.907 219.8887 91.96976 -295.3141 222.1217 92.6371 -295.7214 220.7896 91.80705 -295.8913 222.167 93.38943 -295.0236 222.1217 92.6371 -295.7214 219.8887 91.96976 -295.3141 332.3369 60.08032 -164.0406 333.7877 60.39865 -165.7429 333.3795 60.39865 -164.3812 333.2163 60.08032 -166.6711 333.7877 60.39865 -165.7429 332.3369 60.08032 -164.0406 333.2163 60.08032 -166.6711 335.3633 60.39865 -165.7775 333.7877 60.39865 -165.7429 335.9899 60.08032 -166.6476 335.3633 60.39865 -165.7775 333.2163 60.08032 -166.6711 335.9899 60.08032 -166.6476 335.8256 60.39865 -164.3125 335.3633 60.39865 -165.7775 336.8246 60.08032 -164.0025 335.8256 60.39865 -164.3125 335.9899 60.08032 -166.6476 333.3795 60.39865 -164.3812 334.5669 60.08032 -162.3913 332.3369 60.08032 -164.0406 334.5752 60.39865 -163.4201 334.5669 60.08032 -162.3913 333.3795 60.39865 -164.3812 334.5752 60.39865 -163.4201 336.8246 60.08032 -164.0025 334.5669 60.08032 -162.3913 335.8256 60.39865 -164.3125 336.8246 60.08032 -164.0025 334.5752 60.39865 -163.4201 332.3369 58.27907 -164.0406 333.2163 60.08032 -166.6711 332.3369 60.08032 -164.0406 333.2163 58.27907 -166.6711 333.2163 60.08032 -166.6711 332.3369 58.27907 -164.0406 333.2163 58.27907 -166.6711 335.9899 60.08032 -166.6476 333.2163 60.08032 -166.6711 335.9899 58.27907 -166.6476 335.9899 60.08032 -166.6476 333.2163 58.27907 -166.6711 335.9899 58.27907 -166.6476 336.8246 60.08032 -164.0025 335.9899 60.08032 -166.6476 336.8246 58.27907 -164.0025 336.8246 60.08032 -164.0025 335.9899 58.27907 -166.6476 332.3369 60.08032 -164.0406 334.5669 58.27907 -162.3913 332.3369 58.27907 -164.0406 334.5669 60.08032 -162.3913 334.5669 58.27907 -162.3913 332.3369 60.08032 -164.0406 334.5669 60.08032 -162.3913 336.8246 58.27907 -164.0025 334.5669 58.27907 -162.3913 336.8246 60.08032 -164.0025 336.8246 58.27907 -164.0025 334.5669 60.08032 -162.3913 333.3401 57.96074 -164.3336 333.2163 58.27907 -166.6711 332.3369 58.27907 -164.0406 333.8271 57.96074 -165.7905 333.2163 58.27907 -166.6711 333.3401 57.96074 -164.3336 333.8271 57.96074 -165.7905 335.9899 58.27907 -166.6476 333.2163 58.27907 -166.6711 335.3633 57.96074 -165.7775 335.9899 58.27907 -166.6476 333.8271 57.96074 -165.7905 335.3633 57.96074 -165.7775 336.8246 58.27907 -164.0025 335.9899 58.27907 -166.6476 335.8256 57.96074 -164.3125 336.8246 58.27907 -164.0025 335.3633 57.96074 -165.7775 332.3369 58.27907 -164.0406 334.5752 57.96074 -163.4201 333.3401 57.96074 -164.3336 334.5669 58.27907 -162.3913 334.5752 57.96074 -163.4201 332.3369 58.27907 -164.0406 334.5669 58.27907 -162.3913 335.8256 57.96074 -164.3125 334.5752 57.96074 -163.4201 336.8246 58.27907 -164.0025 335.8256 57.96074 -164.3125 334.5669 58.27907 -162.3913 255.1764 98.38432 -269.3762 257.4741 98.11526 -269.9774 256.1316 98.1311 -269.0124 257.4284 98.35776 -270.9951 257.4741 98.11526 -269.9774 255.1764 98.38432 -269.3762 257.4284 98.35776 -270.9951 258.4963 97.04793 -269.4098 257.4741 98.11526 -269.9774 259.1432 96.56729 -270.0428 258.4963 97.04793 -269.4098 257.4284 98.35776 -270.9951 259.1432 96.56729 -270.0428 257.7856 96.40411 -268.094 258.4963 97.04793 -269.4098 257.951 95.48729 -267.8355 257.7856 96.40411 -268.094 259.1432 96.56729 -270.0428 256.1316 98.1311 -269.0124 255.4994 96.61028 -267.4235 255.1764 98.38432 -269.3762 256.3241 97.07356 -267.8483 255.4994 96.61028 -267.4235 256.1316 98.1311 -269.0124 256.3241 97.07356 -267.8483 257.951 95.48729 -267.8355 255.4994 96.61028 -267.4235 257.7856 96.40411 -268.094 257.951 95.48729 -267.8355 256.3241 97.07356 -267.8483 254.3129 97.173 -270.5536 257.4284 98.35776 -270.9951 255.1764 98.38432 -269.3762 256.5649 97.14642 -272.1725 257.4284 98.35776 -270.9951 254.3129 97.173 -270.5536 256.5649 97.14642 -272.1725 259.1432 96.56729 -270.0428 257.4284 98.35776 -270.9951 258.2797 95.35596 -271.2203 259.1432 96.56729 -270.0428 256.5649 97.14642 -272.1725 258.2797 95.35596 -271.2203 257.951 95.48729 -267.8355 259.1432 96.56729 -270.0428 257.0874 94.27596 -269.0129 257.951 95.48729 -267.8355 258.2797 95.35596 -271.2203 255.1764 98.38432 -269.3762 254.6358 95.39894 -268.6009 254.3129 97.173 -270.5536 255.4994 96.61028 -267.4235 254.6358 95.39894 -268.6009 255.1764 98.38432 -269.3762 255.4994 96.61028 -267.4235 257.0874 94.27596 -269.0129 254.6358 95.39894 -268.6009 257.951 95.48729 -267.8355 257.0874 94.27596 -269.0129 255.4994 96.61028 -267.4235 254.8737 96.3665 -270.7276 256.5649 97.14642 -272.1725 254.3129 97.173 -270.5536 256.2162 96.35066 -271.6926 256.5649 97.14642 -272.1725 254.8737 96.3665 -270.7276 256.2162 96.35066 -271.6926 258.2797 95.35596 -271.2203 256.5649 97.14642 -272.1725 257.2384 95.28333 -271.125 258.2797 95.35596 -271.2203 256.2162 96.35066 -271.6926 257.2384 95.28333 -271.125 257.0874 94.27596 -269.0129 258.2797 95.35596 -271.2203 256.5277 94.63951 -269.8092 257.0874 94.27596 -269.0129 257.2384 95.28333 -271.125 254.3129 97.173 -270.5536 255.0662 95.30894 -269.5635 254.8737 96.3665 -270.7276 254.6358 95.39894 -268.6009 255.0662 95.30894 -269.5635 254.3129 97.173 -270.5536 254.6358 95.39894 -268.6009 256.5277 94.63951 -269.8092 255.0662 95.30894 -269.5635 257.0874 94.27596 -269.0129 256.5277 94.63951 -269.8092 254.6358 95.39894 -268.6009 370.5584 60.08032 -6.602802 372.6459 60.42505 -7.608356 371.5609 60.42505 -6.474374 372.4759 60.08032 -8.606853 372.6459 60.42505 -7.608356 370.5584 60.08032 -6.602802 372.4759 60.08032 -8.606853 374.0597 60.42505 -6.926866 372.6459 60.42505 -7.608356 374.9744 60.08032 -7.402478 374.0597 60.42505 -6.926866 372.4759 60.08032 -8.606853 374.9744 60.08032 -7.402478 373.8484 60.42505 -5.371669 374.0597 60.42505 -6.926866 374.601 60.08032 -4.654077 373.8484 60.42505 -5.371669 374.9744 60.08032 -7.402478 371.5609 60.42505 -6.474374 371.8718 60.08032 -4.159846 370.5584 60.08032 -6.602802 372.3041 60.42505 -5.092016 371.8718 60.08032 -4.159846 371.5609 60.42505 -6.474374 372.3041 60.42505 -5.092016 374.601 60.08032 -4.654077 371.8718 60.08032 -4.159846 373.8484 60.42505 -5.371669 374.601 60.08032 -4.654077 372.3041 60.42505 -5.092016 370.5584 58.27907 -6.602802 372.4759 60.08032 -8.606853 370.5584 60.08032 -6.602802 372.4759 58.27907 -8.606853 372.4759 60.08032 -8.606853 370.5584 58.27907 -6.602802 372.4759 58.27907 -8.606853 374.9744 60.08032 -7.402478 372.4759 60.08032 -8.606853 374.9744 58.27907 -7.402478 374.9744 60.08032 -7.402478 372.4759 58.27907 -8.606853 374.9744 58.27907 -7.402478 374.601 60.08032 -4.654077 374.9744 60.08032 -7.402478 374.601 58.27907 -4.654077 374.601 60.08032 -4.654077 374.9744 58.27907 -7.402478 370.5584 60.08032 -6.602802 371.8718 58.27907 -4.159846 370.5584 58.27907 -6.602802 371.8718 60.08032 -4.159846 371.8718 58.27907 -4.159846 370.5584 60.08032 -6.602802 371.8718 60.08032 -4.159846 374.601 58.27907 -4.654077 371.8718 58.27907 -4.159846 374.601 60.08032 -4.654077 374.601 58.27907 -4.654077 371.8718 60.08032 -4.159846 371.5609 57.93434 -6.474374 372.4759 58.27907 -8.606853 370.5584 58.27907 -6.602802 372.6459 57.93434 -7.608356 372.4759 58.27907 -8.606853 371.5609 57.93434 -6.474374 372.6459 57.93434 -7.608356 374.9744 58.27907 -7.402478 372.4759 58.27907 -8.606853 374.0597 57.93434 -6.926866 374.9744 58.27907 -7.402478 372.6459 57.93434 -7.608356 374.0597 57.93434 -6.926866 374.601 58.27907 -4.654077 374.9744 58.27907 -7.402478 373.8484 57.93434 -5.371669 374.601 58.27907 -4.654077 374.0597 57.93434 -6.926866 370.5584 58.27907 -6.602802 372.3041 57.93434 -5.092016 371.5609 57.93434 -6.474374 371.8718 58.27907 -4.159846 372.3041 57.93434 -5.092016 370.5584 58.27907 -6.602802 371.8718 58.27907 -4.159846 373.8484 57.93434 -5.371669 372.3041 57.93434 -5.092016 374.601 58.27907 -4.654077 373.8484 57.93434 -5.371669 371.8718 58.27907 -4.159846 341.3868 60.08032 -155.0959 343.7021 60.38144 -154.7971 342.2372 60.38144 -154.4127 344.0696 60.08032 -155.7999 343.7021 60.38144 -154.7971 341.3868 60.08032 -155.0959 344.0696 60.08032 -155.7999 344.5204 60.38144 -153.5227 343.7021 60.38144 -154.7971 345.5682 60.08032 -153.466 344.5204 60.38144 -153.5227 344.0696 60.08032 -155.7999 345.5682 60.08032 -153.466 343.5612 60.38144 -152.3506 344.5204 60.38144 -153.5227 343.8116 60.08032 -151.3195 343.5612 60.38144 -152.3506 345.5682 60.08032 -153.466 342.2372 60.38144 -154.4127 341.2273 60.08032 -152.3268 341.3868 60.08032 -155.0959 342.1501 60.38144 -152.9007 341.2273 60.08032 -152.3268 342.2372 60.38144 -154.4127 342.1501 60.38144 -152.9007 343.8116 60.08032 -151.3195 341.2273 60.08032 -152.3268 343.5612 60.38144 -152.3506 343.8116 60.08032 -151.3195 342.1501 60.38144 -152.9007 341.3868 58.27907 -155.0959 344.0696 60.08032 -155.7999 341.3868 60.08032 -155.0959 344.0696 58.27907 -155.7999 344.0696 60.08032 -155.7999 341.3868 58.27907 -155.0959 344.0696 58.27907 -155.7999 345.5682 60.08032 -153.466 344.0696 60.08032 -155.7999 345.5682 58.27907 -153.466 345.5682 60.08032 -153.466 344.0696 58.27907 -155.7999 345.5682 58.27907 -153.466 343.8116 60.08032 -151.3195 345.5682 60.08032 -153.466 343.8116 58.27907 -151.3195 343.8116 60.08032 -151.3195 345.5682 58.27907 -153.466 341.3868 60.08032 -155.0959 341.2273 58.27907 -152.3268 341.3868 58.27907 -155.0959 341.2273 60.08032 -152.3268 341.2273 58.27907 -152.3268 341.3868 60.08032 -155.0959 341.2273 60.08032 -152.3268 343.8116 58.27907 -151.3195 341.2273 58.27907 -152.3268 343.8116 60.08032 -151.3195 343.8116 58.27907 -151.3195 341.2273 60.08032 -152.3268 342.2372 57.97795 -154.4127 344.0696 58.27907 -155.7999 341.3868 58.27907 -155.0959 343.7021 57.97795 -154.7971 344.0696 58.27907 -155.7999 342.2372 57.97795 -154.4127 343.7021 57.97795 -154.7971 345.5682 58.27907 -153.466 344.0696 58.27907 -155.7999 344.5204 57.97795 -153.5227 345.5682 58.27907 -153.466 343.7021 57.97795 -154.7971 344.5204 57.97795 -153.5227 343.8116 58.27907 -151.3195 345.5682 58.27907 -153.466 343.5612 57.97795 -152.3506 343.8116 58.27907 -151.3195 344.5204 57.97795 -153.5227 341.3868 58.27907 -155.0959 342.1501 57.97795 -152.9007 342.2372 57.97795 -154.4127 341.2273 58.27907 -152.3268 342.1501 57.97795 -152.9007 341.3868 58.27907 -155.0959 341.2273 58.27907 -152.3268 343.5612 57.97795 -152.3506 342.1501 57.97795 -152.9007 343.8116 58.27907 -151.3195 343.5612 57.97795 -152.3506 341.2273 58.27907 -152.3268 338.367 60.08032 151.2114 340.7167 60.46438 151.1562 339.2068 60.46438 151.7408 340.9536 60.08032 150.21 340.7167 60.46438 151.1562 338.367 60.08032 151.2114 340.9536 60.08032 150.21 341.7392 60.46438 152.4115 340.7167 60.46438 151.1562 342.7052 60.08032 152.3605 341.7392 60.46438 152.4115 340.9536 60.08032 150.21 342.7052 60.08032 152.3605 340.8613 60.46438 153.7719 341.7392 60.46438 152.4115 341.2013 60.08032 154.691 340.8613 60.46438 153.7719 342.7052 60.08032 152.3605 339.2068 60.46438 151.7408 338.5201 60.08032 153.9808 338.367 60.08032 151.2114 339.2962 60.46438 153.3573 338.5201 60.08032 153.9808 339.2068 60.46438 151.7408 339.2962 60.46438 153.3573 341.2013 60.08032 154.691 338.5201 60.08032 153.9808 340.8613 60.46438 153.7719 341.2013 60.08032 154.691 339.2962 60.46438 153.3573 338.367 58.27907 151.2114 340.9536 60.08032 150.21 338.367 60.08032 151.2114 340.9536 58.27907 150.21 340.9536 60.08032 150.21 338.367 58.27907 151.2114 340.9536 58.27907 150.21 342.7052 60.08032 152.3605 340.9536 60.08032 150.21 342.7052 58.27907 152.3605 342.7052 60.08032 152.3605 340.9536 58.27907 150.21 342.7052 58.27907 152.3605 341.2013 60.08032 154.691 342.7052 60.08032 152.3605 341.2013 58.27907 154.691 341.2013 60.08032 154.691 342.7052 58.27907 152.3605 338.367 60.08032 151.2114 338.5201 58.27907 153.9808 338.367 58.27907 151.2114 338.5201 60.08032 153.9808 338.5201 58.27907 153.9808 338.367 60.08032 151.2114 338.5201 60.08032 153.9808 341.2013 58.27907 154.691 338.5201 58.27907 153.9808 341.2013 60.08032 154.691 341.2013 58.27907 154.691 338.5201 60.08032 153.9808 339.2068 57.89501 151.7408 340.9536 58.27907 150.21 338.367 58.27907 151.2114 340.7167 57.89501 151.1562 340.9536 58.27907 150.21 339.2068 57.89501 151.7408 340.7167 57.89501 151.1562 342.7052 58.27907 152.3605 340.9536 58.27907 150.21 341.7392 57.89501 152.4115 342.7052 58.27907 152.3605 340.7167 57.89501 151.1562 341.7392 57.89501 152.4115 341.2013 58.27907 154.691 342.7052 58.27907 152.3605 340.8613 57.89501 153.7719 341.2013 58.27907 154.691 341.7392 57.89501 152.4115 338.367 58.27907 151.2114 339.2962 57.89501 153.3573 339.2068 57.89501 151.7408 338.5201 58.27907 153.9808 339.2962 57.89501 153.3573 338.367 58.27907 151.2114 338.5201 58.27907 153.9808 340.8613 57.89501 153.7719 339.2962 57.89501 153.3573 341.2013 58.27907 154.691 340.8613 57.89501 153.7719 338.5201 58.27907 153.9808 374.9408 60.08032 4.366084 376.8481 60.34556 5.644573 375.4029 60.34556 5.379448 377.6689 60.08032 4.866573 376.8481 60.34556 5.644573 374.9408 60.08032 4.366084 377.6689 60.08032 4.866573 377.0425 60.34556 7.100944 376.8481 60.34556 5.644573 378.0359 60.08032 7.615824 377.0425 60.34556 7.100944 377.6689 60.08032 4.866573 378.0359 60.08032 7.615824 375.7175 60.34556 7.735904 377.0425 60.34556 7.100944 375.5347 60.08032 8.814466 375.7175 60.34556 7.735904 378.0359 60.08032 7.615824 375.4029 60.34556 5.379448 373.6218 60.08032 6.806016 374.9408 60.08032 4.366084 374.7041 60.34556 6.671961 373.6218 60.08032 6.806016 375.4029 60.34556 5.379448 374.7041 60.34556 6.671961 375.5347 60.08032 8.814466 373.6218 60.08032 6.806016 375.7175 60.34556 7.735904 375.5347 60.08032 8.814466 374.7041 60.34556 6.671961 374.9408 58.27907 4.366084 377.6689 60.08032 4.866573 374.9408 60.08032 4.366084 377.6689 58.27907 4.866573 377.6689 60.08032 4.866573 374.9408 58.27907 4.366084 377.6689 58.27907 4.866573 378.0359 60.08032 7.615824 377.6689 60.08032 4.866573 378.0359 58.27907 7.615824 378.0359 60.08032 7.615824 377.6689 58.27907 4.866573 378.0359 58.27907 7.615824 375.5347 60.08032 8.814466 378.0359 60.08032 7.615824 375.5347 58.27907 8.814466 375.5347 60.08032 8.814466 378.0359 58.27907 7.615824 374.9408 60.08032 4.366084 373.6218 58.27907 6.806016 374.9408 58.27907 4.366084 373.6218 60.08032 6.806016 373.6218 58.27907 6.806016 374.9408 60.08032 4.366084 373.6218 60.08032 6.806016 375.5347 58.27907 8.814466 373.6218 58.27907 6.806016 375.5347 60.08032 8.814466 375.5347 58.27907 8.814466 373.6218 60.08032 6.806016 375.4029 58.01383 5.379448 377.6689 58.27907 4.866573 374.9408 58.27907 4.366084 376.8481 58.01383 5.644573 377.6689 58.27907 4.866573 375.4029 58.01383 5.379448 376.8481 58.01383 5.644573 378.0359 58.27907 7.615824 377.6689 58.27907 4.866573 377.0425 58.01383 7.100944 378.0359 58.27907 7.615824 376.8481 58.01383 5.644573 377.0425 58.01383 7.100944 375.5347 58.27907 8.814466 378.0359 58.27907 7.615824 375.7175 58.01383 7.735904 375.5347 58.27907 8.814466 377.0425 58.01383 7.100944 374.9408 58.27907 4.366084 374.7041 58.01383 6.671961 375.4029 58.01383 5.379448 373.6218 58.27907 6.806016 374.7041 58.01383 6.671961 374.9408 58.27907 4.366084 373.6218 58.27907 6.806016 375.7175 58.01383 7.735904 374.7041 58.01383 6.671961 375.5347 58.27907 8.814466 375.7175 58.01383 7.735904 373.6218 58.27907 6.806016 337.3976 60.08032 163.5926 338.6377 60.38308 165.5192 337.4045 60.38308 164.6364 339.653 60.08032 165.207 338.6377 60.38308 165.5192 337.3976 60.08032 163.5926 339.653 60.08032 165.207 338.1793 60.38308 166.9648 338.6377 60.38308 165.5192 338.8145 60.08032 167.8509 338.1793 60.38308 166.9648 339.653 60.08032 165.207 338.8145 60.08032 167.8509 336.6628 60.38308 166.9755 338.1793 60.38308 166.9648 336.0409 60.08032 167.8705 336.6628 60.38308 166.9755 338.8145 60.08032 167.8509 337.4045 60.38308 164.6364 335.1652 60.08032 165.2387 337.3976 60.08032 163.5926 336.1839 60.38308 165.5365 335.1652 60.08032 165.2387 337.4045 60.38308 164.6364 336.1839 60.38308 165.5365 336.0409 60.08032 167.8705 335.1652 60.08032 165.2387 336.6628 60.38308 166.9755 336.0409 60.08032 167.8705 336.1839 60.38308 165.5365 337.3976 58.27907 163.5926 339.653 60.08032 165.207 337.3976 60.08032 163.5926 339.653 58.27907 165.207 339.653 60.08032 165.207 337.3976 58.27907 163.5926 339.653 58.27907 165.207 338.8145 60.08032 167.8509 339.653 60.08032 165.207 338.8145 58.27907 167.8509 338.8145 60.08032 167.8509 339.653 58.27907 165.207 338.8145 58.27907 167.8509 336.0409 60.08032 167.8705 338.8145 60.08032 167.8509 336.0409 58.27907 167.8705 336.0409 60.08032 167.8705 338.8145 58.27907 167.8509 337.3976 60.08032 163.5926 335.1652 58.27907 165.2387 337.3976 58.27907 163.5926 335.1652 60.08032 165.2387 335.1652 58.27907 165.2387 337.3976 60.08032 163.5926 335.1652 60.08032 165.2387 336.0409 58.27907 167.8705 335.1652 58.27907 165.2387 336.0409 60.08032 167.8705 336.0409 58.27907 167.8705 335.1652 60.08032 165.2387 337.4045 57.97631 164.6364 339.653 58.27907 165.207 337.3976 58.27907 163.5926 338.6377 57.97631 165.5192 339.653 58.27907 165.207 337.4045 57.97631 164.6364 338.6377 57.97631 165.5192 338.8145 58.27907 167.8509 339.653 58.27907 165.207 338.1793 57.97631 166.9648 338.8145 58.27907 167.8509 338.6377 57.97631 165.5192 338.1793 57.97631 166.9648 336.0409 58.27907 167.8705 338.8145 58.27907 167.8509 336.6628 57.97631 166.9755 336.0409 58.27907 167.8705 338.1793 57.97631 166.9648 337.3976 58.27907 163.5926 336.1839 57.97631 165.5365 337.4045 57.97631 164.6364 335.1652 58.27907 165.2387 336.1839 57.97631 165.5365 337.3976 58.27907 163.5926 335.1652 58.27907 165.2387 336.6628 57.97631 166.9755 336.1839 57.97631 165.5365 336.0409 58.27907 167.8705 336.6628 57.97631 166.9755 335.1652 58.27907 165.2387 253.349 97.60698 267.9271 255.1724 96.815 269.2514 253.8645 96.80814 268.1509 255.4714 97.61812 269.7128 255.1724 96.815 269.2514 253.349 97.60698 267.9271 255.4714 97.61812 269.7128 256.3164 95.76196 268.72 255.1724 96.815 269.2514 257.3278 95.90936 268.8504 256.3164 95.76196 268.72 255.4714 97.61812 269.7128 257.3278 95.90936 268.8504 255.7156 95.10429 267.2911 256.3164 95.76196 268.72 256.3529 94.84212 266.5318 255.7156 95.10429 267.2911 257.3278 95.90936 268.8504 253.8645 96.80814 268.1509 253.8939 95.89131 265.9611 253.349 97.60698 267.9271 254.2002 95.75085 266.9394 253.8939 95.89131 265.9611 253.8645 96.80814 268.1509 254.2002 95.75085 266.9394 256.3529 94.84212 266.5318 253.8939 95.89131 265.9611 255.7156 95.10429 267.2911 256.3529 94.84212 266.5318 254.2002 95.75085 266.9394 254.2474 98.87367 266.8499 255.4714 97.61812 269.7128 253.349 97.60698 267.9271 256.3697 98.88483 268.6356 255.4714 97.61812 269.7128 254.2474 98.87367 266.8499 256.3697 98.88483 268.6356 257.3278 95.90936 268.8504 255.4714 97.61812 269.7128 258.2262 97.17604 267.7732 257.3278 95.90936 268.8504 256.3697 98.88483 268.6356 258.2262 97.17604 267.7732 256.3529 94.84212 266.5318 257.3278 95.90936 268.8504 257.2512 96.10883 265.4546 256.3529 94.84212 266.5318 258.2262 97.17604 267.7732 253.349 97.60698 267.9271 254.7922 97.158 264.8839 254.2474 98.87367 266.8499 253.8939 95.89131 265.9611 254.7922 97.158 264.8839 253.349 97.60698 267.9271 253.8939 95.89131 265.9611 257.2512 96.10883 265.4546 254.7922 97.158 264.8839 256.3529 94.84212 266.5318 257.2512 96.10883 265.4546 253.8939 95.89131 265.9611 255.2174 98.7157 266.5287 256.3697 98.88483 268.6356 254.2474 98.87367 266.8499 256.5252 98.72256 267.6292 256.3697 98.88483 268.6356 255.2174 98.7157 266.5287 256.5252 98.72256 267.6292 258.2262 97.17604 267.7732 256.3697 98.88483 268.6356 257.6693 97.66953 267.0978 258.2262 97.17604 267.7732 256.5252 98.72256 267.6292 257.6693 97.66953 267.0978 257.2512 96.10883 265.4546 258.2262 97.17604 267.7732 257.0685 97.01184 265.6689 257.2512 96.10883 265.4546 257.6693 97.66953 267.0978 254.2474 98.87367 266.8499 255.5531 97.65842 265.3172 255.2174 98.7157 266.5287 254.7922 97.158 264.8839 255.5531 97.65842 265.3172 254.2474 98.87367 266.8499 254.7922 97.158 264.8839 257.0685 97.01184 265.6689 255.5531 97.65842 265.3172 257.2512 96.10883 265.4546 257.0685 97.01184 265.6689 254.7922 97.158 264.8839 102.5962 60.08032 356.1336 104.2194 60.54853 357.8409 102.706 60.54853 357.0128 105.0294 60.08032 357.4649 104.2194 60.54853 357.8409 102.5962 60.08032 356.1336 105.0294 60.08032 357.4649 103.8995 60.54853 359.5361 104.2194 60.54853 357.8409 104.5151 60.08032 360.1905 103.8995 60.54853 359.5361 105.0294 60.08032 357.4649 104.5151 60.08032 360.1905 102.1884 60.54853 359.7557 103.8995 60.54853 359.5361 101.764 60.08032 360.5436 102.1884 60.54853 359.7557 104.5151 60.08032 360.1905 102.706 60.54853 357.0128 100.5781 60.08032 358.0363 102.5962 60.08032 356.1336 101.4508 60.54853 358.1963 100.5781 60.08032 358.0363 102.706 60.54853 357.0128 101.4508 60.54853 358.1963 101.764 60.08032 360.5436 100.5781 60.08032 358.0363 102.1884 60.54853 359.7557 101.764 60.08032 360.5436 101.4508 60.54853 358.1963 102.5962 58.27907 356.1336 105.0294 60.08032 357.4649 102.5962 60.08032 356.1336 105.0294 58.27907 357.4649 105.0294 60.08032 357.4649 102.5962 58.27907 356.1336 105.0294 58.27907 357.4649 104.5151 60.08032 360.1905 105.0294 60.08032 357.4649 104.5151 58.27907 360.1905 104.5151 60.08032 360.1905 105.0294 58.27907 357.4649 104.5151 58.27907 360.1905 101.764 60.08032 360.5436 104.5151 60.08032 360.1905 101.764 58.27907 360.5436 101.764 60.08032 360.5436 104.5151 58.27907 360.1905 102.5962 60.08032 356.1336 100.5781 58.27907 358.0363 102.5962 58.27907 356.1336 100.5781 60.08032 358.0363 100.5781 58.27907 358.0363 102.5962 60.08032 356.1336 100.5781 60.08032 358.0363 101.764 58.27907 360.5436 100.5781 58.27907 358.0363 101.764 60.08032 360.5436 101.764 58.27907 360.5436 100.5781 60.08032 358.0363 102.706 57.81086 357.0128 105.0294 58.27907 357.4649 102.5962 58.27907 356.1336 104.2194 57.81086 357.8409 105.0294 58.27907 357.4649 102.706 57.81086 357.0128 104.2194 57.81086 357.8409 104.5151 58.27907 360.1905 105.0294 58.27907 357.4649 103.8995 57.81086 359.5361 104.5151 58.27907 360.1905 104.2194 57.81086 357.8409 103.8995 57.81086 359.5361 101.764 58.27907 360.5436 104.5151 58.27907 360.1905 102.1884 57.81086 359.7557 101.764 58.27907 360.5436 103.8995 57.81086 359.5361 102.5962 58.27907 356.1336 101.4508 57.81086 358.1963 102.706 57.81086 357.0128 100.5781 58.27907 358.0363 101.4508 57.81086 358.1963 102.5962 58.27907 356.1336 100.5781 58.27907 358.0363 102.1884 57.81086 359.7557 101.4508 57.81086 358.1963 101.764 58.27907 360.5436 102.1884 57.81086 359.7557 100.5781 58.27907 358.0363 221.6382 96.93077 298.0794 221.8106 96.66039 300.4763 221.0888 96.7059 298.9243 222.8073 96.85706 300.5934 221.8106 96.66039 300.4763 221.6382 96.93077 298.0794 222.8073 96.85706 300.5934 221.0526 95.52203 301.3726 221.8106 96.66039 300.4763 221.5797 95.01321 302.045 221.0526 95.52203 301.3726 222.8073 96.85706 300.5934 221.5797 95.01321 302.045 219.8624 94.864 300.3745 221.0526 95.52203 301.3726 219.6518 93.9474 300.4283 219.8624 94.864 300.3745 221.5797 95.01321 302.045 221.0888 96.7059 298.9243 219.688 95.13252 297.9775 221.6382 96.93077 298.0794 219.8847 95.59567 298.8613 219.688 95.13252 297.9775 221.0888 96.7059 298.9243 219.8847 95.59567 298.8613 219.6518 93.9474 300.4283 219.688 95.13252 297.9775 219.8624 94.864 300.3745 219.6518 93.9474 300.4283 219.8847 95.59567 298.8613 222.9756 95.75317 297.416 222.8073 96.85706 300.5934 221.6382 96.93077 298.0794 224.1447 95.67944 299.93 222.8073 96.85706 300.5934 222.9756 95.75317 297.416 224.1447 95.67944 299.93 221.5797 95.01321 302.045 222.8073 96.85706 300.5934 222.917 93.83562 301.3817 221.5797 95.01321 302.045 224.1447 95.67944 299.93 222.917 93.83562 301.3817 219.6518 93.9474 300.4283 221.5797 95.01321 302.045 220.9892 92.76981 299.765 219.6518 93.9474 300.4283 222.917 93.83562 301.3817 221.6382 96.93077 298.0794 221.0254 93.95491 297.3141 222.9756 95.75317 297.416 219.688 95.13252 297.9775 221.0254 93.95491 297.3141 221.6382 96.93077 298.0794 219.688 95.13252 297.9775 220.9892 92.76981 299.765 221.0254 93.95491 297.3141 219.6518 93.9474 300.4283 220.9892 92.76981 299.765 219.688 95.13252 297.9775 223.1065 94.92923 297.9234 224.1447 95.67944 299.93 222.9756 95.75317 297.416 223.8283 94.8837 299.4755 224.1447 95.67944 299.93 223.1065 94.92923 297.9234 223.8283 94.8837 299.4755 222.917 93.83562 301.3817 224.1447 95.67944 299.93 223.0704 93.74535 300.3718 222.917 93.83562 301.3817 223.8283 94.8837 299.4755 223.0704 93.74535 300.3718 220.9892 92.76981 299.765 222.917 93.83562 301.3817 221.8801 93.08733 299.3736 220.9892 92.76981 299.765 223.0704 93.74535 300.3718 222.9756 95.75317 297.416 221.9025 93.819 297.8604 223.1065 94.92923 297.9234 221.0254 93.95491 297.3141 221.9025 93.819 297.8604 222.9756 95.75317 297.416 221.0254 93.95491 297.3141 221.8801 93.08733 299.3736 221.9025 93.819 297.8604 220.9892 92.76981 299.765 221.8801 93.08733 299.3736 221.0254 93.95491 297.3141</float_array>
                    <technique_common>
                        <accessor count="1080" offset="0" source="green_3_1-geometry-POSITION-array" stride="3">
                            <param name="X" type="float" />
                            <param name="Y" type="float" />
                            <param name="Z" type="float" />
                        </accessor>
                    </technique_common>
                </source>
                <source id="green_3_1-geometry-NORMAL">
                    <float_array id="green_3_1-geometry-NORMAL-array" count="720">-0.7799177 0.6080365 0.1483916 -0.1785024 0.9296623 -0.3222806 -0.3663962 0.9277671 0.07072534 -0.3814019 0.6105527 -0.6940879 0.2513803 0.9305193 -0.2663489 0.5426494 0.6116992 -0.575635 0.3333269 0.9291835 0.1597223 0.7159234 0.6099144 0.3397912 -0.1014633 0.6076351 0.7877086 -0.0484058 0.9274651 0.3707633 -0.7799183 -0.6080357 0.1483911 -0.3814022 -0.6105524 -0.694088 0.5426508 -0.6116984 -0.5756345 0.7159237 -0.6099139 0.3397916 -0.1014638 -0.6076358 0.7877079 -0.3663959 -0.9277673 0.07072441 -0.1785024 -0.9296625 -0.32228 0.251382 -0.9305192 -0.2663477 0.3333274 -0.9291832 0.1597228 -0.04840666 -0.9274654 0.3707624 -0.8692016 0.009675785 -0.4943632 -0.359966 0.6962617 -0.6210026 -0.7251065 0.5467341 -0.4186913 -0.09700622 0.3485771 -0.9322466 -0.1249694 0.936071 -0.3288673 0.3724384 0.8717182 -0.3184291 -0.3385433 0.9400216 0.04180634 -0.07485186 0.8812088 0.4667635 -0.8465863 0.3664034 0.386057 -0.7077211 0.706449 -0.007781541 -0.2575661 -0.9562114 -0.1389948 0.4893536 -0.6502116 -0.5811694 0.994866 -0.1003745 0.01290589 0.5252288 -0.09494705 0.8456475 -0.247331 -0.6419705 0.7257418 0.1693459 -0.9802751 0.1018955 0.5415756 -0.8335255 -0.1092302 0.7941633 -0.5777998 0.1882873 0.5684506 -0.5776517 0.5858178 0.186551 -0.8302567 0.5252357 -0.7237117 0.6514795 0.2276309 -0.1693562 0.9595708 -0.2248163 -0.2759593 0.9573156 0.08598483 -0.4429988 0.6549434 -0.6122101 0.1686722 0.9599398 -0.2237526 0.4505094 0.6554088 -0.6062018 0.2753189 0.9566346 0.09513023 0.7200341 0.6500698 0.2428171 -0.005567674 0.6508598 0.7591775 -0.00116861 0.95723 0.2893258 -0.7241436 -0.6499611 0.2305786 -0.4407958 -0.6532845 -0.6155635 0.4510795 -0.6533515 -0.6079959 0.7200303 -0.6500738 0.2428177 -0.006502598 -0.6479445 0.7616599 -0.2771113 -0.9565678 0.09048425 -0.1668793 -0.9585893 -0.2307767 0.1706063 -0.9586306 -0.2278616 0.2753119 -0.9566365 0.09513059 -0.002565657 -0.9553214 0.295558 -0.3757953 0.8927662 0.2484881 0.4411258 0.8772642 0.1892498 0.05571263 0.8821336 0.4676926 0.3704539 0.8827108 -0.289112 0.7594357 0.5354734 0.3694939 0.9769514 0.2116451 0.02779091 0.5569943 0.3168638 0.7676944 0.56736 -0.2249546 0.7921477 -0.2789519 0.2304237 0.9322504 0.1204785 0.5458869 0.8291516 -0.8989697 0.1052865 -0.4251686 -0.1130697 0.09556805 -0.9889803 0.4673508 -0.6063787 -0.6433413 0.06403602 -0.9924183 0.1049054 -0.7686009 -0.5918924 0.2427265 -0.7226843 -0.3776476 -0.5788866 -0.3219468 -0.3814369 -0.8665196 -0.01064659 -0.7357182 -0.6772041 -0.2108842 -0.9367184 -0.2794395 -0.6482593 -0.728423 -0.2217201 -0.7660277 0.634206 -0.1048061 -0.05891361 0.9466589 -0.316806 -0.3197576 0.9464517 -0.04454639 -0.1387246 0.6345178 -0.760357 0.2784191 0.9483672 -0.1519293 0.6782631 0.6370891 -0.3661649 0.2271885 0.9492009 0.2177226 0.5560489 0.6383563 0.5322697 -0.33617 0.6365976 0.69407 -0.1400741 0.9480418 0.2856502 -0.7660272 -0.6342062 -0.1048085 -0.1387256 -0.6345137 -0.7603602 0.6782606 -0.6370904 -0.3661673 0.5560462 -0.6383588 0.5322694 -0.3361681 -0.6366 0.6940688 -0.319758 -0.9464513 -0.04455021 -0.0589154 -0.9466566 -0.3168128 0.2784162 -0.9483674 -0.1519333 0.2271843 -0.9492021 0.2177217 -0.1400714 -0.9480425 0.285649 -0.5792489 0.6624225 -0.4750443 0.1010206 0.9624445 -0.2519827 -0.2052249 0.9639404 -0.1694153 0.27457 0.6598162 -0.6994668 0.275355 0.9612043 0.01630374 0.7520303 0.6576841 0.04361328 0.07160793 0.9619852 0.2635463 0.1924787 0.6590233 0.7270765 -0.6300505 0.6619428 0.4060394 -0.2237725 0.9636668 0.1458495 -0.579249 -0.6624237 -0.4750427 0.2745692 -0.6598187 -0.6994649 0.75203 -0.6576843 0.04361445 0.1924786 -0.6590238 0.7270761 -0.6300498 -0.6619433 0.4060399 -0.2052223 -0.9639418 -0.1694107 0.1010177 -0.9624467 -0.2519757 0.2753484 -0.9612063 0.01630509 0.07160679 -0.9619865 0.2635419 -0.2237682 -0.963668 0.1458481 -0.662248 0.6145449 -0.4286748 0.09588463 0.9304495 -0.3536523 -0.3022855 0.9326287 -0.1970462 0.2039329 0.6116045 -0.7644287 0.3684208 0.9294277 -0.02074365 0.7909956 0.6102394 -0.04397446 0.1339683 0.9310138 0.3395084 0.2868749 0.6123638 0.7366909 -0.6109312 0.615011 0.4985223 -0.2784201 0.9329697 0.2281442 -0.6622445 -0.61455 -0.4286729 0.2039332 -0.6116075 -0.7644262 0.7909968 -0.610238 -0.04397399 0.286876 -0.612361 0.7366928 -0.6109284 -0.6150141 0.498522 -0.302281 -0.9326307 -0.1970438 0.09588566 -0.93045 -0.3536506 0.3684223 -0.9294271 -0.02074293 0.1339696 -0.9310127 0.3395107 -0.2784169 -0.9329706 0.2281445 -0.3186647 0.6788619 -0.6615129 0.1651541 0.9735832 -0.1576698 -0.1020865 0.9727724 -0.2080676 0.5304852 0.6804741 -0.50551 0.2020297 0.9730181 0.1114439 0.6448751 0.6793478 0.3501752 -0.0440472 0.9718297 0.2315317 -0.1338624 0.6770096 0.723698 -0.7296805 0.6767033 0.09817837 -0.2341063 0.9716727 0.03234981 -0.3186668 -0.6788613 -0.6615124 0.5304826 -0.6804771 -0.5055088 0.6448721 -0.6793505 0.3501756 -0.1338633 -0.6770074 0.7236999 -0.7296835 -0.6767002 0.09817816 -0.1020895 -0.9727723 -0.2080669 0.1651517 -0.9735838 -0.1576692 0.2020267 -0.9730186 0.1114452 -0.04404825 -0.9718292 0.2315336 -0.234109 -0.971672 0.03234931 -0.005361557 0.6563537 -0.7544342 0.2592967 0.9616526 -0.08938431 -0.002018573 0.9604219 -0.278542 0.7134877 0.6584523 -0.2395325 0.1601903 0.9635233 0.2143871 0.4459144 0.6616896 0.6027663 -0.157275 0.9634926 0.2166718 -0.4374332 0.6616373 0.609006 -0.7168806 0.6583576 -0.2294504 -0.2607177 0.9615992 -0.08575075 -0.005360886 -0.6563562 -0.7544321 0.7134876 -0.6584522 -0.2395333 0.4459138 -0.6616913 0.602765 -0.4374326 -0.6616387 0.6090049 -0.7168779 -0.6583619 -0.2294467 -0.002017577 -0.9604231 -0.2785381 0.259296 -0.9616527 -0.08938528 0.1601897 -0.9635237 0.2143855 -0.1572749 -0.9634926 0.2166715 -0.2607165 -0.9615999 -0.08574637 -0.9351275 0.0969604 0.3407862 -0.3566692 -0.3619956 0.8612469 -0.7841955 -0.3654606 0.5014738 -0.1757369 0.1022141 0.9791164 0.02227351 -0.7439909 0.6678184 0.4712881 -0.5872326 0.6580619 -0.1612352 -0.9667535 0.1984714 0.130386 -0.9803249 -0.1481978 -0.7248061 -0.5949327 -0.3474352 -0.655955 -0.7484135 0.09798142 -0.4179488 0.875679 -0.2418782 0.3042235 0.8792987 0.3664449 0.972089 0.2218575 0.07630384 0.6289158 -0.2207899 -0.7454641 -0.241835 0.215424 -0.9461017 0.006025963 0.9043645 -0.4267183 0.4140669 0.9065301 -0.08216845 0.798435 0.541908 -0.2623684 0.6140615 0.2977491 -0.7309405 0.1203865 0.5389058 -0.8337191 -0.1061774 0.5560573 -0.824334 0.4192371 0.8856425 -0.1996937 -0.06006055 0.8841538 -0.4633192 0.7500098 0.5576824 -0.3556342 0.3171678 0.8868074 0.3361208 0.5689137 0.5589606 0.6032415 -0.2235149 0.8860537 0.4061403 -0.3989125 0.5581321 0.7275695 -0.816439 0.5563402 -0.154638 -0.4584458 0.8844117 -0.08742643 -0.1061778 -0.5560583 -0.8243333 0.7500085 -0.5576848 -0.3556331 0.5689124 -0.5589618 0.6032416 -0.3989119 -0.5581322 0.7275698 -0.8164387 -0.5563409 -0.1546374 -0.06006104 -0.8841549 -0.4633171 0.4192356 -0.8856436 -0.1996921 0.3171667 -0.8868073 0.336122 -0.223514 -0.8860537 0.4061407 -0.4584448 -0.8844123 -0.08742525 -0.1624832 0.8945075 -0.4164801 -0.2230874 0.8748164 0.4300329 -0.4519437 0.8902261 -0.05695891 0.2376187 0.8663732 0.4392434 -0.4835773 0.4726966 0.7366892 -0.1873184 0.1519054 0.9704826 -0.8796185 0.2266681 0.4182019 -0.8708883 -0.2893499 0.3972785 -0.8597446 0.2040823 -0.468177 -0.8607255 0.5038884 -0.0724436 0.5666984 0.1778848 -0.8044936 0.9840277 0.149299 0.09695044 0.5360215 -0.5957212 0.5981615 -0.1358803 -0.990131 0.03431144 -0.120838 -0.5528637 -0.8244634 0.7064682 -0.2862928 -0.647255 0.9446944 -0.3001644 -0.1321129 0.6713703 -0.7221828 0.1664749 0.2716053 -0.9502277 -0.1526362 0.29748 -0.6981578 -0.6512152</float_array>
                    <technique_common>
                        <accessor count="240" offset="0" source="green_3_1-geometry-NORMAL-array" stride="3">
                            <param name="X" type="float" />
                            <param name="Y" type="float" />
                            <param name="Z" type="float" />
                        </accessor>
                    </technique_common>
                </source>
                <source id="green_3_1-geometry-TEXCOORD">
                    <float_array id="green_3_1-geometry-TEXCOORD-array" count="48">0.5329978 0.8286268 0.4557074 0.854826 0.5329978 0.854826 0.4557074 0.8286268 0.378417 0.854826 0.378417 0.8286268 0.3011266 0.854826 0.3011266 0.8286268 0.6102882 0.8286268 0.6102882 0.854826 0.6875786 0.8286268 0.6875786 0.854826 0.5329978 0.8285297 0.4557074 0.8547291 0.5329978 0.8547291 0.4557074 0.8285297 0.378417 0.8547291 0.378417 0.8285297 0.3011266 0.8547291 0.3011266 0.8285297 0.6102882 0.8285297 0.6102882 0.8547291 0.6875786 0.8285297 0.6875786 0.8547291</float_array>
                    <technique_common>
                        <accessor count="24" offset="0" source="green_3_1-geometry-TEXCOORD-array" stride="2">
                            <param name="S" type="float" />
                            <param name="T" type="float" />
                        </accessor>
                    </technique_common>
                </source>
                <source id="green_3_1-geometry-COLOR">
                    <float_array id="green_3_1-geometry-COLOR-array" count="24">0.5921569 0.6 0.6745098 1 1 1 0.9764706 1 0.9137255 0.8901961 0.8156863 1 0.8588235 0.8352941 0.7647059 1 0.7490196 0.7294118 0.6745098 1 0.6235294 0.6039216 0.6745098 1</float_array>
                    <technique_common>
                        <accessor count="6" offset="0" source="green_3_1-geometry-COLOR-array" stride="4">
                            <param name="R" type="double" />
                            <param name="G" type="double" />
                            <param name="B" type="double" />
                            <param name="A" type="double" />
                        </accessor>
                    </technique_common>
                </source>
                <vertices id="green_3_1-vertices">
                    <input semantic="POSITION" source="#green_3_1-geometry-POSITION" />
                </vertices>
                <triangles count="360" material="to_s1">
                    <input semantic="VERTEX" source="#green_3_1-vertices" offset="0" set="0" />
                    <input semantic="NORMAL" source="#green_3_1-geometry-NORMAL" offset="1" set="0" />
                    <input semantic="TEXCOORD" source="#green_3_1-geometry-TEXCOORD" offset="2" set="0" />
                    <input semantic="COLOR" source="#green_3_1-geometry-COLOR" offset="3" set="0" />
                    <p>2 2 2 1 1 1 1 1 0 0 0 0 5 0 0 0 4 1 1 1 3 3 3 1 8 1 1 1 7 4 4 1 6 3 3 1 11 3 3 1 10 4 4 1 9 5 5 1 14 4 4 1 13 6 6 1 12 5 5 1 17 5 5 1 16 6 6 1 15 7 7 1 20 0 0 0 19 8 8 1 18 2 2 1 23 2 2 1 22 8 8 1 21 9 9 1 26 8 8 1 25 7 10 1 24 9 9 1 29 9 9 1 28 7 10 1 27 6 11 1 32 0 14 0 31 3 13 1 30 10 12 0 35 10 12 0 34 3 13 1 33 11 15 0 38 3 13 1 37 5 16 1 36 11 15 0 41 11 15 0 40 5 16 1 39 12 17 1 44 5 16 1 43 7 18 1 42 12 17 1 47 12 17 1 46 7 18 1 45 13 19 2 50 10 12 0 49 14 20 0 48 0 14 0 53 0 14 0 52 14 20 0 51 8 21 1 56 14 20 0 55 13 22 2 54 8 21 1 59 8 21 1 58 13 22 2 57 7 23 1 62 10 14 0 61 11 13 0 60 15 12 0 65 15 12 0 64 11 13 0 63 16 15 0 68 11 13 0 67 12 16 1 66 16 15 0 71 16 15 0 70 12 16 1 69 17 17 0 74 12 16 1 73 13 18 2 72 17 17 0 77 17 17 0 76 13 18 2 75 18 19 0 80 15 12 0 79 19 20 0 78 10 14 0 83 10 14 0 82 19 20 0 81 14 21 0 86 19 20 0 85 18 22 0 84 14 21 0 89 14 21 0 88 18 22 0 87 13 23 2 92 22 2 0 91 21 1 1 90 20 0 0 95 20 0 0 94 21 1 1 93 23 3 1 98 21 1 1 97 24 4 1 96 23 3 1 101 23 3 1 100 24 4 1 99 25 5 1 104 24 4 1 103 26 6 1 102 25 5 1 107 25 5 1 106 26 6 1 105 27 7 1 110 20 0 0 109 28 8 0 108 22 2 0 113 22 2 0 112 28 8 0 111 29 9 0 116 28 8 0 115 27 10 1 114 29 9 0 119 29 9 0 118 27 10 1 117 26 11 1 122 20 14 0 121 23 13 1 120 30 12 0 125 30 12 0 124 23 13 1 123 31 15 3 128 23 13 1 127 25 16 1 126 31 15 3 131 31 15 3 130 25 16 1 129 32 17 1 134 25 16 1 133 27 18 1 132 32 17 1 137 32 17 1 136 27 18 1 135 33 19 1 140 30 12 0 139 34 20 0 138 20 14 0 143 20 14 0 142 34 20 0 141 28 21 0 146 34 20 0 145 33 22 1 144 28 21 0 149 28 21 0 148 33 22 1 147 27 23 1 152 30 14 0 151 31 13 3 150 35 12 0 155 35 12 0 154 31 13 3 153 36 15 0 158 31 13 3 157 32 16 1 156 36 15 0 161 36 15 0 160 32 16 1 159 37 17 1 164 32 16 1 163 33 18 1 162 37 17 1 167 37 17 1 166 33 18 1 165 38 19 0 170 35 12 0 169 39 20 0 168 30 14 0 173 30 14 0 172 39 20 0 171 34 21 0 176 39 20 0 175 38 22 0 174 34 21 0 179 34 21 0 178 38 22 0 177 33 23 1 182 42 2 1 181 41 1 1 180 40 0 0 185 40 0 0 184 41 1 1 183 43 3 1 188 41 1 1 187 44 4 1 186 43 3 1 191 43 3 1 190 44 4 1 189 45 5 1 194 44 4 1 193 46 6 1 192 45 5 1 197 45 5 1 196 46 6 1 195 47 7 1 200 40 0 0 199 48 8 1 198 42 2 1 203 42 2 1 202 48 8 1 201 49 9 1 206 48 8 1 205 47 10 1 204 49 9 1 209 49 9 1 208 47 10 1 207 46 11 1 212 40 14 0 211 43 13 1 210 50 12 0 215 50 12 0 214 43 13 1 213 51 15 0 218 43 13 1 217 45 16 1 216 51 15 0 221 51 15 0 220 45 16 1 219 52 17 0 224 45 16 1 223 47 18 1 222 52 17 0 227 52 17 0 226 47 18 1 225 53 19 4 230 50 12 0 229 54 20 0 228 40 14 0 233 40 14 0 232 54 20 0 231 48 21 1 236 54 20 0 235 53 22 4 234 48 21 1 239 48 21 1 238 53 22 4 237 47 23 1 242 50 14 0 241 51 13 0 240 55 12 0 245 55 12 0 244 51 13 0 243 56 15 0 248 51 13 0 247 52 16 0 246 56 15 0 251 56 15 0 250 52 16 0 249 57 17 0 254 52 16 0 253 53 18 4 252 57 17 0 257 57 17 0 256 53 18 4 255 58 19 0 260 55 12 0 259 59 20 0 258 50 14 0 263 50 14 0 262 59 20 0 261 54 21 0 266 59 20 0 265 58 22 0 264 54 21 0 269 54 21 0 268 58 22 0 267 53 23 4 272 62 2 1 271 61 1 1 270 60 0 1 275 60 0 1 274 61 1 1 273 63 3 1 278 61 1 1 277 64 4 1 276 63 3 1 281 63 3 1 280 64 4 1 279 65 5 1 284 64 4 1 283 66 6 1 282 65 5 1 287 65 5 1 286 66 6 1 285 67 7 1 290 60 0 1 289 68 8 0 288 62 2 1 293 62 2 1 292 68 8 0 291 69 9 1 296 68 8 0 295 67 10 1 294 69 9 1 299 69 9 1 298 67 10 1 297 66 11 1 302 60 14 1 301 63 13 1 300 70 12 0 305 70 12 0 304 63 13 1 303 71 15 1 308 63 13 1 307 65 16 1 306 71 15 1 311 71 15 1 310 65 16 1 309 72 17 1 314 65 16 1 313 67 18 1 312 72 17 1 317 72 17 1 316 67 18 1 315 73 19 0 320 70 12 0 319 74 20 0 318 60 14 1 323 60 14 1 322 74 20 0 321 68 21 0 326 74 20 0 325 73 22 0 324 68 21 0 329 68 21 0 328 73 22 0 327 67 23 1 332 70 14 0 331 71 13 1 330 75 12 0 335 75 12 0 334 71 13 1 333 76 15 0 338 71 13 1 337 72 16 1 336 76 15 0 341 76 15 0 340 72 16 1 339 77 17 0 344 72 16 1 343 73 18 0 342 77 17 0 347 77 17 0 346 73 18 0 345 78 19 0 350 75 12 0 349 79 20 0 348 70 14 0 353 70 14 0 352 79 20 0 351 74 21 0 356 79 20 0 355 78 22 0 354 74 21 0 359 74 21 0 358 78 22 0 357 73 23 0 362 82 2 1 361 81 1 1 360 80 0 0 365 80 0 0 364 81 1 1 363 83 3 1 368 81 1 1 367 84 4 1 366 83 3 1 371 83 3 1 370 84 4 1 369 85 5 1 374 84 4 1 373 86 6 1 372 85 5 1 377 85 5 1 376 86 6 1 375 87 7 1 380 80 0 0 379 88 8 1 378 82 2 1 383 82 2 1 382 88 8 1 381 89 9 1 386 88 8 1 385 87 10 1 384 89 9 1 389 89 9 1 388 87 10 1 387 86 11 1 392 80 14 0 391 83 13 1 390 90 12 0 395 90 12 0 394 83 13 1 393 91 15 0 398 83 13 1 397 85 16 1 396 91 15 0 401 91 15 0 400 85 16 1 399 92 17 1 404 85 16 1 403 87 18 1 402 92 17 1 407 92 17 1 406 87 18 1 405 93 19 0 410 90 12 0 409 94 20 0 408 80 14 0 413 80 14 0 412 94 20 0 411 88 21 1 416 94 20 0 415 93 22 0 414 88 21 1 419 88 21 1 418 93 22 0 417 87 23 1 422 90 14 0 421 91 13 0 420 95 12 0 425 95 12 0 424 91 13 0 423 96 15 0 428 91 13 0 427 92 16 1 426 96 15 0 431 96 15 0 430 92 16 1 429 97 17 0 434 92 16 1 433 93 18 0 432 97 17 0 437 97 17 0 436 93 18 0 435 98 19 0 440 95 12 0 439 99 20 0 438 90 14 0 443 90 14 0 442 99 20 0 441 94 21 0 446 99 20 0 445 98 22 0 444 94 21 0 449 94 21 0 448 98 22 0 447 93 23 0 452 102 2 1 451 101 1 1 450 100 0 1 455 100 0 1 454 101 1 1 453 103 3 1 458 101 1 1 457 104 4 1 456 103 3 1 461 103 3 1 460 104 4 1 459 105 5 1 464 104 4 1 463 106 6 1 462 105 5 1 467 105 5 1 466 106 6 1 465 107 7 1 470 100 0 1 469 108 8 0 468 102 2 1 473 102 2 1 472 108 8 0 471 109 9 1 476 108 8 0 475 107 10 1 474 109 9 1 479 109 9 1 478 107 10 1 477 106 11 1 482 100 14 1 481 103 13 1 480 110 12 0 485 110 12 0 484 103 13 1 483 111 15 0 488 103 13 1 487 105 16 1 486 111 15 0 491 111 15 0 490 105 16 1 489 112 17 1 494 105 16 1 493 107 18 1 492 112 17 1 497 112 17 1 496 107 18 1 495 113 19 0 500 110 12 0 499 114 20 0 498 100 14 1 503 100 14 1 502 114 20 0 501 108 21 0 506 114 20 0 505 113 22 0 504 108 21 0 509 108 21 0 508 113 22 0 507 107 23 1 512 110 14 0 511 111 13 0 510 115 12 0 515 115 12 0 514 111 13 0 513 116 15 0 518 111 13 0 517 112 16 1 516 116 15 0 521 116 15 0 520 112 16 1 519 117 17 0 524 112 16 1 523 113 18 0 522 117 17 0 527 117 17 0 526 113 18 0 525 118 19 0 530 115 12 0 529 119 20 0 528 110 14 0 533 110 14 0 532 119 20 0 531 114 21 0 536 119 20 0 535 118 22 0 534 114 21 0 539 114 21 0 538 118 22 0 537 113 23 0 542 122 2 1 541 121 1 1 540 120 0 1 545 120 0 1 544 121 1 1 543 123 3 1 548 121 1 1 547 124 4 1 546 123 3 1 551 123 3 1 550 124 4 1 549 125 5 1 554 124 4 1 553 126 6 1 552 125 5 1 557 125 5 1 556 126 6 1 555 127 7 1 560 120 0 1 559 128 8 0 558 122 2 1 563 122 2 1 562 128 8 0 561 129 9 1 566 128 8 0 565 127 10 1 564 129 9 1 569 129 9 1 568 127 10 1 567 126 11 1 572 120 14 1 571 123 13 1 570 130 12 0 575 130 12 0 574 123 13 1 573 131 15 0 578 123 13 1 577 125 16 1 576 131 15 0 581 131 15 0 580 125 16 1 579 132 17 1 584 125 16 1 583 127 18 1 582 132 17 1 587 132 17 1 586 127 18 1 585 133 19 0 590 130 12 0 589 134 20 0 588 120 14 1 593 120 14 1 592 134 20 0 591 128 21 0 596 134 20 0 595 133 22 0 594 128 21 0 599 128 21 0 598 133 22 0 597 127 23 1 602 130 14 0 601 131 13 0 600 135 12 0 605 135 12 0 604 131 13 0 603 136 15 0 608 131 13 0 607 132 16 1 606 136 15 0 611 136 15 0 610 132 16 1 609 137 17 0 614 132 16 1 613 133 18 0 612 137 17 0 617 137 17 0 616 133 18 0 615 138 19 0 620 135 12 0 619 139 20 0 618 130 14 0 623 130 14 0 622 139 20 0 621 134 21 0 626 139 20 0 625 138 22 0 624 134 21 0 629 134 21 0 628 138 22 0 627 133 23 0 632 142 2 1 631 141 1 1 630 140 0 1 635 140 0 1 634 141 1 1 633 143 3 1 638 141 1 1 637 144 4 1 636 143 3 1 641 143 3 1 640 144 4 1 639 145 5 1 644 144 4 1 643 146 6 1 642 145 5 1 647 145 5 1 646 146 6 1 645 147 7 1 650 140 0 1 649 148 8 0 648 142 2 1 653 142 2 1 652 148 8 0 651 149 9 1 656 148 8 0 655 147 10 1 654 149 9 1 659 149 9 1 658 147 10 1 657 146 11 1 662 140 14 1 661 143 13 1 660 150 12 0 665 150 12 0 664 143 13 1 663 151 15 5 668 143 13 1 667 145 16 1 666 151 15 5 671 151 15 5 670 145 16 1 669 152 17 0 674 145 16 1 673 147 18 1 672 152 17 0 677 152 17 0 676 147 18 1 675 153 19 0 680 150 12 0 679 154 20 0 678 140 14 1 683 140 14 1 682 154 20 0 681 148 21 0 686 154 20 0 685 153 22 0 684 148 21 0 689 148 21 0 688 153 22 0 687 147 23 1 692 150 14 0 691 151 13 5 690 155 12 0 695 155 12 0 694 151 13 5 693 156 15 0 698 151 13 5 697 152 16 0 696 156 15 0 701 156 15 0 700 152 16 0 699 157 17 0 704 152 16 0 703 153 18 0 702 157 17 0 707 157 17 0 706 153 18 0 705 158 19 0 710 155 12 0 709 159 20 0 708 150 14 0 713 150 14 0 712 159 20 0 711 154 21 0 716 159 20 0 715 158 22 0 714 154 21 0 719 154 21 0 718 158 22 0 717 153 23 0 722 162 2 1 721 161 1 1 720 160 0 1 725 160 0 1 724 161 1 1 723 163 3 1 728 161 1 1 727 164 4 1 726 163 3 1 731 163 3 1 730 164 4 1 729 165 5 1 734 164 4 1 733 166 6 1 732 165 5 1 737 165 5 1 736 166 6 1 735 167 7 0 740 160 0 1 739 168 8 0 738 162 2 1 743 162 2 1 742 168 8 0 741 169 9 1 746 168 8 0 745 167 10 0 744 169 9 1 749 169 9 1 748 167 10 0 747 166 11 1 752 160 14 1 751 163 13 1 750 170 12 0 755 170 12 0 754 163 13 1 753 171 15 1 758 163 13 1 757 165 16 1 756 171 15 1 761 171 15 1 760 165 16 1 759 172 17 0 764 165 16 1 763 167 18 0 762 172 17 0 767 172 17 0 766 167 18 0 765 173 19 0 770 170 12 0 769 174 20 0 768 160 14 1 773 160 14 1 772 174 20 0 771 168 21 0 776 174 20 0 775 173 22 0 774 168 21 0 779 168 21 0 778 173 22 0 777 167 23 0 782 170 14 0 781 171 13 1 780 175 12 0 785 175 12 0 784 171 13 1 783 176 15 0 788 171 13 1 787 172 16 0 786 176 15 0 791 176 15 0 790 172 16 0 789 177 17 0 794 172 16 0 793 173 18 0 792 177 17 0 797 177 17 0 796 173 18 0 795 178 19 0 800 175 12 0 799 179 20 0 798 170 14 0 803 170 14 0 802 179 20 0 801 174 21 0 806 179 20 0 805 178 22 0 804 174 21 0 809 174 21 0 808 178 22 0 807 173 23 0 812 182 2 0 811 181 1 0 810 180 0 0 815 180 0 0 814 181 1 0 813 183 3 0 818 181 1 0 817 184 4 0 816 183 3 0 821 183 3 0 820 184 4 0 819 185 5 0 824 184 4 0 823 186 6 0 822 185 5 0 827 185 5 0 826 186 6 0 825 187 7 0 830 180 0 0 829 188 8 0 828 182 2 0 833 182 2 0 832 188 8 0 831 189 9 0 836 188 8 0 835 187 10 0 834 189 9 0 839 189 9 0 838 187 10 0 837 186 11 0 842 180 14 0 841 183 13 0 840 190 12 1 845 190 12 1 844 183 13 0 843 191 15 1 848 183 13 0 847 185 16 0 846 191 15 1 851 191 15 1 850 185 16 0 849 192 17 1 854 185 16 0 853 187 18 0 852 192 17 1 857 192 17 1 856 187 18 0 855 193 19 1 860 190 12 1 859 194 20 1 858 180 14 0 863 180 14 0 862 194 20 1 861 188 21 0 866 194 20 1 865 193 22 1 864 188 21 0 869 188 21 0 868 193 22 1 867 187 23 0 872 190 14 1 871 191 13 1 870 195 12 1 875 195 12 1 874 191 13 1 873 196 15 1 878 191 13 1 877 192 16 1 876 196 15 1 881 196 15 1 880 192 16 1 879 197 17 1 884 192 16 1 883 193 18 1 882 197 17 1 887 197 17 1 886 193 18 1 885 198 19 1 890 195 12 1 889 199 20 1 888 190 14 1 893 190 14 1 892 199 20 1 891 194 21 1 896 199 20 1 895 198 22 1 894 194 21 1 899 194 21 1 898 198 22 1 897 193 23 1 902 202 2 1 901 201 1 1 900 200 0 1 905 200 0 1 904 201 1 1 903 203 3 1 908 201 1 1 907 204 4 1 906 203 3 1 911 203 3 1 910 204 4 1 909 205 5 1 914 204 4 1 913 206 6 1 912 205 5 1 917 205 5 1 916 206 6 1 915 207 7 0 920 200 0 1 919 208 8 0 918 202 2 1 923 202 2 1 922 208 8 0 921 209 9 1 926 208 8 0 925 207 10 0 924 209 9 1 929 209 9 1 928 207 10 0 927 206 11 1 932 200 14 1 931 203 13 1 930 210 12 0 935 210 12 0 934 203 13 1 933 211 15 1 938 203 13 1 937 205 16 1 936 211 15 1 941 211 15 1 940 205 16 1 939 212 17 0 944 205 16 1 943 207 18 0 942 212 17 0 947 212 17 0 946 207 18 0 945 213 19 0 950 210 12 0 949 214 20 0 948 200 14 1 953 200 14 1 952 214 20 0 951 208 21 0 956 214 20 0 955 213 22 0 954 208 21 0 959 208 21 0 958 213 22 0 957 207 23 0 962 210 14 0 961 211 13 1 960 215 12 0 965 215 12 0 964 211 13 1 963 216 15 0 968 211 13 1 967 212 16 0 966 216 15 0 971 216 15 0 970 212 16 0 969 217 17 0 974 212 16 0 973 213 18 0 972 217 17 0 977 217 17 0 976 213 18 0 975 218 19 0 980 215 12 0 979 219 20 0 978 210 14 0 983 210 14 0 982 219 20 0 981 214 21 0 986 219 20 0 985 218 22 0 984 214 21 0 989 214 21 0 988 218 22 0 987 213 23 0 992 222 2 1 991 221 1 1 990 220 0 1 995 220 0 1 994 221 1 1 993 223 3 1 998 221 1 1 997 224 4 0 996 223 3 1 1001 223 3 1 1000 224 4 0 999 225 5 0 1004 224 4 0 1003 226 6 0 1002 225 5 0 1007 225 5 0 1006 226 6 0 1005 227 7 0 1010 220 0 1 1009 228 8 0 1008 222 2 1 1013 222 2 1 1012 228 8 0 1011 229 9 0 1016 228 8 0 1015 227 10 0 1014 229 9 0 1019 229 9 0 1018 227 10 0 1017 226 11 0 1022 220 14 1 1021 223 13 1 1020 230 12 1 1025 230 12 1 1024 223 13 1 1023 231 15 1 1028 223 13 1 1027 225 16 0 1026 231 15 1 1031 231 15 1 1030 225 16 0 1029 232 17 0 1034 225 16 0 1033 227 18 0 1032 232 17 0 1037 232 17 0 1036 227 18 0 1035 233 19 0 1040 230 12 1 1039 234 20 0 1038 220 14 1 1043 220 14 1 1042 234 20 0 1041 228 21 0 1046 234 20 0 1045 233 22 0 1044 228 21 0 1049 228 21 0 1048 233 22 0 1047 227 23 0 1052 230 14 1 1051 231 13 1 1050 235 12 1 1055 235 12 1 1054 231 13 1 1053 236 15 1 1058 231 13 1 1057 232 16 0 1056 236 15 1 1061 236 15 1 1060 232 16 0 1059 237 17 0 1064 232 16 0 1063 233 18 0 1062 237 17 0 1067 237 17 0 1066 233 18 0 1065 238 19 0 1070 235 12 1 1069 239 20 0 1068 230 14 1 1073 230 14 1 1072 239 20 0 1071 234 21 0 1076 239 20 0 1075 238 22 0 1074 234 21 0 1079 234 21 0 1078 238 22 0 1077 233 23 0</p>
                </triangles>
            </mesh>
        </geometry>
        <geometry id="green_3_2-geometry" name="green_3_2">
            <mesh>
                <source id="green_3_2-geometry-POSITION">
                    <float_array id="green_3_2-geometry-POSITION-array" count="11016">197.1904 97.56454 -310.4583 197.1045 110.6272 -310.1356 197.1904 110.6272 -310.4583 197.1045 97.56454 -310.1356 197.1045 110.6272 -310.1356 197.1904 97.56454 -310.4583 197.1045 97.56454 -310.1356 196.7819 110.6272 -310.2215 197.1045 110.6272 -310.1356 196.7819 97.56454 -310.2215 196.7819 110.6272 -310.2215 197.1045 97.56454 -310.1356 196.7819 97.56454 -310.2215 196.8677 97.56454 -310.5441 196.8677 110.6272 -310.5441 196.7819 97.56454 -310.2215 196.8677 110.6272 -310.5441 196.7819 110.6272 -310.2215 140.8553 97.56454 -340.8058 140.9411 97.56454 -341.1284 140.9411 110.6272 -341.1284 140.8553 97.56454 -340.8058 140.9411 110.6272 -341.1284 140.8553 110.6272 -340.8058 168.7177 103.7037 -325.6513 168.8036 103.7037 -325.9739 168.8036 116.7663 -325.9739 168.7177 103.7037 -325.6513 168.8036 116.7663 -325.9739 168.7177 116.7663 -325.6513 308.5834 97.56454 -199.3409 308.7964 97.56454 -199.5979 308.7964 110.6272 -199.5979 308.5834 97.56454 -199.3409 308.7964 110.6272 -199.5979 308.5834 110.6272 -199.3409 270.5984 97.56454 -250.53 270.8114 97.56454 -250.7871 270.8114 110.6272 -250.7871 270.5984 97.56454 -250.53 270.8114 110.6272 -250.7871 270.5984 110.6272 -250.53 289.448 103.0588 -225.0619 289.661 103.0588 -225.319 289.661 116.1214 -225.319 289.448 103.0588 -225.0619 289.661 116.1214 -225.319 289.448 116.1214 -225.0619 364.1324 97.56454 -48.66287 364.4347 97.56454 -48.8045 364.4347 110.6272 -48.8045 364.1324 97.56454 -48.66287 364.4347 110.6272 -48.8045 364.1324 110.6272 -48.66287 351.6124 97.56454 -111.1644 351.9147 97.56454 -111.306 351.9147 110.6272 -111.306 351.6124 97.56454 -111.1644 351.9147 110.6272 -111.306 351.6124 110.6272 -111.1644 357.9513 103.1147 -80.03905 358.2537 103.1147 -80.18067 358.2537 116.1774 -80.18067 357.9513 103.1147 -80.03905 358.2537 116.1774 -80.18067 357.9513 116.1774 -80.03905 350.3897 97.56454 110.3972 350.7235 97.56454 110.3972 350.7235 110.6272 110.3972 350.3897 97.56454 110.3972 350.7235 110.6272 110.3972 350.3897 110.6272 110.3972 365.5651 97.56454 48.48678 365.8989 97.56454 48.48678 365.8989 110.6272 48.48678 365.5651 97.56454 48.48678 365.8989 110.6272 48.48678 365.5651 110.6272 48.48678 358.0302 103.2831 79.35508 358.3641 103.2831 79.35508 358.3641 116.3458 79.35508 358.0302 103.2831 79.35508 358.3641 116.3458 79.35508 358.0302 116.3458 79.35508 270.0372 97.56454 249.079 270.3393 97.56454 249.2212 270.3393 110.6272 249.2212 270.0372 97.56454 249.079 270.3393 110.6272 249.2212 270.0372 110.6272 249.079 310.1285 97.56454 199.5222 310.4306 97.56454 199.6643 310.4306 110.6272 199.6643 310.1285 97.56454 199.5222 310.4306 110.6272 199.6643 310.1285 110.6272 199.5222 290.134 103.0789 224.1767 290.4361 103.0789 224.3188 290.4361 116.1416 224.3188 290.134 103.0789 224.1767 290.4361 116.1416 224.3188 290.134 116.1416 224.1767 141.545 97.56454 339.0066 141.7603 97.56454 339.2618 141.7603 110.6272 339.2618 141.545 97.56454 339.0066 141.7603 110.6272 339.2618 141.545 110.6272 339.0066 198.6517 97.56454 310.6868 198.867 97.56454 310.942 198.867 110.6272 310.942 198.6517 97.56454 310.6868 198.867 110.6272 310.942 198.6517 110.6272 310.6868 170.166 103.1831 324.9685 170.3812 103.1831 325.2237 170.3812 116.2458 325.2237 170.166 103.1831 324.9685 170.3812 116.2458 325.2237 170.166 116.2458 324.9685 197.1904 110.6272 -310.4583 196.8677 110.6272 -310.5441 196.8677 97.56454 -310.5441 197.1904 110.6272 -310.4583 196.8677 97.56454 -310.5441 197.1904 97.56454 -310.4583 196.0328 95.23146 -311.2367 194.7632 96.11177 -309.7127 195.6941 95.23146 -309.9638 195.3498 96.11177 -311.9173 194.7632 96.11177 -309.7127 196.0328 95.23146 -311.2367 195.3498 96.11177 -311.9173 194.4225 97.31432 -309.6207 194.7632 96.11177 -309.7127 195.0998 97.31432 -312.1664 194.4225 97.31432 -309.6207 195.3498 96.11177 -311.9173 195.0998 97.31432 -312.1664 194.7632 98.51685 -309.7127 194.4225 97.31432 -309.6207 195.3498 98.51685 -311.9173 194.7632 98.51685 -309.7127 195.0998 97.31432 -312.1664 195.3498 98.51685 -311.9173 195.6941 99.39717 -309.9638 194.7632 98.51685 -309.7127 196.0328 99.39717 -311.2367 195.6941 99.39717 -309.9638 195.3498 98.51685 -311.9173 195.6941 95.23146 -309.9638 196.3792 96.11177 -308.1023 196.6271 95.23146 -309.0341 194.7632 96.11177 -309.7127 196.3792 96.11177 -308.1023 195.6941 95.23146 -309.9638 194.7632 96.11177 -309.7127 196.2884 97.31432 -307.7613 196.3792 96.11177 -308.1023 194.4225 97.31432 -309.6207 196.2884 97.31432 -307.7613 194.7632 96.11177 -309.7127 194.4225 97.31432 -309.6207 196.3792 98.51685 -308.1023 196.2884 97.31432 -307.7613 194.7632 98.51685 -309.7127 196.3792 98.51685 -308.1023 194.4225 97.31432 -309.6207 194.7632 98.51685 -309.7127 196.6271 99.39717 -309.0341 196.3792 98.51685 -308.1023 195.6941 99.39717 -309.9638 196.6271 99.39717 -309.0341 194.7632 98.51685 -309.7127 196.6271 95.23146 -309.0341 198.5817 96.11177 -308.6966 197.8987 95.23146 -309.3772 196.3792 96.11177 -308.1023 198.5817 96.11177 -308.6966 196.6271 95.23146 -309.0341 196.3792 96.11177 -308.1023 198.8317 97.31432 -308.4475 198.5817 96.11177 -308.6966 196.2884 97.31432 -307.7613 198.8317 97.31432 -308.4475 196.3792 96.11177 -308.1023 196.2884 97.31432 -307.7613 198.5817 98.51685 -308.6966 198.8317 97.31432 -308.4475 196.3792 98.51685 -308.1023 198.5817 98.51685 -308.6966 196.2884 97.31432 -307.7613 196.3792 98.51685 -308.1023 197.8987 99.39717 -309.3772 198.5817 98.51685 -308.6966 196.6271 99.39717 -309.0341 197.8987 99.39717 -309.3772 196.3792 98.51685 -308.1023 197.8987 95.23146 -309.3772 199.1683 96.11177 -310.9013 198.2374 95.23146 -310.6501 198.5817 96.11177 -308.6966 199.1683 96.11177 -310.9013 197.8987 95.23146 -309.3772 198.5817 96.11177 -308.6966 199.5091 97.31432 -310.9932 199.1683 96.11177 -310.9013 198.8317 97.31432 -308.4475 199.5091 97.31432 -310.9932 198.5817 96.11177 -308.6966 198.8317 97.31432 -308.4475 199.1683 98.51685 -310.9013 199.5091 97.31432 -310.9932 198.5817 98.51685 -308.6966 199.1683 98.51685 -310.9013 198.8317 97.31432 -308.4475 198.5817 98.51685 -308.6966 198.2374 99.39717 -310.6501 199.1683 98.51685 -310.9013 197.8987 99.39717 -309.3772 198.2374 99.39717 -310.6501 198.5817 98.51685 -308.6966 198.2374 95.23146 -310.6501 197.5524 96.11177 -312.5116 197.3044 95.23146 -311.5798 199.1683 96.11177 -310.9013 197.5524 96.11177 -312.5116 198.2374 95.23146 -310.6501 199.1683 96.11177 -310.9013 197.6431 97.31432 -312.8527 197.5524 96.11177 -312.5116 199.5091 97.31432 -310.9932 197.6431 97.31432 -312.8527 199.1683 96.11177 -310.9013 199.5091 97.31432 -310.9932 197.5524 98.51685 -312.5116 197.6431 97.31432 -312.8527 199.1683 98.51685 -310.9013 197.5524 98.51685 -312.5116 199.5091 97.31432 -310.9932 199.1683 98.51685 -310.9013 197.3044 99.39717 -311.5798 197.5524 98.51685 -312.5116 198.2374 99.39717 -310.6501 197.3044 99.39717 -311.5798 199.1683 98.51685 -310.9013 197.3044 95.23146 -311.5798 195.3498 96.11177 -311.9173 196.0328 95.23146 -311.2367 197.5524 96.11177 -312.5116 195.3498 96.11177 -311.9173 197.3044 95.23146 -311.5798 197.5524 96.11177 -312.5116 195.0998 97.31432 -312.1664 195.3498 96.11177 -311.9173 197.6431 97.31432 -312.8527 195.0998 97.31432 -312.1664 197.5524 96.11177 -312.5116 197.6431 97.31432 -312.8527 195.3498 98.51685 -311.9173 195.0998 97.31432 -312.1664 197.5524 98.51685 -312.5116 195.3498 98.51685 -311.9173 197.6431 97.31432 -312.8527 197.5524 98.51685 -312.5116 196.0328 99.39717 -311.2367 195.3498 98.51685 -311.9173 197.3044 99.39717 -311.5798 196.0328 99.39717 -311.2367 197.5524 98.51685 -312.5116 196.9658 94.90926 -310.307 196.0328 95.23146 -311.2367 195.6941 95.23146 -309.9638 196.9658 94.90926 -310.307 195.6941 95.23146 -309.9638 196.6271 95.23146 -309.0341 196.9658 94.90926 -310.307 196.6271 95.23146 -309.0341 197.8987 95.23146 -309.3772 196.9658 94.90926 -310.307 197.8987 95.23146 -309.3772 198.2374 95.23146 -310.6501 196.9658 94.90926 -310.307 198.2374 95.23146 -310.6501 197.3044 95.23146 -311.5798 196.9658 94.90926 -310.307 197.3044 95.23146 -311.5798 196.0328 95.23146 -311.2367 196.9658 99.71938 -310.307 195.6941 99.39717 -309.9638 196.0328 99.39717 -311.2367 196.9658 99.71938 -310.307 196.6271 99.39717 -309.0341 195.6941 99.39717 -309.9638 196.9658 99.71938 -310.307 197.8987 99.39717 -309.3772 196.6271 99.39717 -309.0341 196.9658 99.71938 -310.307 198.2374 99.39717 -310.6501 197.8987 99.39717 -309.3772 196.9658 99.71938 -310.307 197.3044 99.39717 -311.5798 198.2374 99.39717 -310.6501 196.9658 99.71938 -310.307 196.0328 99.39717 -311.2367 197.3044 99.39717 -311.5798 141.2638 97.56454 -341.0426 141.1779 110.6272 -340.7199 141.2638 110.6272 -341.0426 141.1779 97.56454 -340.7199 141.1779 110.6272 -340.7199 141.2638 97.56454 -341.0426 141.1779 97.56454 -340.7199 140.8553 110.6272 -340.8058 141.1779 110.6272 -340.7199 140.8553 97.56454 -340.8058 140.8553 110.6272 -340.8058 141.1779 97.56454 -340.7199 141.2638 110.6272 -341.0426 140.9411 110.6272 -341.1284 140.9411 97.56454 -341.1284 141.2638 110.6272 -341.0426 140.9411 97.56454 -341.1284 141.2638 97.56454 -341.0426 140.1062 95.23146 -341.821 138.8366 96.11177 -340.297 139.7675 95.23146 -340.5482 139.4232 96.11177 -342.5016 138.8366 96.11177 -340.297 140.1062 95.23146 -341.821 139.4232 96.11177 -342.5016 138.4958 97.31432 -340.205 138.8366 96.11177 -340.297 139.1732 97.31432 -342.7508 138.4958 97.31432 -340.205 139.4232 96.11177 -342.5016 139.1732 97.31432 -342.7508 138.8366 98.51685 -340.297 138.4958 97.31432 -340.205 139.4232 98.51685 -342.5016 138.8366 98.51685 -340.297 139.1732 97.31432 -342.7508 139.4232 98.51685 -342.5016 139.7675 99.39717 -340.5482 138.8366 98.51685 -340.297 140.1062 99.39717 -341.821 139.7675 99.39717 -340.5482 139.4232 98.51685 -342.5016 139.7675 95.23146 -340.5482 140.4525 96.11177 -338.6866 140.7005 95.23146 -339.6184 138.8366 96.11177 -340.297 140.4525 96.11177 -338.6866 139.7675 95.23146 -340.5482 138.8366 96.11177 -340.297 140.3618 97.31432 -338.3456 140.4525 96.11177 -338.6866 138.4958 97.31432 -340.205 140.3618 97.31432 -338.3456 138.8366 96.11177 -340.297 138.4958 97.31432 -340.205 140.4525 98.51685 -338.6866 140.3618 97.31432 -338.3456 138.8366 98.51685 -340.297 140.4525 98.51685 -338.6866 138.4958 97.31432 -340.205 138.8366 98.51685 -340.297 140.7005 99.39717 -339.6184 140.4525 98.51685 -338.6866 139.7675 99.39717 -340.5482 140.7005 99.39717 -339.6184 138.8366 98.51685 -340.297 140.7005 95.23146 -339.6184 142.6551 96.11177 -339.2809 141.9721 95.23146 -339.9615 140.4525 96.11177 -338.6866 142.6551 96.11177 -339.2809 140.7005 95.23146 -339.6184 140.4525 96.11177 -338.6866 142.9051 97.31432 -339.0318 142.6551 96.11177 -339.2809 140.3618 97.31432 -338.3456 142.9051 97.31432 -339.0318 140.4525 96.11177 -338.6866 140.3618 97.31432 -338.3456 142.6551 98.51685 -339.2809 142.9051 97.31432 -339.0318 140.4525 98.51685 -338.6866 142.6551 98.51685 -339.2809 140.3618 97.31432 -338.3456 140.4525 98.51685 -338.6866 141.9721 99.39717 -339.9615 142.6551 98.51685 -339.2809 140.7005 99.39717 -339.6184 141.9721 99.39717 -339.9615 140.4525 98.51685 -338.6866 141.9721 95.23146 -339.9615 143.2417 96.11177 -341.4856 142.3108 95.23146 -341.2344 142.6551 96.11177 -339.2809 143.2417 96.11177 -341.4856 141.9721 95.23146 -339.9615 142.6551 96.11177 -339.2809 143.5825 97.31432 -341.5775 143.2417 96.11177 -341.4856 142.9051 97.31432 -339.0318 143.5825 97.31432 -341.5775 142.6551 96.11177 -339.2809 142.9051 97.31432 -339.0318 143.2417 98.51685 -341.4856 143.5825 97.31432 -341.5775 142.6551 98.51685 -339.2809 143.2417 98.51685 -341.4856 142.9051 97.31432 -339.0318 142.6551 98.51685 -339.2809 142.3108 99.39717 -341.2344 143.2417 98.51685 -341.4856 141.9721 99.39717 -339.9615 142.3108 99.39717 -341.2344 142.6551 98.51685 -339.2809 142.3108 95.23146 -341.2344 141.6257 96.11177 -343.0959 141.3778 95.23146 -342.1642 143.2417 96.11177 -341.4856 141.6257 96.11177 -343.0959 142.3108 95.23146 -341.2344 143.2417 96.11177 -341.4856 141.7165 97.31432 -343.437 141.6257 96.11177 -343.0959 143.5825 97.31432 -341.5775 141.7165 97.31432 -343.437 143.2417 96.11177 -341.4856 143.5825 97.31432 -341.5775 141.6257 98.51685 -343.0959 141.7165 97.31432 -343.437 143.2417 98.51685 -341.4856 141.6257 98.51685 -343.0959 143.5825 97.31432 -341.5775 143.2417 98.51685 -341.4856 141.3778 99.39717 -342.1642 141.6257 98.51685 -343.0959 142.3108 99.39717 -341.2344 141.3778 99.39717 -342.1642 143.2417 98.51685 -341.4856 141.3778 95.23146 -342.1642 139.4232 96.11177 -342.5016 140.1062 95.23146 -341.821 141.6257 96.11177 -343.0959 139.4232 96.11177 -342.5016 141.3778 95.23146 -342.1642 141.6257 96.11177 -343.0959 139.1732 97.31432 -342.7508 139.4232 96.11177 -342.5016 141.7165 97.31432 -343.437 139.1732 97.31432 -342.7508 141.6257 96.11177 -343.0959 141.7165 97.31432 -343.437 139.4232 98.51685 -342.5016 139.1732 97.31432 -342.7508 141.6257 98.51685 -343.0959 139.4232 98.51685 -342.5016 141.7165 97.31432 -343.437 141.6257 98.51685 -343.0959 140.1062 99.39717 -341.821 139.4232 98.51685 -342.5016 141.3778 99.39717 -342.1642 140.1062 99.39717 -341.821 141.6257 98.51685 -343.0959 141.0391 94.90926 -340.8913 140.1062 95.23146 -341.821 139.7675 95.23146 -340.5482 141.0391 94.90926 -340.8913 139.7675 95.23146 -340.5482 140.7005 95.23146 -339.6184 141.0391 94.90926 -340.8913 140.7005 95.23146 -339.6184 141.9721 95.23146 -339.9615 141.0391 94.90926 -340.8913 141.9721 95.23146 -339.9615 142.3108 95.23146 -341.2344 141.0391 94.90926 -340.8913 142.3108 95.23146 -341.2344 141.3778 95.23146 -342.1642 141.0391 94.90926 -340.8913 141.3778 95.23146 -342.1642 140.1062 95.23146 -341.821 141.0391 99.71938 -340.8913 139.7675 99.39717 -340.5482 140.1062 99.39717 -341.821 141.0391 99.71938 -340.8913 140.7005 99.39717 -339.6184 139.7675 99.39717 -340.5482 141.0391 99.71938 -340.8913 141.9721 99.39717 -339.9615 140.7005 99.39717 -339.6184 141.0391 99.71938 -340.8913 142.3108 99.39717 -341.2344 141.9721 99.39717 -339.9615 141.0391 99.71938 -340.8913 141.3778 99.39717 -342.1642 142.3108 99.39717 -341.2344 141.0391 99.71938 -340.8913 140.1062 99.39717 -341.821 141.3778 99.39717 -342.1642 169.1262 103.7037 -325.8881 169.0404 116.7663 -325.5655 169.1262 116.7663 -325.8881 169.0404 103.7037 -325.5655 169.0404 116.7663 -325.5655 169.1262 103.7037 -325.8881 169.0404 103.7037 -325.5655 168.7177 116.7663 -325.6513 169.0404 116.7663 -325.5655 168.7177 103.7037 -325.6513 168.7177 116.7663 -325.6513 169.0404 103.7037 -325.5655 169.1262 116.7663 -325.8881 168.8036 116.7663 -325.9739 168.8036 103.7037 -325.9739 169.1262 116.7663 -325.8881 168.8036 103.7037 -325.9739 169.1262 103.7037 -325.8881 168.019 99.47949 -326.8443 166.7494 100.3598 -325.3203 167.6804 99.47949 -325.5714 167.336 100.3598 -327.5249 166.7494 100.3598 -325.3203 168.019 99.47949 -326.8443 167.336 100.3598 -327.5249 166.4087 101.5623 -325.2283 166.7494 100.3598 -325.3203 167.0861 101.5623 -327.774 166.4087 101.5623 -325.2283 167.336 100.3598 -327.5249 167.0861 101.5623 -327.774 166.7494 102.7649 -325.3203 166.4087 101.5623 -325.2283 167.336 102.7649 -327.5249 166.7494 102.7649 -325.3203 167.0861 101.5623 -327.774 167.336 102.7649 -327.5249 167.6804 103.6452 -325.5714 166.7494 102.7649 -325.3203 168.019 103.6452 -326.8443 167.6804 103.6452 -325.5714 167.336 102.7649 -327.5249 167.6804 99.47949 -325.5714 168.3654 100.3598 -323.7099 168.6133 99.47949 -324.6417 166.7494 100.3598 -325.3203 168.3654 100.3598 -323.7099 167.6804 99.47949 -325.5714 166.7494 100.3598 -325.3203 168.2747 101.5623 -323.3689 168.3654 100.3598 -323.7099 166.4087 101.5623 -325.2283 168.2747 101.5623 -323.3689 166.7494 100.3598 -325.3203 166.4087 101.5623 -325.2283 168.3654 102.7649 -323.7099 168.2747 101.5623 -323.3689 166.7494 102.7649 -325.3203 168.3654 102.7649 -323.7099 166.4087 101.5623 -325.2283 166.7494 102.7649 -325.3203 168.6133 103.6452 -324.6417 168.3654 102.7649 -323.7099 167.6804 103.6452 -325.5714 168.6133 103.6452 -324.6417 166.7494 102.7649 -325.3203 168.6133 99.47949 -324.6417 170.568 100.3598 -324.3042 169.885 99.47949 -324.9848 168.3654 100.3598 -323.7099 170.568 100.3598 -324.3042 168.6133 99.47949 -324.6417 168.3654 100.3598 -323.7099 170.818 101.5623 -324.0551 170.568 100.3598 -324.3042 168.2747 101.5623 -323.3689 170.818 101.5623 -324.0551 168.3654 100.3598 -323.7099 168.2747 101.5623 -323.3689 170.568 102.7649 -324.3042 170.818 101.5623 -324.0551 168.3654 102.7649 -323.7099 170.568 102.7649 -324.3042 168.2747 101.5623 -323.3689 168.3654 102.7649 -323.7099 169.885 103.6452 -324.9848 170.568 102.7649 -324.3042 168.6133 103.6452 -324.6417 169.885 103.6452 -324.9848 168.3654 102.7649 -323.7099 169.885 99.47949 -324.9848 171.1546 100.3598 -326.5089 170.2237 99.47949 -326.2577 170.568 100.3598 -324.3042 171.1546 100.3598 -326.5089 169.885 99.47949 -324.9848 170.568 100.3598 -324.3042 171.4953 101.5623 -326.6008 171.1546 100.3598 -326.5089 170.818 101.5623 -324.0551 171.4953 101.5623 -326.6008 170.568 100.3598 -324.3042 170.818 101.5623 -324.0551 171.1546 102.7649 -326.5089 171.4953 101.5623 -326.6008 170.568 102.7649 -324.3042 171.1546 102.7649 -326.5089 170.818 101.5623 -324.0551 170.568 102.7649 -324.3042 170.2237 103.6452 -326.2577 171.1546 102.7649 -326.5089 169.885 103.6452 -324.9848 170.2237 103.6452 -326.2577 170.568 102.7649 -324.3042 170.2237 99.47949 -326.2577 169.5386 100.3598 -328.1192 169.2907 99.47949 -327.1874 171.1546 100.3598 -326.5089 169.5386 100.3598 -328.1192 170.2237 99.47949 -326.2577 171.1546 100.3598 -326.5089 169.6294 101.5623 -328.4603 169.5386 100.3598 -328.1192 171.4953 101.5623 -326.6008 169.6294 101.5623 -328.4603 171.1546 100.3598 -326.5089 171.4953 101.5623 -326.6008 169.5386 102.7649 -328.1192 169.6294 101.5623 -328.4603 171.1546 102.7649 -326.5089 169.5386 102.7649 -328.1192 171.4953 101.5623 -326.6008 171.1546 102.7649 -326.5089 169.2907 103.6452 -327.1874 169.5386 102.7649 -328.1192 170.2237 103.6452 -326.2577 169.2907 103.6452 -327.1874 171.1546 102.7649 -326.5089 169.2907 99.47949 -327.1874 167.336 100.3598 -327.5249 168.019 99.47949 -326.8443 169.5386 100.3598 -328.1192 167.336 100.3598 -327.5249 169.2907 99.47949 -327.1874 169.5386 100.3598 -328.1192 167.0861 101.5623 -327.774 167.336 100.3598 -327.5249 169.6294 101.5623 -328.4603 167.0861 101.5623 -327.774 169.5386 100.3598 -328.1192 169.6294 101.5623 -328.4603 167.336 102.7649 -327.5249 167.0861 101.5623 -327.774 169.5386 102.7649 -328.1192 167.336 102.7649 -327.5249 169.6294 101.5623 -328.4603 169.5386 102.7649 -328.1192 168.019 103.6452 -326.8443 167.336 102.7649 -327.5249 169.2907 103.6452 -327.1874 168.019 103.6452 -326.8443 169.5386 102.7649 -328.1192 168.952 99.15729 -325.9146 168.019 99.47949 -326.8443 167.6804 99.47949 -325.5714 168.952 99.15729 -325.9146 167.6804 99.47949 -325.5714 168.6133 99.47949 -324.6417 168.952 99.15729 -325.9146 168.6133 99.47949 -324.6417 169.885 99.47949 -324.9848 168.952 99.15729 -325.9146 169.885 99.47949 -324.9848 170.2237 99.47949 -326.2577 168.952 99.15729 -325.9146 170.2237 99.47949 -326.2577 169.2907 99.47949 -327.1874 168.952 99.15729 -325.9146 169.2907 99.47949 -327.1874 168.019 99.47949 -326.8443 168.952 103.9674 -325.9146 167.6804 103.6452 -325.5714 168.019 103.6452 -326.8443 168.952 103.9674 -325.9146 168.6133 103.6452 -324.6417 167.6804 103.6452 -325.5714 168.952 103.9674 -325.9146 169.885 103.6452 -324.9848 168.6133 103.6452 -324.6417 168.952 103.9674 -325.9146 170.2237 103.6452 -326.2577 169.885 103.6452 -324.9848 168.952 103.9674 -325.9146 169.2907 103.6452 -327.1874 170.2237 103.6452 -326.2577 168.952 103.9674 -325.9146 168.019 103.6452 -326.8443 169.2907 103.6452 -327.1874 309.0535 97.56454 -199.3849 308.8404 110.6272 -199.1278 309.0535 110.6272 -199.3849 308.8404 97.56454 -199.1278 308.8404 110.6272 -199.1278 309.0535 97.56454 -199.3849 308.8404 97.56454 -199.1278 308.5834 110.6272 -199.3409 308.8404 110.6272 -199.1278 308.5834 97.56454 -199.3409 308.5834 110.6272 -199.3409 308.8404 97.56454 -199.1278 309.0535 110.6272 -199.3849 308.7964 110.6272 -199.5979 308.7964 97.56454 -199.5979 309.0535 110.6272 -199.3849 308.7964 97.56454 -199.5979 309.0535 97.56454 -199.3849 308.3281 95.23146 -200.5765 306.5371 96.11177 -199.724 307.4876 95.23146 -199.5623 307.9928 96.11177 -201.4805 306.5371 96.11177 -199.724 308.3281 95.23146 -200.5765 307.9928 96.11177 -201.4805 306.1891 97.31432 -199.7831 306.5371 96.11177 -199.724 307.8701 97.31432 -201.8114 306.1891 97.31432 -199.7831 307.9928 96.11177 -201.4805 307.8701 97.31432 -201.8114 306.5371 98.51685 -199.724 306.1891 97.31432 -199.7831 307.9928 98.51685 -201.4805 306.5371 98.51685 -199.724 307.8701 97.31432 -201.8114 307.9928 98.51685 -201.4805 307.4876 99.39717 -199.5623 306.5371 98.51685 -199.724 308.3281 99.39717 -200.5765 307.4876 99.39717 -199.5623 307.9928 98.51685 -201.4805 307.4876 95.23146 -199.5623 307.3304 96.11177 -197.585 307.9457 95.23146 -198.3274 306.5371 96.11177 -199.724 307.3304 96.11177 -197.585 307.4876 95.23146 -199.5623 306.5371 96.11177 -199.724 307.1052 97.31432 -197.3133 307.3304 96.11177 -197.585 306.1891 97.31432 -199.7831 307.1052 97.31432 -197.3133 306.5371 96.11177 -199.724 306.1891 97.31432 -199.7831 307.3304 98.51685 -197.585 307.1052 97.31432 -197.3133 306.5371 98.51685 -199.724 307.3304 98.51685 -197.585 306.1891 97.31432 -199.7831 306.5371 98.51685 -199.724 307.9457 99.39717 -198.3274 307.3304 98.51685 -197.585 307.4876 99.39717 -199.5623 307.9457 99.39717 -198.3274 306.5371 98.51685 -199.724 307.9457 95.23146 -198.3274 309.5795 96.11177 -197.2026 309.2442 95.23146 -198.1066 307.3304 96.11177 -197.585 309.5795 96.11177 -197.2026 307.9457 95.23146 -198.3274 307.3304 96.11177 -197.585 309.7022 97.31432 -196.8717 309.5795 96.11177 -197.2026 307.1052 97.31432 -197.3133 309.7022 97.31432 -196.8717 307.3304 96.11177 -197.585 307.1052 97.31432 -197.3133 309.5795 98.51685 -197.2026 309.7022 97.31432 -196.8717 307.3304 98.51685 -197.585 309.5795 98.51685 -197.2026 307.1052 97.31432 -197.3133 307.3304 98.51685 -197.585 309.2442 99.39717 -198.1066 309.5795 98.51685 -197.2026 307.9457 99.39717 -198.3274 309.2442 99.39717 -198.1066 307.3304 98.51685 -197.585 309.2442 95.23146 -198.1066 311.0352 96.11177 -198.9592 310.0846 95.23146 -199.1208 309.5795 96.11177 -197.2026 311.0352 96.11177 -198.9592 309.2442 95.23146 -198.1066 309.5795 96.11177 -197.2026 311.3831 97.31432 -198.9 311.0352 96.11177 -198.9592 309.7022 97.31432 -196.8717 311.3831 97.31432 -198.9 309.5795 96.11177 -197.2026 309.7022 97.31432 -196.8717 311.0352 98.51685 -198.9592 311.3831 97.31432 -198.9 309.5795 98.51685 -197.2026 311.0352 98.51685 -198.9592 309.7022 97.31432 -196.8717 309.5795 98.51685 -197.2026 310.0846 99.39717 -199.1208 311.0352 98.51685 -198.9592 309.2442 99.39717 -198.1066 310.0846 99.39717 -199.1208 309.5795 98.51685 -197.2026 310.0846 95.23146 -199.1208 310.2419 96.11177 -201.0981 309.6266 95.23146 -200.3557 311.0352 96.11177 -198.9592 310.2419 96.11177 -201.0981 310.0846 95.23146 -199.1208 311.0352 96.11177 -198.9592 310.4671 97.31432 -201.3698 310.2419 96.11177 -201.0981 311.3831 97.31432 -198.9 310.4671 97.31432 -201.3698 311.0352 96.11177 -198.9592 311.3831 97.31432 -198.9 310.2419 98.51685 -201.0981 310.4671 97.31432 -201.3698 311.0352 98.51685 -198.9592 310.2419 98.51685 -201.0981 311.3831 97.31432 -198.9 311.0352 98.51685 -198.9592 309.6266 99.39717 -200.3557 310.2419 98.51685 -201.0981 310.0846 99.39717 -199.1208 309.6266 99.39717 -200.3557 311.0352 98.51685 -198.9592 309.6266 95.23146 -200.3557 307.9928 96.11177 -201.4805 308.3281 95.23146 -200.5765 310.2419 96.11177 -201.0981 307.9928 96.11177 -201.4805 309.6266 95.23146 -200.3557 310.2419 96.11177 -201.0981 307.8701 97.31432 -201.8114 307.9928 96.11177 -201.4805 310.4671 97.31432 -201.3698 307.8701 97.31432 -201.8114 310.2419 96.11177 -201.0981 310.4671 97.31432 -201.3698 307.9928 98.51685 -201.4805 307.8701 97.31432 -201.8114 310.2419 98.51685 -201.0981 307.9928 98.51685 -201.4805 310.4671 97.31432 -201.3698 310.2419 98.51685 -201.0981 308.3281 99.39717 -200.5765 307.9928 98.51685 -201.4805 309.6266 99.39717 -200.3557 308.3281 99.39717 -200.5765 310.2419 98.51685 -201.0981 308.7861 94.90926 -199.3416 308.3281 95.23146 -200.5765 307.4876 95.23146 -199.5623 308.7861 94.90926 -199.3416 307.4876 95.23146 -199.5623 307.9457 95.23146 -198.3274 308.7861 94.90926 -199.3416 307.9457 95.23146 -198.3274 309.2442 95.23146 -198.1066 308.7861 94.90926 -199.3416 309.2442 95.23146 -198.1066 310.0846 95.23146 -199.1208 308.7861 94.90926 -199.3416 310.0846 95.23146 -199.1208 309.6266 95.23146 -200.3557 308.7861 94.90926 -199.3416 309.6266 95.23146 -200.3557 308.3281 95.23146 -200.5765 308.7861 99.71938 -199.3416 307.4876 99.39717 -199.5623 308.3281 99.39717 -200.5765 308.7861 99.71938 -199.3416 307.9457 99.39717 -198.3274 307.4876 99.39717 -199.5623 308.7861 99.71938 -199.3416 309.2442 99.39717 -198.1066 307.9457 99.39717 -198.3274 308.7861 99.71938 -199.3416 310.0846 99.39717 -199.1208 309.2442 99.39717 -198.1066 308.7861 99.71938 -199.3416 309.6266 99.39717 -200.3557 310.0846 99.39717 -199.1208 308.7861 99.71938 -199.3416 308.3281 99.39717 -200.5765 309.6266 99.39717 -200.3557 271.0685 97.56454 -250.5741 270.8555 110.6272 -250.317 271.0685 110.6272 -250.5741 270.8555 97.56454 -250.317 270.8555 110.6272 -250.317 271.0685 97.56454 -250.5741 270.8555 97.56454 -250.317 270.5984 110.6272 -250.53 270.8555 110.6272 -250.317 270.5984 97.56454 -250.53 270.5984 110.6272 -250.53 270.8555 97.56454 -250.317 271.0685 110.6272 -250.5741 270.8114 110.6272 -250.7871 270.8114 97.56454 -250.7871 271.0685 110.6272 -250.5741 270.8114 97.56454 -250.7871 271.0685 97.56454 -250.5741 270.3431 95.23146 -251.7657 268.5521 96.11177 -250.9131 269.5027 95.23146 -250.7515 270.0078 96.11177 -252.6697 268.5521 96.11177 -250.9131 270.3431 95.23146 -251.7657 270.0078 96.11177 -252.6697 268.2042 97.31432 -250.9723 268.5521 96.11177 -250.9131 269.8851 97.31432 -253.0006 268.2042 97.31432 -250.9723 270.0078 96.11177 -252.6697 269.8851 97.31432 -253.0006 268.5521 98.51685 -250.9131 268.2042 97.31432 -250.9723 270.0078 98.51685 -252.6697 268.5521 98.51685 -250.9131 269.8851 97.31432 -253.0006 270.0078 98.51685 -252.6697 269.5027 99.39717 -250.7515 268.5521 98.51685 -250.9131 270.3431 99.39717 -251.7657 269.5027 99.39717 -250.7515 270.0078 98.51685 -252.6697 269.5027 95.23146 -250.7515 269.3455 96.11177 -248.7742 269.9607 95.23146 -249.5166 268.5521 96.11177 -250.9131 269.3455 96.11177 -248.7742 269.5027 95.23146 -250.7515 268.5521 96.11177 -250.9131 269.1203 97.31432 -248.5024 269.3455 96.11177 -248.7742 268.2042 97.31432 -250.9723 269.1203 97.31432 -248.5024 268.5521 96.11177 -250.9131 268.2042 97.31432 -250.9723 269.3455 98.51685 -248.7742 269.1203 97.31432 -248.5024 268.5521 98.51685 -250.9131 269.3455 98.51685 -248.7742 268.2042 97.31432 -250.9723 268.5521 98.51685 -250.9131 269.9607 99.39717 -249.5166 269.3455 98.51685 -248.7742 269.5027 99.39717 -250.7515 269.9607 99.39717 -249.5166 268.5521 98.51685 -250.9131 269.9607 95.23146 -249.5166 271.5945 96.11177 -248.3918 271.2592 95.23146 -249.2958 269.3455 96.11177 -248.7742 271.5945 96.11177 -248.3918 269.9607 95.23146 -249.5166 269.3455 96.11177 -248.7742 271.7173 97.31432 -248.0609 271.5945 96.11177 -248.3918 269.1203 97.31432 -248.5024 271.7173 97.31432 -248.0609 269.3455 96.11177 -248.7742 269.1203 97.31432 -248.5024 271.5945 98.51685 -248.3918 271.7173 97.31432 -248.0609 269.3455 98.51685 -248.7742 271.5945 98.51685 -248.3918 269.1203 97.31432 -248.5024 269.3455 98.51685 -248.7742 271.2592 99.39717 -249.2958 271.5945 98.51685 -248.3918 269.9607 99.39717 -249.5166 271.2592 99.39717 -249.2958 269.3455 98.51685 -248.7742 271.2592 95.23146 -249.2958 273.0503 96.11177 -250.1483 272.0997 95.23146 -250.3099 271.5945 96.11177 -248.3918 273.0503 96.11177 -250.1483 271.2592 95.23146 -249.2958 271.5945 96.11177 -248.3918 273.3982 97.31432 -250.0891 273.0503 96.11177 -250.1483 271.7173 97.31432 -248.0609 273.3982 97.31432 -250.0891 271.5945 96.11177 -248.3918 271.7173 97.31432 -248.0609 273.0503 98.51685 -250.1483 273.3982 97.31432 -250.0891 271.5945 98.51685 -248.3918 273.0503 98.51685 -250.1483 271.7173 97.31432 -248.0609 271.5945 98.51685 -248.3918 272.0997 99.39717 -250.3099 273.0503 98.51685 -250.1483 271.2592 99.39717 -249.2958 272.0997 99.39717 -250.3099 271.5945 98.51685 -248.3918 272.0997 95.23146 -250.3099 272.2569 96.11177 -252.2873 271.6416 95.23146 -251.5449 273.0503 96.11177 -250.1483 272.2569 96.11177 -252.2873 272.0997 95.23146 -250.3099 273.0503 96.11177 -250.1483 272.4821 97.31432 -252.559 272.2569 96.11177 -252.2873 273.3982 97.31432 -250.0891 272.4821 97.31432 -252.559 273.0503 96.11177 -250.1483 273.3982 97.31432 -250.0891 272.2569 98.51685 -252.2873 272.4821 97.31432 -252.559 273.0503 98.51685 -250.1483 272.2569 98.51685 -252.2873 273.3982 97.31432 -250.0891 273.0503 98.51685 -250.1483 271.6416 99.39717 -251.5449 272.2569 98.51685 -252.2873 272.0997 99.39717 -250.3099 271.6416 99.39717 -251.5449 273.0503 98.51685 -250.1483 271.6416 95.23146 -251.5449 270.0078 96.11177 -252.6697 270.3431 95.23146 -251.7657 272.2569 96.11177 -252.2873 270.0078 96.11177 -252.6697 271.6416 95.23146 -251.5449 272.2569 96.11177 -252.2873 269.8851 97.31432 -253.0006 270.0078 96.11177 -252.6697 272.4821 97.31432 -252.559 269.8851 97.31432 -253.0006 272.2569 96.11177 -252.2873 272.4821 97.31432 -252.559 270.0078 98.51685 -252.6697 269.8851 97.31432 -253.0006 272.2569 98.51685 -252.2873 270.0078 98.51685 -252.6697 272.4821 97.31432 -252.559 272.2569 98.51685 -252.2873 270.3431 99.39717 -251.7657 270.0078 98.51685 -252.6697 271.6416 99.39717 -251.5449 270.3431 99.39717 -251.7657 272.2569 98.51685 -252.2873 270.8012 94.90926 -250.5307 270.3431 95.23146 -251.7657 269.5027 95.23146 -250.7515 270.8012 94.90926 -250.5307 269.5027 95.23146 -250.7515 269.9607 95.23146 -249.5166 270.8012 94.90926 -250.5307 269.9607 95.23146 -249.5166 271.2592 95.23146 -249.2958 270.8012 94.90926 -250.5307 271.2592 95.23146 -249.2958 272.0997 95.23146 -250.3099 270.8012 94.90926 -250.5307 272.0997 95.23146 -250.3099 271.6416 95.23146 -251.5449 270.8012 94.90926 -250.5307 271.6416 95.23146 -251.5449 270.3431 95.23146 -251.7657 270.8012 99.71938 -250.5307 269.5027 99.39717 -250.7515 270.3431 99.39717 -251.7657 270.8012 99.71938 -250.5307 269.9607 99.39717 -249.5166 269.5027 99.39717 -250.7515 270.8012 99.71938 -250.5307 271.2592 99.39717 -249.2958 269.9607 99.39717 -249.5166 270.8012 99.71938 -250.5307 272.0997 99.39717 -250.3099 271.2592 99.39717 -249.2958 270.8012 99.71938 -250.5307 271.6416 99.39717 -251.5449 272.0997 99.39717 -250.3099 270.8012 99.71938 -250.5307 270.3431 99.39717 -251.7657 271.6416 99.39717 -251.5449 289.9181 103.0588 -225.1059 289.705 116.1214 -224.8488 289.9181 116.1214 -225.1059 289.705 103.0588 -224.8488 289.705 116.1214 -224.8488 289.9181 103.0588 -225.1059 289.705 103.0588 -224.8488 289.448 116.1214 -225.0619 289.705 116.1214 -224.8488 289.448 103.0588 -225.0619 289.448 116.1214 -225.0619 289.705 103.0588 -224.8488 289.9181 116.1214 -225.1059 289.661 116.1214 -225.319 289.661 103.0588 -225.319 289.9181 116.1214 -225.1059 289.661 103.0588 -225.319 289.9181 103.0588 -225.1059 289.221 98.71584 -226.3495 287.43 99.59615 -225.497 288.3805 98.71584 -225.3354 288.8857 99.59615 -227.2535 287.43 99.59615 -225.497 289.221 98.71584 -226.3495 288.8857 99.59615 -227.2535 287.082 100.7987 -225.5562 287.43 99.59615 -225.497 288.7629 100.7987 -227.5844 287.082 100.7987 -225.5562 288.8857 99.59615 -227.2535 288.7629 100.7987 -227.5844 287.43 102.0012 -225.497 287.082 100.7987 -225.5562 288.8857 102.0012 -227.2535 287.43 102.0012 -225.497 288.7629 100.7987 -227.5844 288.8857 102.0012 -227.2535 288.3805 102.8815 -225.3354 287.43 102.0012 -225.497 289.221 102.8815 -226.3495 288.3805 102.8815 -225.3354 288.8857 102.0012 -227.2535 288.3805 98.71584 -225.3354 288.2233 99.59615 -223.358 288.8386 98.71584 -224.1004 287.43 99.59615 -225.497 288.2233 99.59615 -223.358 288.3805 98.71584 -225.3354 287.43 99.59615 -225.497 287.9981 100.7987 -223.0863 288.2233 99.59615 -223.358 287.082 100.7987 -225.5562 287.9981 100.7987 -223.0863 287.43 99.59615 -225.497 287.082 100.7987 -225.5562 288.2233 102.0012 -223.358 287.9981 100.7987 -223.0863 287.43 102.0012 -225.497 288.2233 102.0012 -223.358 287.082 100.7987 -225.5562 287.43 102.0012 -225.497 288.8386 102.8815 -224.1004 288.2233 102.0012 -223.358 288.3805 102.8815 -225.3354 288.8386 102.8815 -224.1004 287.43 102.0012 -225.497 288.8386 98.71584 -224.1004 290.4724 99.59615 -222.9756 290.1371 98.71584 -223.8797 288.2233 99.59615 -223.358 290.4724 99.59615 -222.9756 288.8386 98.71584 -224.1004 288.2233 99.59615 -223.358 290.5951 100.7987 -222.6447 290.4724 99.59615 -222.9756 287.9981 100.7987 -223.0863 290.5951 100.7987 -222.6447 288.2233 99.59615 -223.358 287.9981 100.7987 -223.0863 290.4724 102.0012 -222.9756 290.5951 100.7987 -222.6447 288.2233 102.0012 -223.358 290.4724 102.0012 -222.9756 287.9981 100.7987 -223.0863 288.2233 102.0012 -223.358 290.1371 102.8815 -223.8797 290.4724 102.0012 -222.9756 288.8386 102.8815 -224.1004 290.1371 102.8815 -223.8797 288.2233 102.0012 -223.358 290.1371 98.71584 -223.8797 291.9281 99.59615 -224.7322 290.9775 98.71584 -224.8938 290.4724 99.59615 -222.9756 291.9281 99.59615 -224.7322 290.1371 98.71584 -223.8797 290.4724 99.59615 -222.9756 292.276 100.7987 -224.673 291.9281 99.59615 -224.7322 290.5951 100.7987 -222.6447 292.276 100.7987 -224.673 290.4724 99.59615 -222.9756 290.5951 100.7987 -222.6447 291.9281 102.0012 -224.7322 292.276 100.7987 -224.673 290.4724 102.0012 -222.9756 291.9281 102.0012 -224.7322 290.5951 100.7987 -222.6447 290.4724 102.0012 -222.9756 290.9775 102.8815 -224.8938 291.9281 102.0012 -224.7322 290.1371 102.8815 -223.8797 290.9775 102.8815 -224.8938 290.4724 102.0012 -222.9756 290.9775 98.71584 -224.8938 291.1347 99.59615 -226.8711 290.5195 98.71584 -226.1287 291.9281 99.59615 -224.7322 291.1347 99.59615 -226.8711 290.9775 98.71584 -224.8938 291.9281 99.59615 -224.7322 291.3599 100.7987 -227.1429 291.1347 99.59615 -226.8711 292.276 100.7987 -224.673 291.3599 100.7987 -227.1429 291.9281 99.59615 -224.7322 292.276 100.7987 -224.673 291.1347 102.0012 -226.8711 291.3599 100.7987 -227.1429 291.9281 102.0012 -224.7322 291.1347 102.0012 -226.8711 292.276 100.7987 -224.673 291.9281 102.0012 -224.7322 290.5195 102.8815 -226.1287 291.1347 102.0012 -226.8711 290.9775 102.8815 -224.8938 290.5195 102.8815 -226.1287 291.9281 102.0012 -224.7322 290.5195 98.71584 -226.1287 288.8857 99.59615 -227.2535 289.221 98.71584 -226.3495 291.1347 99.59615 -226.8711 288.8857 99.59615 -227.2535 290.5195 98.71584 -226.1287 291.1347 99.59615 -226.8711 288.7629 100.7987 -227.5844 288.8857 99.59615 -227.2535 291.3599 100.7987 -227.1429 288.7629 100.7987 -227.5844 291.1347 99.59615 -226.8711 291.3599 100.7987 -227.1429 288.8857 102.0012 -227.2535 288.7629 100.7987 -227.5844 291.1347 102.0012 -226.8711 288.8857 102.0012 -227.2535 291.3599 100.7987 -227.1429 291.1347 102.0012 -226.8711 289.221 102.8815 -226.3495 288.8857 102.0012 -227.2535 290.5195 102.8815 -226.1287 289.221 102.8815 -226.3495 291.1347 102.0012 -226.8711 289.679 98.39362 -225.1146 289.221 98.71584 -226.3495 288.3805 98.71584 -225.3354 289.679 98.39362 -225.1146 288.3805 98.71584 -225.3354 288.8386 98.71584 -224.1004 289.679 98.39362 -225.1146 288.8386 98.71584 -224.1004 290.1371 98.71584 -223.8797 289.679 98.39362 -225.1146 290.1371 98.71584 -223.8797 290.9775 98.71584 -224.8938 289.679 98.39362 -225.1146 290.9775 98.71584 -224.8938 290.5195 98.71584 -226.1287 289.679 98.39362 -225.1146 290.5195 98.71584 -226.1287 289.221 98.71584 -226.3495 289.679 103.2038 -225.1146 288.3805 102.8815 -225.3354 289.221 102.8815 -226.3495 289.679 103.2038 -225.1146 288.8386 102.8815 -224.1004 288.3805 102.8815 -225.3354 289.679 103.2038 -225.1146 290.1371 102.8815 -223.8797 288.8386 102.8815 -224.1004 289.679 103.2038 -225.1146 290.9775 102.8815 -224.8938 290.1371 102.8815 -223.8797 289.679 103.2038 -225.1146 290.5195 102.8815 -226.1287 290.9775 102.8815 -224.8938 289.679 103.2038 -225.1146 289.221 102.8815 -226.3495 290.5195 102.8815 -226.1287 364.5764 97.56454 -48.50215 364.274 110.6272 -48.36052 364.5764 110.6272 -48.50215 364.274 97.56454 -48.36052 364.274 110.6272 -48.36052 364.5764 97.56454 -48.50215 364.274 97.56454 -48.36052 364.1324 110.6272 -48.66287 364.274 110.6272 -48.36052 364.1324 97.56454 -48.66287 364.1324 110.6272 -48.66287 364.274 97.56454 -48.36052 364.5764 110.6272 -48.50215 364.4347 110.6272 -48.8045 364.4347 97.56454 -48.8045 364.5764 110.6272 -48.50215 364.4347 97.56454 -48.8045 364.5764 97.56454 -48.50215 364.4286 95.23146 -49.88931 362.445 96.11177 -49.88225 363.2358 95.23146 -49.33057 364.511 96.11177 -50.84999 362.445 96.11177 -49.88225 364.4286 95.23146 -49.88931 364.511 96.11177 -50.84999 362.1556 97.31432 -50.08417 362.445 96.11177 -49.88225 364.5411 97.31432 -51.20163 362.1556 97.31432 -50.08417 364.511 96.11177 -50.84999 364.5411 97.31432 -51.20163 362.445 98.51685 -49.88225 362.1556 97.31432 -50.08417 364.511 98.51685 -50.84999 362.445 98.51685 -49.88225 364.5411 97.31432 -51.20163 364.511 98.51685 -50.84999 363.2358 99.39717 -49.33057 362.445 98.51685 -49.88225 364.4286 99.39717 -49.88931 363.2358 99.39717 -49.33057 364.511 98.51685 -50.84999 363.2358 95.23146 -49.33057 362.2502 96.11177 -47.60924 363.1233 95.23146 -48.01825 362.445 96.11177 -49.88225 362.2502 96.11177 -47.60924 363.2358 95.23146 -49.33057 362.445 96.11177 -49.88225 361.9305 97.31432 -47.45953 362.2502 96.11177 -47.60924 362.1556 97.31432 -50.08417 361.9305 97.31432 -47.45953 362.445 96.11177 -49.88225 362.1556 97.31432 -50.08417 362.2502 98.51685 -47.60924 361.9305 97.31432 -47.45953 362.445 98.51685 -49.88225 362.2502 98.51685 -47.60924 362.1556 97.31432 -50.08417 362.445 98.51685 -49.88225 363.1233 99.39717 -48.01825 362.2502 98.51685 -47.60924 363.2358 99.39717 -49.33057 363.1233 99.39717 -48.01825 362.445 98.51685 -49.88225 363.1233 95.23146 -48.01825 364.1212 96.11177 -46.30397 364.2036 95.23146 -47.26466 362.2502 96.11177 -47.60924 364.1212 96.11177 -46.30397 363.1233 95.23146 -48.01825 362.2502 96.11177 -47.60924 364.0911 97.31432 -45.95234 364.1212 96.11177 -46.30397 361.9305 97.31432 -47.45953 364.0911 97.31432 -45.95234 362.2502 96.11177 -47.60924 361.9305 97.31432 -47.45953 364.1212 98.51685 -46.30397 364.0911 97.31432 -45.95234 362.2502 98.51685 -47.60924 364.1212 98.51685 -46.30397 361.9305 97.31432 -47.45953 362.2502 98.51685 -47.60924 364.2036 99.39717 -47.26466 364.1212 98.51685 -46.30397 363.1233 99.39717 -48.01825 364.2036 99.39717 -47.26466 362.2502 98.51685 -47.60924 364.2036 95.23146 -47.26466 366.1871 96.11177 -47.27173 365.3963 95.23146 -47.82339 364.1212 96.11177 -46.30397 366.1871 96.11177 -47.27173 364.2036 95.23146 -47.26466 364.1212 96.11177 -46.30397 366.4766 97.31432 -47.0698 366.1871 96.11177 -47.27173 364.0911 97.31432 -45.95234 366.4766 97.31432 -47.0698 364.1212 96.11177 -46.30397 364.0911 97.31432 -45.95234 366.1871 98.51685 -47.27173 366.4766 97.31432 -47.0698 364.1212 98.51685 -46.30397 366.1871 98.51685 -47.27173 364.0911 97.31432 -45.95234 364.1212 98.51685 -46.30397 365.3963 99.39717 -47.82339 366.1871 98.51685 -47.27173 364.2036 99.39717 -47.26466 365.3963 99.39717 -47.82339 364.1212 98.51685 -46.30397 365.3963 95.23146 -47.82339 366.382 96.11177 -49.54473 365.5088 95.23146 -49.13572 366.1871 96.11177 -47.27173 366.382 96.11177 -49.54473 365.3963 95.23146 -47.82339 366.1871 96.11177 -47.27173 366.7016 97.31432 -49.69444 366.382 96.11177 -49.54473 366.4766 97.31432 -47.0698 366.7016 97.31432 -49.69444 366.1871 96.11177 -47.27173 366.4766 97.31432 -47.0698 366.382 98.51685 -49.54473 366.7016 97.31432 -49.69444 366.1871 98.51685 -47.27173 366.382 98.51685 -49.54473 366.4766 97.31432 -47.0698 366.1871 98.51685 -47.27173 365.5088 99.39717 -49.13572 366.382 98.51685 -49.54473 365.3963 99.39717 -47.82339 365.5088 99.39717 -49.13572 366.1871 98.51685 -47.27173 365.5088 95.23146 -49.13572 364.511 96.11177 -50.84999 364.4286 95.23146 -49.88931 366.382 96.11177 -49.54473 364.511 96.11177 -50.84999 365.5088 95.23146 -49.13572 366.382 96.11177 -49.54473 364.5411 97.31432 -51.20163 364.511 96.11177 -50.84999 366.7016 97.31432 -49.69444 364.5411 97.31432 -51.20163 366.382 96.11177 -49.54473 366.7016 97.31432 -49.69444 364.511 98.51685 -50.84999 364.5411 97.31432 -51.20163 366.382 98.51685 -49.54473 364.511 98.51685 -50.84999 366.7016 97.31432 -49.69444 366.382 98.51685 -49.54473 364.4286 99.39717 -49.88931 364.511 98.51685 -50.84999 365.5088 99.39717 -49.13572 364.4286 99.39717 -49.88931 366.382 98.51685 -49.54473 364.3161 94.90926 -48.57698 364.4286 95.23146 -49.88931 363.2358 95.23146 -49.33057 364.3161 94.90926 -48.57698 363.2358 95.23146 -49.33057 363.1233 95.23146 -48.01825 364.3161 94.90926 -48.57698 363.1233 95.23146 -48.01825 364.2036 95.23146 -47.26466 364.3161 94.90926 -48.57698 364.2036 95.23146 -47.26466 365.3963 95.23146 -47.82339 364.3161 94.90926 -48.57698 365.3963 95.23146 -47.82339 365.5088 95.23146 -49.13572 364.3161 94.90926 -48.57698 365.5088 95.23146 -49.13572 364.4286 95.23146 -49.88931 364.3161 99.71938 -48.57698 363.2358 99.39717 -49.33057 364.4286 99.39717 -49.88931 364.3161 99.71938 -48.57698 363.1233 99.39717 -48.01825 363.2358 99.39717 -49.33057 364.3161 99.71938 -48.57698 364.2036 99.39717 -47.26466 363.1233 99.39717 -48.01825 364.3161 99.71938 -48.57698 365.3963 99.39717 -47.82339 364.2036 99.39717 -47.26466 364.3161 99.71938 -48.57698 365.5088 99.39717 -49.13572 365.3963 99.39717 -47.82339 364.3161 99.71938 -48.57698 364.4286 99.39717 -49.88931 365.5088 99.39717 -49.13572 352.0563 97.56454 -111.0037 351.754 110.6272 -110.862 352.0563 110.6272 -111.0037 351.754 97.56454 -110.862 351.754 110.6272 -110.862 352.0563 97.56454 -111.0037 351.754 97.56454 -110.862 351.6124 110.6272 -111.1644 351.754 110.6272 -110.862 351.6124 97.56454 -111.1644 351.6124 110.6272 -111.1644 351.754 97.56454 -110.862 352.0563 110.6272 -111.0037 351.9147 110.6272 -111.306 351.9147 97.56454 -111.306 352.0563 110.6272 -111.0037 351.9147 97.56454 -111.306 352.0563 97.56454 -111.0037 351.9086 95.23146 -112.3908 349.925 96.11177 -112.3838 350.7158 95.23146 -111.8321 351.991 96.11177 -113.3515 349.925 96.11177 -112.3838 351.9086 95.23146 -112.3908 351.991 96.11177 -113.3515 349.6356 97.31432 -112.5857 349.925 96.11177 -112.3838 352.0211 97.31432 -113.7031 349.6356 97.31432 -112.5857 351.991 96.11177 -113.3515 352.0211 97.31432 -113.7031 349.925 98.51685 -112.3838 349.6356 97.31432 -112.5857 351.991 98.51685 -113.3515 349.925 98.51685 -112.3838 352.0211 97.31432 -113.7031 351.991 98.51685 -113.3515 350.7158 99.39717 -111.8321 349.925 98.51685 -112.3838 351.9086 99.39717 -112.3908 350.7158 99.39717 -111.8321 351.991 98.51685 -113.3515 350.7158 95.23146 -111.8321 349.7302 96.11177 -110.1107 350.6033 95.23146 -110.5198 349.925 96.11177 -112.3838 349.7302 96.11177 -110.1107 350.7158 95.23146 -111.8321 349.925 96.11177 -112.3838 349.4106 97.31432 -109.961 349.7302 96.11177 -110.1107 349.6356 97.31432 -112.5857 349.4106 97.31432 -109.961 349.925 96.11177 -112.3838 349.6356 97.31432 -112.5857 349.7302 98.51685 -110.1107 349.4106 97.31432 -109.961 349.925 98.51685 -112.3838 349.7302 98.51685 -110.1107 349.6356 97.31432 -112.5857 349.925 98.51685 -112.3838 350.6033 99.39717 -110.5198 349.7302 98.51685 -110.1107 350.7158 99.39717 -111.8321 350.6033 99.39717 -110.5198 349.925 98.51685 -112.3838 350.6033 95.23146 -110.5198 351.6012 96.11177 -108.8055 351.6836 95.23146 -109.7662 349.7302 96.11177 -110.1107 351.6012 96.11177 -108.8055 350.6033 95.23146 -110.5198 349.7302 96.11177 -110.1107 351.571 97.31432 -108.4538 351.6012 96.11177 -108.8055 349.4106 97.31432 -109.961 351.571 97.31432 -108.4538 349.7302 96.11177 -110.1107 349.4106 97.31432 -109.961 351.6012 98.51685 -108.8055 351.571 97.31432 -108.4538 349.7302 98.51685 -110.1107 351.6012 98.51685 -108.8055 349.4106 97.31432 -109.961 349.7302 98.51685 -110.1107 351.6836 99.39717 -109.7662 351.6012 98.51685 -108.8055 350.6033 99.39717 -110.5198 351.6836 99.39717 -109.7662 349.7302 98.51685 -110.1107 351.6836 95.23146 -109.7662 353.6671 96.11177 -109.7732 352.8763 95.23146 -110.3249 351.6012 96.11177 -108.8055 353.6671 96.11177 -109.7732 351.6836 95.23146 -109.7662 351.6012 96.11177 -108.8055 353.9566 97.31432 -109.5713 353.6671 96.11177 -109.7732 351.571 97.31432 -108.4538 353.9566 97.31432 -109.5713 351.6012 96.11177 -108.8055 351.571 97.31432 -108.4538 353.6671 98.51685 -109.7732 353.9566 97.31432 -109.5713 351.6012 98.51685 -108.8055 353.6671 98.51685 -109.7732 351.571 97.31432 -108.4538 351.6012 98.51685 -108.8055 352.8763 99.39717 -110.3249 353.6671 98.51685 -109.7732 351.6836 99.39717 -109.7662 352.8763 99.39717 -110.3249 351.6012 98.51685 -108.8055 352.8763 95.23146 -110.3249 353.862 96.11177 -112.0462 352.9888 95.23146 -111.6372 353.6671 96.11177 -109.7732 353.862 96.11177 -112.0462 352.8763 95.23146 -110.3249 353.6671 96.11177 -109.7732 354.1816 97.31432 -112.1959 353.862 96.11177 -112.0462 353.9566 97.31432 -109.5713 354.1816 97.31432 -112.1959 353.6671 96.11177 -109.7732 353.9566 97.31432 -109.5713 353.862 98.51685 -112.0462 354.1816 97.31432 -112.1959 353.6671 98.51685 -109.7732 353.862 98.51685 -112.0462 353.9566 97.31432 -109.5713 353.6671 98.51685 -109.7732 352.9888 99.39717 -111.6372 353.862 98.51685 -112.0462 352.8763 99.39717 -110.3249 352.9888 99.39717 -111.6372 353.6671 98.51685 -109.7732 352.9888 95.23146 -111.6372 351.991 96.11177 -113.3515 351.9086 95.23146 -112.3908 353.862 96.11177 -112.0462 351.991 96.11177 -113.3515 352.9888 95.23146 -111.6372 353.862 96.11177 -112.0462 352.0211 97.31432 -113.7031 351.991 96.11177 -113.3515 354.1816 97.31432 -112.1959 352.0211 97.31432 -113.7031 353.862 96.11177 -112.0462 354.1816 97.31432 -112.1959 351.991 98.51685 -113.3515 352.0211 97.31432 -113.7031 353.862 98.51685 -112.0462 351.991 98.51685 -113.3515 354.1816 97.31432 -112.1959 353.862 98.51685 -112.0462 351.9086 99.39717 -112.3908 351.991 98.51685 -113.3515 352.9888 99.39717 -111.6372 351.9086 99.39717 -112.3908 353.862 98.51685 -112.0462 351.7961 94.90926 -111.0785 351.9086 95.23146 -112.3908 350.7158 95.23146 -111.8321 351.7961 94.90926 -111.0785 350.7158 95.23146 -111.8321 350.6033 95.23146 -110.5198 351.7961 94.90926 -111.0785 350.6033 95.23146 -110.5198 351.6836 95.23146 -109.7662 351.7961 94.90926 -111.0785 351.6836 95.23146 -109.7662 352.8763 95.23146 -110.3249 351.7961 94.90926 -111.0785 352.8763 95.23146 -110.3249 352.9888 95.23146 -111.6372 351.7961 94.90926 -111.0785 352.9888 95.23146 -111.6372 351.9086 95.23146 -112.3908 351.7961 99.71938 -111.0785 350.7158 99.39717 -111.8321 351.9086 99.39717 -112.3908 351.7961 99.71938 -111.0785 350.6033 99.39717 -110.5198 350.7158 99.39717 -111.8321 351.7961 99.71938 -111.0785 351.6836 99.39717 -109.7662 350.6033 99.39717 -110.5198 351.7961 99.71938 -111.0785 352.8763 99.39717 -110.3249 351.6836 99.39717 -109.7662 351.7961 99.71938 -111.0785 352.9888 99.39717 -111.6372 352.8763 99.39717 -110.3249 351.7961 99.71938 -111.0785 351.9086 99.39717 -112.3908 352.9888 99.39717 -111.6372 358.3953 103.1147 -79.87833 358.093 116.1774 -79.7367 358.3953 116.1774 -79.87833 358.093 103.1147 -79.7367 358.093 116.1774 -79.7367 358.3953 103.1147 -79.87833 358.093 103.1147 -79.7367 357.9513 116.1774 -80.03905 358.093 116.1774 -79.7367 357.9513 103.1147 -80.03905 357.9513 116.1774 -80.03905 358.093 103.1147 -79.7367 358.3953 116.1774 -79.87833 358.2537 116.1774 -80.18067 358.2537 103.1147 -80.18067 358.3953 116.1774 -79.87833 358.2537 103.1147 -80.18067 358.3953 103.1147 -79.87833 358.2336 98.8047 -81.26475 356.25 99.68501 -81.2577 357.0408 98.8047 -80.70602 358.3159 99.68501 -82.22544 356.25 99.68501 -81.2577 358.2336 98.8047 -81.26475 358.3159 99.68501 -82.22544 355.9605 100.8875 -81.45961 356.25 99.68501 -81.2577 358.3461 100.8875 -82.57707 355.9605 100.8875 -81.45961 358.3159 99.68501 -82.22544 358.3461 100.8875 -82.57707 356.25 102.0901 -81.2577 355.9605 100.8875 -81.45961 358.3159 102.0901 -82.22544 356.25 102.0901 -81.2577 358.3461 100.8875 -82.57707 358.3159 102.0901 -82.22544 357.0408 102.9704 -80.70602 356.25 102.0901 -81.2577 358.2336 102.9704 -81.26475 357.0408 102.9704 -80.70602 358.3159 102.0901 -82.22544 357.0408 98.8047 -80.70602 356.0551 99.68501 -78.98469 356.9283 98.8047 -79.3937 356.25 99.68501 -81.2577 356.0551 99.68501 -78.98469 357.0408 98.8047 -80.70602 356.25 99.68501 -81.2577 355.7355 100.8875 -78.83497 356.0551 99.68501 -78.98469 355.9605 100.8875 -81.45961 355.7355 100.8875 -78.83497 356.25 99.68501 -81.2577 355.9605 100.8875 -81.45961 356.0551 102.0901 -78.98469 355.7355 100.8875 -78.83497 356.25 102.0901 -81.2577 356.0551 102.0901 -78.98469 355.9605 100.8875 -81.45961 356.25 102.0901 -81.2577 356.9283 102.9704 -79.3937 356.0551 102.0901 -78.98469 357.0408 102.9704 -80.70602 356.9283 102.9704 -79.3937 356.25 102.0901 -81.2577 356.9283 98.8047 -79.3937 357.9262 99.68501 -77.67942 358.0085 98.8047 -78.64011 356.0551 99.68501 -78.98469 357.9262 99.68501 -77.67942 356.9283 98.8047 -79.3937 356.0551 99.68501 -78.98469 357.896 100.8875 -77.32779 357.9262 99.68501 -77.67942 355.7355 100.8875 -78.83497 357.896 100.8875 -77.32779 356.0551 99.68501 -78.98469 355.7355 100.8875 -78.83497 357.9262 102.0901 -77.67942 357.896 100.8875 -77.32779 356.0551 102.0901 -78.98469 357.9262 102.0901 -77.67942 355.7355 100.8875 -78.83497 356.0551 102.0901 -78.98469 358.0085 102.9704 -78.64011 357.9262 102.0901 -77.67942 356.9283 102.9704 -79.3937 358.0085 102.9704 -78.64011 356.0551 102.0901 -78.98469 358.0085 98.8047 -78.64011 359.9921 99.68501 -78.64717 359.2013 98.8047 -79.19884 357.9262 99.68501 -77.67942 359.9921 99.68501 -78.64717 358.0085 98.8047 -78.64011 357.9262 99.68501 -77.67942 360.2816 100.8875 -78.44524 359.9921 99.68501 -78.64717 357.896 100.8875 -77.32779 360.2816 100.8875 -78.44524 357.9262 99.68501 -77.67942 357.896 100.8875 -77.32779 359.9921 102.0901 -78.64717 360.2816 100.8875 -78.44524 357.9262 102.0901 -77.67942 359.9921 102.0901 -78.64717 357.896 100.8875 -77.32779 357.9262 102.0901 -77.67942 359.2013 102.9704 -79.19884 359.9921 102.0901 -78.64717 358.0085 102.9704 -78.64011 359.2013 102.9704 -79.19884 357.9262 102.0901 -77.67942 359.2013 98.8047 -79.19884 360.187 99.68501 -80.92017 359.3138 98.8047 -80.51116 359.9921 99.68501 -78.64717 360.187 99.68501 -80.92017 359.2013 98.8047 -79.19884 359.9921 99.68501 -78.64717 360.5066 100.8875 -81.06989 360.187 99.68501 -80.92017 360.2816 100.8875 -78.44524 360.5066 100.8875 -81.06989 359.9921 99.68501 -78.64717 360.2816 100.8875 -78.44524 360.187 102.0901 -80.92017 360.5066 100.8875 -81.06989 359.9921 102.0901 -78.64717 360.187 102.0901 -80.92017 360.2816 100.8875 -78.44524 359.9921 102.0901 -78.64717 359.3138 102.9704 -80.51116 360.187 102.0901 -80.92017 359.2013 102.9704 -79.19884 359.3138 102.9704 -80.51116 359.9921 102.0901 -78.64717 359.3138 98.8047 -80.51116 358.3159 99.68501 -82.22544 358.2336 98.8047 -81.26475 360.187 99.68501 -80.92017 358.3159 99.68501 -82.22544 359.3138 98.8047 -80.51116 360.187 99.68501 -80.92017 358.3461 100.8875 -82.57707 358.3159 99.68501 -82.22544 360.5066 100.8875 -81.06989 358.3461 100.8875 -82.57707 360.187 99.68501 -80.92017 360.5066 100.8875 -81.06989 358.3159 102.0901 -82.22544 358.3461 100.8875 -82.57707 360.187 102.0901 -80.92017 358.3159 102.0901 -82.22544 360.5066 100.8875 -81.06989 360.187 102.0901 -80.92017 358.2336 102.9704 -81.26475 358.3159 102.0901 -82.22544 359.3138 102.9704 -80.51116 358.2336 102.9704 -81.26475 360.187 102.0901 -80.92017 358.1211 98.48248 -79.95243 358.2336 98.8047 -81.26475 357.0408 98.8047 -80.70602 358.1211 98.48248 -79.95243 357.0408 98.8047 -80.70602 356.9283 98.8047 -79.3937 358.1211 98.48248 -79.95243 356.9283 98.8047 -79.3937 358.0085 98.8047 -78.64011 358.1211 98.48248 -79.95243 358.0085 98.8047 -78.64011 359.2013 98.8047 -79.19884 358.1211 98.48248 -79.95243 359.2013 98.8047 -79.19884 359.3138 98.8047 -80.51116 358.1211 98.48248 -79.95243 359.3138 98.8047 -80.51116 358.2336 98.8047 -81.26475 358.1211 103.2926 -79.95243 357.0408 102.9704 -80.70602 358.2336 102.9704 -81.26475 358.1211 103.2926 -79.95243 356.9283 102.9704 -79.3937 357.0408 102.9704 -80.70602 358.1211 103.2926 -79.95243 358.0085 102.9704 -78.64011 356.9283 102.9704 -79.3937 358.1211 103.2926 -79.95243 359.2013 102.9704 -79.19884 358.0085 102.9704 -78.64011 358.1211 103.2926 -79.95243 359.3138 102.9704 -80.51116 359.2013 102.9704 -79.19884 358.1211 103.2926 -79.95243 358.2336 102.9704 -81.26475 359.3138 102.9704 -80.51116 350.7235 97.56454 110.731 350.3897 110.6272 110.731 350.7235 110.6272 110.731 350.3897 97.56454 110.731 350.3897 110.6272 110.731 350.7235 97.56454 110.731 350.3897 97.56454 110.731 350.3897 110.6272 110.3972 350.3897 110.6272 110.731 350.3897 97.56454 110.3972 350.3897 110.6272 110.3972 350.3897 97.56454 110.731 350.7235 110.6272 110.731 350.7235 110.6272 110.3972 350.7235 97.56454 110.3972 350.7235 110.6272 110.731 350.7235 97.56454 110.3972 350.7235 97.56454 110.731 351.1782 95.23146 109.4122 349.3789 96.11177 108.5772 349.861 95.23146 109.4122 351.6603 96.11177 108.5772 349.3789 96.11177 108.5772 351.1782 95.23146 109.4122 351.6603 96.11177 108.5772 349.2025 97.31432 108.2715 349.3789 96.11177 108.5772 351.8367 97.31432 108.2715 349.2025 97.31432 108.2715 351.6603 96.11177 108.5772 351.8367 97.31432 108.2715 349.3789 98.51685 108.5772 349.2025 97.31432 108.2715 351.6603 98.51685 108.5772 349.3789 98.51685 108.5772 351.8367 97.31432 108.2715 351.6603 98.51685 108.5772 349.861 99.39717 109.4122 349.3789 98.51685 108.5772 351.1782 99.39717 109.4122 349.861 99.39717 109.4122 351.6603 98.51685 108.5772 349.861 95.23146 109.4122 348.2383 96.11177 110.5529 349.2025 95.23146 110.5529 349.3789 96.11177 108.5772 348.2383 96.11177 110.5529 349.861 95.23146 109.4122 349.3789 96.11177 108.5772 347.8853 97.31432 110.5529 348.2383 96.11177 110.5529 349.2025 97.31432 108.2715 347.8853 97.31432 110.5529 349.3789 96.11177 108.5772 349.2025 97.31432 108.2715 348.2383 98.51685 110.5529 347.8853 97.31432 110.5529 349.3789 98.51685 108.5772 348.2383 98.51685 110.5529 349.2025 97.31432 108.2715 349.3789 98.51685 108.5772 349.2025 99.39717 110.5529 348.2383 98.51685 110.5529 349.861 99.39717 109.4122 349.2025 99.39717 110.5529 349.3789 98.51685 108.5772 349.2025 95.23146 110.5529 349.3789 96.11177 112.5286 349.861 95.23146 111.6935 348.2383 96.11177 110.5529 349.3789 96.11177 112.5286 349.2025 95.23146 110.5529 348.2383 96.11177 110.5529 349.2025 97.31432 112.8342 349.3789 96.11177 112.5286 347.8853 97.31432 110.5529 349.2025 97.31432 112.8342 348.2383 96.11177 110.5529 347.8853 97.31432 110.5529 349.3789 98.51685 112.5286 349.2025 97.31432 112.8342 348.2383 98.51685 110.5529 349.3789 98.51685 112.5286 347.8853 97.31432 110.5529 348.2383 98.51685 110.5529 349.861 99.39717 111.6935 349.3789 98.51685 112.5286 349.2025 99.39717 110.5529 349.861 99.39717 111.6935 348.2383 98.51685 110.5529 349.861 95.23146 111.6935 351.6603 96.11177 112.5286 351.1782 95.23146 111.6935 349.3789 96.11177 112.5286 351.6603 96.11177 112.5286 349.861 95.23146 111.6935 349.3789 96.11177 112.5286 351.8367 97.31432 112.8342 351.6603 96.11177 112.5286 349.2025 97.31432 112.8342 351.8367 97.31432 112.8342 349.3789 96.11177 112.5286 349.2025 97.31432 112.8342 351.6603 98.51685 112.5286 351.8367 97.31432 112.8342 349.3789 98.51685 112.5286 351.6603 98.51685 112.5286 349.2025 97.31432 112.8342 349.3789 98.51685 112.5286 351.1782 99.39717 111.6935 351.6603 98.51685 112.5286 349.861 99.39717 111.6935 351.1782 99.39717 111.6935 349.3789 98.51685 112.5286 351.1782 95.23146 111.6935 352.8009 96.11177 110.5529 351.8367 95.23146 110.5529 351.6603 96.11177 112.5286 352.8009 96.11177 110.5529 351.1782 95.23146 111.6935 351.6603 96.11177 112.5286 353.1539 97.31432 110.5529 352.8009 96.11177 110.5529 351.8367 97.31432 112.8342 353.1539 97.31432 110.5529 351.6603 96.11177 112.5286 351.8367 97.31432 112.8342 352.8009 98.51685 110.5529 353.1539 97.31432 110.5529 351.6603 98.51685 112.5286 352.8009 98.51685 110.5529 351.8367 97.31432 112.8342 351.6603 98.51685 112.5286 351.8367 99.39717 110.5529 352.8009 98.51685 110.5529 351.1782 99.39717 111.6935 351.8367 99.39717 110.5529 351.6603 98.51685 112.5286 351.8367 95.23146 110.5529 351.6603 96.11177 108.5772 351.1782 95.23146 109.4122 352.8009 96.11177 110.5529 351.6603 96.11177 108.5772 351.8367 95.23146 110.5529 352.8009 96.11177 110.5529 351.8367 97.31432 108.2715 351.6603 96.11177 108.5772 353.1539 97.31432 110.5529 351.8367 97.31432 108.2715 352.8009 96.11177 110.5529 353.1539 97.31432 110.5529 351.6603 98.51685 108.5772 351.8367 97.31432 108.2715 352.8009 98.51685 110.5529 351.6603 98.51685 108.5772 353.1539 97.31432 110.5529 352.8009 98.51685 110.5529 351.1782 99.39717 109.4122 351.6603 98.51685 108.5772 351.8367 99.39717 110.5529 351.1782 99.39717 109.4122 352.8009 98.51685 110.5529 350.5196 94.90926 110.5529 351.1782 95.23146 109.4122 349.861 95.23146 109.4122 350.5196 94.90926 110.5529 349.861 95.23146 109.4122 349.2025 95.23146 110.5529 350.5196 94.90926 110.5529 349.2025 95.23146 110.5529 349.861 95.23146 111.6935 350.5196 94.90926 110.5529 349.861 95.23146 111.6935 351.1782 95.23146 111.6935 350.5196 94.90926 110.5529 351.1782 95.23146 111.6935 351.8367 95.23146 110.5529 350.5196 94.90926 110.5529 351.8367 95.23146 110.5529 351.1782 95.23146 109.4122 350.5196 99.71938 110.5529 349.861 99.39717 109.4122 351.1782 99.39717 109.4122 350.5196 99.71938 110.5529 349.2025 99.39717 110.5529 349.861 99.39717 109.4122 350.5196 99.71938 110.5529 349.861 99.39717 111.6935 349.2025 99.39717 110.5529 350.5196 99.71938 110.5529 351.1782 99.39717 111.6935 349.861 99.39717 111.6935 350.5196 99.71938 110.5529 351.8367 99.39717 110.5529 351.1782 99.39717 111.6935 350.5196 99.71938 110.5529 351.1782 99.39717 109.4122 351.8367 99.39717 110.5529 365.8989 97.56454 48.82066 365.5651 110.6272 48.82066 365.8989 110.6272 48.82066 365.5651 97.56454 48.82066 365.5651 110.6272 48.82066 365.8989 97.56454 48.82066 365.5651 97.56454 48.82066 365.5651 110.6272 48.48678 365.5651 110.6272 48.82066 365.5651 97.56454 48.48678 365.5651 110.6272 48.48678 365.5651 97.56454 48.82066 365.8989 110.6272 48.82066 365.8989 110.6272 48.48678 365.8989 97.56454 48.48678 365.8989 110.6272 48.82066 365.8989 97.56454 48.48678 365.8989 97.56454 48.82066 366.3535 95.23146 47.50182 364.5543 96.11177 46.66679 365.0364 95.23146 47.50182 366.8357 96.11177 46.66679 364.5543 96.11177 46.66679 366.3535 95.23146 47.50182 366.8357 96.11177 46.66679 364.3778 97.31432 46.36115 364.5543 96.11177 46.66679 367.0121 97.31432 46.36115 364.3778 97.31432 46.36115 366.8357 96.11177 46.66679 367.0121 97.31432 46.36115 364.5543 98.51685 46.66679 364.3778 97.31432 46.36115 366.8357 98.51685 46.66679 364.5543 98.51685 46.66679 367.0121 97.31432 46.36115 366.8357 98.51685 46.66679 365.0364 99.39717 47.50182 364.5543 98.51685 46.66679 366.3535 99.39717 47.50182 365.0364 99.39717 47.50182 366.8357 98.51685 46.66679 365.0364 95.23146 47.50182 363.4136 96.11177 48.64249 364.3778 95.23146 48.64249 364.5543 96.11177 46.66679 363.4136 96.11177 48.64249 365.0364 95.23146 47.50182 364.5543 96.11177 46.66679 363.0607 97.31432 48.64249 363.4136 96.11177 48.64249 364.3778 97.31432 46.36115 363.0607 97.31432 48.64249 364.5543 96.11177 46.66679 364.3778 97.31432 46.36115 363.4136 98.51685 48.64249 363.0607 97.31432 48.64249 364.5543 98.51685 46.66679 363.4136 98.51685 48.64249 364.3778 97.31432 46.36115 364.5543 98.51685 46.66679 364.3778 99.39717 48.64249 363.4136 98.51685 48.64249 365.0364 99.39717 47.50182 364.3778 99.39717 48.64249 364.5543 98.51685 46.66679 364.3778 95.23146 48.64249 364.5543 96.11177 50.61819 365.0364 95.23146 49.78316 363.4136 96.11177 48.64249 364.5543 96.11177 50.61819 364.3778 95.23146 48.64249 363.4136 96.11177 48.64249 364.3778 97.31432 50.92383 364.5543 96.11177 50.61819 363.0607 97.31432 48.64249 364.3778 97.31432 50.92383 363.4136 96.11177 48.64249 363.0607 97.31432 48.64249 364.5543 98.51685 50.61819 364.3778 97.31432 50.92383 363.4136 98.51685 48.64249 364.5543 98.51685 50.61819 363.0607 97.31432 48.64249 363.4136 98.51685 48.64249 365.0364 99.39717 49.78316 364.5543 98.51685 50.61819 364.3778 99.39717 48.64249 365.0364 99.39717 49.78316 363.4136 98.51685 48.64249 365.0364 95.23146 49.78316 366.8357 96.11177 50.61819 366.3535 95.23146 49.78316 364.5543 96.11177 50.61819 366.8357 96.11177 50.61819 365.0364 95.23146 49.78316 364.5543 96.11177 50.61819 367.0121 97.31432 50.92383 366.8357 96.11177 50.61819 364.3778 97.31432 50.92383 367.0121 97.31432 50.92383 364.5543 96.11177 50.61819 364.3778 97.31432 50.92383 366.8357 98.51685 50.61819 367.0121 97.31432 50.92383 364.5543 98.51685 50.61819 366.8357 98.51685 50.61819 364.3778 97.31432 50.92383 364.5543 98.51685 50.61819 366.3535 99.39717 49.78316 366.8357 98.51685 50.61819 365.0364 99.39717 49.78316 366.3535 99.39717 49.78316 364.5543 98.51685 50.61819 366.3535 95.23146 49.78316 367.9763 96.11177 48.64249 367.0121 95.23146 48.64249 366.8357 96.11177 50.61819 367.9763 96.11177 48.64249 366.3535 95.23146 49.78316 366.8357 96.11177 50.61819 368.3293 97.31432 48.64249 367.9763 96.11177 48.64249 367.0121 97.31432 50.92383 368.3293 97.31432 48.64249 366.8357 96.11177 50.61819 367.0121 97.31432 50.92383 367.9763 98.51685 48.64249 368.3293 97.31432 48.64249 366.8357 98.51685 50.61819 367.9763 98.51685 48.64249 367.0121 97.31432 50.92383 366.8357 98.51685 50.61819 367.0121 99.39717 48.64249 367.9763 98.51685 48.64249 366.3535 99.39717 49.78316 367.0121 99.39717 48.64249 366.8357 98.51685 50.61819 367.0121 95.23146 48.64249 366.8357 96.11177 46.66679 366.3535 95.23146 47.50182 367.9763 96.11177 48.64249 366.8357 96.11177 46.66679 367.0121 95.23146 48.64249 367.9763 96.11177 48.64249 367.0121 97.31432 46.36115 366.8357 96.11177 46.66679 368.3293 97.31432 48.64249 367.0121 97.31432 46.36115 367.9763 96.11177 48.64249 368.3293 97.31432 48.64249 366.8357 98.51685 46.66679 367.0121 97.31432 46.36115 367.9763 98.51685 48.64249 366.8357 98.51685 46.66679 368.3293 97.31432 48.64249 367.9763 98.51685 48.64249 366.3535 99.39717 47.50182 366.8357 98.51685 46.66679 367.0121 99.39717 48.64249 366.3535 99.39717 47.50182 367.9763 98.51685 48.64249 365.695 94.90926 48.64249 366.3535 95.23146 47.50182 365.0364 95.23146 47.50182 365.695 94.90926 48.64249 365.0364 95.23146 47.50182 364.3778 95.23146 48.64249 365.695 94.90926 48.64249 364.3778 95.23146 48.64249 365.0364 95.23146 49.78316 365.695 94.90926 48.64249 365.0364 95.23146 49.78316 366.3535 95.23146 49.78316 365.695 94.90926 48.64249 366.3535 95.23146 49.78316 367.0121 95.23146 48.64249 365.695 94.90926 48.64249 367.0121 95.23146 48.64249 366.3535 95.23146 47.50182 365.695 99.71938 48.64249 365.0364 99.39717 47.50182 366.3535 99.39717 47.50182 365.695 99.71938 48.64249 364.3778 99.39717 48.64249 365.0364 99.39717 47.50182 365.695 99.71938 48.64249 365.0364 99.39717 49.78316 364.3778 99.39717 48.64249 365.695 99.71938 48.64249 366.3535 99.39717 49.78316 365.0364 99.39717 49.78316 365.695 99.71938 48.64249 367.0121 99.39717 48.64249 366.3535 99.39717 49.78316 365.695 99.71938 48.64249 366.3535 99.39717 47.50182 367.0121 99.39717 48.64249 358.3641 103.2831 79.68896 358.0302 116.3458 79.68896 358.3641 116.3458 79.68896 358.0302 103.2831 79.68896 358.0302 116.3458 79.68896 358.3641 103.2831 79.68896 358.0302 103.2831 79.68896 358.0302 116.3458 79.35508 358.0302 116.3458 79.68896 358.0302 103.2831 79.35508 358.0302 116.3458 79.35508 358.0302 103.2831 79.68896 358.3641 116.3458 79.68896 358.3641 116.3458 79.35508 358.3641 103.2831 79.35508 358.3641 116.3458 79.68896 358.3641 103.2831 79.35508 358.3641 103.2831 79.68896 358.8031 98.9603 78.35277 357.0039 99.84061 77.51774 357.486 98.9603 78.35277 359.2852 99.84061 77.51774 357.0039 99.84061 77.51774 358.8031 98.9603 78.35277 359.2852 99.84061 77.51774 356.8274 101.0432 77.2121 357.0039 99.84061 77.51774 359.4617 101.0432 77.2121 356.8274 101.0432 77.2121 359.2852 99.84061 77.51774 359.4617 101.0432 77.2121 357.0039 102.2457 77.51774 356.8274 101.0432 77.2121 359.2852 102.2457 77.51774 357.0039 102.2457 77.51774 359.4617 101.0432 77.2121 359.2852 102.2457 77.51774 357.486 103.126 78.35277 357.0039 102.2457 77.51774 358.8031 103.126 78.35277 357.486 103.126 78.35277 359.2852 102.2457 77.51774 357.486 98.9603 78.35277 355.8632 99.84061 79.49344 356.8274 98.9603 79.49344 357.0039 99.84061 77.51774 355.8632 99.84061 79.49344 357.486 98.9603 78.35277 357.0039 99.84061 77.51774 355.5103 101.0432 79.49344 355.8632 99.84061 79.49344 356.8274 101.0432 77.2121 355.5103 101.0432 79.49344 357.0039 99.84061 77.51774 356.8274 101.0432 77.2121 355.8632 102.2457 79.49344 355.5103 101.0432 79.49344 357.0039 102.2457 77.51774 355.8632 102.2457 79.49344 356.8274 101.0432 77.2121 357.0039 102.2457 77.51774 356.8274 103.126 79.49344 355.8632 102.2457 79.49344 357.486 103.126 78.35277 356.8274 103.126 79.49344 357.0039 102.2457 77.51774 356.8274 98.9603 79.49344 357.0039 99.84061 81.46914 357.486 98.9603 80.63411 355.8632 99.84061 79.49344 357.0039 99.84061 81.46914 356.8274 98.9603 79.49344 355.8632 99.84061 79.49344 356.8274 101.0432 81.77478 357.0039 99.84061 81.46914 355.5103 101.0432 79.49344 356.8274 101.0432 81.77478 355.8632 99.84061 79.49344 355.5103 101.0432 79.49344 357.0039 102.2457 81.46914 356.8274 101.0432 81.77478 355.8632 102.2457 79.49344 357.0039 102.2457 81.46914 355.5103 101.0432 79.49344 355.8632 102.2457 79.49344 357.486 103.126 80.63411 357.0039 102.2457 81.46914 356.8274 103.126 79.49344 357.486 103.126 80.63411 355.8632 102.2457 79.49344 357.486 98.9603 80.63411 359.2852 99.84061 81.46914 358.8031 98.9603 80.63411 357.0039 99.84061 81.46914 359.2852 99.84061 81.46914 357.486 98.9603 80.63411 357.0039 99.84061 81.46914 359.4617 101.0432 81.77478 359.2852 99.84061 81.46914 356.8274 101.0432 81.77478 359.4617 101.0432 81.77478 357.0039 99.84061 81.46914 356.8274 101.0432 81.77478 359.2852 102.2457 81.46914 359.4617 101.0432 81.77478 357.0039 102.2457 81.46914 359.2852 102.2457 81.46914 356.8274 101.0432 81.77478 357.0039 102.2457 81.46914 358.8031 103.126 80.63411 359.2852 102.2457 81.46914 357.486 103.126 80.63411 358.8031 103.126 80.63411 357.0039 102.2457 81.46914 358.8031 98.9603 80.63411 360.4259 99.84061 79.49344 359.4617 98.9603 79.49344 359.2852 99.84061 81.46914 360.4259 99.84061 79.49344 358.8031 98.9603 80.63411 359.2852 99.84061 81.46914 360.7788 101.0432 79.49344 360.4259 99.84061 79.49344 359.4617 101.0432 81.77478 360.7788 101.0432 79.49344 359.2852 99.84061 81.46914 359.4617 101.0432 81.77478 360.4259 102.2457 79.49344 360.7788 101.0432 79.49344 359.2852 102.2457 81.46914 360.4259 102.2457 79.49344 359.4617 101.0432 81.77478 359.2852 102.2457 81.46914 359.4617 103.126 79.49344 360.4259 102.2457 79.49344 358.8031 103.126 80.63411 359.4617 103.126 79.49344 359.2852 102.2457 81.46914 359.4617 98.9603 79.49344 359.2852 99.84061 77.51774 358.8031 98.9603 78.35277 360.4259 99.84061 79.49344 359.2852 99.84061 77.51774 359.4617 98.9603 79.49344 360.4259 99.84061 79.49344 359.4617 101.0432 77.2121 359.2852 99.84061 77.51774 360.7788 101.0432 79.49344 359.4617 101.0432 77.2121 360.4259 99.84061 79.49344 360.7788 101.0432 79.49344 359.2852 102.2457 77.51774 359.4617 101.0432 77.2121 360.4259 102.2457 79.49344 359.2852 102.2457 77.51774 360.7788 101.0432 79.49344 360.4259 102.2457 79.49344 358.8031 103.126 78.35277 359.2852 102.2457 77.51774 359.4617 103.126 79.49344 358.8031 103.126 78.35277 360.4259 102.2457 79.49344 358.1446 98.63808 79.49344 358.8031 98.9603 78.35277 357.486 98.9603 78.35277 358.1446 98.63808 79.49344 357.486 98.9603 78.35277 356.8274 98.9603 79.49344 358.1446 98.63808 79.49344 356.8274 98.9603 79.49344 357.486 98.9603 80.63411 358.1446 98.63808 79.49344 357.486 98.9603 80.63411 358.8031 98.9603 80.63411 358.1446 98.63808 79.49344 358.8031 98.9603 80.63411 359.4617 98.9603 79.49344 358.1446 98.63808 79.49344 359.4617 98.9603 79.49344 358.8031 98.9603 78.35277 358.1446 103.4482 79.49344 357.486 103.126 78.35277 358.8031 103.126 78.35277 358.1446 103.4482 79.49344 356.8274 103.126 79.49344 357.486 103.126 78.35277 358.1446 103.4482 79.49344 357.486 103.126 80.63411 356.8274 103.126 79.49344 358.1446 103.4482 79.49344 358.8031 103.126 80.63411 357.486 103.126 80.63411 358.1446 103.4482 79.49344 359.4617 103.126 79.49344 358.8031 103.126 80.63411 358.1446 103.4482 79.49344 358.8031 103.126 78.35277 359.4617 103.126 79.49344 270.1971 97.56454 249.5233 269.8951 110.6272 249.3811 270.1971 110.6272 249.5233 269.8951 97.56454 249.3811 269.8951 110.6272 249.3811 270.1971 97.56454 249.5233 269.8951 97.56454 249.3811 270.0372 110.6272 249.079 269.8951 110.6272 249.3811 270.0372 97.56454 249.079 270.0372 110.6272 249.079 269.8951 97.56454 249.3811 270.1971 110.6272 249.5233 270.3393 110.6272 249.2212 270.3393 97.56454 249.2212 270.1971 110.6272 249.5233 270.3393 97.56454 249.2212 270.1971 97.56454 249.5233 310.2884 97.56454 199.9664 309.9863 110.6272 199.8243 310.2884 110.6272 199.9664 309.9863 97.56454 199.8243 309.9863 110.6272 199.8243 310.2884 97.56454 199.9664 309.9863 97.56454 199.8243 310.1285 110.6272 199.5222 309.9863 110.6272 199.8243 310.1285 97.56454 199.5222 310.1285 110.6272 199.5222 309.9863 97.56454 199.8243 310.2884 110.6272 199.9664 310.4306 110.6272 199.6643 310.4306 97.56454 199.6643 310.2884 110.6272 199.9664 310.4306 97.56454 199.6643 310.2884 97.56454 199.9664 311.2613 95.23146 198.9667 309.9889 96.11177 197.4451 310.0695 95.23146 198.4059 312.0531 96.11177 198.4164 309.9889 96.11177 197.4451 311.2613 95.23146 198.9667 312.0531 96.11177 198.4164 309.9593 97.31432 197.0934 309.9889 96.11177 197.4451 312.3429 97.31432 198.215 309.9593 97.31432 197.0934 312.0531 96.11177 198.4164 312.3429 97.31432 198.215 309.9889 98.51685 197.4451 309.9593 97.31432 197.0934 312.0531 98.51685 198.4164 309.9889 98.51685 197.4451 312.3429 97.31432 198.215 312.0531 98.51685 198.4164 310.0695 99.39717 198.4059 309.9889 98.51685 197.4451 311.2613 99.39717 198.9667 310.0695 99.39717 198.4059 312.0531 98.51685 198.4164 310.0695 95.23146 198.4059 308.1155 96.11177 198.747 308.9879 95.23146 199.1576 309.9889 96.11177 197.4451 308.1155 96.11177 198.747 310.0695 95.23146 198.4059 309.9889 96.11177 197.4451 307.7962 97.31432 198.5968 308.1155 96.11177 198.747 309.9593 97.31432 197.0934 307.7962 97.31432 198.5968 309.9889 96.11177 197.4451 309.9593 97.31432 197.0934 308.1155 98.51685 198.747 307.7962 97.31432 198.5968 309.9889 98.51685 197.4451 308.1155 98.51685 198.747 309.9593 97.31432 197.0934 309.9889 98.51685 197.4451 308.9879 99.39717 199.1576 308.1155 98.51685 198.747 310.0695 99.39717 198.4059 308.9879 99.39717 199.1576 309.9889 98.51685 197.4451 308.9879 95.23146 199.1576 308.3064 96.11177 201.0204 309.0982 95.23146 200.4701 308.1155 96.11177 198.747 308.3064 96.11177 201.0204 308.9879 95.23146 199.1576 308.1155 96.11177 198.747 308.0166 97.31432 201.2218 308.3064 96.11177 201.0204 307.7962 97.31432 198.5968 308.0166 97.31432 201.2218 308.1155 96.11177 198.747 307.7962 97.31432 198.5968 308.3064 98.51685 201.0204 308.0166 97.31432 201.2218 308.1155 98.51685 198.747 308.3064 98.51685 201.0204 307.7962 97.31432 198.5968 308.1155 98.51685 198.747 309.0982 99.39717 200.4701 308.3064 98.51685 201.0204 308.9879 99.39717 199.1576 309.0982 99.39717 200.4701 308.1155 98.51685 198.747 309.0982 95.23146 200.4701 310.3707 96.11177 201.9917 310.2899 95.23146 201.0309 308.3064 96.11177 201.0204 310.3707 96.11177 201.9917 309.0982 95.23146 200.4701 308.3064 96.11177 201.0204 310.4002 97.31432 202.3434 310.3707 96.11177 201.9917 308.0166 97.31432 201.2218 310.4002 97.31432 202.3434 308.3064 96.11177 201.0204 308.0166 97.31432 201.2218 310.3707 98.51685 201.9917 310.4002 97.31432 202.3434 308.3064 98.51685 201.0204 310.3707 98.51685 201.9917 308.0166 97.31432 201.2218 308.3064 98.51685 201.0204 310.2899 99.39717 201.0309 310.3707 98.51685 201.9917 309.0982 99.39717 200.4701 310.2899 99.39717 201.0309 308.3064 98.51685 201.0204 310.2899 95.23146 201.0309 312.244 96.11177 200.6897 311.3715 95.23146 200.2792 310.3707 96.11177 201.9917 312.244 96.11177 200.6897 310.2899 95.23146 201.0309 310.3707 96.11177 201.9917 312.5633 97.31432 200.84 312.244 96.11177 200.6897 310.4002 97.31432 202.3434 312.5633 97.31432 200.84 310.3707 96.11177 201.9917 310.4002 97.31432 202.3434 312.244 98.51685 200.6897 312.5633 97.31432 200.84 310.3707 98.51685 201.9917 312.244 98.51685 200.6897 310.4002 97.31432 202.3434 310.3707 98.51685 201.9917 311.3715 99.39717 200.2792 312.244 98.51685 200.6897 310.2899 99.39717 201.0309 311.3715 99.39717 200.2792 310.3707 98.51685 201.9917 311.3715 95.23146 200.2792 312.0531 96.11177 198.4164 311.2613 95.23146 198.9667 312.244 96.11177 200.6897 312.0531 96.11177 198.4164 311.3715 95.23146 200.2792 312.244 96.11177 200.6897 312.3429 97.31432 198.215 312.0531 96.11177 198.4164 312.5633 97.31432 200.84 312.3429 97.31432 198.215 312.244 96.11177 200.6897 312.5633 97.31432 200.84 312.0531 98.51685 198.4164 312.3429 97.31432 198.215 312.244 98.51685 200.6897 312.0531 98.51685 198.4164 312.5633 97.31432 200.84 312.244 98.51685 200.6897 311.2613 99.39717 198.9667 312.0531 98.51685 198.4164 311.3715 99.39717 200.2792 311.2613 99.39717 198.9667 312.244 98.51685 200.6897 310.1797 94.90926 199.7184 311.2613 95.23146 198.9667 310.0695 95.23146 198.4059 310.1797 94.90926 199.7184 310.0695 95.23146 198.4059 308.9879 95.23146 199.1576 310.1797 94.90926 199.7184 308.9879 95.23146 199.1576 309.0982 95.23146 200.4701 310.1797 94.90926 199.7184 309.0982 95.23146 200.4701 310.2899 95.23146 201.0309 310.1797 94.90926 199.7184 310.2899 95.23146 201.0309 311.3715 95.23146 200.2792 310.1797 94.90926 199.7184 311.3715 95.23146 200.2792 311.2613 95.23146 198.9667 310.1797 99.71938 199.7184 310.0695 99.39717 198.4059 311.2613 99.39717 198.9667 310.1797 99.71938 199.7184 308.9879 99.39717 199.1576 310.0695 99.39717 198.4059 310.1797 99.71938 199.7184 309.0982 99.39717 200.4701 308.9879 99.39717 199.1576 310.1797 99.71938 199.7184 310.2899 99.39717 201.0309 309.0982 99.39717 200.4701 310.1797 99.71938 199.7184 311.3715 99.39717 200.2792 310.2899 99.39717 201.0309 310.1797 99.71938 199.7184 311.2613 99.39717 198.9667 311.3715 99.39717 200.2792 290.294 103.0789 224.621 289.9919 116.1416 224.4788 290.294 116.1416 224.621 289.9919 103.0789 224.4788 289.9919 116.1416 224.4788 290.294 103.0789 224.621 289.9919 103.0789 224.4788 290.134 116.1416 224.1767 289.9919 116.1416 224.4788 290.134 103.0789 224.1767 290.134 116.1416 224.1767 289.9919 103.0789 224.4788 290.294 116.1416 224.621 290.4361 116.1416 224.3188 290.4361 103.0789 224.3188 290.294 116.1416 224.621 290.4361 103.0789 224.3188 290.294 103.0789 224.621 291.3326 98.80933 223.6959 290.0601 99.68964 222.1743 290.1408 98.80933 223.1351 292.1243 99.68964 223.1456 290.0601 99.68964 222.1743 291.3326 98.80933 223.6959 292.1243 99.68964 223.1456 290.0305 100.8922 221.8226 290.0601 99.68964 222.1743 292.4141 100.8922 222.9442 290.0305 100.8922 221.8226 292.1243 99.68964 223.1456 292.4141 100.8922 222.9442 290.0601 102.0947 222.1743 290.0305 100.8922 221.8226 292.1243 102.0947 223.1456 290.0601 102.0947 222.1743 292.4141 100.8922 222.9442 292.1243 102.0947 223.1456 290.1408 102.975 223.1351 290.0601 102.0947 222.1743 291.3326 102.975 223.6959 290.1408 102.975 223.1351 292.1243 102.0947 223.1456 290.1408 98.80933 223.1351 288.1868 99.68964 223.4763 289.0592 98.80933 223.8868 290.0601 99.68964 222.1743 288.1868 99.68964 223.4763 290.1408 98.80933 223.1351 290.0601 99.68964 222.1743 287.8674 100.8922 223.326 288.1868 99.68964 223.4763 290.0305 100.8922 221.8226 287.8674 100.8922 223.326 290.0601 99.68964 222.1743 290.0305 100.8922 221.8226 288.1868 102.0947 223.4763 287.8674 100.8922 223.326 290.0601 102.0947 222.1743 288.1868 102.0947 223.4763 290.0305 100.8922 221.8226 290.0601 102.0947 222.1743 289.0592 102.975 223.8868 288.1868 102.0947 223.4763 290.1408 102.975 223.1351 289.0592 102.975 223.8868 290.0601 102.0947 222.1743 289.0592 98.80933 223.8868 288.3777 99.68964 225.7496 289.1694 98.80933 225.1993 288.1868 99.68964 223.4763 288.3777 99.68964 225.7496 289.0592 98.80933 223.8868 288.1868 99.68964 223.4763 288.0879 100.8922 225.951 288.3777 99.68964 225.7496 287.8674 100.8922 223.326 288.0879 100.8922 225.951 288.1868 99.68964 223.4763 287.8674 100.8922 223.326 288.3777 102.0947 225.7496 288.0879 100.8922 225.951 288.1868 102.0947 223.4763 288.3777 102.0947 225.7496 287.8674 100.8922 223.326 288.1868 102.0947 223.4763 289.1694 102.975 225.1993 288.3777 102.0947 225.7496 289.0592 102.975 223.8868 289.1694 102.975 225.1993 288.1868 102.0947 223.4763 289.1694 98.80933 225.1993 290.4419 99.68964 226.721 290.3612 98.80933 225.7601 288.3777 99.68964 225.7496 290.4419 99.68964 226.721 289.1694 98.80933 225.1993 288.3777 99.68964 225.7496 290.4714 100.8922 227.0726 290.4419 99.68964 226.721 288.0879 100.8922 225.951 290.4714 100.8922 227.0726 288.3777 99.68964 225.7496 288.0879 100.8922 225.951 290.4419 102.0947 226.721 290.4714 100.8922 227.0726 288.3777 102.0947 225.7496 290.4419 102.0947 226.721 288.0879 100.8922 225.951 288.3777 102.0947 225.7496 290.3612 102.975 225.7601 290.4419 102.0947 226.721 289.1694 102.975 225.1993 290.3612 102.975 225.7601 288.3777 102.0947 225.7496 290.3612 98.80933 225.7601 292.3152 99.68964 225.419 291.4427 98.80933 225.0084 290.4419 99.68964 226.721 292.3152 99.68964 225.419 290.3612 98.80933 225.7601 290.4419 99.68964 226.721 292.6346 100.8922 225.5692 292.3152 99.68964 225.419 290.4714 100.8922 227.0726 292.6346 100.8922 225.5692 290.4419 99.68964 226.721 290.4714 100.8922 227.0726 292.3152 102.0947 225.419 292.6346 100.8922 225.5692 290.4419 102.0947 226.721 292.3152 102.0947 225.419 290.4714 100.8922 227.0726 290.4419 102.0947 226.721 291.4427 102.975 225.0084 292.3152 102.0947 225.419 290.3612 102.975 225.7601 291.4427 102.975 225.0084 290.4419 102.0947 226.721 291.4427 98.80933 225.0084 292.1243 99.68964 223.1456 291.3326 98.80933 223.6959 292.3152 99.68964 225.419 292.1243 99.68964 223.1456 291.4427 98.80933 225.0084 292.3152 99.68964 225.419 292.4141 100.8922 222.9442 292.1243 99.68964 223.1456 292.6346 100.8922 225.5692 292.4141 100.8922 222.9442 292.3152 99.68964 225.419 292.6346 100.8922 225.5692 292.1243 102.0947 223.1456 292.4141 100.8922 222.9442 292.3152 102.0947 225.419 292.1243 102.0947 223.1456 292.6346 100.8922 225.5692 292.3152 102.0947 225.419 291.3326 102.975 223.6959 292.1243 102.0947 223.1456 291.4427 102.975 225.0084 291.3326 102.975 223.6959 292.3152 102.0947 225.419 290.251 98.48711 224.4476 291.3326 98.80933 223.6959 290.1408 98.80933 223.1351 290.251 98.48711 224.4476 290.1408 98.80933 223.1351 289.0592 98.80933 223.8868 290.251 98.48711 224.4476 289.0592 98.80933 223.8868 289.1694 98.80933 225.1993 290.251 98.48711 224.4476 289.1694 98.80933 225.1993 290.3612 98.80933 225.7601 290.251 98.48711 224.4476 290.3612 98.80933 225.7601 291.4427 98.80933 225.0084 290.251 98.48711 224.4476 291.4427 98.80933 225.0084 291.3326 98.80933 223.6959 290.251 103.2972 224.4476 290.1408 102.975 223.1351 291.3326 102.975 223.6959 290.251 103.2972 224.4476 289.0592 102.975 223.8868 290.1408 102.975 223.1351 290.251 103.2972 224.4476 289.1694 102.975 225.1993 289.0592 102.975 223.8868 290.251 103.2972 224.4476 290.3612 102.975 225.7601 289.1694 102.975 225.1993 290.251 103.2972 224.4476 291.4427 102.975 225.0084 290.3612 102.975 225.7601 290.251 103.2972 224.4476 291.3326 102.975 223.6959 291.4427 102.975 225.0084 271.17 95.23146 248.5235 269.8976 96.11177 247.0019 269.9783 95.23146 247.9627 271.9618 96.11177 247.9732 269.8976 96.11177 247.0019 271.17 95.23146 248.5235 271.9618 96.11177 247.9732 269.868 97.31432 246.6502 269.8976 96.11177 247.0019 272.2516 97.31432 247.7718 269.868 97.31432 246.6502 271.9618 96.11177 247.9732 272.2516 97.31432 247.7718 269.8976 98.51685 247.0019 269.868 97.31432 246.6502 271.9618 98.51685 247.9732 269.8976 98.51685 247.0019 272.2516 97.31432 247.7718 271.9618 98.51685 247.9732 269.9783 99.39717 247.9627 269.8976 98.51685 247.0019 271.17 99.39717 248.5235 269.9783 99.39717 247.9627 271.9618 98.51685 247.9732 269.9783 95.23146 247.9627 268.0243 96.11177 248.3039 268.8967 95.23146 248.7144 269.8976 96.11177 247.0019 268.0243 96.11177 248.3039 269.9783 95.23146 247.9627 269.8976 96.11177 247.0019 267.7049 97.31432 248.1536 268.0243 96.11177 248.3039 269.868 97.31432 246.6502 267.7049 97.31432 248.1536 269.8976 96.11177 247.0019 269.868 97.31432 246.6502 268.0243 98.51685 248.3039 267.7049 97.31432 248.1536 269.8976 98.51685 247.0019 268.0243 98.51685 248.3039 269.868 97.31432 246.6502 269.8976 98.51685 247.0019 268.8967 99.39717 248.7144 268.0243 98.51685 248.3039 269.9783 99.39717 247.9627 268.8967 99.39717 248.7144 269.8976 98.51685 247.0019 268.8967 95.23146 248.7144 268.2151 96.11177 250.5772 269.0069 95.23146 250.0269 268.0243 96.11177 248.3039 268.2151 96.11177 250.5772 268.8967 95.23146 248.7144 268.0243 96.11177 248.3039 267.9254 97.31432 250.7786 268.2151 96.11177 250.5772 267.7049 97.31432 248.1536 267.9254 97.31432 250.7786 268.0243 96.11177 248.3039 267.7049 97.31432 248.1536 268.2151 98.51685 250.5772 267.9254 97.31432 250.7786 268.0243 98.51685 248.3039 268.2151 98.51685 250.5772 267.7049 97.31432 248.1536 268.0243 98.51685 248.3039 269.0069 99.39717 250.0269 268.2151 98.51685 250.5772 268.8967 99.39717 248.7144 269.0069 99.39717 250.0269 268.0243 98.51685 248.3039 269.0069 95.23146 250.0269 270.2794 96.11177 251.5486 270.1987 95.23146 250.5877 268.2151 96.11177 250.5772 270.2794 96.11177 251.5486 269.0069 95.23146 250.0269 268.2151 96.11177 250.5772 270.3089 97.31432 251.9002 270.2794 96.11177 251.5486 267.9254 97.31432 250.7786 270.3089 97.31432 251.9002 268.2151 96.11177 250.5772 267.9254 97.31432 250.7786 270.2794 98.51685 251.5486 270.3089 97.31432 251.9002 268.2151 98.51685 250.5772 270.2794 98.51685 251.5486 267.9254 97.31432 250.7786 268.2151 98.51685 250.5772 270.1987 99.39717 250.5877 270.2794 98.51685 251.5486 269.0069 99.39717 250.0269 270.1987 99.39717 250.5877 268.2151 98.51685 250.5772 270.1987 95.23146 250.5877 272.1527 96.11177 250.2466 271.2803 95.23146 249.836 270.2794 96.11177 251.5486 272.1527 96.11177 250.2466 270.1987 95.23146 250.5877 270.2794 96.11177 251.5486 272.472 97.31432 250.3968 272.1527 96.11177 250.2466 270.3089 97.31432 251.9002 272.472 97.31432 250.3968 270.2794 96.11177 251.5486 270.3089 97.31432 251.9002 272.1527 98.51685 250.2466 272.472 97.31432 250.3968 270.2794 98.51685 251.5486 272.1527 98.51685 250.2466 270.3089 97.31432 251.9002 270.2794 98.51685 251.5486 271.2803 99.39717 249.836 272.1527 98.51685 250.2466 270.1987 99.39717 250.5877 271.2803 99.39717 249.836 270.2794 98.51685 251.5486 271.2803 95.23146 249.836 271.9618 96.11177 247.9732 271.17 95.23146 248.5235 272.1527 96.11177 250.2466 271.9618 96.11177 247.9732 271.2803 95.23146 249.836 272.1527 96.11177 250.2466 272.2516 97.31432 247.7718 271.9618 96.11177 247.9732 272.472 97.31432 250.3968 272.2516 97.31432 247.7718 272.1527 96.11177 250.2466 272.472 97.31432 250.3968 271.9618 98.51685 247.9732 272.2516 97.31432 247.7718 272.1527 98.51685 250.2466 271.9618 98.51685 247.9732 272.472 97.31432 250.3968 272.1527 98.51685 250.2466 271.17 99.39717 248.5235 271.9618 98.51685 247.9732 271.2803 99.39717 249.836 271.17 99.39717 248.5235 272.1527 98.51685 250.2466 270.0885 94.90926 249.2752 271.17 95.23146 248.5235 269.9783 95.23146 247.9627 270.0885 94.90926 249.2752 269.9783 95.23146 247.9627 268.8967 95.23146 248.7144 270.0885 94.90926 249.2752 268.8967 95.23146 248.7144 269.0069 95.23146 250.0269 270.0885 94.90926 249.2752 269.0069 95.23146 250.0269 270.1987 95.23146 250.5877 270.0885 94.90926 249.2752 270.1987 95.23146 250.5877 271.2803 95.23146 249.836 270.0885 94.90926 249.2752 271.2803 95.23146 249.836 271.17 95.23146 248.5235 270.0885 99.71938 249.2752 269.9783 99.39717 247.9627 271.17 99.39717 248.5235 270.0885 99.71938 249.2752 268.8967 99.39717 248.7144 269.9783 99.39717 247.9627 270.0885 99.71938 249.2752 269.0069 99.39717 250.0269 268.8967 99.39717 248.7144 270.0885 99.71938 249.2752 270.1987 99.39717 250.5877 269.0069 99.39717 250.0269 270.0885 99.71938 249.2752 271.2803 99.39717 249.836 270.1987 99.39717 250.5877 270.0885 99.71938 249.2752 271.17 99.39717 248.5235 271.2803 99.39717 249.836 141.5051 97.56454 339.4771 141.2898 110.6272 339.2219 141.5051 110.6272 339.4771 141.2898 97.56454 339.2219 141.2898 110.6272 339.2219 141.5051 97.56454 339.4771 141.2898 97.56454 339.2219 141.545 110.6272 339.0066 141.2898 110.6272 339.2219 141.545 97.56454 339.0066 141.545 110.6272 339.0066 141.2898 97.56454 339.2219 141.5051 110.6272 339.4771 141.7603 110.6272 339.2618 141.7603 97.56454 339.2618 141.5051 110.6272 339.4771 141.7603 97.56454 339.2618 141.5051 97.56454 339.4771 142.8063 95.23146 338.9742 142.2844 96.11177 337.0605 141.957 95.23146 337.9674 143.7554 96.11177 338.8043 142.2844 96.11177 337.0605 142.8063 95.23146 338.9742 143.7554 96.11177 338.8043 142.4043 97.31432 336.7285 142.2844 96.11177 337.0605 144.1028 97.31432 338.7421 142.4043 97.31432 336.7285 143.7554 96.11177 338.8043 144.1028 97.31432 338.7421 142.2844 98.51685 337.0605 142.4043 97.31432 336.7285 143.7554 98.51685 338.8043 142.2844 98.51685 337.0605 144.1028 97.31432 338.7421 143.7554 98.51685 338.8043 141.957 99.39717 337.9674 142.2844 98.51685 337.0605 142.8063 99.39717 338.9742 141.957 99.39717 337.9674 143.7554 98.51685 338.8043 141.957 95.23146 337.9674 140.0388 96.11177 337.4625 140.6605 95.23146 338.1995 142.2844 96.11177 337.0605 140.0388 96.11177 337.4625 141.957 95.23146 337.9674 142.2844 96.11177 337.0605 139.8112 97.31432 337.1928 140.0388 96.11177 337.4625 142.4043 97.31432 336.7285 139.8112 97.31432 337.1928 142.2844 96.11177 337.0605 142.4043 97.31432 336.7285 140.0388 98.51685 337.4625 139.8112 97.31432 337.1928 142.2844 98.51685 337.0605 140.0388 98.51685 337.4625 142.4043 97.31432 336.7285 142.2844 98.51685 337.0605 140.6605 99.39717 338.1995 140.0388 98.51685 337.4625 141.957 99.39717 337.9674 140.6605 99.39717 338.1995 142.2844 98.51685 337.0605 140.6605 95.23146 338.1995 139.2641 96.11177 339.6083 140.2132 95.23146 339.4384 140.0388 96.11177 337.4625 139.2641 96.11177 339.6083 140.6605 95.23146 338.1995 140.0388 96.11177 337.4625 138.9167 97.31432 339.6705 139.2641 96.11177 339.6083 139.8112 97.31432 337.1928 138.9167 97.31432 339.6705 140.0388 96.11177 337.4625 139.8112 97.31432 337.1928 139.2641 98.51685 339.6083 138.9167 97.31432 339.6705 140.0388 98.51685 337.4625 139.2641 98.51685 339.6083 139.8112 97.31432 337.1928 140.0388 98.51685 337.4625 140.2132 99.39717 339.4384 139.2641 98.51685 339.6083 140.6605 99.39717 338.1995 140.2132 99.39717 339.4384 140.0388 98.51685 337.4625 140.2132 95.23146 339.4384 140.7351 96.11177 341.3521 141.0625 95.23146 340.4452 139.2641 96.11177 339.6083 140.7351 96.11177 341.3521 140.2132 95.23146 339.4384 139.2641 96.11177 339.6083 140.6153 97.31432 341.6841 140.7351 96.11177 341.3521 138.9167 97.31432 339.6705 140.6153 97.31432 341.6841 139.2641 96.11177 339.6083 138.9167 97.31432 339.6705 140.7351 98.51685 341.3521 140.6153 97.31432 341.6841 139.2641 98.51685 339.6083 140.7351 98.51685 341.3521 138.9167 97.31432 339.6705 139.2641 98.51685 339.6083 141.0625 99.39717 340.4452 140.7351 98.51685 341.3521 140.2132 99.39717 339.4384 141.0625 99.39717 340.4452 139.2641 98.51685 339.6083 141.0625 95.23146 340.4452 142.9807 96.11177 340.9501 142.359 95.23146 340.2131 140.7351 96.11177 341.3521 142.9807 96.11177 340.9501 141.0625 95.23146 340.4452 140.7351 96.11177 341.3521 143.2083 97.31432 341.2198 142.9807 96.11177 340.9501 140.6153 97.31432 341.6841 143.2083 97.31432 341.2198 140.7351 96.11177 341.3521 140.6153 97.31432 341.6841 142.9807 98.51685 340.9501 143.2083 97.31432 341.2198 140.7351 98.51685 341.3521 142.9807 98.51685 340.9501 140.6153 97.31432 341.6841 140.7351 98.51685 341.3521 142.359 99.39717 340.2131 142.9807 98.51685 340.9501 141.0625 99.39717 340.4452 142.359 99.39717 340.2131 140.7351 98.51685 341.3521 142.359 95.23146 340.2131 143.7554 96.11177 338.8043 142.8063 95.23146 338.9742 142.9807 96.11177 340.9501 143.7554 96.11177 338.8043 142.359 95.23146 340.2131 142.9807 96.11177 340.9501 144.1028 97.31432 338.7421 143.7554 96.11177 338.8043 143.2083 97.31432 341.2198 144.1028 97.31432 338.7421 142.9807 96.11177 340.9501 143.2083 97.31432 341.2198 143.7554 98.51685 338.8043 144.1028 97.31432 338.7421 142.9807 98.51685 340.9501 143.7554 98.51685 338.8043 143.2083 97.31432 341.2198 142.9807 98.51685 340.9501 142.8063 99.39717 338.9742 143.7554 98.51685 338.8043 142.359 99.39717 340.2131 142.8063 99.39717 338.9742 142.9807 98.51685 340.9501 141.5098 94.90926 339.2063 142.8063 95.23146 338.9742 141.957 95.23146 337.9674 141.5098 94.90926 339.2063 141.957 95.23146 337.9674 140.6605 95.23146 338.1995 141.5098 94.90926 339.2063 140.6605 95.23146 338.1995 140.2132 95.23146 339.4384 141.5098 94.90926 339.2063 140.2132 95.23146 339.4384 141.0625 95.23146 340.4452 141.5098 94.90926 339.2063 141.0625 95.23146 340.4452 142.359 95.23146 340.2131 141.5098 94.90926 339.2063 142.359 95.23146 340.2131 142.8063 95.23146 338.9742 141.5098 99.71938 339.2063 141.957 99.39717 337.9674 142.8063 99.39717 338.9742 141.5098 99.71938 339.2063 140.6605 99.39717 338.1995 141.957 99.39717 337.9674 141.5098 99.71938 339.2063 140.2132 99.39717 339.4384 140.6605 99.39717 338.1995 141.5098 99.71938 339.2063 141.0625 99.39717 340.4452 140.2132 99.39717 339.4384 141.5098 99.71938 339.2063 142.359 99.39717 340.2131 141.0625 99.39717 340.4452 141.5098 99.71938 339.2063 142.8063 99.39717 338.9742 142.359 99.39717 340.2131 198.6118 97.56454 311.1573 198.3965 110.6272 310.9021 198.6118 110.6272 311.1573 198.3965 97.56454 310.9021 198.3965 110.6272 310.9021 198.6118 97.56454 311.1573 198.3965 97.56454 310.9021 198.6517 110.6272 310.6868 198.3965 110.6272 310.9021 198.6517 97.56454 310.6868 198.6517 110.6272 310.6868 198.3965 97.56454 310.9021 198.6118 110.6272 311.1573 198.867 110.6272 310.942 198.867 97.56454 310.942 198.6118 110.6272 311.1573 198.867 97.56454 310.942 198.6118 97.56454 311.1573 199.913 95.23146 310.6544 199.3911 96.11177 308.7407 199.0637 95.23146 309.6476 200.8621 96.11177 310.4845 199.3911 96.11177 308.7407 199.913 95.23146 310.6544 200.8621 96.11177 310.4845 199.511 97.31432 308.4087 199.3911 96.11177 308.7407 201.2095 97.31432 310.4223 199.511 97.31432 308.4087 200.8621 96.11177 310.4845 201.2095 97.31432 310.4223 199.3911 98.51685 308.7407 199.511 97.31432 308.4087 200.8621 98.51685 310.4845 199.3911 98.51685 308.7407 201.2095 97.31432 310.4223 200.8621 98.51685 310.4845 199.0637 99.39717 309.6476 199.3911 98.51685 308.7407 199.913 99.39717 310.6544 199.0637 99.39717 309.6476 200.8621 98.51685 310.4845 199.0637 95.23146 309.6476 197.1455 96.11177 309.1427 197.7672 95.23146 309.8797 199.3911 96.11177 308.7407 197.1455 96.11177 309.1427 199.0637 95.23146 309.6476 199.3911 96.11177 308.7407 196.9179 97.31432 308.873 197.1455 96.11177 309.1427 199.511 97.31432 308.4087 196.9179 97.31432 308.873 199.3911 96.11177 308.7407 199.511 97.31432 308.4087 197.1455 98.51685 309.1427 196.9179 97.31432 308.873 199.3911 98.51685 308.7407 197.1455 98.51685 309.1427 199.511 97.31432 308.4087 199.3911 98.51685 308.7407 197.7672 99.39717 309.8797 197.1455 98.51685 309.1427 199.0637 99.39717 309.6476 197.7672 99.39717 309.8797 199.3911 98.51685 308.7407 197.7672 95.23146 309.8797 196.3708 96.11177 311.2885 197.3199 95.23146 311.1186 197.1455 96.11177 309.1427 196.3708 96.11177 311.2885 197.7672 95.23146 309.8797 197.1455 96.11177 309.1427 196.0234 97.31432 311.3507 196.3708 96.11177 311.2885 196.9179 97.31432 308.873 196.0234 97.31432 311.3507 197.1455 96.11177 309.1427 196.9179 97.31432 308.873 196.3708 98.51685 311.2885 196.0234 97.31432 311.3507 197.1455 98.51685 309.1427 196.3708 98.51685 311.2885 196.9179 97.31432 308.873 197.1455 98.51685 309.1427 197.3199 99.39717 311.1186 196.3708 98.51685 311.2885 197.7672 99.39717 309.8797 197.3199 99.39717 311.1186 197.1455 98.51685 309.1427 197.3199 95.23146 311.1186 197.8418 96.11177 313.0323 198.1692 95.23146 312.1254 196.3708 96.11177 311.2885 197.8418 96.11177 313.0323 197.3199 95.23146 311.1186 196.3708 96.11177 311.2885 197.722 97.31432 313.3643 197.8418 96.11177 313.0323 196.0234 97.31432 311.3507 197.722 97.31432 313.3643 196.3708 96.11177 311.2885 196.0234 97.31432 311.3507 197.8418 98.51685 313.0323 197.722 97.31432 313.3643 196.3708 98.51685 311.2885 197.8418 98.51685 313.0323 196.0234 97.31432 311.3507 196.3708 98.51685 311.2885 198.1692 99.39717 312.1254 197.8418 98.51685 313.0323 197.3199 99.39717 311.1186 198.1692 99.39717 312.1254 196.3708 98.51685 311.2885 198.1692 95.23146 312.1254 200.0875 96.11177 312.6302 199.4657 95.23146 311.8932 197.8418 96.11177 313.0323 200.0875 96.11177 312.6302 198.1692 95.23146 312.1254 197.8418 96.11177 313.0323 200.315 97.31432 312.9 200.0875 96.11177 312.6302 197.722 97.31432 313.3643 200.315 97.31432 312.9 197.8418 96.11177 313.0323 197.722 97.31432 313.3643 200.0875 98.51685 312.6302 200.315 97.31432 312.9 197.8418 98.51685 313.0323 200.0875 98.51685 312.6302 197.722 97.31432 313.3643 197.8418 98.51685 313.0323 199.4657 99.39717 311.8932 200.0875 98.51685 312.6302 198.1692 99.39717 312.1254 199.4657 99.39717 311.8932 197.8418 98.51685 313.0323 199.4657 95.23146 311.8932 200.8621 96.11177 310.4845 199.913 95.23146 310.6544 200.0875 96.11177 312.6302 200.8621 96.11177 310.4845 199.4657 95.23146 311.8932 200.0875 96.11177 312.6302 201.2095 97.31432 310.4223 200.8621 96.11177 310.4845 200.315 97.31432 312.9 201.2095 97.31432 310.4223 200.0875 96.11177 312.6302 200.315 97.31432 312.9 200.8621 98.51685 310.4845 201.2095 97.31432 310.4223 200.0875 98.51685 312.6302 200.8621 98.51685 310.4845 200.315 97.31432 312.9 200.0875 98.51685 312.6302 199.913 99.39717 310.6544 200.8621 98.51685 310.4845 199.4657 99.39717 311.8932 199.913 99.39717 310.6544 200.0875 98.51685 312.6302 198.6165 94.90926 310.8865 199.913 95.23146 310.6544 199.0637 95.23146 309.6476 198.6165 94.90926 310.8865 199.0637 95.23146 309.6476 197.7672 95.23146 309.8797 198.6165 94.90926 310.8865 197.7672 95.23146 309.8797 197.3199 95.23146 311.1186 198.6165 94.90926 310.8865 197.3199 95.23146 311.1186 198.1692 95.23146 312.1254 198.6165 94.90926 310.8865 198.1692 95.23146 312.1254 199.4657 95.23146 311.8932 198.6165 94.90926 310.8865 199.4657 95.23146 311.8932 199.913 95.23146 310.6544 198.6165 99.71938 310.8865 199.0637 99.39717 309.6476 199.913 99.39717 310.6544 198.6165 99.71938 310.8865 197.7672 99.39717 309.8797 199.0637 99.39717 309.6476 198.6165 99.71938 310.8865 197.3199 99.39717 311.1186 197.7672 99.39717 309.8797 198.6165 99.71938 310.8865 198.1692 99.39717 312.1254 197.3199 99.39717 311.1186 198.6165 99.71938 310.8865 199.4657 99.39717 311.8932 198.1692 99.39717 312.1254 198.6165 99.71938 310.8865 199.913 99.39717 310.6544 199.4657 99.39717 311.8932 170.126 103.1831 325.439 169.9108 116.2458 325.1838 170.126 116.2458 325.439 169.9108 103.1831 325.1838 169.9108 116.2458 325.1838 170.126 103.1831 325.439 169.9108 103.1831 325.1838 170.166 116.2458 324.9685 169.9108 116.2458 325.1838 170.166 103.1831 324.9685 170.166 116.2458 324.9685 169.9108 103.1831 325.1838 170.126 116.2458 325.439 170.3812 116.2458 325.2237 170.3812 103.1831 325.2237 170.126 116.2458 325.439 170.3812 103.1831 325.2237 170.126 103.1831 325.439 171.4351 98.83037 324.9808 170.9132 99.71068 323.0671 170.5858 98.83037 323.974 172.3842 99.71068 324.8109 170.9132 99.71068 323.0671 171.4351 98.83037 324.9808 172.3842 99.71068 324.8109 171.0331 100.9132 322.7351 170.9132 99.71068 323.0671 172.7316 100.9132 324.7487 171.0331 100.9132 322.7351 172.3842 99.71068 324.8109 172.7316 100.9132 324.7487 170.9132 102.1158 323.0671 171.0331 100.9132 322.7351 172.3842 102.1158 324.8109 170.9132 102.1158 323.0671 172.7316 100.9132 324.7487 172.3842 102.1158 324.8109 170.5858 102.9961 323.974 170.9132 102.1158 323.0671 171.4351 102.9961 324.9808 170.5858 102.9961 323.974 172.3842 102.1158 324.8109 170.5858 98.83037 323.974 168.6676 99.71068 323.4691 169.2893 98.83037 324.2061 170.9132 99.71068 323.0671 168.6676 99.71068 323.4691 170.5858 98.83037 323.974 170.9132 99.71068 323.0671 168.44 100.9132 323.1994 168.6676 99.71068 323.4691 171.0331 100.9132 322.7351 168.44 100.9132 323.1994 170.9132 99.71068 323.0671 171.0331 100.9132 322.7351 168.6676 102.1158 323.4691 168.44 100.9132 323.1994 170.9132 102.1158 323.0671 168.6676 102.1158 323.4691 171.0331 100.9132 322.7351 170.9132 102.1158 323.0671 169.2893 102.9961 324.2061 168.6676 102.1158 323.4691 170.5858 102.9961 323.974 169.2893 102.9961 324.2061 170.9132 102.1158 323.0671 169.2893 98.83037 324.2061 167.8929 99.71068 325.6149 168.8421 98.83037 325.445 168.6676 99.71068 323.4691 167.8929 99.71068 325.6149 169.2893 98.83037 324.2061 168.6676 99.71068 323.4691 167.5455 100.9132 325.6771 167.8929 99.71068 325.6149 168.44 100.9132 323.1994 167.5455 100.9132 325.6771 168.6676 99.71068 323.4691 168.44 100.9132 323.1994 167.8929 102.1158 325.6149 167.5455 100.9132 325.6771 168.6676 102.1158 323.4691 167.8929 102.1158 325.6149 168.44 100.9132 323.1994 168.6676 102.1158 323.4691 168.8421 102.9961 325.445 167.8929 102.1158 325.6149 169.2893 102.9961 324.2061 168.8421 102.9961 325.445 168.6676 102.1158 323.4691 168.8421 98.83037 325.445 169.3639 99.71068 327.3587 169.6913 98.83037 326.4518 167.8929 99.71068 325.6149 169.3639 99.71068 327.3587 168.8421 98.83037 325.445 167.8929 99.71068 325.6149 169.2441 100.9132 327.6906 169.3639 99.71068 327.3587 167.5455 100.9132 325.6771 169.2441 100.9132 327.6906 167.8929 99.71068 325.6149 167.5455 100.9132 325.6771 169.3639 102.1158 327.3587 169.2441 100.9132 327.6906 167.8929 102.1158 325.6149 169.3639 102.1158 327.3587 167.5455 100.9132 325.6771 167.8929 102.1158 325.6149 169.6913 102.9961 326.4518 169.3639 102.1158 327.3587 168.8421 102.9961 325.445 169.6913 102.9961 326.4518 167.8929 102.1158 325.6149 169.6913 98.83037 326.4518 171.6096 99.71068 326.9567 170.9879 98.83037 326.2197 169.3639 99.71068 327.3587 171.6096 99.71068 326.9567 169.6913 98.83037 326.4518 169.3639 99.71068 327.3587 171.8371 100.9132 327.2264 171.6096 99.71068 326.9567 169.2441 100.9132 327.6906 171.8371 100.9132 327.2264 169.3639 99.71068 327.3587 169.2441 100.9132 327.6906 171.6096 102.1158 326.9567 171.8371 100.9132 327.2264 169.3639 102.1158 327.3587 171.6096 102.1158 326.9567 169.2441 100.9132 327.6906 169.3639 102.1158 327.3587 170.9879 102.9961 326.2197 171.6096 102.1158 326.9567 169.6913 102.9961 326.4518 170.9879 102.9961 326.2197 169.3639 102.1158 327.3587 170.9879 98.83037 326.2197 172.3842 99.71068 324.8109 171.4351 98.83037 324.9808 171.6096 99.71068 326.9567 172.3842 99.71068 324.8109 170.9879 98.83037 326.2197 171.6096 99.71068 326.9567 172.7316 100.9132 324.7487 172.3842 99.71068 324.8109 171.8371 100.9132 327.2264 172.7316 100.9132 324.7487 171.6096 99.71068 326.9567 171.8371 100.9132 327.2264 172.3842 102.1158 324.8109 172.7316 100.9132 324.7487 171.6096 102.1158 326.9567 172.3842 102.1158 324.8109 171.8371 100.9132 327.2264 171.6096 102.1158 326.9567 171.4351 102.9961 324.9808 172.3842 102.1158 324.8109 170.9879 102.9961 326.2197 171.4351 102.9961 324.9808 171.6096 102.1158 326.9567 170.1386 98.50816 325.2129 171.4351 98.83037 324.9808 170.5858 98.83037 323.974 170.1386 98.50816 325.2129 170.5858 98.83037 323.974 169.2893 98.83037 324.2061 170.1386 98.50816 325.2129 169.2893 98.83037 324.2061 168.8421 98.83037 325.445 170.1386 98.50816 325.2129 168.8421 98.83037 325.445 169.6913 98.83037 326.4518 170.1386 98.50816 325.2129 169.6913 98.83037 326.4518 170.9879 98.83037 326.2197 170.1386 98.50816 325.2129 170.9879 98.83037 326.2197 171.4351 98.83037 324.9808 170.1386 103.3183 325.2129 170.5858 102.9961 323.974 171.4351 102.9961 324.9808 170.1386 103.3183 325.2129 169.2893 102.9961 324.2061 170.5858 102.9961 323.974 170.1386 103.3183 325.2129 168.8421 102.9961 325.445 169.2893 102.9961 324.2061 170.1386 103.3183 325.2129 169.6913 102.9961 326.4518 168.8421 102.9961 325.445 170.1386 103.3183 325.2129 170.9879 102.9961 326.2197 169.6913 102.9961 326.4518 170.1386 103.3183 325.2129 171.4351 102.9961 324.9808 170.9879 102.9961 326.2197</float_array>
                    <technique_common>
                        <accessor count="3672" offset="0" source="green_3_2-geometry-POSITION-array" stride="3">
                            <param name="X" type="float" />
                            <param name="Y" type="float" />
                            <param name="Z" type="float" />
                        </accessor>
                    </technique_common>
                </source>
                <source id="green_3_2-geometry-NORMAL">
                    <float_array id="green_3_2-geometry-NORMAL-array" count="1944">0.865145 2.284377E-07 -0.5015218 0.5015184 2.72749E-07 0.8651469 -0.8651476 -2.216481E-07 0.5015174 -0.5015207 -2.659588E-07 -0.8651456 -0.8651409 2.030817E-07 0.5015289 -0.5015275 2.111472E-07 -0.8651417 -0.8651536 -3.097869E-07 0.5015069 -0.5015213 -3.843724E-07 -0.8651453 -0.9956431 2.881836E-07 0.09324601 -0.09326631 8.240061E-07 -0.9956412 -0.9956414 -6.05618E-07 0.09326437 -0.09324651 -2.835848E-08 -0.995643 -0.9956441 -7.371964E-08 0.09323542 -0.09323177 5.930473E-08 -0.9956444 -0.9402894 -4.312787E-07 -0.340376 0.3403776 -4.573986E-07 -0.9402888 -0.9402868 -2.247586E-07 -0.3403834 0.3403791 -1.737217E-07 -0.9402883 -0.9402918 3.996932E-07 -0.3403693 0.3403739 2.134292E-07 -0.9402902 -0.7071075 1.613397E-07 -0.7071061 0.7071061 4.791854E-07 -0.7071075 -0.7071049 3.808117E-07 -0.7071087 0.7071087 2.597139E-07 -0.7071049 -0.7071107 6.06933E-07 -0.7071028 0.7071028 3.359643E-08 -0.7071107 -0.3387492 -1.918439E-07 -0.9408767 0.9408894 5.683029E-07 -0.3387139 -0.3387559 9.33185E-08 -0.9408743 0.940872 5.911629E-07 -0.3387624 -0.3387487 1.376378E-07 -0.9408769 0.9408759 -2.35546E-07 -0.3387513 0.08452303 -3.446286E-07 -0.9964215 0.9964252 -3.740964E-07 0.08448037 0.08456405 -2.07701E-07 -0.9964181 0.9964194 -2.444019E-07 0.08454885 0.08452087 -1.707297E-07 -0.9964217 0.9964217 3.377237E-07 0.08452045 -0.3284284 -0.8860149 -0.3272801 -0.8143919 -0.5371044 0.2197377 -0.4476466 -0.8860155 0.1207852 -0.5974962 -0.5371068 -0.5954112 -0.9654736 4.970946E-07 0.260501 -0.7083392 1.375896E-06 -0.7058723 -0.8143932 0.5371028 0.2197368 -0.5974953 0.537105 -0.5954138 -0.4476499 0.8860141 0.1207831 -0.3284301 0.8860132 -0.3272831 -0.2168999 -0.537108 0.8151499 -0.1192233 -0.886016 0.4480642 -0.2571376 2.263573E-07 0.9663748 -0.2168983 0.5371045 0.8151526 -0.1192205 0.8860154 0.4480661 0.5974937 -0.537107 0.5954136 0.3284206 -0.8860182 0.3272794 0.7083404 1.37589E-06 0.705871 0.5974975 0.5371021 0.5954143 0.3284267 0.8860149 0.327282 0.8143905 -0.5371054 -0.2197405 0.4476482 -0.8860148 -0.1207841 0.9654726 2.339021E-06 -0.2605047 0.814391 0.5371053 -0.219739 0.4476485 0.8860148 -0.1207837 0.2168958 -0.5371066 -0.8151519 0.1192217 -0.8860158 -0.448065 0.2571326 2.077151E-06 -0.9663761 0.2168957 0.5371064 -0.8151521 0.1192206 0.8860149 -0.448067 -7.419522E-07 -1 1.961334E-07 -1.091637E-06 1 -7.225968E-07 0.8651374 8.701687E-08 -0.5015349 0.5015362 7.893452E-08 0.8651366 -0.3284231 -0.8860179 -0.3272776 -0.8143896 -0.537108 0.2197375 -0.4476439 -0.8860167 0.120786 -0.59749 -0.5371112 -0.5954136 -0.9654737 6.080546E-07 0.2605005 -0.7083367 -1.420278E-06 -0.7058747 -0.8143907 0.5371051 0.2197403 -0.5974941 0.5371055 -0.5954145 -0.4476475 0.8860145 0.1207891 -0.3284272 0.8860158 -0.3272792 -0.2169005 -0.5371097 0.8151487 -0.1192248 -0.8860162 0.4480632 -0.2571346 2.179242E-06 0.9663756 -0.2168965 0.5371057 0.8151523 -0.119222 0.8860136 0.4480693 0.5974948 -0.5371074 0.5954121 0.3284211 -0.8860185 0.3272778 0.708341 1.100713E-06 0.7058704 0.5974956 0.5371045 0.5954139 0.3284237 0.8860165 0.3272805 0.8143899 -0.5371059 -0.2197415 0.4476478 -0.8860148 -0.120786 0.965472 1.881868E-06 -0.2605066 0.8143898 0.5371059 -0.2197421 0.4476475 0.8860145 -0.1207889 0.216898 -0.5371088 -0.81515 0.1192235 -0.8860162 -0.4480636 0.2571339 9.231758E-07 -0.9663758 0.2168967 0.5371051 -0.8151528 0.119223 0.8860139 -0.4480683 -6.361436E-07 -1 -2.322634E-07 -7.574368E-07 1 -7.742114E-08 0.8651482 -6.968317E-08 -0.5015162 0.5015018 4.908183E-09 0.8651567 -0.3284237 -0.8860171 -0.327279 -0.8143883 -0.5371091 0.2197395 -0.4476467 -0.8860153 0.1207863 -0.5974937 -0.5371079 -0.5954127 -0.9654734 -2.871624E-06 0.2605018 -0.7083393 9.231775E-07 -0.7058722 -0.8143902 0.5371068 0.219738 -0.5974945 0.5371091 -0.5954109 -0.4476506 0.8860129 0.120789 -0.328426 0.8860158 -0.3272804 -0.2168989 -0.5371069 0.8151509 -0.1192231 -0.886016 0.4480642 -0.2571359 -1.367011E-06 0.9663752 -0.2168997 0.5371073 0.8151505 -0.119225 0.8860133 0.448069 0.5974927 -0.5371079 0.5954138 0.3284233 -0.8860178 0.3272775 0.7083361 2.396713E-06 0.7058753 0.5974913 0.5371108 0.5954126 0.3284233 0.886017 0.3272796 0.8143884 -0.537108 -0.2197419 0.4476431 -0.8860173 -0.1207851 0.9654725 9.941928E-07 -0.2605051 0.8143879 0.5371088 -0.2197417 0.4476454 0.8860156 -0.120789 0.2168925 -0.5371064 -0.8151529 0.1192202 -0.8860169 -0.4480631 0.2571307 1.034137E-06 -0.9663766 0.2168939 0.5371081 -0.8151515 0.1192222 0.8860143 -0.4480677 1.201318E-06 -1 1.414227E-06 6.064675E-08 1 1.641333E-06 0.9956448 2.222803E-08 -0.09322815 0.09320786 -5.135616E-07 0.9956467 -0.1612357 -0.8860176 -0.4347136 -0.8315793 -0.5371058 -0.1413976 -0.4570955 -0.8860151 -0.07772317 -0.2933332 -0.5371124 -0.7908641 -0.9858501 3.266633E-06 -0.1676295 -0.3477528 2.796176E-07 -0.9375862 -0.8315773 0.5371084 -0.1413991 -0.2933351 0.537107 -0.790867 -0.4570925 0.8860166 -0.07772385 -0.161237 0.8860143 -0.4347198 -0.5382455 -0.5371055 0.6494686 -0.2958598 -0.8860145 0.3569948 -0.6380964 3.2045E-06 0.7699565 -0.5382428 0.5371084 0.6494684 -0.2958556 0.8860155 0.3569957 0.2933347 -0.5371073 0.7908669 0.1612389 -0.8860148 0.4347182 0.3477521 -1.72208E-06 0.9375865 0.2933339 0.5371047 0.7908689 0.161238 0.8860142 0.4347197 0.8315757 -0.5371116 0.1413963 0.4570934 -0.8860162 0.07772292 0.9858501 -6.377938E-06 0.1676295 0.8315812 0.5371037 0.1413939 0.4570952 0.8860155 0.07772088 0.5382403 -0.5371127 -0.649467 0.2958539 -0.8860177 -0.3569918 0.6380967 -4.438351E-06 -0.7699563 0.5382437 0.5371028 -0.6494723 0.2958562 0.8860138 -0.3569996 6.477574E-07 -1 2.348443E-06 2.409089E-06 1 7.793732E-07 0.9956434 -9.781976E-08 -0.09324335 0.09326119 -6.750561E-07 0.9956416 -0.1612363 -0.8860171 -0.4347143 -0.8315788 -0.5371066 -0.1413972 -0.4570915 -0.8860173 -0.07772228 -0.2933343 -0.5371088 -0.7908661 -0.98585 -9.586832E-07 -0.1676301 -0.3477534 -1.580057E-06 -0.937586 -0.8315806 0.5371031 -0.1413998 -0.2933365 0.5371029 -0.7908693 -0.457095 0.8860155 -0.07772241 -0.1612391 0.8860154 -0.4347169 -0.5382445 -0.5371081 0.6494673 -0.2958558 -0.8860167 0.3569927 -0.6380973 2.165921E-06 0.7699558 -0.5382442 0.5371059 0.6494693 -0.2958555 0.8860157 0.3569955 0.2933339 -0.5371105 0.790865 0.1612346 -0.8860167 0.4347157 0.3477542 -4.482737E-07 0.9375857 0.2933345 0.5371051 0.7908685 0.1612383 0.8860146 0.4347188 0.8315774 -0.5371095 0.141395 0.4570895 -0.8860183 0.07772193 0.9858504 -3.666082E-06 0.1676276 0.8315822 0.5371021 0.1413944 0.4570945 0.8860157 0.07772176 0.5382437 -0.5371061 -0.6494697 0.2958537 -0.8860173 -0.3569929 0.6380967 -1.673255E-06 -0.7699562 0.5382444 0.5370997 -0.6494743 0.2958562 0.8860152 -0.3569961 3.812993E-07 -1 2.761355E-06 1.005185E-06 1 2.431024E-06 0.9956447 -4.763436E-07 -0.09322862 0.09323224 -6.09351E-07 0.9956444 -0.1612407 -0.8860143 -0.4347184 -0.8315757 -0.5371103 -0.1414018 -0.4570999 -0.8860128 -0.07772408 -0.2933354 -0.5371095 -0.7908652 -0.9858492 5.32603E-08 -0.1676347 -0.3477531 -4.749042E-07 -0.9375861 -0.8315746 0.5371118 -0.1414023 -0.2933337 0.5371072 -0.7908673 -0.4570958 0.8860148 -0.07772498 -0.1612381 0.8860147 -0.4347185 -0.5382453 -0.5371106 0.6494645 -0.2958602 -0.8860139 0.3569958 -0.6380991 -2.61864E-07 0.7699543 -0.5382422 0.5371117 0.6494662 -0.2958592 0.8860146 0.356995 0.2933323 -0.5371069 0.790868 0.1612396 -0.8860136 0.4347202 0.3477531 1.86855E-06 0.9375861 0.2933336 0.5371076 0.7908671 0.1612386 0.8860136 0.4347208 0.8315799 -0.5371051 0.1413965 0.4570951 -0.8860154 0.07772258 0.9858508 4.087727E-06 0.1676256 0.8315772 0.5371091 0.1413969 0.457096 0.8860148 0.07772352 0.5382418 -0.5371056 -0.6494715 0.2958545 -0.8860155 -0.3569967 0.6380953 1.429147E-06 -0.7699574 0.5382413 0.5371065 -0.6494713 0.2958556 0.8860156 -0.3569956 -1.996827E-06 -1 -3.354928E-07 4.774318E-07 1 9.548636E-07 0.9402876 -6.012675E-07 0.3403809 -0.3403792 -5.751434E-07 0.9402883 0.03960351 -0.8860177 -0.4619569 -0.6918067 -0.5371101 -0.4826139 -0.3802667 -0.886016 -0.2652788 0.07204943 -0.5371127 -0.8404278 -0.8201491 -3.5063E-07 -0.5721499 0.08541589 -1.207234E-06 -0.9963454 -0.6918126 0.5371003 -0.4826165 0.07205107 0.5371045 -0.8404329 -0.3802745 0.8860122 -0.2652805 0.03960504 0.8860142 -0.4619635 -0.7638593 -0.5371096 0.3578158 -0.4198723 -0.8860155 0.1966822 -0.9055702 2.290204E-06 0.4241965 -0.7638636 0.5371054 0.3578131 -0.4198782 0.8860124 0.1966835 -0.07205082 -0.5371079 0.8404307 -0.03960616 -0.8860169 0.4619582 -0.08541611 4.376223E-06 0.9963454 -0.07205133 0.5371089 0.84043 -0.03960641 0.8860159 0.4619602 0.6918083 -0.5371097 0.4826121 0.3802631 -0.8860189 0.2652745 0.8201514 9.98629E-07 0.5721465 0.6918117 0.537104 0.4826137 0.3802704 0.8860155 0.2652754 0.7638565 -0.5371131 -0.3578166 0.4198661 -0.8860189 -0.1966797 0.9055694 -1.944003E-06 -0.4241981 0.7638628 0.5371029 -0.3578184 0.4198758 0.8860132 -0.1966849 -9.703454E-07 -1 -5.109797E-07 8.309874E-07 1 -7.38082E-07 0.9402918 -3.175909E-07 0.3403693 -0.3403736 -3.686241E-07 0.9402903 0.03960312 -0.8860162 -0.4619597 -0.6918082 -0.5371084 -0.4826138 -0.3802689 -0.8860137 -0.2652833 0.07204969 -0.5371103 -0.8404293 -0.8201504 3.426425E-06 -0.572148 0.08541951 4.85113E-06 -0.9963451 -0.6918092 0.5371048 -0.4826162 0.0720509 0.5371073 -0.840431 -0.3802706 0.8860126 -0.2652847 0.03960263 0.8860143 -0.4619635 -0.7638605 -0.5371087 0.3578147 -0.4198737 -0.8860151 0.1966807 -0.9055699 -5.015361E-07 0.4241972 -0.763862 0.5371068 0.3578146 -0.4198728 0.8860154 0.1966813 -0.07205369 -0.5371119 0.8404279 -0.03960403 -0.8860161 0.46196 -0.08541839 -3.319899E-06 0.9963452 -0.07205208 0.5371081 0.8404305 -0.03960292 0.8860157 0.4619609 0.6918052 -0.5371146 0.4826111 0.3802631 -0.8860177 0.2652783 0.8201526 2.973703E-07 0.5721447 0.6918089 0.53711 0.4826109 0.3802663 0.8860164 0.265278 0.7638569 -0.5371119 -0.3578175 0.4198667 -0.8860192 -0.1966775 0.9055683 4.540432E-06 -0.4242004 0.763859 0.537109 -0.3578174 0.41987 0.8860168 -0.1966807 3.197497E-06 -1 -5.65175E-07 3.863314E-06 1 8.000183E-07 0.9402894 6.956185E-08 0.3403761 -0.3403716 2.558241E-07 0.940291 0.03960321 -0.8860153 -0.4619616 -0.6918072 -0.53711 -0.4826134 -0.38027 -0.8860142 -0.2652801 0.07204844 -0.5371099 -0.8404297 -0.8201506 -5.800935E-06 -0.5721477 0.08541577 6.03618E-07 -0.9963454 -0.6918127 0.5371021 -0.4826142 0.07204937 0.5371093 -0.84043 -0.3802712 0.8860139 -0.2652794 0.0396028 0.886017 -0.4619583 -0.763855 -0.5371194 0.3578105 -0.4198723 -0.8860162 0.1966787 -0.9055697 -9.240704E-06 0.4241974 -0.7638636 0.537104 0.3578151 -0.4198765 0.8860134 0.1966825 -0.07204825 -0.5371138 0.8404272 -0.0396012 -0.8860161 0.4619602 -0.08541714 -6.440067E-06 0.9963453 -0.07205142 0.5371047 0.8404327 -0.03960332 0.8860142 0.4619635 0.6918113 -0.5371054 0.4826126 0.3802747 -0.8860118 0.2652816 0.8201525 -4.496059E-06 0.572145 0.6918117 0.5371045 0.482613 0.3802683 0.886015 0.26528 0.7638596 -0.5371085 -0.3578169 0.4198772 -0.8860132 -0.1966817 0.9055691 -9.009863E-07 -0.4241989 0.7638589 0.5371088 -0.3578179 0.4198703 0.8860168 -0.1966801 3.365247E-06 -1 6.632428E-07 1.202609E-06 1 3.336852E-06 0.7071082 4.791839E-07 0.7071053 -0.7071054 1.613402E-07 0.7071082 0.2318254 -0.8860186 -0.4015321 -0.4217538 -0.5371119 -0.730503 -0.2318273 -0.8860169 -0.4015347 0.4217587 -0.5371063 -0.7305042 -0.4999974 -1.642194E-07 -0.8660269 0.5000017 3.160112E-06 -0.8660244 -0.4217577 0.5371056 -0.7305053 0.4217585 0.537105 -0.7305052 -0.2318317 0.8860146 -0.4015373 0.2318267 0.886017 -0.4015348 -0.8435095 -0.5371143 -3.468499E-06 -0.4636533 -0.8860167 -1.895756E-06 -1 6.435639E-07 -3.390916E-06 -0.8435134 0.5371082 -4.016602E-06 -0.4636605 0.886013 -9.198837E-07 -0.4217567 -0.5371115 0.7305016 -0.2318252 -0.8860185 0.4015324 -0.5000023 2.5565E-06 0.8660241 -0.4217571 0.5371093 0.730503 -0.2318292 0.886016 0.4015357 0.4217584 -0.5371065 0.7305043 0.231828 -0.8860174 0.4015331 0.5000007 2.347894E-06 0.866025 0.4217587 0.5371071 0.7305036 0.2318266 0.8860177 0.4015334 0.843517 -0.5371024 1.224683E-06 0.4636529 -0.8860169 9.998726E-07 1 3.750402E-06 0 0.8435162 0.5371038 -6.080583E-07 0.4636533 0.8860167 -1.543804E-06 -1.501969E-06 -1 -2.16779E-07 -3.891699E-06 1 2.064562E-07 0.7071056 2.59715E-07 0.707108 -0.707108 3.8081E-07 0.7071056 0.2318279 -0.8860168 -0.4015345 -0.4217561 -0.5371067 -0.7305054 -0.2318272 -0.8860164 -0.4015361 0.4217589 -0.5371065 -0.730504 -0.4999975 1.060768E-06 -0.8660269 0.5000012 1.646634E-06 -0.8660247 -0.4217576 0.537104 -0.7305066 0.4217582 0.5371072 -0.7305039 -0.2318296 0.8860151 -0.4015375 0.2318269 0.8860167 -0.4015355 -0.8435156 -0.5371046 -3.888153E-06 -0.4636534 -0.8860167 -2.799647E-06 -1 3.071346E-06 -2.103784E-06 -0.8435149 0.5371057 -4.821643E-06 -0.4636546 0.886016 -2.315708E-06 -0.421759 -0.5371044 0.7305054 -0.2318259 -0.8860178 0.4015337 -0.500002 3.772606E-06 0.8660243 -0.4217576 0.5371065 0.7305048 -0.2318254 0.8860174 0.4015346 0.4217582 -0.5371065 0.7305045 0.2318263 -0.8860173 0.4015343 0.5000013 1.828605E-06 0.8660247 0.4217591 0.5371045 0.7305053 0.2318283 0.8860163 0.4015355 0.8435156 -0.5371047 -4.453381E-07 0.4636545 -0.8860161 -7.279082E-07 1 1.722082E-06 1.065205E-06 0.843515 0.5371056 9.677527E-07 0.4636549 0.8860159 -8.678903E-07 5.41947E-08 -1 2.06456E-08 -1.006473E-07 1 -1.80649E-08 0.7071114 3.359602E-08 0.7071021 -0.7071022 6.069404E-07 0.7071114 0.2318279 -0.8860147 -0.4015393 -0.421755 -0.5371081 -0.730505 -0.2318307 -0.8860127 -0.401542 0.4217574 -0.5371077 -0.7305039 -0.4999977 3.350965E-06 -0.8660268 0.5000013 -4.882192E-08 -0.8660246 -0.4217545 0.5371107 -0.7305034 0.4217582 0.5371054 -0.7305052 -0.2318303 0.8860131 -0.4015414 0.2318296 0.8860132 -0.4015416 -0.8435131 -0.5371085 -2.766238E-06 -0.4636603 -0.8860131 -1.083861E-06 -1 7.230112E-06 -1.624445E-06 -0.8435088 0.5371154 -3.04885E-06 -0.4636593 0.8860136 3.759516E-07 -0.4217578 -0.5371085 0.7305031 -0.2318296 -0.8860139 0.4015401 -0.5000001 5.805382E-06 0.8660254 -0.4217548 0.5371127 0.7305017 -0.231829 0.8860139 0.4015403 0.421757 -0.537109 0.7305032 0.2318291 -0.8860145 0.401539 0.5000007 -2.929317E-07 0.866025 0.4217573 0.5371075 0.7305042 0.2318285 0.886015 0.4015383 0.8435138 -0.5371075 9.591919E-07 0.4636567 -0.8860149 -1.879755E-07 1 -2.276873E-06 -1.509039E-07 0.8435163 0.5371035 -9.934495E-07 0.463658 0.8860143 -2.927623E-06 -6.296942E-07 -1 5.135621E-07 -1.117449E-06 1 -4.903355E-07 0.3387017 7.668556E-07 0.9408938 -0.9408811 6.740419E-09 0.338737 0.3387491 5.229096E-07 0.9408768 -0.9408791 2.506544E-08 0.3387426 0.3807284 -0.8860161 -0.2646154 -0.07058238 -0.53711 -0.8405539 -0.03879587 -0.8860158 -0.462029 0.6926488 -0.5371101 -0.4814045 -0.08367507 -1.477973E-06 -0.9964931 0.8211498 3.816996E-07 -0.5707128 -0.0705827 0.5371039 -0.8405579 0.6926481 0.5371097 -0.4814061 -0.03879831 0.8860135 -0.4620332 0.3807262 0.8860163 -0.2646179 -0.7632322 -0.5371087 -0.3591532 -0.4195215 -0.8860185 -0.1974156 -0.9048256 1.349264E-06 -0.4257824 -0.7632325 0.537107 -0.3591549 -0.4195245 0.8860174 -0.1974142 -0.6926494 -0.5371087 0.4814053 -0.3807248 -0.8860181 0.2646141 -0.821149 -1.726524E-06 0.5707139 -0.6926501 0.5371049 0.4814085 -0.3807262 0.886016 0.2646191 0.07058813 -0.5371091 0.8405541 0.03879994 -0.8860168 0.4620268 0.08368398 -7.81152E-07 0.9964923 0.07058847 0.5371004 0.8405595 0.03879929 0.886013 0.4620342 0.7632369 -0.5371056 0.3591475 0.4195279 -0.8860167 0.1974104 0.9048283 4.163167E-06 0.4257766 0.7632344 0.5371065 0.3591515 0.4195259 0.8860166 0.1974147 4.304613E-06 -1 -6.413048E-07 6.658213E-07 1 1.323901E-06 0.3387574 -3.038019E-07 0.9408737 -0.9408748 6.93848E-08 0.3387548 0.3807369 -0.8860137 -0.2646113 -0.07058358 -0.5371087 -0.8405547 -0.03879772 -0.8860138 -0.4620328 0.6926493 -0.5371128 -0.4814009 -0.08367899 -9.897517E-07 -0.9964927 0.8211484 -2.645282E-06 -0.5707148 -0.07058347 0.5371103 -0.8405537 0.6926489 0.5371147 -0.4813992 -0.03879629 0.8860142 -0.4620322 0.3807344 0.8860152 -0.2646099 -0.7632331 -0.5371086 -0.3591512 -0.419534 -0.8860116 -0.1974199 -0.9048271 -1.6422E-07 -0.4257791 -0.7632307 0.5371115 -0.3591519 -0.4195299 0.8860134 -0.1974204 -0.6926522 -0.5371061 0.4814042 -0.3807365 -0.8860139 0.2646113 -0.8211486 7.589586E-07 0.5707145 -0.6926509 0.53711 0.4814017 -0.380732 0.8860154 0.2646126 0.07058437 -0.5371091 0.8405544 0.03879866 -0.8860166 0.4620273 0.08367801 -1.753152E-06 0.9964929 0.07058489 0.5371101 0.8405536 0.03879805 0.8860161 0.4620283 0.763231 -0.5371101 0.3591534 0.4195341 -0.886012 0.197418 0.9048247 -4.331835E-06 0.4257844 0.763232 0.5371092 0.3591527 0.4195297 0.8860141 0.1974178 -1.290356E-07 -1 -1.707141E-06 5.574341E-07 1 -5.348529E-07 0.3807266 -0.8860176 -0.264613 -0.0705826 -0.5371085 -0.8405549 -0.03880051 -0.886016 -0.4620285 0.6926498 -0.5371072 -0.4814064 -0.08367525 2.365648E-06 -0.996493 0.8211494 3.0314E-06 -0.5707132 -0.07058039 0.5371045 -0.8405576 0.6926523 0.5371056 -0.4814046 -0.03879635 0.8860137 -0.4620331 0.3807321 0.8860142 -0.2646164 -0.7632297 -0.5371138 -0.3591505 -0.4195264 -0.8860167 -0.1974133 -0.9048265 2.192557E-06 -0.4257804 -0.7632322 0.5371079 -0.359154 -0.419532 0.8860134 -0.1974163 -0.6926487 -0.5371102 0.4814046 -0.380727 -0.8860164 0.2646165 -0.8211492 2.037213E-06 0.5707136 -0.6926504 0.5371079 0.4814046 -0.3807338 0.8860134 0.2646168 0.07058378 -0.5371089 0.8405545 0.03879787 -0.8860161 0.4620284 0.08368103 3.004774E-06 0.9964926 0.07058451 0.5371074 0.8405555 0.03879539 0.8860152 0.4620302 0.7632337 -0.5371092 0.3591492 0.4195254 -0.886017 0.197414 0.9048274 3.834736E-06 0.4257784 0.7632335 0.5371081 0.3591511 0.4195272 0.8860164 0.197413 -9.806681E-08 -1 2.481671E-06 -9.187311E-07 1 6.980808E-07 -0.08446909 -1.056959E-07 0.9964261 -0.9964225 -7.621444E-08 -0.08451175 0.4563967 -0.8860168 -0.08170791 0.2864239 -0.5371048 -0.7933975 0.1574386 -0.8860152 -0.436108 0.8303117 -0.5371089 -0.1486486 0.3395618 2.924875E-06 -0.9405838 0.9843499 1.877429E-06 -0.176225 0.2864266 0.5371031 -0.7933978 0.8303152 0.537104 -0.1486476 0.1574425 0.8860115 -0.4361141 0.456405 0.8860123 -0.08171079 -0.5438902 -0.5371027 -0.6447511 -0.2989614 -0.8860153 -0.3543995 -0.6447882 1.730962E-06 -0.7643613 -0.543891 0.5371017 -0.6447514 -0.2989626 0.8860136 -0.3544029 -0.830314 -0.5371052 0.1486493 -0.4563969 -0.8860167 0.0817089 -0.9843499 2.148166E-06 0.1762251 -0.8303167 0.5371017 0.1486473 -0.4564034 0.8860134 0.08170763 -0.2864199 -0.5371044 0.7933993 -0.1574351 -0.886018 0.4361035 -0.339556 2.29907E-06 0.9405859 -0.2864232 0.5371044 0.7933981 -0.1574376 0.8860153 0.4361081 0.5438924 -0.5371045 0.6447479 0.2989601 -0.8860176 0.354395 0.6447911 8.432858E-07 0.7643588 0.5438935 0.5371026 0.6447485 0.2989656 0.8860136 0.3544001 8.826002E-07 -1 -1.36132E-06 2.446511E-06 1 -1.175512E-06 -0.08454849 -2.916592E-07 0.9964194 -0.9964181 -2.549795E-07 -0.08456361 0.4563945 -0.8860182 -0.0817058 0.2864191 -0.5371124 -0.7933942 0.1574356 -0.8860159 -0.4361076 0.8303092 -0.5371135 -0.148646 0.339559 0 -0.9405848 0.9843501 8.876725E-09 -0.1762238 0.2864201 0.537109 -0.7933962 0.8303137 0.5371062 -0.1486474 0.1574371 0.8860139 -0.4361112 0.4564 0.8860151 -0.08170868 -0.5438867 -0.537112 -0.6447465 -0.2989592 -0.8860154 -0.3544013 -0.6447924 -3.728226E-07 -0.7643577 -0.5438911 0.5371084 -0.6447458 -0.2989629 0.8860135 -0.3544027 -0.8303094 -0.5371127 0.1486482 -0.4563957 -0.8860175 0.08170623 -0.9843498 5.947414E-07 0.1762255 -0.8303108 0.537111 0.1486462 -0.4563984 0.8860162 0.08170485 -0.2864189 -0.5371095 0.7933962 -0.1574348 -0.8860164 0.4361069 -0.3395576 3.00034E-06 0.9405853 -0.2864211 0.5371106 0.7933947 -0.1574384 0.8860156 0.4361073 0.5438899 -0.5371084 0.6447468 0.2989606 -0.8860152 0.3544003 0.6447917 2.050524E-06 0.7643583 0.5438879 0.5371074 0.6447493 0.2989591 0.8860149 0.3544023 6.193694E-07 -1 -1.922626E-06 -1.001314E-06 1 -2.557479E-06 -0.08452665 2.904739E-07 0.9964212 -0.9964212 -2.17985E-07 -0.084527 0.456394 -0.8860182 -0.08170927 0.2864217 -0.5371109 -0.7933943 0.157434 -0.8860152 -0.4361095 0.8303105 -0.5371109 -0.1486482 0.3395611 3.861374E-07 -0.940584 0.9843497 5.903021E-07 -0.176226 0.2864206 0.5371097 -0.7933955 0.830311 0.5371096 -0.1486503 0.1574354 0.8860148 -0.4361099 0.4563963 0.8860166 -0.08171284 -0.5438861 -0.537113 -0.6447461 -0.2989601 -0.8860148 -0.3544018 -0.6447897 9.054278E-07 -0.76436 -0.5438876 0.5371123 -0.6447454 -0.2989591 0.8860162 -0.3543991 -0.8303113 -0.5371098 0.1486481 -0.4563985 -0.8860162 0.08170438 -0.9843495 6.61317E-07 0.1762269 -0.830312 0.537109 0.1486472 -0.4563973 0.886017 0.0817031 -0.2864242 -0.5371057 0.7933969 -0.157439 -0.8860164 0.4361055 -0.3395606 5.459166E-07 0.9405842 -0.2864245 0.5371075 0.7933956 -0.1574381 0.8860189 0.4361006 0.5438867 -0.5371104 0.6447478 0.2989586 -0.8860168 0.3543981 0.6447874 1.003071E-06 0.7643619 0.5438881 0.5371107 0.6447463 0.2989604 0.8860177 0.3543944 -1.899401E-06 -1 -4.072356E-06 1.166478E-06 1 -6.031105E-06</float_array>
                    <technique_common>
                        <accessor count="648" offset="0" source="green_3_2-geometry-NORMAL-array" stride="3">
                            <param name="X" type="float" />
                            <param name="Y" type="float" />
                            <param name="Z" type="float" />
                        </accessor>
                    </technique_common>
                </source>
                <source id="green_3_2-geometry-TEXCOORD">
                    <float_array id="green_3_2-geometry-TEXCOORD-array" count="118">1 0 0 1 1 1 0 0 -1 1 -1 0 0 3 1 3 1 2 0 2 2 1 2 0 0 0.1666667 0.1666667 0.3333334 0.1666667 0.1666667 0 0.3333334 0.1666667 0.5 0 0.5 0.1666667 0.6666667 0 0.6666667 0.1666667 0.8333334 0 0.8333334 0.3333333 0.3333334 0.3333333 0.1666667 0.3333333 0.5 0.3333333 0.6666667 0.3333333 0.8333334 0.5 0.3333334 0.5 0.1666667 0.5 0.5 0.5 0.6666667 0.5 0.8333334 0.6666667 0.3333334 0.6666667 0.1666667 0.6666667 0.5 0.6666667 0.6666667 0.6666667 0.8333334 0.8333334 0.3333334 0.8333334 0.1666667 0.8333334 0.5 0.8333334 0.6666667 0.8333334 0.8333334 1 0.3333334 1 0.1666667 1 0.5 1 0.6666667 1 0.8333334 0.08333334 0 0.25 0 0.4166667 0 0.5833334 0 0.75 0 0.9166667 0 0.08333334 1 0.25 1 0.4166667 1 0.5833334 1 0.75 1 0.9166667 1</float_array>
                    <technique_common>
                        <accessor count="59" offset="0" source="green_3_2-geometry-TEXCOORD-array" stride="2">
                            <param name="S" type="float" />
                            <param name="T" type="float" />
                        </accessor>
                    </technique_common>
                </source>
                <source id="green_3_2-geometry-COLOR">
                    <float_array id="green_3_2-geometry-COLOR-array" count="12">1 1 0.9764706 1 0.5921569 0.6 0.6745098 1 1 1 0.9176471 1</float_array>
                    <technique_common>
                        <accessor count="3" offset="0" source="green_3_2-geometry-COLOR-array" stride="4">
                            <param name="R" type="double" />
                            <param name="G" type="double" />
                            <param name="B" type="double" />
                            <param name="A" type="double" />
                        </accessor>
                    </technique_common>
                </source>
                <vertices id="green_3_2-vertices">
                    <input semantic="POSITION" source="#green_3_2-geometry-POSITION" />
                </vertices>
                <triangles count="1224" material="light_s1">
                    <input semantic="VERTEX" source="#green_3_2-vertices" offset="0" set="0" />
                    <input semantic="NORMAL" source="#green_3_2-geometry-NORMAL" offset="1" set="0" />
                    <input semantic="TEXCOORD" source="#green_3_2-geometry-TEXCOORD" offset="2" set="0" />
                    <input semantic="COLOR" source="#green_3_2-geometry-COLOR" offset="3" set="0" />
                    <p>2 0 2 0 1 1 1 0 0 0 0 0 5 0 0 0 4 1 1 0 3 1 3 0 8 1 1 0 7 2 4 1 6 1 3 0 11 1 3 0 10 2 4 1 9 2 5 1 14 3 8 1 13 3 7 1 12 2 6 1 17 2 9 1 16 3 8 1 15 2 6 1 20 5 8 1 19 5 7 1 18 4 6 1 23 4 9 1 22 5 8 1 21 4 6 1 26 7 8 1 25 7 7 1 24 6 6 1 29 6 9 1 28 7 8 1 27 6 6 1 32 9 8 0 31 9 7 0 30 8 6 1 35 8 9 1 34 9 8 0 33 8 6 1 38 11 8 0 37 11 7 0 36 10 6 1 41 10 9 1 40 11 8 0 39 10 6 1 44 13 8 0 43 13 7 0 42 12 6 1 47 12 9 1 46 13 8 0 45 12 6 1 50 15 8 0 49 15 7 0 48 14 6 1 53 14 9 1 52 15 8 0 51 14 6 1 56 17 8 0 55 17 7 0 54 16 6 1 59 16 9 1 58 17 8 0 57 16 6 1 62 19 8 0 61 19 7 0 60 18 6 1 65 18 9 1 64 19 8 0 63 18 6 1 68 21 8 0 67 21 7 0 66 20 6 1 71 20 9 1 70 21 8 0 69 20 6 1 74 23 8 0 73 23 7 0 72 22 6 1 77 22 9 1 76 23 8 0 75 22 6 1 80 25 8 0 79 25 7 0 78 24 6 1 83 24 9 1 82 25 8 0 81 24 6 1 86 27 8 0 85 27 7 0 84 26 6 1 89 26 9 1 88 27 8 0 87 26 6 1 92 29 8 0 91 29 7 0 90 28 6 1 95 28 9 1 94 29 8 0 93 28 6 1 98 31 8 0 97 31 7 0 96 30 6 1 101 30 9 1 100 31 8 0 99 30 6 1 104 33 8 0 103 33 7 0 102 32 6 0 107 32 9 0 106 33 8 0 105 32 6 0 110 35 8 0 109 35 7 0 108 34 6 0 113 34 9 0 112 35 8 0 111 34 6 0 116 37 8 0 115 37 7 0 114 36 6 0 119 36 9 0 118 37 8 0 117 36 6 0 122 3 11 1 121 3 10 1 120 0 2 0 125 0 0 0 124 3 11 1 123 0 2 0 128 40 14 1 127 39 13 1 126 38 12 1 131 38 12 1 130 39 13 1 129 41 15 1 134 39 13 1 133 42 16 1 132 41 15 1 137 41 15 1 136 42 16 1 135 43 17 1 140 42 16 1 139 44 18 1 138 43 17 1 143 43 17 1 142 44 18 1 141 45 19 0 146 44 18 1 145 46 20 0 144 45 19 0 149 45 19 0 148 46 20 0 147 47 21 0 152 49 23 1 151 48 22 1 150 40 14 1 155 40 14 1 154 48 22 1 153 39 13 1 158 48 22 1 157 50 24 1 156 39 13 1 161 39 13 1 160 50 24 1 159 42 16 1 164 50 24 1 163 51 25 0 162 42 16 1 167 42 16 1 166 51 25 0 165 44 18 1 170 51 25 0 169 52 26 0 168 44 18 1 173 44 18 1 172 52 26 0 171 46 20 0 176 54 28 1 175 53 27 1 174 49 23 1 179 49 23 1 178 53 27 1 177 48 22 1 182 53 27 1 181 55 29 0 180 48 22 1 185 48 22 1 184 55 29 0 183 50 24 1 188 55 29 0 187 56 30 0 186 50 24 1 191 50 24 1 190 56 30 0 189 51 25 0 194 56 30 0 193 57 31 0 192 51 25 0 197 51 25 0 196 57 31 0 195 52 26 0 200 59 33 1 199 58 32 0 198 54 28 1 203 54 28 1 202 58 32 0 201 53 27 1 206 58 32 0 205 60 34 0 204 53 27 1 209 53 27 1 208 60 34 0 207 55 29 0 212 60 34 0 211 61 35 0 210 55 29 0 215 55 29 0 214 61 35 0 213 56 30 0 218 61 35 0 217 62 36 0 216 56 30 0 221 56 30 0 220 62 36 0 219 57 31 0 224 64 38 1 223 63 37 1 222 59 33 1 227 59 33 1 226 63 37 1 225 58 32 0 230 63 37 1 229 65 39 0 228 58 32 0 233 58 32 0 232 65 39 0 231 60 34 0 236 65 39 0 235 66 40 0 234 60 34 0 239 60 34 0 238 66 40 0 237 61 35 0 242 66 40 0 241 67 41 0 240 61 35 0 245 61 35 0 244 67 41 0 243 62 36 0 248 38 43 1 247 41 42 1 246 64 38 1 251 64 38 1 250 41 42 1 249 63 37 1 254 41 42 1 253 43 44 1 252 63 37 1 257 63 37 1 256 43 44 1 255 65 39 0 260 43 44 1 259 45 45 0 258 65 39 0 263 65 39 0 262 45 45 0 261 66 40 0 266 45 45 0 265 47 46 0 264 66 40 0 269 66 40 0 268 47 46 0 267 67 41 0 272 40 14 1 271 38 12 1 270 68 47 1 275 49 23 1 274 40 14 1 273 68 48 1 278 54 28 1 277 49 23 1 276 68 49 1 281 59 33 1 280 54 28 1 279 68 50 1 284 64 38 1 283 59 33 1 282 68 51 1 287 38 43 1 286 64 38 1 285 68 52 1 290 47 21 0 289 46 20 0 288 69 53 0 293 46 20 0 292 52 26 0 291 69 54 0 296 52 26 0 295 57 31 0 294 69 55 0 299 57 31 0 298 62 36 0 297 69 56 0 302 62 36 0 301 67 41 0 300 69 57 0 305 67 41 0 304 47 46 0 303 69 58 0 308 70 2 0 307 71 1 0 306 70 0 0 311 70 0 0 310 71 1 0 309 71 3 0 314 71 1 0 313 4 4 1 312 71 3 0 317 71 3 0 316 4 4 1 315 4 5 1 320 5 11 1 319 5 10 1 318 70 2 0 323 70 0 0 322 5 11 1 321 70 2 0 326 74 14 1 325 73 13 1 324 72 12 1 329 72 12 1 328 73 13 1 327 75 15 1 332 73 13 1 331 76 16 1 330 75 15 1 335 75 15 1 334 76 16 1 333 77 17 1 338 76 16 1 337 78 18 1 336 77 17 1 341 77 17 1 340 78 18 1 339 79 19 0 344 78 18 1 343 80 20 0 342 79 19 0 347 79 19 0 346 80 20 0 345 81 21 0 350 83 23 1 349 82 22 1 348 74 14 1 353 74 14 1 352 82 22 1 351 73 13 1 356 82 22 1 355 84 24 1 354 73 13 1 359 73 13 1 358 84 24 1 357 76 16 1 362 84 24 1 361 85 25 0 360 76 16 1 365 76 16 1 364 85 25 0 363 78 18 1 368 85 25 0 367 86 26 0 366 78 18 1 371 78 18 1 370 86 26 0 369 80 20 0 374 88 28 1 373 87 27 1 372 83 23 1 377 83 23 1 376 87 27 1 375 82 22 1 380 87 27 1 379 89 29 0 378 82 22 1 383 82 22 1 382 89 29 0 381 84 24 1 386 89 29 0 385 90 30 0 384 84 24 1 389 84 24 1 388 90 30 0 387 85 25 0 392 90 30 0 391 91 31 0 390 85 25 0 395 85 25 0 394 91 31 0 393 86 26 0 398 93 33 1 397 92 32 0 396 88 28 1 401 88 28 1 400 92 32 0 399 87 27 1 404 92 32 0 403 94 34 0 402 87 27 1 407 87 27 1 406 94 34 0 405 89 29 0 410 94 34 0 409 95 35 0 408 89 29 0 413 89 29 0 412 95 35 0 411 90 30 0 416 95 35 0 415 96 36 0 414 90 30 0 419 90 30 0 418 96 36 0 417 91 31 0 422 98 38 1 421 97 37 1 420 93 33 1 425 93 33 1 424 97 37 1 423 92 32 0 428 97 37 1 427 99 39 0 426 92 32 0 431 92 32 0 430 99 39 0 429 94 34 0 434 99 39 0 433 100 40 0 432 94 34 0 437 94 34 0 436 100 40 0 435 95 35 0 440 100 40 0 439 101 41 0 438 95 35 0 443 95 35 0 442 101 41 0 441 96 36 0 446 72 43 1 445 75 42 1 444 98 38 1 449 98 38 1 448 75 42 1 447 97 37 1 452 75 42 1 451 77 44 1 450 97 37 1 455 97 37 1 454 77 44 1 453 99 39 0 458 77 44 1 457 79 45 0 456 99 39 0 461 99 39 0 460 79 45 0 459 100 40 0 464 79 45 0 463 81 46 0 462 100 40 0 467 100 40 0 466 81 46 0 465 101 41 0 470 74 14 1 469 72 12 1 468 102 47 1 473 83 23 1 472 74 14 1 471 102 48 1 476 88 28 1 475 83 23 1 474 102 49 1 479 93 33 1 478 88 28 1 477 102 50 1 482 98 38 1 481 93 33 1 480 102 51 1 485 72 43 1 484 98 38 1 483 102 52 1 488 81 21 0 487 80 20 0 486 103 53 0 491 80 20 0 490 86 26 0 489 103 54 0 494 86 26 0 493 91 31 0 492 103 55 0 497 91 31 0 496 96 36 0 495 103 56 0 500 96 36 0 499 101 41 0 498 103 57 0 503 101 41 0 502 81 46 0 501 103 58 0 506 104 2 0 505 105 1 0 504 104 0 0 509 104 0 0 508 105 1 0 507 105 3 0 512 105 1 0 511 6 4 1 510 105 3 0 515 105 3 0 514 6 4 1 513 6 5 1 518 7 11 1 517 7 10 1 516 104 2 0 521 104 0 0 520 7 11 1 519 104 2 0 524 108 14 1 523 107 13 1 522 106 12 1 527 106 12 1 526 107 13 1 525 109 15 1 530 107 13 1 529 110 16 1 528 109 15 1 533 109 15 1 532 110 16 1 531 111 17 1 536 110 16 1 535 112 18 1 534 111 17 1 539 111 17 1 538 112 18 1 537 113 19 0 542 112 18 1 541 114 20 0 540 113 19 0 545 113 19 0 544 114 20 0 543 115 21 0 548 117 23 1 547 116 22 1 546 108 14 1 551 108 14 1 550 116 22 1 549 107 13 1 554 116 22 1 553 118 24 1 552 107 13 1 557 107 13 1 556 118 24 1 555 110 16 1 560 118 24 1 559 119 25 0 558 110 16 1 563 110 16 1 562 119 25 0 561 112 18 1 566 119 25 0 565 120 26 0 564 112 18 1 569 112 18 1 568 120 26 0 567 114 20 0 572 122 28 1 571 121 27 1 570 117 23 1 575 117 23 1 574 121 27 1 573 116 22 1 578 121 27 1 577 123 29 0 576 116 22 1 581 116 22 1 580 123 29 0 579 118 24 1 584 123 29 0 583 124 30 0 582 118 24 1 587 118 24 1 586 124 30 0 585 119 25 0 590 124 30 0 589 125 31 0 588 119 25 0 593 119 25 0 592 125 31 0 591 120 26 0 596 127 33 1 595 126 32 0 594 122 28 1 599 122 28 1 598 126 32 0 597 121 27 1 602 126 32 0 601 128 34 0 600 121 27 1 605 121 27 1 604 128 34 0 603 123 29 0 608 128 34 0 607 129 35 0 606 123 29 0 611 123 29 0 610 129 35 0 609 124 30 0 614 129 35 0 613 130 36 0 612 124 30 0 617 124 30 0 616 130 36 0 615 125 31 0 620 132 38 1 619 131 37 1 618 127 33 1 623 127 33 1 622 131 37 1 621 126 32 0 626 131 37 1 625 133 39 0 624 126 32 0 629 126 32 0 628 133 39 0 627 128 34 0 632 133 39 0 631 134 40 0 630 128 34 0 635 128 34 0 634 134 40 0 633 129 35 0 638 134 40 0 637 135 41 0 636 129 35 0 641 129 35 0 640 135 41 0 639 130 36 0 644 106 43 1 643 109 42 1 642 132 38 1 647 132 38 1 646 109 42 1 645 131 37 1 650 109 42 1 649 111 44 1 648 131 37 1 653 131 37 1 652 111 44 1 651 133 39 0 656 111 44 1 655 113 45 0 654 133 39 0 659 133 39 0 658 113 45 0 657 134 40 0 662 113 45 0 661 115 46 0 660 134 40 0 665 134 40 0 664 115 46 0 663 135 41 0 668 108 14 1 667 106 12 1 666 136 47 1 671 117 23 1 670 108 14 1 669 136 48 1 674 122 28 1 673 117 23 1 672 136 49 1 677 127 33 1 676 122 28 1 675 136 50 1 680 132 38 1 679 127 33 1 678 136 51 1 683 106 43 1 682 132 38 1 681 136 52 1 686 115 21 0 685 114 20 0 684 137 53 0 689 114 20 0 688 120 26 0 687 137 54 0 692 120 26 0 691 125 31 0 690 137 55 0 695 125 31 0 694 130 36 0 693 137 56 0 698 130 36 0 697 135 41 0 696 137 57 0 701 135 41 0 700 115 46 0 699 137 58 0 704 138 2 0 703 139 1 1 702 138 0 0 707 138 0 0 706 139 1 1 705 139 3 1 710 139 1 1 709 8 4 1 708 139 3 1 713 139 3 1 712 8 4 1 711 8 5 1 716 9 11 0 715 9 10 0 714 138 2 0 719 138 0 0 718 9 11 0 717 138 2 0 722 142 14 1 721 141 13 1 720 140 12 1 725 140 12 1 724 141 13 1 723 143 15 1 728 141 13 1 727 144 16 1 726 143 15 1 731 143 15 1 730 144 16 1 729 145 17 1 734 144 16 1 733 146 18 1 732 145 17 1 737 145 17 1 736 146 18 1 735 147 19 0 740 146 18 1 739 148 20 0 738 147 19 0 743 147 19 0 742 148 20 0 741 149 21 0 746 151 23 1 745 150 22 1 744 142 14 1 749 142 14 1 748 150 22 1 747 141 13 1 752 150 22 1 751 152 24 1 750 141 13 1 755 141 13 1 754 152 24 1 753 144 16 1 758 152 24 1 757 153 25 1 756 144 16 1 761 144 16 1 760 153 25 1 759 146 18 1 764 153 25 1 763 154 26 0 762 146 18 1 767 146 18 1 766 154 26 0 765 148 20 0 770 156 28 1 769 155 27 1 768 151 23 1 773 151 23 1 772 155 27 1 771 150 22 1 776 155 27 1 775 157 29 0 774 150 22 1 779 150 22 1 778 157 29 0 777 152 24 1 782 157 29 0 781 158 30 0 780 152 24 1 785 152 24 1 784 158 30 0 783 153 25 1 788 158 30 0 787 159 31 0 786 153 25 1 791 153 25 1 790 159 31 0 789 154 26 0 794 161 33 1 793 160 32 0 792 156 28 1 797 156 28 1 796 160 32 0 795 155 27 1 800 160 32 0 799 162 34 0 798 155 27 1 803 155 27 1 802 162 34 0 801 157 29 0 806 162 34 0 805 163 35 0 804 157 29 0 809 157 29 0 808 163 35 0 807 158 30 0 812 163 35 0 811 164 36 0 810 158 30 0 815 158 30 0 814 164 36 0 813 159 31 0 818 166 38 1 817 165 37 0 816 161 33 1 821 161 33 1 820 165 37 0 819 160 32 0 824 165 37 0 823 167 39 0 822 160 32 0 827 160 32 0 826 167 39 0 825 162 34 0 830 167 39 0 829 168 40 0 828 162 34 0 833 162 34 0 832 168 40 0 831 163 35 0 836 168 40 0 835 169 41 0 834 163 35 0 839 163 35 0 838 169 41 0 837 164 36 0 842 140 43 1 841 143 42 1 840 166 38 1 845 166 38 1 844 143 42 1 843 165 37 0 848 143 42 1 847 145 44 1 846 165 37 0 851 165 37 0 850 145 44 1 849 167 39 0 854 145 44 1 853 147 45 0 852 167 39 0 857 167 39 0 856 147 45 0 855 168 40 0 860 147 45 0 859 149 46 0 858 168 40 0 863 168 40 0 862 149 46 0 861 169 41 0 866 142 14 1 865 140 12 1 864 170 47 1 869 151 23 1 868 142 14 1 867 170 48 1 872 156 28 1 871 151 23 1 870 170 49 1 875 161 33 1 874 156 28 1 873 170 50 1 878 166 38 1 877 161 33 1 876 170 51 1 881 140 43 1 880 166 38 1 879 170 52 1 884 149 21 0 883 148 20 0 882 171 53 0 887 148 20 0 886 154 26 0 885 171 54 0 890 154 26 0 889 159 31 0 888 171 55 0 893 159 31 0 892 164 36 0 891 171 56 0 896 164 36 0 895 169 41 0 894 171 57 0 899 169 41 0 898 149 46 0 897 171 58 0 902 172 2 0 901 173 1 1 900 172 0 0 905 172 0 0 904 173 1 1 903 173 3 1 908 173 1 1 907 10 4 1 906 173 3 1 911 173 3 1 910 10 4 1 909 10 5 1 914 11 11 0 913 11 10 0 912 172 2 0 917 172 0 0 916 11 11 0 915 172 2 0 920 176 14 1 919 175 13 1 918 174 12 1 923 174 12 1 922 175 13 1 921 177 15 1 926 175 13 1 925 178 16 1 924 177 15 1 929 177 15 1 928 178 16 1 927 179 17 1 932 178 16 1 931 180 18 1 930 179 17 1 935 179 17 1 934 180 18 1 933 181 19 0 938 180 18 1 937 182 20 0 936 181 19 0 941 181 19 0 940 182 20 0 939 183 21 0 944 185 23 1 943 184 22 1 942 176 14 1 947 176 14 1 946 184 22 1 945 175 13 1 950 184 22 1 949 186 24 1 948 175 13 1 953 175 13 1 952 186 24 1 951 178 16 1 956 186 24 1 955 187 25 1 954 178 16 1 959 178 16 1 958 187 25 1 957 180 18 1 962 187 25 1 961 188 26 0 960 180 18 1 965 180 18 1 964 188 26 0 963 182 20 0 968 190 28 1 967 189 27 1 966 185 23 1 971 185 23 1 970 189 27 1 969 184 22 1 974 189 27 1 973 191 29 0 972 184 22 1 977 184 22 1 976 191 29 0 975 186 24 1 980 191 29 0 979 192 30 0 978 186 24 1 983 186 24 1 982 192 30 0 981 187 25 1 986 192 30 0 985 193 31 0 984 187 25 1 989 187 25 1 988 193 31 0 987 188 26 0 992 195 33 1 991 194 32 0 990 190 28 1 995 190 28 1 994 194 32 0 993 189 27 1 998 194 32 0 997 196 34 0 996 189 27 1 1001 189 27 1 1000 196 34 0 999 191 29 0 1004 196 34 0 1003 197 35 0 1002 191 29 0 1007 191 29 0 1006 197 35 0 1005 192 30 0 1010 197 35 0 1009 198 36 0 1008 192 30 0 1013 192 30 0 1012 198 36 0 1011 193 31 0 1016 200 38 1 1015 199 37 0 1014 195 33 1 1019 195 33 1 1018 199 37 0 1017 194 32 0 1022 199 37 0 1021 201 39 0 1020 194 32 0 1025 194 32 0 1024 201 39 0 1023 196 34 0 1028 201 39 0 1027 202 40 0 1026 196 34 0 1031 196 34 0 1030 202 40 0 1029 197 35 0 1034 202 40 0 1033 203 41 0 1032 197 35 0 1037 197 35 0 1036 203 41 0 1035 198 36 0 1040 174 43 1 1039 177 42 1 1038 200 38 1 1043 200 38 1 1042 177 42 1 1041 199 37 0 1046 177 42 1 1045 179 44 1 1044 199 37 0 1049 199 37 0 1048 179 44 1 1047 201 39 0 1052 179 44 1 1051 181 45 0 1050 201 39 0 1055 201 39 0 1054 181 45 0 1053 202 40 0 1058 181 45 0 1057 183 46 0 1056 202 40 0 1061 202 40 0 1060 183 46 0 1059 203 41 0 1064 176 14 1 1063 174 12 1 1062 204 47 1 1067 185 23 1 1066 176 14 1 1065 204 48 1 1070 190 28 1 1069 185 23 1 1068 204 49 1 1073 195 33 1 1072 190 28 1 1071 204 50 1 1076 200 38 1 1075 195 33 1 1074 204 51 1 1079 174 43 1 1078 200 38 1 1077 204 52 1 1082 183 21 0 1081 182 20 0 1080 205 53 0 1085 182 20 0 1084 188 26 0 1083 205 54 0 1088 188 26 0 1087 193 31 0 1086 205 55 0 1091 193 31 0 1090 198 36 0 1089 205 56 0 1094 198 36 0 1093 203 41 0 1092 205 57 0 1097 203 41 0 1096 183 46 0 1095 205 58 0 1100 206 2 0 1099 207 1 1 1098 206 0 0 1103 206 0 0 1102 207 1 1 1101 207 3 1 1106 207 1 1 1105 12 4 1 1104 207 3 1 1109 207 3 1 1108 12 4 1 1107 12 5 1 1112 13 11 0 1111 13 10 0 1110 206 2 0 1115 206 0 0 1114 13 11 0 1113 206 2 0 1118 210 14 1 1117 209 13 1 1116 208 12 1 1121 208 12 1 1120 209 13 1 1119 211 15 1 1124 209 13 1 1123 212 16 1 1122 211 15 1 1127 211 15 1 1126 212 16 1 1125 213 17 1 1130 212 16 1 1129 214 18 1 1128 213 17 1 1133 213 17 1 1132 214 18 1 1131 215 19 0 1136 214 18 1 1135 216 20 0 1134 215 19 0 1139 215 19 0 1138 216 20 0 1137 217 21 0 1142 219 23 1 1141 218 22 1 1140 210 14 1 1145 210 14 1 1144 218 22 1 1143 209 13 1 1148 218 22 1 1147 220 24 1 1146 209 13 1 1151 209 13 1 1150 220 24 1 1149 212 16 1 1154 220 24 1 1153 221 25 1 1152 212 16 1 1157 212 16 1 1156 221 25 1 1155 214 18 1 1160 221 25 1 1159 222 26 0 1158 214 18 1 1163 214 18 1 1162 222 26 0 1161 216 20 0 1166 224 28 1 1165 223 27 1 1164 219 23 1 1169 219 23 1 1168 223 27 1 1167 218 22 1 1172 223 27 1 1171 225 29 0 1170 218 22 1 1175 218 22 1 1174 225 29 0 1173 220 24 1 1178 225 29 0 1177 226 30 0 1176 220 24 1 1181 220 24 1 1180 226 30 0 1179 221 25 1 1184 226 30 0 1183 227 31 0 1182 221 25 1 1187 221 25 1 1186 227 31 0 1185 222 26 0 1190 229 33 1 1189 228 32 0 1188 224 28 1 1193 224 28 1 1192 228 32 0 1191 223 27 1 1196 228 32 0 1195 230 34 0 1194 223 27 1 1199 223 27 1 1198 230 34 0 1197 225 29 0 1202 230 34 0 1201 231 35 0 1200 225 29 0 1205 225 29 0 1204 231 35 0 1203 226 30 0 1208 231 35 0 1207 232 36 0 1206 226 30 0 1211 226 30 0 1210 232 36 0 1209 227 31 0 1214 234 38 1 1213 233 37 0 1212 229 33 1 1217 229 33 1 1216 233 37 0 1215 228 32 0 1220 233 37 0 1219 235 39 0 1218 228 32 0 1223 228 32 0 1222 235 39 0 1221 230 34 0 1226 235 39 0 1225 236 40 0 1224 230 34 0 1229 230 34 0 1228 236 40 0 1227 231 35 0 1232 236 40 0 1231 237 41 0 1230 231 35 0 1235 231 35 0 1234 237 41 0 1233 232 36 0 1238 208 43 1 1237 211 42 1 1236 234 38 1 1241 234 38 1 1240 211 42 1 1239 233 37 0 1244 211 42 1 1243 213 44 1 1242 233 37 0 1247 233 37 0 1246 213 44 1 1245 235 39 0 1250 213 44 1 1249 215 45 0 1248 235 39 0 1253 235 39 0 1252 215 45 0 1251 236 40 0 1256 215 45 0 1255 217 46 0 1254 236 40 0 1259 236 40 0 1258 217 46 0 1257 237 41 0 1262 210 14 1 1261 208 12 1 1260 238 47 1 1265 219 23 1 1264 210 14 1 1263 238 48 1 1268 224 28 1 1267 219 23 1 1266 238 49 1 1271 229 33 1 1270 224 28 1 1269 238 50 1 1274 234 38 1 1273 229 33 1 1272 238 51 1 1277 208 43 1 1276 234 38 1 1275 238 52 1 1280 217 21 0 1279 216 20 0 1278 239 53 0 1283 216 20 0 1282 222 26 0 1281 239 54 0 1286 222 26 0 1285 227 31 0 1284 239 55 0 1289 227 31 0 1288 232 36 0 1287 239 56 0 1292 232 36 0 1291 237 41 0 1290 239 57 0 1295 237 41 0 1294 217 46 0 1293 239 58 0 1298 240 2 0 1297 241 1 1 1296 240 0 0 1301 240 0 0 1300 241 1 1 1299 241 3 1 1304 241 1 1 1303 14 4 1 1302 241 3 1 1307 241 3 1 1306 14 4 1 1305 14 5 1 1310 15 11 0 1309 15 10 0 1308 240 2 0 1313 240 0 0 1312 15 11 0 1311 240 2 0 1316 244 14 1 1315 243 13 1 1314 242 12 1 1319 242 12 1 1318 243 13 1 1317 245 15 1 1322 243 13 1 1321 246 16 1 1320 245 15 1 1325 245 15 1 1324 246 16 1 1323 247 17 0 1328 246 16 1 1327 248 18 1 1326 247 17 0 1331 247 17 0 1330 248 18 1 1329 249 19 0 1334 248 18 1 1333 250 20 0 1332 249 19 0 1337 249 19 0 1336 250 20 0 1335 251 21 0 1340 253 23 1 1339 252 22 1 1338 244 14 1 1343 244 14 1 1342 252 22 1 1341 243 13 1 1346 252 22 1 1345 254 24 1 1344 243 13 1 1349 243 13 1 1348 254 24 1 1347 246 16 1 1352 254 24 1 1351 255 25 1 1350 246 16 1 1355 246 16 1 1354 255 25 1 1353 248 18 1 1358 255 25 1 1357 256 26 0 1356 248 18 1 1361 248 18 1 1360 256 26 0 1359 250 20 0 1364 258 28 1 1363 257 27 1 1362 253 23 1 1367 253 23 1 1366 257 27 1 1365 252 22 1 1370 257 27 1 1369 259 29 1 1368 252 22 1 1373 252 22 1 1372 259 29 1 1371 254 24 1 1376 259 29 1 1375 260 30 0 1374 254 24 1 1379 254 24 1 1378 260 30 0 1377 255 25 1 1382 260 30 0 1381 261 31 0 1380 255 25 1 1385 255 25 1 1384 261 31 0 1383 256 26 0 1388 263 33 1 1387 262 32 2 1386 258 28 1 1391 258 28 1 1390 262 32 2 1389 257 27 1 1394 262 32 2 1393 264 34 0 1392 257 27 1 1397 257 27 1 1396 264 34 0 1395 259 29 1 1400 264 34 0 1399 265 35 0 1398 259 29 1 1403 259 29 1 1402 265 35 0 1401 260 30 0 1406 265 35 0 1405 266 36 0 1404 260 30 0 1409 260 30 0 1408 266 36 0 1407 261 31 0 1412 268 38 1 1411 267 37 0 1410 263 33 1 1415 263 33 1 1414 267 37 0 1413 262 32 2 1418 267 37 0 1417 269 39 0 1416 262 32 2 1421 262 32 2 1420 269 39 0 1419 264 34 0 1424 269 39 0 1423 270 40 0 1422 264 34 0 1427 264 34 0 1426 270 40 0 1425 265 35 0 1430 270 40 0 1429 271 41 0 1428 265 35 0 1433 265 35 0 1432 271 41 0 1431 266 36 0 1436 242 43 1 1435 245 42 1 1434 268 38 1 1439 268 38 1 1438 245 42 1 1437 267 37 0 1442 245 42 1 1441 247 44 0 1440 267 37 0 1445 267 37 0 1444 247 44 0 1443 269 39 0 1448 247 44 0 1447 249 45 0 1446 269 39 0 1451 269 39 0 1450 249 45 0 1449 270 40 0 1454 249 45 0 1453 251 46 0 1452 270 40 0 1457 270 40 0 1456 251 46 0 1455 271 41 0 1460 244 14 1 1459 242 12 1 1458 272 47 1 1463 253 23 1 1462 244 14 1 1461 272 48 1 1466 258 28 1 1465 253 23 1 1464 272 49 1 1469 263 33 1 1468 258 28 1 1467 272 50 1 1472 268 38 1 1471 263 33 1 1470 272 51 1 1475 242 43 1 1474 268 38 1 1473 272 52 1 1478 251 21 0 1477 250 20 0 1476 273 53 0 1481 250 20 0 1480 256 26 0 1479 273 54 0 1484 256 26 0 1483 261 31 0 1482 273 55 0 1487 261 31 0 1486 266 36 0 1485 273 56 0 1490 266 36 0 1489 271 41 0 1488 273 57 0 1493 271 41 0 1492 251 46 0 1491 273 58 0 1496 274 2 0 1495 275 1 1 1494 274 0 0 1499 274 0 0 1498 275 1 1 1497 275 3 1 1502 275 1 1 1501 16 4 1 1500 275 3 1 1505 275 3 1 1504 16 4 1 1503 16 5 1 1508 17 11 0 1507 17 10 0 1506 274 2 0 1511 274 0 0 1510 17 11 0 1509 274 2 0 1514 278 14 1 1513 277 13 1 1512 276 12 1 1517 276 12 1 1516 277 13 1 1515 279 15 1 1520 277 13 1 1519 280 16 1 1518 279 15 1 1523 279 15 1 1522 280 16 1 1521 281 17 0 1526 280 16 1 1525 282 18 1 1524 281 17 0 1529 281 17 0 1528 282 18 1 1527 283 19 0 1532 282 18 1 1531 284 20 0 1530 283 19 0 1535 283 19 0 1534 284 20 0 1533 285 21 0 1538 287 23 1 1537 286 22 1 1536 278 14 1 1541 278 14 1 1540 286 22 1 1539 277 13 1 1544 286 22 1 1543 288 24 1 1542 277 13 1 1547 277 13 1 1546 288 24 1 1545 280 16 1 1550 288 24 1 1549 289 25 1 1548 280 16 1 1553 280 16 1 1552 289 25 1 1551 282 18 1 1556 289 25 1 1555 290 26 0 1554 282 18 1 1559 282 18 1 1558 290 26 0 1557 284 20 0 1562 292 28 1 1561 291 27 1 1560 287 23 1 1565 287 23 1 1564 291 27 1 1563 286 22 1 1568 291 27 1 1567 293 29 1 1566 286 22 1 1571 286 22 1 1570 293 29 1 1569 288 24 1 1574 293 29 1 1573 294 30 0 1572 288 24 1 1577 288 24 1 1576 294 30 0 1575 289 25 1 1580 294 30 0 1579 295 31 0 1578 289 25 1 1583 289 25 1 1582 295 31 0 1581 290 26 0 1586 297 33 1 1585 296 32 2 1584 292 28 1 1589 292 28 1 1588 296 32 2 1587 291 27 1 1592 296 32 2 1591 298 34 0 1590 291 27 1 1595 291 27 1 1594 298 34 0 1593 293 29 1 1598 298 34 0 1597 299 35 0 1596 293 29 1 1601 293 29 1 1600 299 35 0 1599 294 30 0 1604 299 35 0 1603 300 36 0 1602 294 30 0 1607 294 30 0 1606 300 36 0 1605 295 31 0 1610 302 38 1 1609 301 37 0 1608 297 33 1 1613 297 33 1 1612 301 37 0 1611 296 32 2 1616 301 37 0 1615 303 39 0 1614 296 32 2 1619 296 32 2 1618 303 39 0 1617 298 34 0 1622 303 39 0 1621 304 40 0 1620 298 34 0 1625 298 34 0 1624 304 40 0 1623 299 35 0 1628 304 40 0 1627 305 41 0 1626 299 35 0 1631 299 35 0 1630 305 41 0 1629 300 36 0 1634 276 43 1 1633 279 42 1 1632 302 38 1 1637 302 38 1 1636 279 42 1 1635 301 37 0 1640 279 42 1 1639 281 44 0 1638 301 37 0 1643 301 37 0 1642 281 44 0 1641 303 39 0 1646 281 44 0 1645 283 45 0 1644 303 39 0 1649 303 39 0 1648 283 45 0 1647 304 40 0 1652 283 45 0 1651 285 46 0 1650 304 40 0 1655 304 40 0 1654 285 46 0 1653 305 41 0 1658 278 14 1 1657 276 12 1 1656 306 47 1 1661 287 23 1 1660 278 14 1 1659 306 48 1 1664 292 28 1 1663 287 23 1 1662 306 49 1 1667 297 33 1 1666 292 28 1 1665 306 50 1 1670 302 38 1 1669 297 33 1 1668 306 51 1 1673 276 43 1 1672 302 38 1 1671 306 52 1 1676 285 21 0 1675 284 20 0 1674 307 53 0 1679 284 20 0 1678 290 26 0 1677 307 54 0 1682 290 26 0 1681 295 31 0 1680 307 55 0 1685 295 31 0 1684 300 36 0 1683 307 56 0 1688 300 36 0 1687 305 41 0 1686 307 57 0 1691 305 41 0 1690 285 46 0 1689 307 58 0 1694 308 2 0 1693 309 1 1 1692 308 0 0 1697 308 0 0 1696 309 1 1 1695 309 3 1 1700 309 1 1 1699 18 4 1 1698 309 3 1 1703 309 3 1 1702 18 4 1 1701 18 5 1 1706 19 11 0 1705 19 10 0 1704 308 2 0 1709 308 0 0 1708 19 11 0 1707 308 2 0 1712 312 14 1 1711 311 13 1 1710 310 12 1 1715 310 12 1 1714 311 13 1 1713 313 15 1 1718 311 13 1 1717 314 16 1 1716 313 15 1 1721 313 15 1 1720 314 16 1 1719 315 17 0 1724 314 16 1 1723 316 18 1 1722 315 17 0 1727 315 17 0 1726 316 18 1 1725 317 19 0 1730 316 18 1 1729 318 20 0 1728 317 19 0 1733 317 19 0 1732 318 20 0 1731 319 21 0 1736 321 23 1 1735 320 22 1 1734 312 14 1 1739 312 14 1 1738 320 22 1 1737 311 13 1 1742 320 22 1 1741 322 24 1 1740 311 13 1 1745 311 13 1 1744 322 24 1 1743 314 16 1 1748 322 24 1 1747 323 25 1 1746 314 16 1 1751 314 16 1 1750 323 25 1 1749 316 18 1 1754 323 25 1 1753 324 26 0 1752 316 18 1 1757 316 18 1 1756 324 26 0 1755 318 20 0 1760 326 28 1 1759 325 27 1 1758 321 23 1 1763 321 23 1 1762 325 27 1 1761 320 22 1 1766 325 27 1 1765 327 29 1 1764 320 22 1 1769 320 22 1 1768 327 29 1 1767 322 24 1 1772 327 29 1 1771 328 30 0 1770 322 24 1 1775 322 24 1 1774 328 30 0 1773 323 25 1 1778 328 30 0 1777 329 31 0 1776 323 25 1 1781 323 25 1 1780 329 31 0 1779 324 26 0 1784 331 33 1 1783 330 32 2 1782 326 28 1 1787 326 28 1 1786 330 32 2 1785 325 27 1 1790 330 32 2 1789 332 34 0 1788 325 27 1 1793 325 27 1 1792 332 34 0 1791 327 29 1 1796 332 34 0 1795 333 35 0 1794 327 29 1 1799 327 29 1 1798 333 35 0 1797 328 30 0 1802 333 35 0 1801 334 36 0 1800 328 30 0 1805 328 30 0 1804 334 36 0 1803 329 31 0 1808 336 38 1 1807 335 37 0 1806 331 33 1 1811 331 33 1 1810 335 37 0 1809 330 32 2 1814 335 37 0 1813 337 39 0 1812 330 32 2 1817 330 32 2 1816 337 39 0 1815 332 34 0 1820 337 39 0 1819 338 40 0 1818 332 34 0 1823 332 34 0 1822 338 40 0 1821 333 35 0 1826 338 40 0 1825 339 41 0 1824 333 35 0 1829 333 35 0 1828 339 41 0 1827 334 36 0 1832 310 43 1 1831 313 42 1 1830 336 38 1 1835 336 38 1 1834 313 42 1 1833 335 37 0 1838 313 42 1 1837 315 44 0 1836 335 37 0 1841 335 37 0 1840 315 44 0 1839 337 39 0 1844 315 44 0 1843 317 45 0 1842 337 39 0 1847 337 39 0 1846 317 45 0 1845 338 40 0 1850 317 45 0 1849 319 46 0 1848 338 40 0 1853 338 40 0 1852 319 46 0 1851 339 41 0 1856 312 14 1 1855 310 12 1 1854 340 47 1 1859 321 23 1 1858 312 14 1 1857 340 48 1 1862 326 28 1 1861 321 23 1 1860 340 49 1 1865 331 33 1 1864 326 28 1 1863 340 50 1 1868 336 38 1 1867 331 33 1 1866 340 51 1 1871 310 43 1 1870 336 38 1 1869 340 52 1 1874 319 21 0 1873 318 20 0 1872 341 53 0 1877 318 20 0 1876 324 26 0 1875 341 54 0 1880 324 26 0 1879 329 31 0 1878 341 55 0 1883 329 31 0 1882 334 36 0 1881 341 56 0 1886 334 36 0 1885 339 41 0 1884 341 57 0 1889 339 41 0 1888 319 46 0 1887 341 58 0 1892 342 2 0 1891 343 1 1 1890 342 0 0 1895 342 0 0 1894 343 1 1 1893 343 3 1 1898 343 1 1 1897 20 4 1 1896 343 3 1 1901 343 3 1 1900 20 4 1 1899 20 5 1 1904 21 11 0 1903 21 10 0 1902 342 2 0 1907 342 0 0 1906 21 11 0 1905 342 2 0 1910 346 14 1 1909 345 13 1 1908 344 12 1 1913 344 12 1 1912 345 13 1 1911 347 15 0 1916 345 13 1 1915 348 16 1 1914 347 15 0 1919 347 15 0 1918 348 16 1 1917 349 17 0 1922 348 16 1 1921 350 18 0 1920 349 17 0 1925 349 17 0 1924 350 18 0 1923 351 19 0 1928 350 18 0 1927 352 20 0 1926 351 19 0 1931 351 19 0 1930 352 20 0 1929 353 21 0 1934 355 23 1 1933 354 22 1 1932 346 14 1 1937 346 14 1 1936 354 22 1 1935 345 13 1 1940 354 22 1 1939 356 24 1 1938 345 13 1 1943 345 13 1 1942 356 24 1 1941 348 16 1 1946 356 24 1 1945 357 25 1 1944 348 16 1 1949 348 16 1 1948 357 25 1 1947 350 18 0 1952 357 25 1 1951 358 26 0 1950 350 18 0 1955 350 18 0 1954 358 26 0 1953 352 20 0 1958 360 28 1 1957 359 27 1 1956 355 23 1 1961 355 23 1 1960 359 27 1 1959 354 22 1 1964 359 27 1 1963 361 29 1 1962 354 22 1 1967 354 22 1 1966 361 29 1 1965 356 24 1 1970 361 29 1 1969 362 30 1 1968 356 24 1 1973 356 24 1 1972 362 30 1 1971 357 25 1 1976 362 30 1 1975 363 31 0 1974 357 25 1 1979 357 25 1 1978 363 31 0 1977 358 26 0 1982 365 33 1 1981 364 32 1 1980 360 28 1 1985 360 28 1 1984 364 32 1 1983 359 27 1 1988 364 32 1 1987 366 34 0 1986 359 27 1 1991 359 27 1 1990 366 34 0 1989 361 29 1 1994 366 34 0 1993 367 35 0 1992 361 29 1 1997 361 29 1 1996 367 35 0 1995 362 30 1 2000 367 35 0 1999 368 36 0 1998 362 30 1 2003 362 30 1 2002 368 36 0 2001 363 31 0 2006 370 38 1 2005 369 37 0 2004 365 33 1 2009 365 33 1 2008 369 37 0 2007 364 32 1 2012 369 37 0 2011 371 39 0 2010 364 32 1 2015 364 32 1 2014 371 39 0 2013 366 34 0 2018 371 39 0 2017 372 40 0 2016 366 34 0 2021 366 34 0 2020 372 40 0 2019 367 35 0 2024 372 40 0 2023 373 41 0 2022 367 35 0 2027 367 35 0 2026 373 41 0 2025 368 36 0 2030 344 43 1 2029 347 42 0 2028 370 38 1 2033 370 38 1 2032 347 42 0 2031 369 37 0 2036 347 42 0 2035 349 44 0 2034 369 37 0 2039 369 37 0 2038 349 44 0 2037 371 39 0 2042 349 44 0 2041 351 45 0 2040 371 39 0 2045 371 39 0 2044 351 45 0 2043 372 40 0 2048 351 45 0 2047 353 46 0 2046 372 40 0 2051 372 40 0 2050 353 46 0 2049 373 41 0 2054 346 14 1 2053 344 12 1 2052 374 47 1 2057 355 23 1 2056 346 14 1 2055 374 48 1 2060 360 28 1 2059 355 23 1 2058 374 49 1 2063 365 33 1 2062 360 28 1 2061 374 50 1 2066 370 38 1 2065 365 33 1 2064 374 51 1 2069 344 43 1 2068 370 38 1 2067 374 52 1 2072 353 21 0 2071 352 20 0 2070 375 53 0 2075 352 20 0 2074 358 26 0 2073 375 54 0 2078 358 26 0 2077 363 31 0 2076 375 55 0 2081 363 31 0 2080 368 36 0 2079 375 56 0 2084 368 36 0 2083 373 41 0 2082 375 57 0 2087 373 41 0 2086 353 46 0 2085 375 58 0 2090 376 2 0 2089 377 1 1 2088 376 0 0 2093 376 0 0 2092 377 1 1 2091 377 3 1 2096 377 1 1 2095 22 4 1 2094 377 3 1 2099 377 3 1 2098 22 4 1 2097 22 5 1 2102 23 11 0 2101 23 10 0 2100 376 2 0 2105 376 0 0 2104 23 11 0 2103 376 2 0 2108 380 14 1 2107 379 13 1 2106 378 12 1 2111 378 12 1 2110 379 13 1 2109 381 15 0 2114 379 13 1 2113 382 16 1 2112 381 15 0 2117 381 15 0 2116 382 16 1 2115 383 17 0 2120 382 16 1 2119 384 18 0 2118 383 17 0 2123 383 17 0 2122 384 18 0 2121 385 19 0 2126 384 18 0 2125 386 20 0 2124 385 19 0 2129 385 19 0 2128 386 20 0 2127 387 21 0 2132 389 23 1 2131 388 22 1 2130 380 14 1 2135 380 14 1 2134 388 22 1 2133 379 13 1 2138 388 22 1 2137 390 24 1 2136 379 13 1 2141 379 13 1 2140 390 24 1 2139 382 16 1 2144 390 24 1 2143 391 25 1 2142 382 16 1 2147 382 16 1 2146 391 25 1 2145 384 18 0 2150 391 25 1 2149 392 26 0 2148 384 18 0 2153 384 18 0 2152 392 26 0 2151 386 20 0 2156 394 28 1 2155 393 27 1 2154 389 23 1 2159 389 23 1 2158 393 27 1 2157 388 22 1 2162 393 27 1 2161 395 29 1 2160 388 22 1 2165 388 22 1 2164 395 29 1 2163 390 24 1 2168 395 29 1 2167 396 30 1 2166 390 24 1 2171 390 24 1 2170 396 30 1 2169 391 25 1 2174 396 30 1 2173 397 31 0 2172 391 25 1 2177 391 25 1 2176 397 31 0 2175 392 26 0 2180 399 33 1 2179 398 32 1 2178 394 28 1 2183 394 28 1 2182 398 32 1 2181 393 27 1 2186 398 32 1 2185 400 34 0 2184 393 27 1 2189 393 27 1 2188 400 34 0 2187 395 29 1 2192 400 34 0 2191 401 35 0 2190 395 29 1 2195 395 29 1 2194 401 35 0 2193 396 30 1 2198 401 35 0 2197 402 36 0 2196 396 30 1 2201 396 30 1 2200 402 36 0 2199 397 31 0 2204 404 38 1 2203 403 37 0 2202 399 33 1 2207 399 33 1 2206 403 37 0 2205 398 32 1 2210 403 37 0 2209 405 39 0 2208 398 32 1 2213 398 32 1 2212 405 39 0 2211 400 34 0 2216 405 39 0 2215 406 40 0 2214 400 34 0 2219 400 34 0 2218 406 40 0 2217 401 35 0 2222 406 40 0 2221 407 41 0 2220 401 35 0 2225 401 35 0 2224 407 41 0 2223 402 36 0 2228 378 43 1 2227 381 42 0 2226 404 38 1 2231 404 38 1 2230 381 42 0 2229 403 37 0 2234 381 42 0 2233 383 44 0 2232 403 37 0 2237 403 37 0 2236 383 44 0 2235 405 39 0 2240 383 44 0 2239 385 45 0 2238 405 39 0 2243 405 39 0 2242 385 45 0 2241 406 40 0 2246 385 45 0 2245 387 46 0 2244 406 40 0 2249 406 40 0 2248 387 46 0 2247 407 41 0 2252 380 14 1 2251 378 12 1 2250 408 47 1 2255 389 23 1 2254 380 14 1 2253 408 48 1 2258 394 28 1 2257 389 23 1 2256 408 49 1 2261 399 33 1 2260 394 28 1 2259 408 50 1 2264 404 38 1 2263 399 33 1 2262 408 51 1 2267 378 43 1 2266 404 38 1 2265 408 52 1 2270 387 21 0 2269 386 20 0 2268 409 53 0 2273 386 20 0 2272 392 26 0 2271 409 54 0 2276 392 26 0 2275 397 31 0 2274 409 55 0 2279 397 31 0 2278 402 36 0 2277 409 56 0 2282 402 36 0 2281 407 41 0 2280 409 57 0 2285 407 41 0 2284 387 46 0 2283 409 58 0 2288 410 2 0 2287 411 1 1 2286 410 0 0 2291 410 0 0 2290 411 1 1 2289 411 3 1 2294 411 1 1 2293 24 4 1 2292 411 3 1 2297 411 3 1 2296 24 4 1 2295 24 5 1 2300 25 11 0 2299 25 10 0 2298 410 2 0 2303 410 0 0 2302 25 11 0 2301 410 2 0 2306 414 14 1 2305 413 13 1 2304 412 12 1 2309 412 12 1 2308 413 13 1 2307 415 15 0 2312 413 13 1 2311 416 16 1 2310 415 15 0 2315 415 15 0 2314 416 16 1 2313 417 17 0 2318 416 16 1 2317 418 18 0 2316 417 17 0 2321 417 17 0 2320 418 18 0 2319 419 19 0 2324 418 18 0 2323 420 20 0 2322 419 19 0 2327 419 19 0 2326 420 20 0 2325 421 21 0 2330 423 23 1 2329 422 22 1 2328 414 14 1 2333 414 14 1 2332 422 22 1 2331 413 13 1 2336 422 22 1 2335 424 24 1 2334 413 13 1 2339 413 13 1 2338 424 24 1 2337 416 16 1 2342 424 24 1 2341 425 25 1 2340 416 16 1 2345 416 16 1 2344 425 25 1 2343 418 18 0 2348 425 25 1 2347 426 26 0 2346 418 18 0 2351 418 18 0 2350 426 26 0 2349 420 20 0 2354 428 28 1 2353 427 27 1 2352 423 23 1 2357 423 23 1 2356 427 27 1 2355 422 22 1 2360 427 27 1 2359 429 29 1 2358 422 22 1 2363 422 22 1 2362 429 29 1 2361 424 24 1 2366 429 29 1 2365 430 30 1 2364 424 24 1 2369 424 24 1 2368 430 30 1 2367 425 25 1 2372 430 30 1 2371 431 31 0 2370 425 25 1 2375 425 25 1 2374 431 31 0 2373 426 26 0 2378 433 33 1 2377 432 32 1 2376 428 28 1 2381 428 28 1 2380 432 32 1 2379 427 27 1 2384 432 32 1 2383 434 34 0 2382 427 27 1 2387 427 27 1 2386 434 34 0 2385 429 29 1 2390 434 34 0 2389 435 35 0 2388 429 29 1 2393 429 29 1 2392 435 35 0 2391 430 30 1 2396 435 35 0 2395 436 36 0 2394 430 30 1 2399 430 30 1 2398 436 36 0 2397 431 31 0 2402 438 38 1 2401 437 37 0 2400 433 33 1 2405 433 33 1 2404 437 37 0 2403 432 32 1 2408 437 37 0 2407 439 39 0 2406 432 32 1 2411 432 32 1 2410 439 39 0 2409 434 34 0 2414 439 39 0 2413 440 40 0 2412 434 34 0 2417 434 34 0 2416 440 40 0 2415 435 35 0 2420 440 40 0 2419 441 41 0 2418 435 35 0 2423 435 35 0 2422 441 41 0 2421 436 36 0 2426 412 43 1 2425 415 42 0 2424 438 38 1 2429 438 38 1 2428 415 42 0 2427 437 37 0 2432 415 42 0 2431 417 44 0 2430 437 37 0 2435 437 37 0 2434 417 44 0 2433 439 39 0 2438 417 44 0 2437 419 45 0 2436 439 39 0 2441 439 39 0 2440 419 45 0 2439 440 40 0 2444 419 45 0 2443 421 46 0 2442 440 40 0 2447 440 40 0 2446 421 46 0 2445 441 41 0 2450 414 14 1 2449 412 12 1 2448 442 47 1 2453 423 23 1 2452 414 14 1 2451 442 48 1 2456 428 28 1 2455 423 23 1 2454 442 49 1 2459 433 33 1 2458 428 28 1 2457 442 50 1 2462 438 38 1 2461 433 33 1 2460 442 51 1 2465 412 43 1 2464 438 38 1 2463 442 52 1 2468 421 21 0 2467 420 20 0 2466 443 53 0 2471 420 20 0 2470 426 26 0 2469 443 54 0 2474 426 26 0 2473 431 31 0 2472 443 55 0 2477 431 31 0 2476 436 36 0 2475 443 56 0 2480 436 36 0 2479 441 41 0 2478 443 57 0 2483 441 41 0 2482 421 46 0 2481 443 58 0 2486 444 2 0 2485 445 1 1 2484 444 0 0 2489 444 0 0 2488 445 1 1 2487 445 3 1 2492 445 1 1 2491 26 4 1 2490 445 3 1 2495 445 3 1 2494 26 4 1 2493 26 5 1 2498 27 11 0 2497 27 10 0 2496 444 2 0 2501 444 0 0 2500 27 11 0 2499 444 2 0 2504 446 2 0 2503 447 1 1 2502 446 0 0 2507 446 0 0 2506 447 1 1 2505 447 3 1 2510 447 1 1 2509 28 4 1 2508 447 3 1 2513 447 3 1 2512 28 4 1 2511 28 5 1 2516 29 11 0 2515 29 10 0 2514 446 2 0 2519 446 0 0 2518 29 11 0 2517 446 2 0 2522 450 14 1 2521 449 13 1 2520 448 12 1 2525 448 12 1 2524 449 13 1 2523 451 15 0 2528 449 13 1 2527 452 16 0 2526 451 15 0 2531 451 15 0 2530 452 16 0 2529 453 17 0 2534 452 16 0 2533 454 18 0 2532 453 17 0 2537 453 17 0 2536 454 18 0 2535 455 19 0 2540 454 18 0 2539 456 20 0 2538 455 19 0 2543 455 19 0 2542 456 20 0 2541 457 21 0 2546 459 23 1 2545 458 22 1 2544 450 14 1 2549 450 14 1 2548 458 22 1 2547 449 13 1 2552 458 22 1 2551 460 24 1 2550 449 13 1 2555 449 13 1 2554 460 24 1 2553 452 16 0 2558 460 24 1 2557 461 25 1 2556 452 16 0 2561 452 16 0 2560 461 25 1 2559 454 18 0 2564 461 25 1 2563 462 26 0 2562 454 18 0 2567 454 18 0 2566 462 26 0 2565 456 20 0 2570 464 28 1 2569 463 27 1 2568 459 23 1 2573 459 23 1 2572 463 27 1 2571 458 22 1 2576 463 27 1 2575 465 29 1 2574 458 22 1 2579 458 22 1 2578 465 29 1 2577 460 24 1 2582 465 29 1 2581 466 30 1 2580 460 24 1 2585 460 24 1 2584 466 30 1 2583 461 25 1 2588 466 30 1 2587 467 31 0 2586 461 25 1 2591 461 25 1 2590 467 31 0 2589 462 26 0 2594 469 33 1 2593 468 32 1 2592 464 28 1 2597 464 28 1 2596 468 32 1 2595 463 27 1 2600 468 32 1 2599 470 34 1 2598 463 27 1 2603 463 27 1 2602 470 34 1 2601 465 29 1 2606 470 34 1 2605 471 35 0 2604 465 29 1 2609 465 29 1 2608 471 35 0 2607 466 30 1 2612 471 35 0 2611 472 36 0 2610 466 30 1 2615 466 30 1 2614 472 36 0 2613 467 31 0 2618 474 38 1 2617 473 37 0 2616 469 33 1 2621 469 33 1 2620 473 37 0 2619 468 32 1 2624 473 37 0 2623 475 39 0 2622 468 32 1 2627 468 32 1 2626 475 39 0 2625 470 34 1 2630 475 39 0 2629 476 40 0 2628 470 34 1 2633 470 34 1 2632 476 40 0 2631 471 35 0 2636 476 40 0 2635 477 41 0 2634 471 35 0 2639 471 35 0 2638 477 41 0 2637 472 36 0 2642 448 43 1 2641 451 42 0 2640 474 38 1 2645 474 38 1 2644 451 42 0 2643 473 37 0 2648 451 42 0 2647 453 44 0 2646 473 37 0 2651 473 37 0 2650 453 44 0 2649 475 39 0 2654 453 44 0 2653 455 45 0 2652 475 39 0 2657 475 39 0 2656 455 45 0 2655 476 40 0 2660 455 45 0 2659 457 46 0 2658 476 40 0 2663 476 40 0 2662 457 46 0 2661 477 41 0 2666 450 14 1 2665 448 12 1 2664 478 47 1 2669 459 23 1 2668 450 14 1 2667 478 48 1 2672 464 28 1 2671 459 23 1 2670 478 49 1 2675 469 33 1 2674 464 28 1 2673 478 50 1 2678 474 38 1 2677 469 33 1 2676 478 51 1 2681 448 43 1 2680 474 38 1 2679 478 52 1 2684 457 21 0 2683 456 20 0 2682 479 53 0 2687 456 20 0 2686 462 26 0 2685 479 54 0 2690 462 26 0 2689 467 31 0 2688 479 55 0 2693 467 31 0 2692 472 36 0 2691 479 56 0 2696 472 36 0 2695 477 41 0 2694 479 57 0 2699 477 41 0 2698 457 46 0 2697 479 58 0 2702 480 2 0 2701 481 1 1 2700 480 0 0 2705 480 0 0 2704 481 1 1 2703 481 3 1 2708 481 1 1 2707 30 4 1 2706 481 3 1 2711 481 3 1 2710 30 4 1 2709 30 5 1 2714 31 11 0 2713 31 10 0 2712 480 2 0 2717 480 0 0 2716 31 11 0 2715 480 2 0 2720 484 14 1 2719 483 13 1 2718 482 12 1 2723 482 12 1 2722 483 13 1 2721 485 15 0 2726 483 13 1 2725 486 16 0 2724 485 15 0 2729 485 15 0 2728 486 16 0 2727 487 17 0 2732 486 16 0 2731 488 18 0 2730 487 17 0 2735 487 17 0 2734 488 18 0 2733 489 19 0 2738 488 18 0 2737 490 20 0 2736 489 19 0 2741 489 19 0 2740 490 20 0 2739 491 21 0 2744 493 23 1 2743 492 22 1 2742 484 14 1 2747 484 14 1 2746 492 22 1 2745 483 13 1 2750 492 22 1 2749 494 24 1 2748 483 13 1 2753 483 13 1 2752 494 24 1 2751 486 16 0 2756 494 24 1 2755 495 25 1 2754 486 16 0 2759 486 16 0 2758 495 25 1 2757 488 18 0 2762 495 25 1 2761 496 26 0 2760 488 18 0 2765 488 18 0 2764 496 26 0 2763 490 20 0 2768 498 28 1 2767 497 27 1 2766 493 23 1 2771 493 23 1 2770 497 27 1 2769 492 22 1 2774 497 27 1 2773 499 29 1 2772 492 22 1 2777 492 22 1 2776 499 29 1 2775 494 24 1 2780 499 29 1 2779 500 30 1 2778 494 24 1 2783 494 24 1 2782 500 30 1 2781 495 25 1 2786 500 30 1 2785 501 31 0 2784 495 25 1 2789 495 25 1 2788 501 31 0 2787 496 26 0 2792 503 33 1 2791 502 32 1 2790 498 28 1 2795 498 28 1 2794 502 32 1 2793 497 27 1 2798 502 32 1 2797 504 34 1 2796 497 27 1 2801 497 27 1 2800 504 34 1 2799 499 29 1 2804 504 34 1 2803 505 35 0 2802 499 29 1 2807 499 29 1 2806 505 35 0 2805 500 30 1 2810 505 35 0 2809 506 36 0 2808 500 30 1 2813 500 30 1 2812 506 36 0 2811 501 31 0 2816 508 38 1 2815 507 37 0 2814 503 33 1 2819 503 33 1 2818 507 37 0 2817 502 32 1 2822 507 37 0 2821 509 39 0 2820 502 32 1 2825 502 32 1 2824 509 39 0 2823 504 34 1 2828 509 39 0 2827 510 40 0 2826 504 34 1 2831 504 34 1 2830 510 40 0 2829 505 35 0 2834 510 40 0 2833 511 41 0 2832 505 35 0 2837 505 35 0 2836 511 41 0 2835 506 36 0 2840 482 43 1 2839 485 42 0 2838 508 38 1 2843 508 38 1 2842 485 42 0 2841 507 37 0 2846 485 42 0 2845 487 44 0 2844 507 37 0 2849 507 37 0 2848 487 44 0 2847 509 39 0 2852 487 44 0 2851 489 45 0 2850 509 39 0 2855 509 39 0 2854 489 45 0 2853 510 40 0 2858 489 45 0 2857 491 46 0 2856 510 40 0 2861 510 40 0 2860 491 46 0 2859 511 41 0 2864 484 14 1 2863 482 12 1 2862 512 47 1 2867 493 23 1 2866 484 14 1 2865 512 48 1 2870 498 28 1 2869 493 23 1 2868 512 49 1 2873 503 33 1 2872 498 28 1 2871 512 50 1 2876 508 38 1 2875 503 33 1 2874 512 51 1 2879 482 43 1 2878 508 38 1 2877 512 52 1 2882 491 21 0 2881 490 20 0 2880 513 53 0 2885 490 20 0 2884 496 26 0 2883 513 54 0 2888 496 26 0 2887 501 31 0 2886 513 55 0 2891 501 31 0 2890 506 36 0 2889 513 56 0 2894 506 36 0 2893 511 41 0 2892 513 57 0 2897 511 41 0 2896 491 46 0 2895 513 58 0 2900 516 14 1 2899 515 13 1 2898 514 12 1 2903 514 12 1 2902 515 13 1 2901 517 15 0 2906 515 13 1 2905 518 16 0 2904 517 15 0 2909 517 15 0 2908 518 16 0 2907 519 17 0 2912 518 16 0 2911 520 18 0 2910 519 17 0 2915 519 17 0 2914 520 18 0 2913 521 19 0 2918 520 18 0 2917 522 20 0 2916 521 19 0 2921 521 19 0 2920 522 20 0 2919 523 21 0 2924 525 23 1 2923 524 22 1 2922 516 14 1 2927 516 14 1 2926 524 22 1 2925 515 13 1 2930 524 22 1 2929 526 24 1 2928 515 13 1 2933 515 13 1 2932 526 24 1 2931 518 16 0 2936 526 24 1 2935 527 25 1 2934 518 16 0 2939 518 16 0 2938 527 25 1 2937 520 18 0 2942 527 25 1 2941 528 26 0 2940 520 18 0 2945 520 18 0 2944 528 26 0 2943 522 20 0 2948 530 28 1 2947 529 27 1 2946 525 23 1 2951 525 23 1 2950 529 27 1 2949 524 22 1 2954 529 27 1 2953 531 29 1 2952 524 22 1 2957 524 22 1 2956 531 29 1 2955 526 24 1 2960 531 29 1 2959 532 30 1 2958 526 24 1 2963 526 24 1 2962 532 30 1 2961 527 25 1 2966 532 30 1 2965 533 31 0 2964 527 25 1 2969 527 25 1 2968 533 31 0 2967 528 26 0 2972 535 33 1 2971 534 32 1 2970 530 28 1 2975 530 28 1 2974 534 32 1 2973 529 27 1 2978 534 32 1 2977 536 34 1 2976 529 27 1 2981 529 27 1 2980 536 34 1 2979 531 29 1 2984 536 34 1 2983 537 35 0 2982 531 29 1 2987 531 29 1 2986 537 35 0 2985 532 30 1 2990 537 35 0 2989 538 36 0 2988 532 30 1 2993 532 30 1 2992 538 36 0 2991 533 31 0 2996 540 38 1 2995 539 37 0 2994 535 33 1 2999 535 33 1 2998 539 37 0 2997 534 32 1 3002 539 37 0 3001 541 39 0 3000 534 32 1 3005 534 32 1 3004 541 39 0 3003 536 34 1 3008 541 39 0 3007 542 40 0 3006 536 34 1 3011 536 34 1 3010 542 40 0 3009 537 35 0 3014 542 40 0 3013 543 41 0 3012 537 35 0 3017 537 35 0 3016 543 41 0 3015 538 36 0 3020 514 43 1 3019 517 42 0 3018 540 38 1 3023 540 38 1 3022 517 42 0 3021 539 37 0 3026 517 42 0 3025 519 44 0 3024 539 37 0 3029 539 37 0 3028 519 44 0 3027 541 39 0 3032 519 44 0 3031 521 45 0 3030 541 39 0 3035 541 39 0 3034 521 45 0 3033 542 40 0 3038 521 45 0 3037 523 46 0 3036 542 40 0 3041 542 40 0 3040 523 46 0 3039 543 41 0 3044 516 14 1 3043 514 12 1 3042 544 47 1 3047 525 23 1 3046 516 14 1 3045 544 48 1 3050 530 28 1 3049 525 23 1 3048 544 49 1 3053 535 33 1 3052 530 28 1 3051 544 50 1 3056 540 38 1 3055 535 33 1 3054 544 51 1 3059 514 43 1 3058 540 38 1 3057 544 52 1 3062 523 21 0 3061 522 20 0 3060 545 53 0 3065 522 20 0 3064 528 26 0 3063 545 54 0 3068 528 26 0 3067 533 31 0 3066 545 55 0 3071 533 31 0 3070 538 36 0 3069 545 56 0 3074 538 36 0 3073 543 41 0 3072 545 57 0 3077 543 41 0 3076 523 46 0 3075 545 58 0 3080 546 2 1 3079 547 1 1 3078 546 0 1 3083 546 0 1 3082 547 1 1 3081 547 3 1 3086 547 1 1 3085 32 4 0 3084 547 3 1 3089 547 3 1 3088 32 4 0 3087 32 5 0 3092 33 11 0 3091 33 10 0 3090 546 2 1 3095 546 0 1 3094 33 11 0 3093 546 2 1 3098 550 14 1 3097 549 13 1 3096 548 12 1 3101 548 12 1 3100 549 13 1 3099 551 15 0 3104 549 13 1 3103 552 16 0 3102 551 15 0 3107 551 15 0 3106 552 16 0 3105 553 17 0 3110 552 16 0 3109 554 18 0 3108 553 17 0 3113 553 17 0 3112 554 18 0 3111 555 19 0 3116 554 18 0 3115 556 20 0 3114 555 19 0 3119 555 19 0 3118 556 20 0 3117 557 21 0 3122 559 23 1 3121 558 22 1 3120 550 14 1 3125 550 14 1 3124 558 22 1 3123 549 13 1 3128 558 22 1 3127 560 24 1 3126 549 13 1 3131 549 13 1 3130 560 24 1 3129 552 16 0 3134 560 24 1 3133 561 25 0 3132 552 16 0 3137 552 16 0 3136 561 25 0 3135 554 18 0 3140 561 25 0 3139 562 26 0 3138 554 18 0 3143 554 18 0 3142 562 26 0 3141 556 20 0 3146 564 28 1 3145 563 27 1 3144 559 23 1 3149 559 23 1 3148 563 27 1 3147 558 22 1 3152 563 27 1 3151 565 29 1 3150 558 22 1 3155 558 22 1 3154 565 29 1 3153 560 24 1 3158 565 29 1 3157 566 30 1 3156 560 24 1 3161 560 24 1 3160 566 30 1 3159 561 25 0 3164 566 30 1 3163 567 31 0 3162 561 25 0 3167 561 25 0 3166 567 31 0 3165 562 26 0 3170 569 33 1 3169 568 32 1 3168 564 28 1 3173 564 28 1 3172 568 32 1 3171 563 27 1 3176 568 32 1 3175 570 34 1 3174 563 27 1 3179 563 27 1 3178 570 34 1 3177 565 29 1 3182 570 34 1 3181 571 35 1 3180 565 29 1 3185 565 29 1 3184 571 35 1 3183 566 30 1 3188 571 35 1 3187 572 36 0 3186 566 30 1 3191 566 30 1 3190 572 36 0 3189 567 31 0 3194 574 38 1 3193 573 37 1 3192 569 33 1 3197 569 33 1 3196 573 37 1 3195 568 32 1 3200 573 37 1 3199 575 39 0 3198 568 32 1 3203 568 32 1 3202 575 39 0 3201 570 34 1 3206 575 39 0 3205 576 40 0 3204 570 34 1 3209 570 34 1 3208 576 40 0 3207 571 35 1 3212 576 40 0 3211 577 41 0 3210 571 35 1 3215 571 35 1 3214 577 41 0 3213 572 36 0 3218 548 43 1 3217 551 42 0 3216 574 38 1 3221 574 38 1 3220 551 42 0 3219 573 37 1 3224 551 42 0 3223 553 44 0 3222 573 37 1 3227 573 37 1 3226 553 44 0 3225 575 39 0 3230 553 44 0 3229 555 45 0 3228 575 39 0 3233 575 39 0 3232 555 45 0 3231 576 40 0 3236 555 45 0 3235 557 46 0 3234 576 40 0 3239 576 40 0 3238 557 46 0 3237 577 41 0 3242 550 14 1 3241 548 12 1 3240 578 47 1 3245 559 23 1 3244 550 14 1 3243 578 48 1 3248 564 28 1 3247 559 23 1 3246 578 49 1 3251 569 33 1 3250 564 28 1 3249 578 50 1 3254 574 38 1 3253 569 33 1 3252 578 51 1 3257 548 43 1 3256 574 38 1 3255 578 52 1 3260 557 21 0 3259 556 20 0 3258 579 53 0 3263 556 20 0 3262 562 26 0 3261 579 54 0 3266 562 26 0 3265 567 31 0 3264 579 55 0 3269 567 31 0 3268 572 36 0 3267 579 56 0 3272 572 36 0 3271 577 41 0 3270 579 57 0 3275 577 41 0 3274 557 46 0 3273 579 58 0 3278 580 2 1 3277 581 1 1 3276 580 0 1 3281 580 0 1 3280 581 1 1 3279 581 3 1 3284 581 1 1 3283 34 4 0 3282 581 3 1 3287 581 3 1 3286 34 4 0 3285 34 5 0 3290 35 11 0 3289 35 10 0 3288 580 2 1 3293 580 0 1 3292 35 11 0 3291 580 2 1 3296 584 14 1 3295 583 13 1 3294 582 12 1 3299 582 12 1 3298 583 13 1 3297 585 15 0 3302 583 13 1 3301 586 16 0 3300 585 15 0 3305 585 15 0 3304 586 16 0 3303 587 17 0 3308 586 16 0 3307 588 18 0 3306 587 17 0 3311 587 17 0 3310 588 18 0 3309 589 19 0 3314 588 18 0 3313 590 20 0 3312 589 19 0 3317 589 19 0 3316 590 20 0 3315 591 21 0 3320 593 23 1 3319 592 22 1 3318 584 14 1 3323 584 14 1 3322 592 22 1 3321 583 13 1 3326 592 22 1 3325 594 24 1 3324 583 13 1 3329 583 13 1 3328 594 24 1 3327 586 16 0 3332 594 24 1 3331 595 25 0 3330 586 16 0 3335 586 16 0 3334 595 25 0 3333 588 18 0 3338 595 25 0 3337 596 26 0 3336 588 18 0 3341 588 18 0 3340 596 26 0 3339 590 20 0 3344 598 28 1 3343 597 27 1 3342 593 23 1 3347 593 23 1 3346 597 27 1 3345 592 22 1 3350 597 27 1 3349 599 29 1 3348 592 22 1 3353 592 22 1 3352 599 29 1 3351 594 24 1 3356 599 29 1 3355 600 30 1 3354 594 24 1 3359 594 24 1 3358 600 30 1 3357 595 25 0 3362 600 30 1 3361 601 31 0 3360 595 25 0 3365 595 25 0 3364 601 31 0 3363 596 26 0 3368 603 33 1 3367 602 32 1 3366 598 28 1 3371 598 28 1 3370 602 32 1 3369 597 27 1 3374 602 32 1 3373 604 34 1 3372 597 27 1 3377 597 27 1 3376 604 34 1 3375 599 29 1 3380 604 34 1 3379 605 35 1 3378 599 29 1 3383 599 29 1 3382 605 35 1 3381 600 30 1 3386 605 35 1 3385 606 36 0 3384 600 30 1 3389 600 30 1 3388 606 36 0 3387 601 31 0 3392 608 38 1 3391 607 37 1 3390 603 33 1 3395 603 33 1 3394 607 37 1 3393 602 32 1 3398 607 37 1 3397 609 39 0 3396 602 32 1 3401 602 32 1 3400 609 39 0 3399 604 34 1 3404 609 39 0 3403 610 40 0 3402 604 34 1 3407 604 34 1 3406 610 40 0 3405 605 35 1 3410 610 40 0 3409 611 41 0 3408 605 35 1 3413 605 35 1 3412 611 41 0 3411 606 36 0 3416 582 43 1 3415 585 42 0 3414 608 38 1 3419 608 38 1 3418 585 42 0 3417 607 37 1 3422 585 42 0 3421 587 44 0 3420 607 37 1 3425 607 37 1 3424 587 44 0 3423 609 39 0 3428 587 44 0 3427 589 45 0 3426 609 39 0 3431 609 39 0 3430 589 45 0 3429 610 40 0 3434 589 45 0 3433 591 46 0 3432 610 40 0 3437 610 40 0 3436 591 46 0 3435 611 41 0 3440 584 14 1 3439 582 12 1 3438 612 47 1 3443 593 23 1 3442 584 14 1 3441 612 48 1 3446 598 28 1 3445 593 23 1 3444 612 49 1 3449 603 33 1 3448 598 28 1 3447 612 50 1 3452 608 38 1 3451 603 33 1 3450 612 51 1 3455 582 43 1 3454 608 38 1 3453 612 52 1 3458 591 21 0 3457 590 20 0 3456 613 53 0 3461 590 20 0 3460 596 26 0 3459 613 54 0 3464 596 26 0 3463 601 31 0 3462 613 55 0 3467 601 31 0 3466 606 36 0 3465 613 56 0 3470 606 36 0 3469 611 41 0 3468 613 57 0 3473 611 41 0 3472 591 46 0 3471 613 58 0 3476 614 2 1 3475 615 1 1 3474 614 0 1 3479 614 0 1 3478 615 1 1 3477 615 3 1 3482 615 1 1 3481 36 4 0 3480 615 3 1 3485 615 3 1 3484 36 4 0 3483 36 5 0 3488 37 11 0 3487 37 10 0 3486 614 2 1 3491 614 0 1 3490 37 11 0 3489 614 2 1 3494 618 14 1 3493 617 13 1 3492 616 12 1 3497 616 12 1 3496 617 13 1 3495 619 15 0 3500 617 13 1 3499 620 16 0 3498 619 15 0 3503 619 15 0 3502 620 16 0 3501 621 17 0 3506 620 16 0 3505 622 18 0 3504 621 17 0 3509 621 17 0 3508 622 18 0 3507 623 19 0 3512 622 18 0 3511 624 20 0 3510 623 19 0 3515 623 19 0 3514 624 20 0 3513 625 21 0 3518 627 23 1 3517 626 22 1 3516 618 14 1 3521 618 14 1 3520 626 22 1 3519 617 13 1 3524 626 22 1 3523 628 24 1 3522 617 13 1 3527 617 13 1 3526 628 24 1 3525 620 16 0 3530 628 24 1 3529 629 25 0 3528 620 16 0 3533 620 16 0 3532 629 25 0 3531 622 18 0 3536 629 25 0 3535 630 26 0 3534 622 18 0 3539 622 18 0 3538 630 26 0 3537 624 20 0 3542 632 28 1 3541 631 27 1 3540 627 23 1 3545 627 23 1 3544 631 27 1 3543 626 22 1 3548 631 27 1 3547 633 29 1 3546 626 22 1 3551 626 22 1 3550 633 29 1 3549 628 24 1 3554 633 29 1 3553 634 30 1 3552 628 24 1 3557 628 24 1 3556 634 30 1 3555 629 25 0 3560 634 30 1 3559 635 31 0 3558 629 25 0 3563 629 25 0 3562 635 31 0 3561 630 26 0 3566 637 33 1 3565 636 32 1 3564 632 28 1 3569 632 28 1 3568 636 32 1 3567 631 27 1 3572 636 32 1 3571 638 34 1 3570 631 27 1 3575 631 27 1 3574 638 34 1 3573 633 29 1 3578 638 34 1 3577 639 35 1 3576 633 29 1 3581 633 29 1 3580 639 35 1 3579 634 30 1 3584 639 35 1 3583 640 36 0 3582 634 30 1 3587 634 30 1 3586 640 36 0 3585 635 31 0 3590 642 38 1 3589 641 37 1 3588 637 33 1 3593 637 33 1 3592 641 37 1 3591 636 32 1 3596 641 37 1 3595 643 39 0 3594 636 32 1 3599 636 32 1 3598 643 39 0 3597 638 34 1 3602 643 39 0 3601 644 40 0 3600 638 34 1 3605 638 34 1 3604 644 40 0 3603 639 35 1 3608 644 40 0 3607 645 41 0 3606 639 35 1 3611 639 35 1 3610 645 41 0 3609 640 36 0 3614 616 43 1 3613 619 42 0 3612 642 38 1 3617 642 38 1 3616 619 42 0 3615 641 37 1 3620 619 42 0 3619 621 44 0 3618 641 37 1 3623 641 37 1 3622 621 44 0 3621 643 39 0 3626 621 44 0 3625 623 45 0 3624 643 39 0 3629 643 39 0 3628 623 45 0 3627 644 40 0 3632 623 45 0 3631 625 46 0 3630 644 40 0 3635 644 40 0 3634 625 46 0 3633 645 41 0 3638 618 14 1 3637 616 12 1 3636 646 47 1 3641 627 23 1 3640 618 14 1 3639 646 48 1 3644 632 28 1 3643 627 23 1 3642 646 49 1 3647 637 33 1 3646 632 28 1 3645 646 50 1 3650 642 38 1 3649 637 33 1 3648 646 51 1 3653 616 43 1 3652 642 38 1 3651 646 52 1 3656 625 21 0 3655 624 20 0 3654 647 53 0 3659 624 20 0 3658 630 26 0 3657 647 54 0 3662 630 26 0 3661 635 31 0 3660 647 55 0 3665 635 31 0 3664 640 36 0 3663 647 56 0 3668 640 36 0 3667 645 41 0 3666 647 57 0 3671 645 41 0 3670 625 46 0 3669 647 58 0</p>
                </triangles>
            </mesh>
        </geometry>
    </library_geometries>
    <library_controllers>
        <controller id="green_1_0-controller" name="green_1_0">
            <skin source="#green_1_0-geometry">
                <bind_shape_matrix>1 0 0 0 0 1 0 0 0 0 1 0 0 0 0 1</bind_shape_matrix>
                <source id="green_1_0-joints">
                    <Name_array id="green_1_0-joints-array" count="1">green_1</Name_array>
                    <technique_common>
                        <accessor count="1" offset="0" source="#green_1_0-joints-array" stride="1">
                            <param name="JOINT" type="Name" />
                        </accessor>
                    </technique_common>
                </source>
                <source id="green_1_0-matrices">
                    <float_array id="green_1_0-matrices-array" count="16">1.000001 1E-06 1E-06 1E-06 1E-06 1.000001 1E-06 1E-06 1E-06 1E-06 1.000001 1E-06 1E-06 1E-06 1E-06 1.000001</float_array>
                    <technique_common>
                        <accessor count="1" offset="0" source="#green_1_0-matrices-array" stride="16">
                            <param name="TRANSFORM" type="float4x4" />
                        </accessor>
                    </technique_common>
                </source>
                <source id="green_1_0-weights">
                    <float_array id="green_1_0-weights-array" count="1">1</float_array>
                    <technique_common>
                        <accessor count="1" offset="0" source="#green_1_0-weights-array" stride="1">
                            <param name="WEIGHT" type="float" />
                        </accessor>
                    </technique_common>
                </source>
                <joints>
                    <input semantic="JOINT" source="#green_1_0-joints" />
                    <input semantic="INV_BIND_MATRIX" source="#green_1_0-matrices" />
                </joints>
                <vertex_weights count="1560">
                    <input semantic="JOINT" source="#green_1_0-joints" offset="0" set="0" />
                    <input semantic="WEIGHT" source="#green_1_0-weights" offset="1" set="0" />
                    <vcount>1 1 1 1 1 1 1 1 1 1 1 1 1 1 1 1 1 1 1 1 1 1 1 1 1 1 1 1 1 1 1 1 1 1 1 1 1 1 1 1 1 1 1 1 1 1 1 1 1 1 1 1 1 1 1 1 1 1 1 1 1 1 1 1 1 1 1 1 1 1 1 1 1 1 1 1 1 1 1 1 1 1 1 1 1 1 1 1 1 1 1 1 1 1 1 1 1 1 1 1 1 1 1 1 1 1 1 1 1 1 1 1 1 1 1 1 1 1 1 1 1 1 1 1 1 1 1 1 1 1 1 1 1 1 1 1 1 1 1 1 1 1 1 1 1 1 1 1 1 1 1 1 1 1 1 1 1 1 1 1 1 1 1 1 1 1 1 1 1 1 1 1 1 1 1 1 1 1 1 1 1 1 1 1 1 1 1 1 1 1 1 1 1 1 1 1 1 1 1 1 1 1 1 1 1 1 1 1 1 1 1 1 1 1 1 1 1 1 1 1 1 1 1 1 1 1 1 1 1 1 1 1 1 1 1 1 1 1 1 1 1 1 1 1 1 1 1 1 1 1 1 1 1 1 1 1 1 1 1 1 1 1 1 1 1 1 1 1 1 1 1 1 1 1 1 1 1 1 1 1 1 1 1 1 1 1 1 1 1 1 1 1 1 1 1 1 1 1 1 1 1 1 1 1 1 1 1 1 1 1 1 1 1 1 1 1 1 1 1 1 1 1 1 1 1 1 1 1 1 1 1 1 1 1 1 1 1 1 1 1 1 1 1 1 1 1 1 1 1 1 1 1 1 1 1 1 1 1 1 1 1 1 1 1 1 1 1 1 1 1 1 1 1 1 1 1 1 1 1 1 1 1 1 1 1 1 1 1 1 1 1 1 1 1 1 1 1 1 1 1 1 1 1 1 1 1 1 1 1 1 1 1 1 1 1 1 1 1 1 1 1 1 1 1 1 1 1 1 1 1 1 1 1 1 1 1 1 1 1 1 1 1 1 1 1 1 1 1 1 1 1 1 1 1 1 1 1 1 1 1 1 1 1 1 1 1 1 1 1 1 1 1 1 1 1 1 1 1 1 1 1 1 1 1 1 1 1 1 1 1 1 1 1 1 1 1 1 1 1 1 1 1 1 1 1 1 1 1 1 1 1 1 1 1 1 1 1 1 1 1 1 1 1 1 1 1 1 1 1 1 1 1 1 1 1 1 1 1 1 1 1 1 1 1 1 1 1 1 1 1 1 1 1 1 1 1 1 1 1 1 1 1 1 1 1 1 1 1 1 1 1 1 1 1 1 1 1 1 1 1 1 1 1 1 1 1 1 1 1 1 1 1 1 1 1 1 1 1 1 1 1 1 1 1 1 1 1 1 1 1 1 1 1 1 1 1 1 1 1 1 1 1 1 1 1 1 1 1 1 1 1 1 1 1 1 1 1 1 1 1 1 1 1 1 1 1 1 1 1 1 1 1 1 1 1 1 1 1 1 1 1 1 1 1 1 1 1 1 1 1 1 1 1 1 1 1 1 1 1 1 1 1 1 1 1 1 1 1 1 1 1 1 1 1 1 1 1 1 1 1 1 1 1 1 1 1 1 1 1 1 1 1 1 1 1 1 1 1 1 1 1 1 1 1 1 1 1 1 1 1 1 1 1 1 1 1 1 1 1 1 1 1 1 1 1 1 1 1 1 1 1 1 1 1 1 1 1 1 1 1 1 1 1 1 1 1 1 1 1 1 1 1 1 1 1 1 1 1 1 1 1 1 1 1 1 1 1 1 1 1 1 1 1 1 1 1 1 1 1 1 1 1 1 1 1 1 1 1 1 1 1 1 1 1 1 1 1 1 1 1 1 1 1 1 1 1 1 1 1 1 1 1 1 1 1 1 1 1 1 1 1 1 1 1 1 1 1 1 1 1 1 1 1 1 1 1 1 1 1 1 1 1 1 1 1 1 1 1 1 1 1 1 1 1 1 1 1 1 1 1 1 1 1 1 1 1 1 1 1 1 1 1 1 1 1 1 1 1 1 1 1 1 1 1 1 1 1 1 1 1 1 1 1 1 1 1 1 1 1 1 1 1 1 1 1 1 1 1 1 1 1 1 1 1 1 1 1 1 1 1 1 1 1 1 1 1 1 1 1 1 1 1 1 1 1 1 1 1 1 1 1 1 1 1 1 1 1 1 1 1 1 1 1 1 1 1 1 1 1 1 1 1 1 1 1 1 1 1 1 1 1 1 1 1 1 1 1 1 1 1 1 1 1 1 1 1 1 1 1 1 1 1 1 1 1 1 1 1 1 1 1 1 1 1 1 1 1 1 1 1 1 1 1 1 1 1 1 1 1 1 1 1 1 1 1 1 1 1 1 1 1 1 1 1 1 1 1 1 1 1 1 1 1 1 1 1 1 1 1 1 1 1 1 1 1 1 1 1 1 1 1 1 1 1 1 1 1 1 1 1 1 1 1 1 1 1 1 1 1 1 1 1 1 1 1 1 1 1 1 1 1 1 1 1 1 1 1 1 1 1 1 1 1 1 1 1 1 1 1 1 1 1 1 1 1 1 1 1 1 1 1 1 1 1 1 1 1 1 1 1 1 1 1 1 1 1 1 1 1 1 1 1 1 1 1 1 1 1 1 1 1 1 1 1 1 1 1 1 1 1 1 1 1 1 1 1 1 1 1 1 1 1 1 1 1 1 1 1 1 1 1 1 1 1 1 1 1 1 1 1 1 1 1 1 1 1 1 1 1 1 1 1 1 1 1 1 1 1 1 1 1 1 1 1 1 1 1 1 1 1 1 1 1 1 1 1 1 1 1 1 1 1 1 1 1 1 1 1 1 1 1 1 1 1 1 1 1 1 1 1 1 1 1 1 1 1 1 1 1 1 1 1 1 1 1 1 1 1 1 1 1 1 1 1 1 1 1 1 1 1 1 1 1 1 1 1 1 1 1 1 1 1 1 1 1 1 1 1 1 1 1 1 1 1 1 1 1 1 1 1 1 1 1 1 1 1 1 1 1 1 1 1 1 1 1 1 1 1 1 1 1 1 1 1 1 1 1 1 1 1 1 1 1 1 1 1 1 1 1 1 1 1 1 1 1 1 1 1 1 1 1 1 1 1 1 1 1 1 1 1 1 1 1 1 1 1 1 1 1 1 1 1 1 1 1 1 1 1 1 1 1 1 1 1 1 1 1 1 1 1 1 1 1 1 1 1 1 1 1 1 1 1 1 1 1 1 1 1 1 1 1 1 1 1 1 1 1 1 1 1 1 1 1 1 1 1 1 1 1 1 1 1 1 1 1 1 1 1 1 1 1 1 1 1 1 1 1 1 1 1 1 1 1 1 1 1 1 1 1 1 1 1 1 1 1 1 1 1 1 1 1 1 1 1 1 1 1 1 1 1 1 1 1 1 1 1 1 1 1 1 1 1 1 1 1 1 1 1 1 1 1 1 1 1 1 1 1 1 1 1 1 1 1 1 1 1 1 1 1 1 1 1 1 1 1 1 1 1 1 1</vcount>
                    <v>0 0 0 0 0 0 0 0 0 0 0 0 0 0 0 0 0 0 0 0 0 0 0 0 0 0 0 0 0 0 0 0 0 0 0 0 0 0 0 0 0 0 0 0 0 0 0 0 0 0 0 0 0 0 0 0 0 0 0 0 0 0 0 0 0 0 0 0 0 0 0 0 0 0 0 0 0 0 0 0 0 0 0 0 0 0 0 0 0 0 0 0 0 0 0 0 0 0 0 0 0 0 0 0 0 0 0 0 0 0 0 0 0 0 0 0 0 0 0 0 0 0 0 0 0 0 0 0 0 0 0 0 0 0 0 0 0 0 0 0 0 0 0 0 0 0 0 0 0 0 0 0 0 0 0 0 0 0 0 0 0 0 0 0 0 0 0 0 0 0 0 0 0 0 0 0 0 0 0 0 0 0 0 0 0 0 0 0 0 0 0 0 0 0 0 0 0 0 0 0 0 0 0 0 0 0 0 0 0 0 0 0 0 0 0 0 0 0 0 0 0 0 0 0 0 0 0 0 0 0 0 0 0 0 0 0 0 0 0 0 0 0 0 0 0 0 0 0 0 0 0 0 0 0 0 0 0 0 0 0 0 0 0 0 0 0 0 0 0 0 0 0 0 0 0 0 0 0 0 0 0 0 0 0 0 0 0 0 0 0 0 0 0 0 0 0 0 0 0 0 0 0 0 0 0 0 0 0 0 0 0 0 0 0 0 0 0 0 0 0 0 0 0 0 0 0 0 0 0 0 0 0 0 0 0 0 0 0 0 0 0 0 0 0 0 0 0 0 0 0 0 0 0 0 0 0 0 0 0 0 0 0 0 0 0 0 0 0 0 0 0 0 0 0 0 0 0 0 0 0 0 0 0 0 0 0 0 0 0 0 0 0 0 0 0 0 0 0 0 0 0 0 0 0 0 0 0 0 0 0 0 0 0 0 0 0 0 0 0 0 0 0 0 0 0 0 0 0 0 0 0 0 0 0 0 0 0 0 0 0 0 0 0 0 0 0 0 0 0 0 0 0 0 0 0 0 0 0 0 0 0 0 0 0 0 0 0 0 0 0 0 0 0 0 0 0 0 0 0 0 0 0 0 0 0 0 0 0 0 0 0 0 0 0 0 0 0 0 0 0 0 0 0 0 0 0 0 0 0 0 0 0 0 0 0 0 0 0 0 0 0 0 0 0 0 0 0 0 0 0 0 0 0 0 0 0 0 0 0 0 0 0 0 0 0 0 0 0 0 0 0 0 0 0 0 0 0 0 0 0 0 0 0 0 0 0 0 0 0 0 0 0 0 0 0 0 0 0 0 0 0 0 0 0 0 0 0 0 0 0 0 0 0 0 0 0 0 0 0 0 0 0 0 0 0 0 0 0 0 0 0 0 0 0 0 0 0 0 0 0 0 0 0 0 0 0 0 0 0 0 0 0 0 0 0 0 0 0 0 0 0 0 0 0 0 0 0 0 0 0 0 0 0 0 0 0 0 0 0 0 0 0 0 0 0 0 0 0 0 0 0 0 0 0 0 0 0 0 0 0 0 0 0 0 0 0 0 0 0 0 0 0 0 0 0 0 0 0 0 0 0 0 0 0 0 0 0 0 0 0 0 0 0 0 0 0 0 0 0 0 0 0 0 0 0 0 0 0 0 0 0 0 0 0 0 0 0 0 0 0 0 0 0 0 0 0 0 0 0 0 0 0 0 0 0 0 0 0 0 0 0 0 0 0 0 0 0 0 0 0 0 0 0 0 0 0 0 0 0 0 0 0 0 0 0 0 0 0 0 0 0 0 0 0 0 0 0 0 0 0 0 0 0 0 0 0 0 0 0 0 0 0 0 0 0 0 0 0 0 0 0 0 0 0 0 0 0 0 0 0 0 0 0 0 0 0 0 0 0 0 0 0 0 0 0 0 0 0 0 0 0 0 0 0 0 0 0 0 0 0 0 0 0 0 0 0 0 0 0 0 0 0 0 0 0 0 0 0 0 0 0 0 0 0 0 0 0 0 0 0 0 0 0 0 0 0 0 0 0 0 0 0 0 0 0 0 0 0 0 0 0 0 0 0 0 0 0 0 0 0 0 0 0 0 0 0 0 0 0 0 0 0 0 0 0 0 0 0 0 0 0 0 0 0 0 0 0 0 0 0 0 0 0 0 0 0 0 0 0 0 0 0 0 0 0 0 0 0 0 0 0 0 0 0 0 0 0 0 0 0 0 0 0 0 0 0 0 0 0 0 0 0 0 0 0 0 0 0 0 0 0 0 0 0 0 0 0 0 0 0 0 0 0 0 0 0 0 0 0 0 0 0 0 0 0 0 0 0 0 0 0 0 0 0 0 0 0 0 0 0 0 0 0 0 0 0 0 0 0 0 0 0 0 0 0 0 0 0 0 0 0 0 0 0 0 0 0 0 0 0 0 0 0 0 0 0 0 0 0 0 0 0 0 0 0 0 0 0 0 0 0 0 0 0 0 0 0 0 0 0 0 0 0 0 0 0 0 0 0 0 0 0 0 0 0 0 0 0 0 0 0 0 0 0 0 0 0 0 0 0 0 0 0 0 0 0 0 0 0 0 0 0 0 0 0 0 0 0 0 0 0 0 0 0 0 0 0 0 0 0 0 0 0 0 0 0 0 0 0 0 0 0 0 0 0 0 0 0 0 0 0 0 0 0 0 0 0 0 0 0 0 0 0 0 0 0 0 0 0 0 0 0 0 0 0 0 0 0 0 0 0 0 0 0 0 0 0 0 0 0 0 0 0 0 0 0 0 0 0 0 0 0 0 0 0 0 0 0 0 0 0 0 0 0 0 0 0 0 0 0 0 0 0 0 0 0 0 0 0 0 0 0 0 0 0 0 0 0 0 0 0 0 0 0 0 0 0 0 0 0 0 0 0 0 0 0 0 0 0 0 0 0 0 0 0 0 0 0 0 0 0 0 0 0 0 0 0 0 0 0 0 0 0 0 0 0 0 0 0 0 0 0 0 0 0 0 0 0 0 0 0 0 0 0 0 0 0 0 0 0 0 0 0 0 0 0 0 0 0 0 0 0 0 0 0 0 0 0 0 0 0 0 0 0 0 0 0 0 0 0 0 0 0 0 0 0 0 0 0 0 0 0 0 0 0 0 0 0 0 0 0 0 0 0 0 0 0 0 0 0 0 0 0 0 0 0 0 0 0 0 0 0 0 0 0 0 0 0 0 0 0 0 0 0 0 0 0 0 0 0 0 0 0 0 0 0 0 0 0 0 0 0 0 0 0 0 0 0 0 0 0 0 0 0 0 0 0 0 0 0 0 0 0 0 0 0 0 0 0 0 0 0 0 0 0 0 0 0 0 0 0 0 0 0 0 0 0 0 0 0 0 0 0 0 0 0 0 0 0 0 0 0 0 0 0 0 0 0 0 0 0 0 0 0 0 0 0 0 0 0 0 0 0 0 0 0 0 0 0 0 0 0 0 0 0 0 0 0 0 0 0 0 0 0 0 0 0 0 0 0 0 0 0 0 0 0 0 0 0 0 0 0 0 0 0 0 0 0 0 0 0 0 0 0 0 0 0 0 0 0 0 0 0 0 0 0 0 0 0 0 0 0 0 0 0 0 0 0 0 0 0 0 0 0 0 0 0 0 0 0 0 0 0 0 0 0 0 0 0 0 0 0 0 0 0 0 0 0 0 0 0 0 0 0 0 0 0 0 0 0 0 0 0 0 0 0 0 0 0 0 0 0 0 0 0 0 0 0 0 0 0 0 0 0 0 0 0 0 0 0 0 0 0 0 0 0 0 0 0 0 0 0 0 0 0 0 0 0 0 0 0 0 0 0 0 0 0 0 0 0 0 0 0 0 0 0 0 0 0 0 0 0 0 0 0 0 0 0 0 0 0 0 0 0 0 0 0 0 0 0 0 0 0 0 0 0 0 0 0 0 0 0 0 0 0 0 0 0 0 0 0 0 0 0 0 0 0 0 0 0 0 0 0 0 0 0 0 0 0 0 0 0 0 0 0 0 0 0 0 0 0 0 0 0 0 0 0 0 0 0 0 0 0 0 0 0 0 0 0 0 0 0 0 0 0 0 0 0 0 0 0 0 0 0 0 0 0 0 0 0 0 0 0 0 0 0 0 0 0 0 0 0 0 0 0 0 0 0 0 0 0 0 0 0 0 0 0 0 0 0 0 0 0 0 0 0 0 0 0 0 0 0 0 0 0 0 0 0 0 0 0 0 0 0 0 0 0 0 0 0 0 0 0 0 0 0 0 0 0 0 0 0 0 0 0 0 0 0 0 0 0 0 0 0 0 0 0 0 0 0 0 0 0 0 0 0 0 0 0 0 0 0 0 0 0 0 0 0 0 0 0 0 0 0 0 0 0 0 0 0 0 0 0 0 0 0 0 0 0 0 0 0 0 0 0 0 0 0 0 0 0 0 0 0 0 0 0 0 0 0 0 0 0 0 0 0 0 0 0 0 0 0 0 0 0 0 0 0 0 0 0 0 0 0 0 0 0 0 0 0 0 0 0 0 0 0 0 0 0 0 0 0 0 0 0 0 0 0 0 0 0 0 0 0 0 0 0 0 0 0 0 0 0 0 0 0 0 0 0 0 0 0 0 0 0 0 0 0 0 0 0 0 0 0 0 0 0 0 0 0 0 0 0 0 0 0 0 0 0 0 0 0 0 0 0 0 0 0 0 0 0 0 0 0 0 0 0 0 0 0 0 0 0 0 0 0 0 0 0 0 0 0 0 0 0 0 0 0 0 0 0 0 0 0 0 0 0 0 0 0 0 0 0 0 0 0 0 0 0 0 0 0 0 0 0 0 0 0 0 0 0 0 0 0 0 0 0 0 0 0 0 0 0 0 0 0 0 0 0 0 0 0 0 0 0 0 0 0 0 0 0 0 0 0 0 0 0 0 0 0 0 0 0 0 0 0 0 0 0 0 0 0 0 0 0 0 0 0 0 0 0 0 0 0 0 0 0 0 0 0 0 0 0 0 0 0 0 0 0 0 0 0 0 0 0 0 0 0 0 0 0 0 0 0 0 0 0 0 0 0 0 0 0 0 0 0 0 0 0 0 0 0 0 0 0 0 0 0 0 0 0 0 0 0 0 0 0 0 0 0 0 0 0 0 0 0 0 0 0 0 0 0 0 0 0 0 0 0 0 0 0 0 0 0 0 0 0 0 0 0 0 0 0 0 0 0 0 0 0 0 0 0 0 0 0 0 0 0 0 0 0 0 0 0 0 0 0 0 0 0 0 0 0 0 0 0 0 0 0 0 0 0 0 0 0 0 0 0 0 0 0 0 0 0 0 0 0 0 0 0 0 0 0 0 0 0 0 0 0 0 0 0 0 0 0 0 0 0 0 0 0 0 0 0 0 0 0 0 0 0 0 0 0 0 0 0 0 0 0 0 0 0 0 0 0 0 0 0 0 0 0 0 0 0 0 0 0 0 0 0 0 0 0 0 0 0 0 0 0 0 0 0 0 0 0 0 0 0 0 0 0 0 0 0 0 0 0 0 0 0 0 0 0 0 0 0 0 0 0 0 0 0 0 0 0 0 0 0 0 0 0 0 0 0 0 0 0 0 0 0 0 0 0 0 0 0 0 0 0 0 0 0 0 0 0 0 0 0 0 0 0 0 0 0 0 0 0 0 0 0 0 0 0 0 0 0 0 0 0 0 0 0 0 0 0 0 0 0 0 0 0 0 0 0 0 0 0 0 0 0 0 0 0 0 0 0 0 0 0 0 0 0 0 0 0 0 0 0 0 0 0 0 0 0 0 0 0 0 0 0 0 0 0 0 0 0 0 0 0 0 0 0 0 0 0 0 0 0 0 0 0 0 0 0 0 0 0 0 0 0 0 0 0 0 0 0 0 0 0 0 0 0 0 0 0 0 0 0 0 0 0 0 0 0 0 0 0 0 0 0 0 0 0 0 0 0 0 0 0 0 0 0 0 0 0 0 0 0 0 0 0 0 0 0 0 0 0 0 0 0 0 0 0 0 0 0 0 0 0 0 0 0 0 0 0 0 0 0 0 0 0 0 0 0 0 0 0 0 0 0 0 0 0 0 0 0 0 0 0 0 0 0 0 0 0 0 0 0 0 0 0 0 0 0 0 0 0 0 0 0 0 0 0 0 0 0 0 0 0 0 0 0 0 0 0 0 0 0 0 0 0 0 0 0 0 0 0 0 0 0 0 0 0 0 0 0 0 0 0 0 0 0 0 0 0 0 0 0 0 0 0 0 0 0 0 0 0 0 0 0 0 0 0 0 0 0 0 0 0 0 0 0 0 0 0 0 0 0 0 0 0 0 0 0 0 0 0 0 0 0 0 0 0 0 0 0 0 0 0 0 0 0 0 0 0 0 0 0 0 0 0 0 0 0 0 0 0 0 0 0 0 0 0 0 0 0 0 0 0 0 0 0 0 0 0 0 0 0 0 0 0 0 0 0 0 0 0 0 0 0 0 0 0 0 0 0 0 0 0 0 0 0 0 0 0 0 0 0 0 0 0 0 0 0 0 0 0 0 0 0 0 0 0 0 0 0 0 0 0 0 0 0 0 0 0 0 0 0 0 0 0 0 0 0 0 0 0 0 0 0 0 0 0 0 0 0 0 0 0 0 0 0 0 0 0 0 0 0 0 0 0 0 0 0 0 0 0 0 0 0 0 0 0 0 0 0 0 0 0 0 0 0 0 0 0 0 0 0 0 0 0 0 0 0 0 0 0 0 0 0 0 0 0 0 0 0 0 0 0 0 0 0 0 0 0 0 0 0 0 0 0 0 0 0 0 0 0 0 0 0 0 0 0 0 0 0 0 0 0 0 0 0 0 0 0 0 0 0 0 0 0 0 0 0 0 0 0 0 0 0 0 0 0 0 0 0 0 0 0 0 0 0 0 0 0 0 0 0 0 0 0 0 0 0 0 0 0 0 0 0 0 0 0 0 0 0 0 0 0 0 0 0 0 0 0 0 0 0 0 0 0 0 0 0 0 0 0 0 0 0 0 0 0 0 0 0 0 0 0 0</v>
                </vertex_weights>
            </skin>
        </controller>
        <controller id="green_1_1-controller" name="green_1_1">
            <skin source="#green_1_1-geometry">
                <bind_shape_matrix>1 0 0 0 0 1 0 0 0 0 1 0 0 0 0 1</bind_shape_matrix>
                <source id="green_1_1-joints">
                    <Name_array id="green_1_1-joints-array" count="1">green_1</Name_array>
                    <technique_common>
                        <accessor count="1" offset="0" source="#green_1_1-joints-array" stride="1">
                            <param name="JOINT" type="Name" />
                        </accessor>
                    </technique_common>
                </source>
                <source id="green_1_1-matrices">
                    <float_array id="green_1_1-matrices-array" count="16">1.000001 1E-06 1E-06 1E-06 1E-06 1.000001 1E-06 1E-06 1E-06 1E-06 1.000001 1E-06 1E-06 1E-06 1E-06 1.000001</float_array>
                    <technique_common>
                        <accessor count="1" offset="0" source="#green_1_1-matrices-array" stride="16">
                            <param name="TRANSFORM" type="float4x4" />
                        </accessor>
                    </technique_common>
                </source>
                <source id="green_1_1-weights">
                    <float_array id="green_1_1-weights-array" count="1">1</float_array>
                    <technique_common>
                        <accessor count="1" offset="0" source="#green_1_1-weights-array" stride="1">
                            <param name="WEIGHT" type="float" />
                        </accessor>
                    </technique_common>
                </source>
                <joints>
                    <input semantic="JOINT" source="#green_1_1-joints" />
                    <input semantic="INV_BIND_MATRIX" source="#green_1_1-matrices" />
                </joints>
                <vertex_weights count="540">
                    <input semantic="JOINT" source="#green_1_1-joints" offset="0" set="0" />
                    <input semantic="WEIGHT" source="#green_1_1-weights" offset="1" set="0" />
                    <vcount>1 1 1 1 1 1 1 1 1 1 1 1 1 1 1 1 1 1 1 1 1 1 1 1 1 1 1 1 1 1 1 1 1 1 1 1 1 1 1 1 1 1 1 1 1 1 1 1 1 1 1 1 1 1 1 1 1 1 1 1 1 1 1 1 1 1 1 1 1 1 1 1 1 1 1 1 1 1 1 1 1 1 1 1 1 1 1 1 1 1 1 1 1 1 1 1 1 1 1 1 1 1 1 1 1 1 1 1 1 1 1 1 1 1 1 1 1 1 1 1 1 1 1 1 1 1 1 1 1 1 1 1 1 1 1 1 1 1 1 1 1 1 1 1 1 1 1 1 1 1 1 1 1 1 1 1 1 1 1 1 1 1 1 1 1 1 1 1 1 1 1 1 1 1 1 1 1 1 1 1 1 1 1 1 1 1 1 1 1 1 1 1 1 1 1 1 1 1 1 1 1 1 1 1 1 1 1 1 1 1 1 1 1 1 1 1 1 1 1 1 1 1 1 1 1 1 1 1 1 1 1 1 1 1 1 1 1 1 1 1 1 1 1 1 1 1 1 1 1 1 1 1 1 1 1 1 1 1 1 1 1 1 1 1 1 1 1 1 1 1 1 1 1 1 1 1 1 1 1 1 1 1 1 1 1 1 1 1 1 1 1 1 1 1 1 1 1 1 1 1 1 1 1 1 1 1 1 1 1 1 1 1 1 1 1 1 1 1 1 1 1 1 1 1 1 1 1 1 1 1 1 1 1 1 1 1 1 1 1 1 1 1 1 1 1 1 1 1 1 1 1 1 1 1 1 1 1 1 1 1 1 1 1 1 1 1 1 1 1 1 1 1 1 1 1 1 1 1 1 1 1 1 1 1 1 1 1 1 1 1 1 1 1 1 1 1 1 1 1 1 1 1 1 1 1 1 1 1 1 1 1 1 1 1 1 1 1 1 1 1 1 1 1 1 1 1 1 1 1 1 1 1 1 1 1 1 1 1 1 1 1 1 1 1 1 1 1 1 1 1 1 1 1 1 1 1 1 1 1 1 1 1 1 1 1 1 1 1 1 1 1 1 1 1 1 1 1 1 1 1 1 1 1 1 1 1 1 1 1 1 1 1 1 1 1 1 1 1 1 1 1 1 1 1 1 1 1 1 1 1 1 1 1 1 1 1 1 1 1 1 1 1 1 1 1 1 1 1 1 1 1 1 1 1 1 1 1 1 1 1</vcount>
                    <v>0 0 0 0 0 0 0 0 0 0 0 0 0 0 0 0 0 0 0 0 0 0 0 0 0 0 0 0 0 0 0 0 0 0 0 0 0 0 0 0 0 0 0 0 0 0 0 0 0 0 0 0 0 0 0 0 0 0 0 0 0 0 0 0 0 0 0 0 0 0 0 0 0 0 0 0 0 0 0 0 0 0 0 0 0 0 0 0 0 0 0 0 0 0 0 0 0 0 0 0 0 0 0 0 0 0 0 0 0 0 0 0 0 0 0 0 0 0 0 0 0 0 0 0 0 0 0 0 0 0 0 0 0 0 0 0 0 0 0 0 0 0 0 0 0 0 0 0 0 0 0 0 0 0 0 0 0 0 0 0 0 0 0 0 0 0 0 0 0 0 0 0 0 0 0 0 0 0 0 0 0 0 0 0 0 0 0 0 0 0 0 0 0 0 0 0 0 0 0 0 0 0 0 0 0 0 0 0 0 0 0 0 0 0 0 0 0 0 0 0 0 0 0 0 0 0 0 0 0 0 0 0 0 0 0 0 0 0 0 0 0 0 0 0 0 0 0 0 0 0 0 0 0 0 0 0 0 0 0 0 0 0 0 0 0 0 0 0 0 0 0 0 0 0 0 0 0 0 0 0 0 0 0 0 0 0 0 0 0 0 0 0 0 0 0 0 0 0 0 0 0 0 0 0 0 0 0 0 0 0 0 0 0 0 0 0 0 0 0 0 0 0 0 0 0 0 0 0 0 0 0 0 0 0 0 0 0 0 0 0 0 0 0 0 0 0 0 0 0 0 0 0 0 0 0 0 0 0 0 0 0 0 0 0 0 0 0 0 0 0 0 0 0 0 0 0 0 0 0 0 0 0 0 0 0 0 0 0 0 0 0 0 0 0 0 0 0 0 0 0 0 0 0 0 0 0 0 0 0 0 0 0 0 0 0 0 0 0 0 0 0 0 0 0 0 0 0 0 0 0 0 0 0 0 0 0 0 0 0 0 0 0 0 0 0 0 0 0 0 0 0 0 0 0 0 0 0 0 0 0 0 0 0 0 0 0 0 0 0 0 0 0 0 0 0 0 0 0 0 0 0 0 0 0 0 0 0 0 0 0 0 0 0 0 0 0 0 0 0 0 0 0 0 0 0 0 0 0 0 0 0 0 0 0 0 0 0 0 0 0 0 0 0 0 0 0 0 0 0 0 0 0 0 0 0 0 0 0 0 0 0 0 0 0 0 0 0 0 0 0 0 0 0 0 0 0 0 0 0 0 0 0 0 0 0 0 0 0 0 0 0 0 0 0 0 0 0 0 0 0 0 0 0 0 0 0 0 0 0 0 0 0 0 0 0 0 0 0 0 0 0 0 0 0 0 0 0 0 0 0 0 0 0 0 0 0 0 0 0 0 0 0 0 0 0 0 0 0 0 0 0 0 0 0 0 0 0 0 0 0 0 0 0 0 0 0 0 0 0 0 0 0 0 0 0 0 0 0 0 0 0 0 0 0 0 0 0 0 0 0 0 0 0 0 0 0 0 0 0 0 0 0 0 0 0 0 0 0 0 0 0 0 0 0 0 0 0 0 0 0 0 0 0 0 0 0 0 0 0 0 0 0 0 0 0 0 0 0 0 0 0 0 0 0 0 0 0 0 0 0 0 0 0 0 0 0 0 0 0 0 0 0 0 0 0 0 0 0 0 0 0 0 0 0 0 0 0 0 0 0 0 0 0 0 0 0 0 0 0 0 0 0 0 0 0 0 0 0 0 0 0 0 0 0 0 0 0 0 0 0 0 0 0 0 0 0 0 0 0 0 0 0 0 0 0 0 0 0 0 0 0 0 0 0 0 0 0 0 0 0 0 0 0 0 0 0 0 0 0 0 0 0 0 0 0 0 0 0 0 0 0 0 0 0 0 0 0 0 0 0 0 0 0 0 0 0 0 0 0 0 0 0 0 0 0 0 0 0 0 0 0 0 0 0 0 0 0 0 0 0 0 0 0 0 0 0 0 0 0 0 0 0 0 0 0 0 0 0 0 0 0 0 0 0 0 0 0 0 0 0 0 0 0 0 0 0 0 0 0 0 0 0 0 0 0 0 0 0 0 0 0 0 0 0 0 0 0 0 0 0 0 0 0 0 0 0 0 0 0 0 0 0 0 0 0 0 0 0 0 0 0 0 0 0 0 0 0 0 0 0 0 0 0 0 0 0 0 0 0 0 0 0 0 0 0 0 0 0 0 0 0 0 0 0 0 0 0 0 0 0 0 0 0 0 0 0 0 0 0 0 0 0 0 0 0 0 0 0 0 0 0 0 0 0 0 0 0 0 0 0 0 0 0 0 0 0 0 0 0 0 0 0 0 0 0 0 0 0 0 0 0 0 0 0 0 0 0 0 0 0 0 0 0 0 0 0 0 0 0 0 0 0 0 0 0 0 0 0 0 0</v>
                </vertex_weights>
            </skin>
        </controller>
        <controller id="green_1_2-controller" name="green_1_2">
            <skin source="#green_1_2-geometry">
                <bind_shape_matrix>1 0 0 0 0 1 0 0 0 0 1 0 0 0 0 1</bind_shape_matrix>
                <source id="green_1_2-joints">
                    <Name_array id="green_1_2-joints-array" count="1">green_1</Name_array>
                    <technique_common>
                        <accessor count="1" offset="0" source="#green_1_2-joints-array" stride="1">
                            <param name="JOINT" type="Name" />
                        </accessor>
                    </technique_common>
                </source>
                <source id="green_1_2-matrices">
                    <float_array id="green_1_2-matrices-array" count="16">1.000001 1E-06 1E-06 1E-06 1E-06 1.000001 1E-06 1E-06 1E-06 1E-06 1.000001 1E-06 1E-06 1E-06 1E-06 1.000001</float_array>
                    <technique_common>
                        <accessor count="1" offset="0" source="#green_1_2-matrices-array" stride="16">
                            <param name="TRANSFORM" type="float4x4" />
                        </accessor>
                    </technique_common>
                </source>
                <source id="green_1_2-weights">
                    <float_array id="green_1_2-weights-array" count="1">1</float_array>
                    <technique_common>
                        <accessor count="1" offset="0" source="#green_1_2-weights-array" stride="1">
                            <param name="WEIGHT" type="float" />
                        </accessor>
                    </technique_common>
                </source>
                <joints>
                    <input semantic="JOINT" source="#green_1_2-joints" />
                    <input semantic="INV_BIND_MATRIX" source="#green_1_2-matrices" />
                </joints>
                <vertex_weights count="1836">
                    <input semantic="JOINT" source="#green_1_2-joints" offset="0" set="0" />
                    <input semantic="WEIGHT" source="#green_1_2-weights" offset="1" set="0" />
                    <vcount>1 1 1 1 1 1 1 1 1 1 1 1 1 1 1 1 1 1 1 1 1 1 1 1 1 1 1 1 1 1 1 1 1 1 1 1 1 1 1 1 1 1 1 1 1 1 1 1 1 1 1 1 1 1 1 1 1 1 1 1 1 1 1 1 1 1 1 1 1 1 1 1 1 1 1 1 1 1 1 1 1 1 1 1 1 1 1 1 1 1 1 1 1 1 1 1 1 1 1 1 1 1 1 1 1 1 1 1 1 1 1 1 1 1 1 1 1 1 1 1 1 1 1 1 1 1 1 1 1 1 1 1 1 1 1 1 1 1 1 1 1 1 1 1 1 1 1 1 1 1 1 1 1 1 1 1 1 1 1 1 1 1 1 1 1 1 1 1 1 1 1 1 1 1 1 1 1 1 1 1 1 1 1 1 1 1 1 1 1 1 1 1 1 1 1 1 1 1 1 1 1 1 1 1 1 1 1 1 1 1 1 1 1 1 1 1 1 1 1 1 1 1 1 1 1 1 1 1 1 1 1 1 1 1 1 1 1 1 1 1 1 1 1 1 1 1 1 1 1 1 1 1 1 1 1 1 1 1 1 1 1 1 1 1 1 1 1 1 1 1 1 1 1 1 1 1 1 1 1 1 1 1 1 1 1 1 1 1 1 1 1 1 1 1 1 1 1 1 1 1 1 1 1 1 1 1 1 1 1 1 1 1 1 1 1 1 1 1 1 1 1 1 1 1 1 1 1 1 1 1 1 1 1 1 1 1 1 1 1 1 1 1 1 1 1 1 1 1 1 1 1 1 1 1 1 1 1 1 1 1 1 1 1 1 1 1 1 1 1 1 1 1 1 1 1 1 1 1 1 1 1 1 1 1 1 1 1 1 1 1 1 1 1 1 1 1 1 1 1 1 1 1 1 1 1 1 1 1 1 1 1 1 1 1 1 1 1 1 1 1 1 1 1 1 1 1 1 1 1 1 1 1 1 1 1 1 1 1 1 1 1 1 1 1 1 1 1 1 1 1 1 1 1 1 1 1 1 1 1 1 1 1 1 1 1 1 1 1 1 1 1 1 1 1 1 1 1 1 1 1 1 1 1 1 1 1 1 1 1 1 1 1 1 1 1 1 1 1 1 1 1 1 1 1 1 1 1 1 1 1 1 1 1 1 1 1 1 1 1 1 1 1 1 1 1 1 1 1 1 1 1 1 1 1 1 1 1 1 1 1 1 1 1 1 1 1 1 1 1 1 1 1 1 1 1 1 1 1 1 1 1 1 1 1 1 1 1 1 1 1 1 1 1 1 1 1 1 1 1 1 1 1 1 1 1 1 1 1 1 1 1 1 1 1 1 1 1 1 1 1 1 1 1 1 1 1 1 1 1 1 1 1 1 1 1 1 1 1 1 1 1 1 1 1 1 1 1 1 1 1 1 1 1 1 1 1 1 1 1 1 1 1 1 1 1 1 1 1 1 1 1 1 1 1 1 1 1 1 1 1 1 1 1 1 1 1 1 1 1 1 1 1 1 1 1 1 1 1 1 1 1 1 1 1 1 1 1 1 1 1 1 1 1 1 1 1 1 1 1 1 1 1 1 1 1 1 1 1 1 1 1 1 1 1 1 1 1 1 1 1 1 1 1 1 1 1 1 1 1 1 1 1 1 1 1 1 1 1 1 1 1 1 1 1 1 1 1 1 1 1 1 1 1 1 1 1 1 1 1 1 1 1 1 1 1 1 1 1 1 1 1 1 1 1 1 1 1 1 1 1 1 1 1 1 1 1 1 1 1 1 1 1 1 1 1 1 1 1 1 1 1 1 1 1 1 1 1 1 1 1 1 1 1 1 1 1 1 1 1 1 1 1 1 1 1 1 1 1 1 1 1 1 1 1 1 1 1 1 1 1 1 1 1 1 1 1 1 1 1 1 1 1 1 1 1 1 1 1 1 1 1 1 1 1 1 1 1 1 1 1 1 1 1 1 1 1 1 1 1 1 1 1 1 1 1 1 1 1 1 1 1 1 1 1 1 1 1 1 1 1 1 1 1 1 1 1 1 1 1 1 1 1 1 1 1 1 1 1 1 1 1 1 1 1 1 1 1 1 1 1 1 1 1 1 1 1 1 1 1 1 1 1 1 1 1 1 1 1 1 1 1 1 1 1 1 1 1 1 1 1 1 1 1 1 1 1 1 1 1 1 1 1 1 1 1 1 1 1 1 1 1 1 1 1 1 1 1 1 1 1 1 1 1 1 1 1 1 1 1 1 1 1 1 1 1 1 1 1 1 1 1 1 1 1 1 1 1 1 1 1 1 1 1 1 1 1 1 1 1 1 1 1 1 1 1 1 1 1 1 1 1 1 1 1 1 1 1 1 1 1 1 1 1 1 1 1 1 1 1 1 1 1 1 1 1 1 1 1 1 1 1 1 1 1 1 1 1 1 1 1 1 1 1 1 1 1 1 1 1 1 1 1 1 1 1 1 1 1 1 1 1 1 1 1 1 1 1 1 1 1 1 1 1 1 1 1 1 1 1 1 1 1 1 1 1 1 1 1 1 1 1 1 1 1 1 1 1 1 1 1 1 1 1 1 1 1 1 1 1 1 1 1 1 1 1 1 1 1 1 1 1 1 1 1 1 1 1 1 1 1 1 1 1 1 1 1 1 1 1 1 1 1 1 1 1 1 1 1 1 1 1 1 1 1 1 1 1 1 1 1 1 1 1 1 1 1 1 1 1 1 1 1 1 1 1 1 1 1 1 1 1 1 1 1 1 1 1 1 1 1 1 1 1 1 1 1 1 1 1 1 1 1 1 1 1 1 1 1 1 1 1 1 1 1 1 1 1 1 1 1 1 1 1 1 1 1 1 1 1 1 1 1 1 1 1 1 1 1 1 1 1 1 1 1 1 1 1 1 1 1 1 1 1 1 1 1 1 1 1 1 1 1 1 1 1 1 1 1 1 1 1 1 1 1 1 1 1 1 1 1 1 1 1 1 1 1 1 1 1 1 1 1 1 1 1 1 1 1 1 1 1 1 1 1 1 1 1 1 1 1 1 1 1 1 1 1 1 1 1 1 1 1 1 1 1 1 1 1 1 1 1 1 1 1 1 1 1 1 1 1 1 1 1 1 1 1 1 1 1 1 1 1 1 1 1 1 1 1 1 1 1 1 1 1 1 1 1 1 1 1 1 1 1 1 1 1 1 1 1 1 1 1 1 1 1 1 1 1 1 1 1 1 1 1 1 1 1 1 1 1 1 1 1 1 1 1 1 1 1 1 1 1 1 1 1 1 1 1 1 1 1 1 1 1 1 1 1 1 1 1 1 1 1 1 1 1 1 1 1 1 1 1 1 1 1 1 1 1 1 1 1 1 1 1 1 1 1 1 1 1 1 1 1 1 1 1 1 1 1 1 1 1 1 1 1 1 1 1 1 1 1 1 1 1 1 1 1 1 1 1 1 1 1 1 1 1 1 1 1 1 1 1 1 1 1 1 1 1 1 1 1 1 1 1 1 1 1 1 1 1 1 1 1 1 1 1 1 1 1 1 1 1 1 1 1 1 1 1 1 1 1 1 1 1 1 1 1 1 1 1 1 1 1 1 1 1 1 1 1 1 1 1 1 1 1 1 1 1 1 1 1 1 1 1 1 1 1 1 1 1 1 1 1 1 1 1 1 1 1 1 1 1 1 1 1 1 1 1 1 1 1 1 1 1 1 1 1 1 1 1 1 1 1 1 1 1 1 1 1 1 1 1 1 1 1 1 1 1 1 1 1 1 1 1 1 1 1 1 1 1 1 1 1 1 1 1 1 1 1 1 1 1 1 1 1 1 1 1 1 1 1 1 1 1 1 1 1 1 1 1 1 1 1 1 1 1 1 1 1 1 1 1 1 1 1 1 1 1 1 1 1 1 1 1 1 1 1 1 1 1 1 1 1 1 1 1 1 1 1 1 1 1 1 1 1 1 1 1 1 1 1 1 1 1 1 1 1 1 1 1 1 1 1 1 1 1 1 1 1 1 1 1 1 1 1 1 1 1 1 1 1 1 1 1 1 1 1 1 1 1 1 1 1 1 1 1 1 1 1 1 1 1 1 1 1 1 1 1 1 1 1 1 1 1 1 1 1 1 1 1 1 1 1 1 1 1</vcount>
                    <v>0 0 0 0 0 0 0 0 0 0 0 0 0 0 0 0 0 0 0 0 0 0 0 0 0 0 0 0 0 0 0 0 0 0 0 0 0 0 0 0 0 0 0 0 0 0 0 0 0 0 0 0 0 0 0 0 0 0 0 0 0 0 0 0 0 0 0 0 0 0 0 0 0 0 0 0 0 0 0 0 0 0 0 0 0 0 0 0 0 0 0 0 0 0 0 0 0 0 0 0 0 0 0 0 0 0 0 0 0 0 0 0 0 0 0 0 0 0 0 0 0 0 0 0 0 0 0 0 0 0 0 0 0 0 0 0 0 0 0 0 0 0 0 0 0 0 0 0 0 0 0 0 0 0 0 0 0 0 0 0 0 0 0 0 0 0 0 0 0 0 0 0 0 0 0 0 0 0 0 0 0 0 0 0 0 0 0 0 0 0 0 0 0 0 0 0 0 0 0 0 0 0 0 0 0 0 0 0 0 0 0 0 0 0 0 0 0 0 0 0 0 0 0 0 0 0 0 0 0 0 0 0 0 0 0 0 0 0 0 0 0 0 0 0 0 0 0 0 0 0 0 0 0 0 0 0 0 0 0 0 0 0 0 0 0 0 0 0 0 0 0 0 0 0 0 0 0 0 0 0 0 0 0 0 0 0 0 0 0 0 0 0 0 0 0 0 0 0 0 0 0 0 0 0 0 0 0 0 0 0 0 0 0 0 0 0 0 0 0 0 0 0 0 0 0 0 0 0 0 0 0 0 0 0 0 0 0 0 0 0 0 0 0 0 0 0 0 0 0 0 0 0 0 0 0 0 0 0 0 0 0 0 0 0 0 0 0 0 0 0 0 0 0 0 0 0 0 0 0 0 0 0 0 0 0 0 0 0 0 0 0 0 0 0 0 0 0 0 0 0 0 0 0 0 0 0 0 0 0 0 0 0 0 0 0 0 0 0 0 0 0 0 0 0 0 0 0 0 0 0 0 0 0 0 0 0 0 0 0 0 0 0 0 0 0 0 0 0 0 0 0 0 0 0 0 0 0 0 0 0 0 0 0 0 0 0 0 0 0 0 0 0 0 0 0 0 0 0 0 0 0 0 0 0 0 0 0 0 0 0 0 0 0 0 0 0 0 0 0 0 0 0 0 0 0 0 0 0 0 0 0 0 0 0 0 0 0 0 0 0 0 0 0 0 0 0 0 0 0 0 0 0 0 0 0 0 0 0 0 0 0 0 0 0 0 0 0 0 0 0 0 0 0 0 0 0 0 0 0 0 0 0 0 0 0 0 0 0 0 0 0 0 0 0 0 0 0 0 0 0 0 0 0 0 0 0 0 0 0 0 0 0 0 0 0 0 0 0 0 0 0 0 0 0 0 0 0 0 0 0 0 0 0 0 0 0 0 0 0 0 0 0 0 0 0 0 0 0 0 0 0 0 0 0 0 0 0 0 0 0 0 0 0 0 0 0 0 0 0 0 0 0 0 0 0 0 0 0 0 0 0 0 0 0 0 0 0 0 0 0 0 0 0 0 0 0 0 0 0 0 0 0 0 0 0 0 0 0 0 0 0 0 0 0 0 0 0 0 0 0 0 0 0 0 0 0 0 0 0 0 0 0 0 0 0 0 0 0 0 0 0 0 0 0 0 0 0 0 0 0 0 0 0 0 0 0 0 0 0 0 0 0 0 0 0 0 0 0 0 0 0 0 0 0 0 0 0 0 0 0 0 0 0 0 0 0 0 0 0 0 0 0 0 0 0 0 0 0 0 0 0 0 0 0 0 0 0 0 0 0 0 0 0 0 0 0 0 0 0 0 0 0 0 0 0 0 0 0 0 0 0 0 0 0 0 0 0 0 0 0 0 0 0 0 0 0 0 0 0 0 0 0 0 0 0 0 0 0 0 0 0 0 0 0 0 0 0 0 0 0 0 0 0 0 0 0 0 0 0 0 0 0 0 0 0 0 0 0 0 0 0 0 0 0 0 0 0 0 0 0 0 0 0 0 0 0 0 0 0 0 0 0 0 0 0 0 0 0 0 0 0 0 0 0 0 0 0 0 0 0 0 0 0 0 0 0 0 0 0 0 0 0 0 0 0 0 0 0 0 0 0 0 0 0 0 0 0 0 0 0 0 0 0 0 0 0 0 0 0 0 0 0 0 0 0 0 0 0 0 0 0 0 0 0 0 0 0 0 0 0 0 0 0 0 0 0 0 0 0 0 0 0 0 0 0 0 0 0 0 0 0 0 0 0 0 0 0 0 0 0 0 0 0 0 0 0 0 0 0 0 0 0 0 0 0 0 0 0 0 0 0 0 0 0 0 0 0 0 0 0 0 0 0 0 0 0 0 0 0 0 0 0 0 0 0 0 0 0 0 0 0 0 0 0 0 0 0 0 0 0 0 0 0 0 0 0 0 0 0 0 0 0 0 0 0 0 0 0 0 0 0 0 0 0 0 0 0 0 0 0 0 0 0 0 0 0 0 0 0 0 0 0 0 0 0 0 0 0 0 0 0 0 0 0 0 0 0 0 0 0 0 0 0 0 0 0 0 0 0 0 0 0 0 0 0 0 0 0 0 0 0 0 0 0 0 0 0 0 0 0 0 0 0 0 0 0 0 0 0 0 0 0 0 0 0 0 0 0 0 0 0 0 0 0 0 0 0 0 0 0 0 0 0 0 0 0 0 0 0 0 0 0 0 0 0 0 0 0 0 0 0 0 0 0 0 0 0 0 0 0 0 0 0 0 0 0 0 0 0 0 0 0 0 0 0 0 0 0 0 0 0 0 0 0 0 0 0 0 0 0 0 0 0 0 0 0 0 0 0 0 0 0 0 0 0 0 0 0 0 0 0 0 0 0 0 0 0 0 0 0 0 0 0 0 0 0 0 0 0 0 0 0 0 0 0 0 0 0 0 0 0 0 0 0 0 0 0 0 0 0 0 0 0 0 0 0 0 0 0 0 0 0 0 0 0 0 0 0 0 0 0 0 0 0 0 0 0 0 0 0 0 0 0 0 0 0 0 0 0 0 0 0 0 0 0 0 0 0 0 0 0 0 0 0 0 0 0 0 0 0 0 0 0 0 0 0 0 0 0 0 0 0 0 0 0 0 0 0 0 0 0 0 0 0 0 0 0 0 0 0 0 0 0 0 0 0 0 0 0 0 0 0 0 0 0 0 0 0 0 0 0 0 0 0 0 0 0 0 0 0 0 0 0 0 0 0 0 0 0 0 0 0 0 0 0 0 0 0 0 0 0 0 0 0 0 0 0 0 0 0 0 0 0 0 0 0 0 0 0 0 0 0 0 0 0 0 0 0 0 0 0 0 0 0 0 0 0 0 0 0 0 0 0 0 0 0 0 0 0 0 0 0 0 0 0 0 0 0 0 0 0 0 0 0 0 0 0 0 0 0 0 0 0 0 0 0 0 0 0 0 0 0 0 0 0 0 0 0 0 0 0 0 0 0 0 0 0 0 0 0 0 0 0 0 0 0 0 0 0 0 0 0 0 0 0 0 0 0 0 0 0 0 0 0 0 0 0 0 0 0 0 0 0 0 0 0 0 0 0 0 0 0 0 0 0 0 0 0 0 0 0 0 0 0 0 0 0 0 0 0 0 0 0 0 0 0 0 0 0 0 0 0 0 0 0 0 0 0 0 0 0 0 0 0 0 0 0 0 0 0 0 0 0 0 0 0 0 0 0 0 0 0 0 0 0 0 0 0 0 0 0 0 0 0 0 0 0 0 0 0 0 0 0 0 0 0 0 0 0 0 0 0 0 0 0 0 0 0 0 0 0 0 0 0 0 0 0 0 0 0 0 0 0 0 0 0 0 0 0 0 0 0 0 0 0 0 0 0 0 0 0 0 0 0 0 0 0 0 0 0 0 0 0 0 0 0 0 0 0 0 0 0 0 0 0 0 0 0 0 0 0 0 0 0 0 0 0 0 0 0 0 0 0 0 0 0 0 0 0 0 0 0 0 0 0 0 0 0 0 0 0 0 0 0 0 0 0 0 0 0 0 0 0 0 0 0 0 0 0 0 0 0 0 0 0 0 0 0 0 0 0 0 0 0 0 0 0 0 0 0 0 0 0 0 0 0 0 0 0 0 0 0 0 0 0 0 0 0 0 0 0 0 0 0 0 0 0 0 0 0 0 0 0 0 0 0 0 0 0 0 0 0 0 0 0 0 0 0 0 0 0 0 0 0 0 0 0 0 0 0 0 0 0 0 0 0 0 0 0 0 0 0 0 0 0 0 0 0 0 0 0 0 0 0 0 0 0 0 0 0 0 0 0 0 0 0 0 0 0 0 0 0 0 0 0 0 0 0 0 0 0 0 0 0 0 0 0 0 0 0 0 0 0 0 0 0 0 0 0 0 0 0 0 0 0 0 0 0 0 0 0 0 0 0 0 0 0 0 0 0 0 0 0 0 0 0 0 0 0 0 0 0 0 0 0 0 0 0 0 0 0 0 0 0 0 0 0 0 0 0 0 0 0 0 0 0 0 0 0 0 0 0 0 0 0 0 0 0 0 0 0 0 0 0 0 0 0 0 0 0 0 0 0 0 0 0 0 0 0 0 0 0 0 0 0 0 0 0 0 0 0 0 0 0 0 0 0 0 0 0 0 0 0 0 0 0 0 0 0 0 0 0 0 0 0 0 0 0 0 0 0 0 0 0 0 0 0 0 0 0 0 0 0 0 0 0 0 0 0 0 0 0 0 0 0 0 0 0 0 0 0 0 0 0 0 0 0 0 0 0 0 0 0 0 0 0 0 0 0 0 0 0 0 0 0 0 0 0 0 0 0 0 0 0 0 0 0 0 0 0 0 0 0 0 0 0 0 0 0 0 0 0 0 0 0 0 0 0 0 0 0 0 0 0 0 0 0 0 0 0 0 0 0 0 0 0 0 0 0 0 0 0 0 0 0 0 0 0 0 0 0 0 0 0 0 0 0 0 0 0 0 0 0 0 0 0 0 0 0 0 0 0 0 0 0 0 0 0 0 0 0 0 0 0 0 0 0 0 0 0 0 0 0 0 0 0 0 0 0 0 0 0 0 0 0 0 0 0 0 0 0 0 0 0 0 0 0 0 0 0 0 0 0 0 0 0 0 0 0 0 0 0 0 0 0 0 0 0 0 0 0 0 0 0 0 0 0 0 0 0 0 0 0 0 0 0 0 0 0 0 0 0 0 0 0 0 0 0 0 0 0 0 0 0 0 0 0 0 0 0 0 0 0 0 0 0 0 0 0 0 0 0 0 0 0 0 0 0 0 0 0 0 0 0 0 0 0 0 0 0 0 0 0 0 0 0 0 0 0 0 0 0 0 0 0 0 0 0 0 0 0 0 0 0 0 0 0 0 0 0 0 0 0 0 0 0 0 0 0 0 0 0 0 0 0 0 0 0 0 0 0 0 0 0 0 0 0 0 0 0 0 0 0 0 0 0 0 0 0 0 0 0 0 0 0 0 0 0 0 0 0 0 0 0 0 0 0 0 0 0 0 0 0 0 0 0 0 0 0 0 0 0 0 0 0 0 0 0 0 0 0 0 0 0 0 0 0 0 0 0 0 0 0 0 0 0 0 0 0 0 0 0 0 0 0 0 0 0 0 0 0 0 0 0 0 0 0 0 0 0 0 0 0 0 0 0 0 0 0 0 0 0 0 0 0 0 0 0 0 0 0 0 0 0 0 0 0 0 0 0 0 0 0 0 0 0 0 0 0 0 0 0 0 0 0 0 0 0 0 0 0 0 0 0 0 0 0 0 0 0 0 0 0 0 0 0 0 0 0 0 0 0 0 0 0 0 0 0 0 0 0 0 0 0 0 0 0 0 0 0 0 0 0 0 0 0 0 0 0 0 0 0 0 0 0 0 0 0 0 0 0 0 0 0 0 0 0 0 0 0 0 0 0 0 0 0 0 0 0 0 0 0 0 0 0 0 0 0 0 0 0 0 0 0 0 0 0 0 0 0 0 0 0 0 0 0 0 0 0 0 0 0 0 0 0 0 0 0 0 0 0 0 0 0 0 0 0 0 0 0 0 0 0 0 0 0 0 0 0 0 0 0 0 0 0 0 0 0 0 0 0 0 0 0 0 0 0 0 0 0 0 0 0 0 0 0 0 0 0 0 0 0 0 0 0 0 0 0 0 0 0 0 0 0 0 0 0 0 0 0 0 0 0 0 0 0 0 0 0 0 0 0 0 0 0 0 0 0 0 0 0 0 0 0 0 0 0 0 0 0 0 0 0 0 0 0 0 0 0 0 0 0 0 0 0 0 0 0 0 0 0 0 0 0 0 0 0 0 0 0 0 0 0 0 0 0 0 0 0 0 0 0 0 0 0 0 0 0 0 0 0 0 0 0 0 0 0 0 0 0 0 0 0 0 0 0 0 0 0 0 0 0 0 0 0 0 0 0 0 0 0 0 0 0 0 0 0 0 0 0 0 0 0 0 0 0 0 0 0 0 0 0 0 0 0 0 0 0 0 0 0 0 0 0 0 0 0 0 0 0 0 0 0 0 0 0 0 0 0 0 0 0 0 0 0 0 0 0 0 0 0 0 0 0 0 0 0 0 0 0 0 0 0 0 0 0 0 0 0 0 0 0 0 0 0 0 0 0 0 0 0 0 0 0 0 0 0 0 0 0 0 0 0 0 0 0 0 0 0 0 0 0 0 0 0 0 0 0 0 0 0 0 0 0 0 0 0 0 0 0 0 0 0 0 0 0 0 0 0 0 0 0 0 0 0 0 0 0 0 0 0 0 0 0 0 0 0 0 0 0 0 0 0 0 0 0 0 0 0 0 0 0 0 0 0 0 0 0 0 0 0 0 0 0 0 0 0 0 0 0 0 0 0 0 0 0 0 0 0 0 0 0 0 0 0 0 0 0 0 0 0 0 0 0 0 0 0 0 0 0 0 0 0 0 0 0 0 0 0 0 0 0 0 0 0 0 0 0 0 0 0 0 0 0 0 0 0 0 0 0 0 0 0 0 0 0 0 0 0 0 0 0 0 0 0 0 0 0 0 0 0 0 0 0 0 0 0 0 0 0 0 0 0 0 0 0 0 0 0 0 0 0 0 0 0 0 0 0 0 0 0 0 0 0 0 0 0 0 0 0 0 0 0 0 0 0 0 0 0 0 0 0 0 0 0 0 0 0 0 0 0 0 0 0 0 0 0 0 0 0 0 0 0 0 0 0 0 0 0 0 0 0 0 0 0 0 0 0 0 0 0 0 0 0 0 0 0 0 0 0 0 0 0 0 0 0 0 0 0 0 0 0 0 0 0 0 0 0 0 0 0 0 0 0 0 0 0 0 0 0 0 0 0 0 0 0 0 0 0 0 0 0 0 0 0 0 0 0 0 0 0 0 0 0 0 0 0 0 0 0 0 0 0 0 0 0 0 0 0 0 0 0 0 0 0 0 0 0 0 0 0 0 0 0 0 0 0 0 0 0 0 0 0 0 0 0 0 0 0 0 0 0 0 0 0 0 0 0 0 0 0 0 0 0 0 0 0 0 0 0 0 0 0 0 0 0 0 0 0 0 0 0 0 0 0 0 0 0 0 0 0 0 0 0 0 0 0 0 0 0 0 0 0 0 0 0 0 0 0 0 0 0 0 0 0 0 0 0 0 0 0 0 0 0 0 0 0 0 0 0 0 0 0 0 0 0 0 0 0 0 0 0 0 0 0 0 0 0 0 0 0 0 0 0 0 0 0 0 0 0 0 0 0 0 0 0 0 0 0 0 0 0 0 0 0 0 0 0 0 0 0 0 0 0 0 0 0 0 0 0 0 0 0 0 0 0 0 0 0 0 0 0 0 0 0 0 0 0 0 0 0 0 0 0 0 0 0 0 0 0 0 0 0 0 0 0 0 0 0 0 0 0 0 0 0 0 0 0 0 0 0 0 0 0 0 0 0 0 0 0 0 0 0 0 0 0 0 0 0 0 0 0 0 0 0 0 0 0 0 0 0 0 0 0 0 0 0 0 0 0 0 0 0 0 0 0 0 0 0 0 0 0 0 0 0 0 0 0 0 0 0 0 0 0 0 0 0 0 0 0 0 0 0 0 0 0 0 0 0 0 0 0 0 0 0 0 0 0 0 0 0 0 0 0 0 0 0 0 0 0 0 0 0 0 0 0 0 0 0 0 0 0 0 0 0 0 0 0 0 0 0 0 0 0 0 0 0 0 0 0 0 0 0 0 0 0 0 0 0 0 0 0 0 0 0 0 0 0 0 0 0 0 0 0 0 0 0 0 0 0 0 0</v>
                </vertex_weights>
            </skin>
        </controller>
        <controller id="green_2_0-controller" name="green_2_0">
            <skin source="#green_2_0-geometry">
                <bind_shape_matrix>1 0 0 0 0 1 0 0 0 0 1 0 0 0 0 1</bind_shape_matrix>
                <source id="green_2_0-joints">
                    <Name_array id="green_2_0-joints-array" count="1">green_2</Name_array>
                    <technique_common>
                        <accessor count="1" offset="0" source="#green_2_0-joints-array" stride="1">
                            <param name="JOINT" type="Name" />
                        </accessor>
                    </technique_common>
                </source>
                <source id="green_2_0-matrices">
                    <float_array id="green_2_0-matrices-array" count="16">1.000001 1E-06 1E-06 1E-06 1E-06 1.000001 1E-06 1E-06 1E-06 1E-06 1.000001 1E-06 1E-06 1E-06 1E-06 1.000001</float_array>
                    <technique_common>
                        <accessor count="1" offset="0" source="#green_2_0-matrices-array" stride="16">
                            <param name="TRANSFORM" type="float4x4" />
                        </accessor>
                    </technique_common>
                </source>
                <source id="green_2_0-weights">
                    <float_array id="green_2_0-weights-array" count="1">1</float_array>
                    <technique_common>
                        <accessor count="1" offset="0" source="#green_2_0-weights-array" stride="1">
                            <param name="WEIGHT" type="float" />
                        </accessor>
                    </technique_common>
                </source>
                <joints>
                    <input semantic="JOINT" source="#green_2_0-joints" />
                    <input semantic="INV_BIND_MATRIX" source="#green_2_0-matrices" />
                </joints>
                <vertex_weights count="1590">
                    <input semantic="JOINT" source="#green_2_0-joints" offset="0" set="0" />
                    <input semantic="WEIGHT" source="#green_2_0-weights" offset="1" set="0" />
                    <vcount>1 1 1 1 1 1 1 1 1 1 1 1 1 1 1 1 1 1 1 1 1 1 1 1 1 1 1 1 1 1 1 1 1 1 1 1 1 1 1 1 1 1 1 1 1 1 1 1 1 1 1 1 1 1 1 1 1 1 1 1 1 1 1 1 1 1 1 1 1 1 1 1 1 1 1 1 1 1 1 1 1 1 1 1 1 1 1 1 1 1 1 1 1 1 1 1 1 1 1 1 1 1 1 1 1 1 1 1 1 1 1 1 1 1 1 1 1 1 1 1 1 1 1 1 1 1 1 1 1 1 1 1 1 1 1 1 1 1 1 1 1 1 1 1 1 1 1 1 1 1 1 1 1 1 1 1 1 1 1 1 1 1 1 1 1 1 1 1 1 1 1 1 1 1 1 1 1 1 1 1 1 1 1 1 1 1 1 1 1 1 1 1 1 1 1 1 1 1 1 1 1 1 1 1 1 1 1 1 1 1 1 1 1 1 1 1 1 1 1 1 1 1 1 1 1 1 1 1 1 1 1 1 1 1 1 1 1 1 1 1 1 1 1 1 1 1 1 1 1 1 1 1 1 1 1 1 1 1 1 1 1 1 1 1 1 1 1 1 1 1 1 1 1 1 1 1 1 1 1 1 1 1 1 1 1 1 1 1 1 1 1 1 1 1 1 1 1 1 1 1 1 1 1 1 1 1 1 1 1 1 1 1 1 1 1 1 1 1 1 1 1 1 1 1 1 1 1 1 1 1 1 1 1 1 1 1 1 1 1 1 1 1 1 1 1 1 1 1 1 1 1 1 1 1 1 1 1 1 1 1 1 1 1 1 1 1 1 1 1 1 1 1 1 1 1 1 1 1 1 1 1 1 1 1 1 1 1 1 1 1 1 1 1 1 1 1 1 1 1 1 1 1 1 1 1 1 1 1 1 1 1 1 1 1 1 1 1 1 1 1 1 1 1 1 1 1 1 1 1 1 1 1 1 1 1 1 1 1 1 1 1 1 1 1 1 1 1 1 1 1 1 1 1 1 1 1 1 1 1 1 1 1 1 1 1 1 1 1 1 1 1 1 1 1 1 1 1 1 1 1 1 1 1 1 1 1 1 1 1 1 1 1 1 1 1 1 1 1 1 1 1 1 1 1 1 1 1 1 1 1 1 1 1 1 1 1 1 1 1 1 1 1 1 1 1 1 1 1 1 1 1 1 1 1 1 1 1 1 1 1 1 1 1 1 1 1 1 1 1 1 1 1 1 1 1 1 1 1 1 1 1 1 1 1 1 1 1 1 1 1 1 1 1 1 1 1 1 1 1 1 1 1 1 1 1 1 1 1 1 1 1 1 1 1 1 1 1 1 1 1 1 1 1 1 1 1 1 1 1 1 1 1 1 1 1 1 1 1 1 1 1 1 1 1 1 1 1 1 1 1 1 1 1 1 1 1 1 1 1 1 1 1 1 1 1 1 1 1 1 1 1 1 1 1 1 1 1 1 1 1 1 1 1 1 1 1 1 1 1 1 1 1 1 1 1 1 1 1 1 1 1 1 1 1 1 1 1 1 1 1 1 1 1 1 1 1 1 1 1 1 1 1 1 1 1 1 1 1 1 1 1 1 1 1 1 1 1 1 1 1 1 1 1 1 1 1 1 1 1 1 1 1 1 1 1 1 1 1 1 1 1 1 1 1 1 1 1 1 1 1 1 1 1 1 1 1 1 1 1 1 1 1 1 1 1 1 1 1 1 1 1 1 1 1 1 1 1 1 1 1 1 1 1 1 1 1 1 1 1 1 1 1 1 1 1 1 1 1 1 1 1 1 1 1 1 1 1 1 1 1 1 1 1 1 1 1 1 1 1 1 1 1 1 1 1 1 1 1 1 1 1 1 1 1 1 1 1 1 1 1 1 1 1 1 1 1 1 1 1 1 1 1 1 1 1 1 1 1 1 1 1 1 1 1 1 1 1 1 1 1 1 1 1 1 1 1 1 1 1 1 1 1 1 1 1 1 1 1 1 1 1 1 1 1 1 1 1 1 1 1 1 1 1 1 1 1 1 1 1 1 1 1 1 1 1 1 1 1 1 1 1 1 1 1 1 1 1 1 1 1 1 1 1 1 1 1 1 1 1 1 1 1 1 1 1 1 1 1 1 1 1 1 1 1 1 1 1 1 1 1 1 1 1 1 1 1 1 1 1 1 1 1 1 1 1 1 1 1 1 1 1 1 1 1 1 1 1 1 1 1 1 1 1 1 1 1 1 1 1 1 1 1 1 1 1 1 1 1 1 1 1 1 1 1 1 1 1 1 1 1 1 1 1 1 1 1 1 1 1 1 1 1 1 1 1 1 1 1 1 1 1 1 1 1 1 1 1 1 1 1 1 1 1 1 1 1 1 1 1 1 1 1 1 1 1 1 1 1 1 1 1 1 1 1 1 1 1 1 1 1 1 1 1 1 1 1 1 1 1 1 1 1 1 1 1 1 1 1 1 1 1 1 1 1 1 1 1 1 1 1 1 1 1 1 1 1 1 1 1 1 1 1 1 1 1 1 1 1 1 1 1 1 1 1 1 1 1 1 1 1 1 1 1 1 1 1 1 1 1 1 1 1 1 1 1 1 1 1 1 1 1 1 1 1 1 1 1 1 1 1 1 1 1 1 1 1 1 1 1 1 1 1 1 1 1 1 1 1 1 1 1 1 1 1 1 1 1 1 1 1 1 1 1 1 1 1 1 1 1 1 1 1 1 1 1 1 1 1 1 1 1 1 1 1 1 1 1 1 1 1 1 1 1 1 1 1 1 1 1 1 1 1 1 1 1 1 1 1 1 1 1 1 1 1 1 1 1 1 1 1 1 1 1 1 1 1 1 1 1 1 1 1 1 1 1 1 1 1 1 1 1 1 1 1 1 1 1 1 1 1 1 1 1 1 1 1 1 1 1 1 1 1 1 1 1 1 1 1 1 1 1 1 1 1 1 1 1 1 1 1 1 1 1 1 1 1 1 1 1 1 1 1 1 1 1 1 1 1 1 1 1 1 1 1 1 1 1 1 1 1 1 1 1 1 1 1 1 1 1 1 1 1 1 1 1 1 1 1 1 1 1 1 1 1 1 1 1 1 1 1 1 1 1 1 1 1 1 1 1 1 1 1 1 1 1 1 1 1 1 1 1 1 1 1 1 1 1 1 1 1 1 1 1 1 1 1 1 1 1 1 1 1 1 1 1 1 1 1 1 1 1 1 1 1 1 1 1 1 1 1 1 1 1 1 1 1 1 1 1 1 1 1 1 1 1 1 1 1 1 1 1 1 1 1 1 1 1 1 1 1 1 1 1 1 1 1 1 1 1 1 1 1 1 1 1 1 1 1 1 1 1 1 1 1 1 1 1 1 1 1 1 1 1 1 1 1 1 1 1 1 1 1 1 1 1 1 1 1 1 1 1 1 1 1 1 1 1 1 1 1 1 1 1 1 1 1 1 1 1 1 1 1 1 1 1 1 1 1 1 1 1 1 1 1 1 1 1 1 1 1 1 1 1 1 1 1 1 1 1 1 1 1 1 1 1 1 1 1 1 1 1 1 1 1 1 1 1 1 1 1</vcount>
                    <v>0 0 0 0 0 0 0 0 0 0 0 0 0 0 0 0 0 0 0 0 0 0 0 0 0 0 0 0 0 0 0 0 0 0 0 0 0 0 0 0 0 0 0 0 0 0 0 0 0 0 0 0 0 0 0 0 0 0 0 0 0 0 0 0 0 0 0 0 0 0 0 0 0 0 0 0 0 0 0 0 0 0 0 0 0 0 0 0 0 0 0 0 0 0 0 0 0 0 0 0 0 0 0 0 0 0 0 0 0 0 0 0 0 0 0 0 0 0 0 0 0 0 0 0 0 0 0 0 0 0 0 0 0 0 0 0 0 0 0 0 0 0 0 0 0 0 0 0 0 0 0 0 0 0 0 0 0 0 0 0 0 0 0 0 0 0 0 0 0 0 0 0 0 0 0 0 0 0 0 0 0 0 0 0 0 0 0 0 0 0 0 0 0 0 0 0 0 0 0 0 0 0 0 0 0 0 0 0 0 0 0 0 0 0 0 0 0 0 0 0 0 0 0 0 0 0 0 0 0 0 0 0 0 0 0 0 0 0 0 0 0 0 0 0 0 0 0 0 0 0 0 0 0 0 0 0 0 0 0 0 0 0 0 0 0 0 0 0 0 0 0 0 0 0 0 0 0 0 0 0 0 0 0 0 0 0 0 0 0 0 0 0 0 0 0 0 0 0 0 0 0 0 0 0 0 0 0 0 0 0 0 0 0 0 0 0 0 0 0 0 0 0 0 0 0 0 0 0 0 0 0 0 0 0 0 0 0 0 0 0 0 0 0 0 0 0 0 0 0 0 0 0 0 0 0 0 0 0 0 0 0 0 0 0 0 0 0 0 0 0 0 0 0 0 0 0 0 0 0 0 0 0 0 0 0 0 0 0 0 0 0 0 0 0 0 0 0 0 0 0 0 0 0 0 0 0 0 0 0 0 0 0 0 0 0 0 0 0 0 0 0 0 0 0 0 0 0 0 0 0 0 0 0 0 0 0 0 0 0 0 0 0 0 0 0 0 0 0 0 0 0 0 0 0 0 0 0 0 0 0 0 0 0 0 0 0 0 0 0 0 0 0 0 0 0 0 0 0 0 0 0 0 0 0 0 0 0 0 0 0 0 0 0 0 0 0 0 0 0 0 0 0 0 0 0 0 0 0 0 0 0 0 0 0 0 0 0 0 0 0 0 0 0 0 0 0 0 0 0 0 0 0 0 0 0 0 0 0 0 0 0 0 0 0 0 0 0 0 0 0 0 0 0 0 0 0 0 0 0 0 0 0 0 0 0 0 0 0 0 0 0 0 0 0 0 0 0 0 0 0 0 0 0 0 0 0 0 0 0 0 0 0 0 0 0 0 0 0 0 0 0 0 0 0 0 0 0 0 0 0 0 0 0 0 0 0 0 0 0 0 0 0 0 0 0 0 0 0 0 0 0 0 0 0 0 0 0 0 0 0 0 0 0 0 0 0 0 0 0 0 0 0 0 0 0 0 0 0 0 0 0 0 0 0 0 0 0 0 0 0 0 0 0 0 0 0 0 0 0 0 0 0 0 0 0 0 0 0 0 0 0 0 0 0 0 0 0 0 0 0 0 0 0 0 0 0 0 0 0 0 0 0 0 0 0 0 0 0 0 0 0 0 0 0 0 0 0 0 0 0 0 0 0 0 0 0 0 0 0 0 0 0 0 0 0 0 0 0 0 0 0 0 0 0 0 0 0 0 0 0 0 0 0 0 0 0 0 0 0 0 0 0 0 0 0 0 0 0 0 0 0 0 0 0 0 0 0 0 0 0 0 0 0 0 0 0 0 0 0 0 0 0 0 0 0 0 0 0 0 0 0 0 0 0 0 0 0 0 0 0 0 0 0 0 0 0 0 0 0 0 0 0 0 0 0 0 0 0 0 0 0 0 0 0 0 0 0 0 0 0 0 0 0 0 0 0 0 0 0 0 0 0 0 0 0 0 0 0 0 0 0 0 0 0 0 0 0 0 0 0 0 0 0 0 0 0 0 0 0 0 0 0 0 0 0 0 0 0 0 0 0 0 0 0 0 0 0 0 0 0 0 0 0 0 0 0 0 0 0 0 0 0 0 0 0 0 0 0 0 0 0 0 0 0 0 0 0 0 0 0 0 0 0 0 0 0 0 0 0 0 0 0 0 0 0 0 0 0 0 0 0 0 0 0 0 0 0 0 0 0 0 0 0 0 0 0 0 0 0 0 0 0 0 0 0 0 0 0 0 0 0 0 0 0 0 0 0 0 0 0 0 0 0 0 0 0 0 0 0 0 0 0 0 0 0 0 0 0 0 0 0 0 0 0 0 0 0 0 0 0 0 0 0 0 0 0 0 0 0 0 0 0 0 0 0 0 0 0 0 0 0 0 0 0 0 0 0 0 0 0 0 0 0 0 0 0 0 0 0 0 0 0 0 0 0 0 0 0 0 0 0 0 0 0 0 0 0 0 0 0 0 0 0 0 0 0 0 0 0 0 0 0 0 0 0 0 0 0 0 0 0 0 0 0 0 0 0 0 0 0 0 0 0 0 0 0 0 0 0 0 0 0 0 0 0 0 0 0 0 0 0 0 0 0 0 0 0 0 0 0 0 0 0 0 0 0 0 0 0 0 0 0 0 0 0 0 0 0 0 0 0 0 0 0 0 0 0 0 0 0 0 0 0 0 0 0 0 0 0 0 0 0 0 0 0 0 0 0 0 0 0 0 0 0 0 0 0 0 0 0 0 0 0 0 0 0 0 0 0 0 0 0 0 0 0 0 0 0 0 0 0 0 0 0 0 0 0 0 0 0 0 0 0 0 0 0 0 0 0 0 0 0 0 0 0 0 0 0 0 0 0 0 0 0 0 0 0 0 0 0 0 0 0 0 0 0 0 0 0 0 0 0 0 0 0 0 0 0 0 0 0 0 0 0 0 0 0 0 0 0 0 0 0 0 0 0 0 0 0 0 0 0 0 0 0 0 0 0 0 0 0 0 0 0 0 0 0 0 0 0 0 0 0 0 0 0 0 0 0 0 0 0 0 0 0 0 0 0 0 0 0 0 0 0 0 0 0 0 0 0 0 0 0 0 0 0 0 0 0 0 0 0 0 0 0 0 0 0 0 0 0 0 0 0 0 0 0 0 0 0 0 0 0 0 0 0 0 0 0 0 0 0 0 0 0 0 0 0 0 0 0 0 0 0 0 0 0 0 0 0 0 0 0 0 0 0 0 0 0 0 0 0 0 0 0 0 0 0 0 0 0 0 0 0 0 0 0 0 0 0 0 0 0 0 0 0 0 0 0 0 0 0 0 0 0 0 0 0 0 0 0 0 0 0 0 0 0 0 0 0 0 0 0 0 0 0 0 0 0 0 0 0 0 0 0 0 0 0 0 0 0 0 0 0 0 0 0 0 0 0 0 0 0 0 0 0 0 0 0 0 0 0 0 0 0 0 0 0 0 0 0 0 0 0 0 0 0 0 0 0 0 0 0 0 0 0 0 0 0 0 0 0 0 0 0 0 0 0 0 0 0 0 0 0 0 0 0 0 0 0 0 0 0 0 0 0 0 0 0 0 0 0 0 0 0 0 0 0 0 0 0 0 0 0 0 0 0 0 0 0 0 0 0 0 0 0 0 0 0 0 0 0 0 0 0 0 0 0 0 0 0 0 0 0 0 0 0 0 0 0 0 0 0 0 0 0 0 0 0 0 0 0 0 0 0 0 0 0 0 0 0 0 0 0 0 0 0 0 0 0 0 0 0 0 0 0 0 0 0 0 0 0 0 0 0 0 0 0 0 0 0 0 0 0 0 0 0 0 0 0 0 0 0 0 0 0 0 0 0 0 0 0 0 0 0 0 0 0 0 0 0 0 0 0 0 0 0 0 0 0 0 0 0 0 0 0 0 0 0 0 0 0 0 0 0 0 0 0 0 0 0 0 0 0 0 0 0 0 0 0 0 0 0 0 0 0 0 0 0 0 0 0 0 0 0 0 0 0 0 0 0 0 0 0 0 0 0 0 0 0 0 0 0 0 0 0 0 0 0 0 0 0 0 0 0 0 0 0 0 0 0 0 0 0 0 0 0 0 0 0 0 0 0 0 0 0 0 0 0 0 0 0 0 0 0 0 0 0 0 0 0 0 0 0 0 0 0 0 0 0 0 0 0 0 0 0 0 0 0 0 0 0 0 0 0 0 0 0 0 0 0 0 0 0 0 0 0 0 0 0 0 0 0 0 0 0 0 0 0 0 0 0 0 0 0 0 0 0 0 0 0 0 0 0 0 0 0 0 0 0 0 0 0 0 0 0 0 0 0 0 0 0 0 0 0 0 0 0 0 0 0 0 0 0 0 0 0 0 0 0 0 0 0 0 0 0 0 0 0 0 0 0 0 0 0 0 0 0 0 0 0 0 0 0 0 0 0 0 0 0 0 0 0 0 0 0 0 0 0 0 0 0 0 0 0 0 0 0 0 0 0 0 0 0 0 0 0 0 0 0 0 0 0 0 0 0 0 0 0 0 0 0 0 0 0 0 0 0 0 0 0 0 0 0 0 0 0 0 0 0 0 0 0 0 0 0 0 0 0 0 0 0 0 0 0 0 0 0 0 0 0 0 0 0 0 0 0 0 0 0 0 0 0 0 0 0 0 0 0 0 0 0 0 0 0 0 0 0 0 0 0 0 0 0 0 0 0 0 0 0 0 0 0 0 0 0 0 0 0 0 0 0 0 0 0 0 0 0 0 0 0 0 0 0 0 0 0 0 0 0 0 0 0 0 0 0 0 0 0 0 0 0 0 0 0 0 0 0 0 0 0 0 0 0 0 0 0 0 0 0 0 0 0 0 0 0 0 0 0 0 0 0 0 0 0 0 0 0 0 0 0 0 0 0 0 0 0 0 0 0 0 0 0 0 0 0 0 0 0 0 0 0 0 0 0 0 0 0 0 0 0 0 0 0 0 0 0 0 0 0 0 0 0 0 0 0 0 0 0 0 0 0 0 0 0 0 0 0 0 0 0 0 0 0 0 0 0 0 0 0 0 0 0 0 0 0 0 0 0 0 0 0 0 0 0 0 0 0 0 0 0 0 0 0 0 0 0 0 0 0 0 0 0 0 0 0 0 0 0 0 0 0 0 0 0 0 0 0 0 0 0 0 0 0 0 0 0 0 0 0 0 0 0 0 0 0 0 0 0 0 0 0 0 0 0 0 0 0 0 0 0 0 0 0 0 0 0 0 0 0 0 0 0 0 0 0 0 0 0 0 0 0 0 0 0 0 0 0 0 0 0 0 0 0 0 0 0 0 0 0 0 0 0 0 0 0 0 0 0 0 0 0 0 0 0 0 0 0 0 0 0 0 0 0 0 0 0 0 0 0 0 0 0 0 0 0 0 0 0 0 0 0 0 0 0 0 0 0 0 0 0 0 0 0 0 0 0 0 0 0 0 0 0 0 0 0 0 0 0 0 0 0 0 0 0 0 0 0 0 0 0 0 0 0 0 0 0 0 0 0 0 0 0 0 0 0 0 0 0 0 0 0 0 0 0 0 0 0 0 0 0 0 0 0 0 0 0 0 0 0 0 0 0 0 0 0 0 0 0 0 0 0 0 0 0 0 0 0 0 0 0 0 0 0 0 0 0 0 0 0 0 0 0 0 0 0 0 0 0 0 0 0 0 0 0 0 0 0 0 0 0 0 0 0 0 0 0 0 0 0 0 0 0 0 0 0 0 0 0 0 0 0 0 0 0 0 0 0 0 0 0 0 0 0 0 0 0 0 0 0 0 0 0 0 0 0 0 0 0 0 0 0 0 0 0 0 0 0 0 0 0 0 0 0 0 0 0 0 0 0 0 0 0 0 0 0 0 0 0 0 0 0 0 0 0 0 0 0 0 0 0 0 0 0 0 0 0 0 0 0 0 0 0 0 0 0 0 0 0 0 0 0 0 0 0 0 0 0 0 0 0 0 0 0 0 0 0 0 0 0 0 0 0 0 0 0 0 0 0 0 0 0 0 0 0 0 0 0 0 0 0 0 0 0 0 0 0 0 0 0 0 0 0 0 0 0 0 0 0 0 0 0 0 0 0 0 0 0 0 0 0 0 0 0 0 0 0 0 0 0 0 0 0 0 0 0 0 0 0 0 0 0 0 0 0 0 0 0 0 0 0 0 0 0 0 0 0 0 0 0 0 0 0 0 0 0 0 0 0 0 0 0 0 0 0 0 0 0 0 0 0 0 0 0 0 0 0 0 0 0 0 0 0 0 0 0 0 0 0 0 0 0 0 0 0 0 0 0 0 0 0 0 0 0 0 0 0 0 0 0 0 0 0 0 0 0 0 0 0 0 0 0 0 0 0 0 0 0 0 0 0 0 0 0 0 0 0 0 0 0 0 0 0 0 0 0 0 0 0 0 0 0 0 0 0 0 0 0 0 0 0 0 0 0 0 0 0 0 0 0 0 0 0 0 0 0 0 0 0 0 0 0 0 0 0 0 0 0 0 0 0 0 0 0 0 0 0 0 0 0 0 0 0 0 0 0 0 0 0 0 0 0 0 0 0 0 0 0 0 0 0 0 0 0 0 0 0 0 0 0 0 0 0 0 0 0 0 0 0 0 0 0 0 0 0 0 0 0 0 0 0 0 0 0 0 0 0 0 0 0 0 0 0 0 0 0 0 0 0 0 0 0 0 0 0 0 0 0 0 0 0 0 0 0 0 0 0 0 0 0 0 0 0 0 0 0 0 0 0 0 0 0 0 0 0 0 0 0 0 0 0 0 0 0 0 0 0 0 0 0 0 0 0 0 0 0 0 0 0 0 0 0 0 0 0 0 0 0 0 0 0 0 0 0 0 0 0 0 0 0 0 0 0 0 0 0 0 0 0 0 0 0 0 0 0 0 0 0 0 0 0 0 0 0 0 0 0 0 0 0 0 0 0 0 0 0 0 0 0 0 0 0 0 0 0 0 0 0 0 0 0 0 0 0 0 0 0 0 0 0 0 0 0 0 0 0 0 0 0 0 0 0 0 0 0 0 0 0 0 0 0 0 0 0 0 0 0 0 0 0 0 0 0 0 0 0 0 0 0 0 0 0 0 0 0 0 0 0 0 0 0 0 0 0 0 0 0 0 0 0 0 0 0 0 0 0 0 0 0 0 0 0 0 0 0 0 0 0 0 0</v>
                </vertex_weights>
            </skin>
        </controller>
        <controller id="green_2_1-controller" name="green_2_1">
            <skin source="#green_2_1-geometry">
                <bind_shape_matrix>1 0 0 0 0 1 0 0 0 0 1 0 0 0 0 1</bind_shape_matrix>
                <source id="green_2_1-joints">
                    <Name_array id="green_2_1-joints-array" count="1">green_2</Name_array>
                    <technique_common>
                        <accessor count="1" offset="0" source="#green_2_1-joints-array" stride="1">
                            <param name="JOINT" type="Name" />
                        </accessor>
                    </technique_common>
                </source>
                <source id="green_2_1-matrices">
                    <float_array id="green_2_1-matrices-array" count="16">1.000001 1E-06 1E-06 1E-06 1E-06 1.000001 1E-06 1E-06 1E-06 1E-06 1.000001 1E-06 1E-06 1E-06 1E-06 1.000001</float_array>
                    <technique_common>
                        <accessor count="1" offset="0" source="#green_2_1-matrices-array" stride="16">
                            <param name="TRANSFORM" type="float4x4" />
                        </accessor>
                    </technique_common>
                </source>
                <source id="green_2_1-weights">
                    <float_array id="green_2_1-weights-array" count="1">1</float_array>
                    <technique_common>
                        <accessor count="1" offset="0" source="#green_2_1-weights-array" stride="1">
                            <param name="WEIGHT" type="float" />
                        </accessor>
                    </technique_common>
                </source>
                <joints>
                    <input semantic="JOINT" source="#green_2_1-joints" />
                    <input semantic="INV_BIND_MATRIX" source="#green_2_1-matrices" />
                </joints>
                <vertex_weights count="540">
                    <input semantic="JOINT" source="#green_2_1-joints" offset="0" set="0" />
                    <input semantic="WEIGHT" source="#green_2_1-weights" offset="1" set="0" />
                    <vcount>1 1 1 1 1 1 1 1 1 1 1 1 1 1 1 1 1 1 1 1 1 1 1 1 1 1 1 1 1 1 1 1 1 1 1 1 1 1 1 1 1 1 1 1 1 1 1 1 1 1 1 1 1 1 1 1 1 1 1 1 1 1 1 1 1 1 1 1 1 1 1 1 1 1 1 1 1 1 1 1 1 1 1 1 1 1 1 1 1 1 1 1 1 1 1 1 1 1 1 1 1 1 1 1 1 1 1 1 1 1 1 1 1 1 1 1 1 1 1 1 1 1 1 1 1 1 1 1 1 1 1 1 1 1 1 1 1 1 1 1 1 1 1 1 1 1 1 1 1 1 1 1 1 1 1 1 1 1 1 1 1 1 1 1 1 1 1 1 1 1 1 1 1 1 1 1 1 1 1 1 1 1 1 1 1 1 1 1 1 1 1 1 1 1 1 1 1 1 1 1 1 1 1 1 1 1 1 1 1 1 1 1 1 1 1 1 1 1 1 1 1 1 1 1 1 1 1 1 1 1 1 1 1 1 1 1 1 1 1 1 1 1 1 1 1 1 1 1 1 1 1 1 1 1 1 1 1 1 1 1 1 1 1 1 1 1 1 1 1 1 1 1 1 1 1 1 1 1 1 1 1 1 1 1 1 1 1 1 1 1 1 1 1 1 1 1 1 1 1 1 1 1 1 1 1 1 1 1 1 1 1 1 1 1 1 1 1 1 1 1 1 1 1 1 1 1 1 1 1 1 1 1 1 1 1 1 1 1 1 1 1 1 1 1 1 1 1 1 1 1 1 1 1 1 1 1 1 1 1 1 1 1 1 1 1 1 1 1 1 1 1 1 1 1 1 1 1 1 1 1 1 1 1 1 1 1 1 1 1 1 1 1 1 1 1 1 1 1 1 1 1 1 1 1 1 1 1 1 1 1 1 1 1 1 1 1 1 1 1 1 1 1 1 1 1 1 1 1 1 1 1 1 1 1 1 1 1 1 1 1 1 1 1 1 1 1 1 1 1 1 1 1 1 1 1 1 1 1 1 1 1 1 1 1 1 1 1 1 1 1 1 1 1 1 1 1 1 1 1 1 1 1 1 1 1 1 1 1 1 1 1 1 1 1 1 1 1 1 1 1 1 1 1 1 1 1 1 1 1 1 1 1 1 1 1 1 1 1 1 1 1 1 1 1 1 1 1 1 1 1 1 1 1 1 1 1 1 1 1 1</vcount>
                    <v>0 0 0 0 0 0 0 0 0 0 0 0 0 0 0 0 0 0 0 0 0 0 0 0 0 0 0 0 0 0 0 0 0 0 0 0 0 0 0 0 0 0 0 0 0 0 0 0 0 0 0 0 0 0 0 0 0 0 0 0 0 0 0 0 0 0 0 0 0 0 0 0 0 0 0 0 0 0 0 0 0 0 0 0 0 0 0 0 0 0 0 0 0 0 0 0 0 0 0 0 0 0 0 0 0 0 0 0 0 0 0 0 0 0 0 0 0 0 0 0 0 0 0 0 0 0 0 0 0 0 0 0 0 0 0 0 0 0 0 0 0 0 0 0 0 0 0 0 0 0 0 0 0 0 0 0 0 0 0 0 0 0 0 0 0 0 0 0 0 0 0 0 0 0 0 0 0 0 0 0 0 0 0 0 0 0 0 0 0 0 0 0 0 0 0 0 0 0 0 0 0 0 0 0 0 0 0 0 0 0 0 0 0 0 0 0 0 0 0 0 0 0 0 0 0 0 0 0 0 0 0 0 0 0 0 0 0 0 0 0 0 0 0 0 0 0 0 0 0 0 0 0 0 0 0 0 0 0 0 0 0 0 0 0 0 0 0 0 0 0 0 0 0 0 0 0 0 0 0 0 0 0 0 0 0 0 0 0 0 0 0 0 0 0 0 0 0 0 0 0 0 0 0 0 0 0 0 0 0 0 0 0 0 0 0 0 0 0 0 0 0 0 0 0 0 0 0 0 0 0 0 0 0 0 0 0 0 0 0 0 0 0 0 0 0 0 0 0 0 0 0 0 0 0 0 0 0 0 0 0 0 0 0 0 0 0 0 0 0 0 0 0 0 0 0 0 0 0 0 0 0 0 0 0 0 0 0 0 0 0 0 0 0 0 0 0 0 0 0 0 0 0 0 0 0 0 0 0 0 0 0 0 0 0 0 0 0 0 0 0 0 0 0 0 0 0 0 0 0 0 0 0 0 0 0 0 0 0 0 0 0 0 0 0 0 0 0 0 0 0 0 0 0 0 0 0 0 0 0 0 0 0 0 0 0 0 0 0 0 0 0 0 0 0 0 0 0 0 0 0 0 0 0 0 0 0 0 0 0 0 0 0 0 0 0 0 0 0 0 0 0 0 0 0 0 0 0 0 0 0 0 0 0 0 0 0 0 0 0 0 0 0 0 0 0 0 0 0 0 0 0 0 0 0 0 0 0 0 0 0 0 0 0 0 0 0 0 0 0 0 0 0 0 0 0 0 0 0 0 0 0 0 0 0 0 0 0 0 0 0 0 0 0 0 0 0 0 0 0 0 0 0 0 0 0 0 0 0 0 0 0 0 0 0 0 0 0 0 0 0 0 0 0 0 0 0 0 0 0 0 0 0 0 0 0 0 0 0 0 0 0 0 0 0 0 0 0 0 0 0 0 0 0 0 0 0 0 0 0 0 0 0 0 0 0 0 0 0 0 0 0 0 0 0 0 0 0 0 0 0 0 0 0 0 0 0 0 0 0 0 0 0 0 0 0 0 0 0 0 0 0 0 0 0 0 0 0 0 0 0 0 0 0 0 0 0 0 0 0 0 0 0 0 0 0 0 0 0 0 0 0 0 0 0 0 0 0 0 0 0 0 0 0 0 0 0 0 0 0 0 0 0 0 0 0 0 0 0 0 0 0 0 0 0 0 0 0 0 0 0 0 0 0 0 0 0 0 0 0 0 0 0 0 0 0 0 0 0 0 0 0 0 0 0 0 0 0 0 0 0 0 0 0 0 0 0 0 0 0 0 0 0 0 0 0 0 0 0 0 0 0 0 0 0 0 0 0 0 0 0 0 0 0 0 0 0 0 0 0 0 0 0 0 0 0 0 0 0 0 0 0 0 0 0 0 0 0 0 0 0 0 0 0 0 0 0 0 0 0 0 0 0 0 0 0 0 0 0 0 0 0 0 0 0 0 0 0 0 0 0 0 0 0 0 0 0 0 0 0 0 0 0 0 0 0 0 0 0 0 0 0 0 0 0 0 0 0 0 0 0 0 0 0 0 0 0 0 0 0 0 0 0 0 0 0 0 0 0 0 0 0 0 0 0 0 0 0 0 0 0 0 0 0 0 0 0 0 0 0 0 0 0 0 0 0 0 0 0 0 0 0 0 0 0 0 0 0 0 0 0 0 0 0 0 0 0 0 0 0 0 0 0 0 0 0 0 0 0 0 0 0 0 0 0 0 0 0 0 0 0 0 0 0 0 0 0 0 0 0 0 0 0 0 0 0 0 0 0 0 0 0 0 0 0 0 0 0 0 0 0 0 0 0 0 0 0 0 0 0 0 0 0 0 0 0 0 0 0 0 0 0 0 0 0 0 0 0 0 0 0 0 0 0 0 0 0 0 0 0 0 0 0 0 0 0 0 0 0 0 0 0 0 0 0 0 0 0 0 0 0</v>
                </vertex_weights>
            </skin>
        </controller>
        <controller id="green_2_2-controller" name="green_2_2">
            <skin source="#green_2_2-geometry">
                <bind_shape_matrix>1 0 0 0 0 1 0 0 0 0 1 0 0 0 0 1</bind_shape_matrix>
                <source id="green_2_2-joints">
                    <Name_array id="green_2_2-joints-array" count="1">green_2</Name_array>
                    <technique_common>
                        <accessor count="1" offset="0" source="#green_2_2-joints-array" stride="1">
                            <param name="JOINT" type="Name" />
                        </accessor>
                    </technique_common>
                </source>
                <source id="green_2_2-matrices">
                    <float_array id="green_2_2-matrices-array" count="16">1.000001 1E-06 1E-06 1E-06 1E-06 1.000001 1E-06 1E-06 1E-06 1E-06 1.000001 1E-06 1E-06 1E-06 1E-06 1.000001</float_array>
                    <technique_common>
                        <accessor count="1" offset="0" source="#green_2_2-matrices-array" stride="16">
                            <param name="TRANSFORM" type="float4x4" />
                        </accessor>
                    </technique_common>
                </source>
                <source id="green_2_2-weights">
                    <float_array id="green_2_2-weights-array" count="1">1</float_array>
                    <technique_common>
                        <accessor count="1" offset="0" source="#green_2_2-weights-array" stride="1">
                            <param name="WEIGHT" type="float" />
                        </accessor>
                    </technique_common>
                </source>
                <joints>
                    <input semantic="JOINT" source="#green_2_2-joints" />
                    <input semantic="INV_BIND_MATRIX" source="#green_2_2-matrices" />
                </joints>
                <vertex_weights count="1836">
                    <input semantic="JOINT" source="#green_2_2-joints" offset="0" set="0" />
                    <input semantic="WEIGHT" source="#green_2_2-weights" offset="1" set="0" />
                    <vcount>1 1 1 1 1 1 1 1 1 1 1 1 1 1 1 1 1 1 1 1 1 1 1 1 1 1 1 1 1 1 1 1 1 1 1 1 1 1 1 1 1 1 1 1 1 1 1 1 1 1 1 1 1 1 1 1 1 1 1 1 1 1 1 1 1 1 1 1 1 1 1 1 1 1 1 1 1 1 1 1 1 1 1 1 1 1 1 1 1 1 1 1 1 1 1 1 1 1 1 1 1 1 1 1 1 1 1 1 1 1 1 1 1 1 1 1 1 1 1 1 1 1 1 1 1 1 1 1 1 1 1 1 1 1 1 1 1 1 1 1 1 1 1 1 1 1 1 1 1 1 1 1 1 1 1 1 1 1 1 1 1 1 1 1 1 1 1 1 1 1 1 1 1 1 1 1 1 1 1 1 1 1 1 1 1 1 1 1 1 1 1 1 1 1 1 1 1 1 1 1 1 1 1 1 1 1 1 1 1 1 1 1 1 1 1 1 1 1 1 1 1 1 1 1 1 1 1 1 1 1 1 1 1 1 1 1 1 1 1 1 1 1 1 1 1 1 1 1 1 1 1 1 1 1 1 1 1 1 1 1 1 1 1 1 1 1 1 1 1 1 1 1 1 1 1 1 1 1 1 1 1 1 1 1 1 1 1 1 1 1 1 1 1 1 1 1 1 1 1 1 1 1 1 1 1 1 1 1 1 1 1 1 1 1 1 1 1 1 1 1 1 1 1 1 1 1 1 1 1 1 1 1 1 1 1 1 1 1 1 1 1 1 1 1 1 1 1 1 1 1 1 1 1 1 1 1 1 1 1 1 1 1 1 1 1 1 1 1 1 1 1 1 1 1 1 1 1 1 1 1 1 1 1 1 1 1 1 1 1 1 1 1 1 1 1 1 1 1 1 1 1 1 1 1 1 1 1 1 1 1 1 1 1 1 1 1 1 1 1 1 1 1 1 1 1 1 1 1 1 1 1 1 1 1 1 1 1 1 1 1 1 1 1 1 1 1 1 1 1 1 1 1 1 1 1 1 1 1 1 1 1 1 1 1 1 1 1 1 1 1 1 1 1 1 1 1 1 1 1 1 1 1 1 1 1 1 1 1 1 1 1 1 1 1 1 1 1 1 1 1 1 1 1 1 1 1 1 1 1 1 1 1 1 1 1 1 1 1 1 1 1 1 1 1 1 1 1 1 1 1 1 1 1 1 1 1 1 1 1 1 1 1 1 1 1 1 1 1 1 1 1 1 1 1 1 1 1 1 1 1 1 1 1 1 1 1 1 1 1 1 1 1 1 1 1 1 1 1 1 1 1 1 1 1 1 1 1 1 1 1 1 1 1 1 1 1 1 1 1 1 1 1 1 1 1 1 1 1 1 1 1 1 1 1 1 1 1 1 1 1 1 1 1 1 1 1 1 1 1 1 1 1 1 1 1 1 1 1 1 1 1 1 1 1 1 1 1 1 1 1 1 1 1 1 1 1 1 1 1 1 1 1 1 1 1 1 1 1 1 1 1 1 1 1 1 1 1 1 1 1 1 1 1 1 1 1 1 1 1 1 1 1 1 1 1 1 1 1 1 1 1 1 1 1 1 1 1 1 1 1 1 1 1 1 1 1 1 1 1 1 1 1 1 1 1 1 1 1 1 1 1 1 1 1 1 1 1 1 1 1 1 1 1 1 1 1 1 1 1 1 1 1 1 1 1 1 1 1 1 1 1 1 1 1 1 1 1 1 1 1 1 1 1 1 1 1 1 1 1 1 1 1 1 1 1 1 1 1 1 1 1 1 1 1 1 1 1 1 1 1 1 1 1 1 1 1 1 1 1 1 1 1 1 1 1 1 1 1 1 1 1 1 1 1 1 1 1 1 1 1 1 1 1 1 1 1 1 1 1 1 1 1 1 1 1 1 1 1 1 1 1 1 1 1 1 1 1 1 1 1 1 1 1 1 1 1 1 1 1 1 1 1 1 1 1 1 1 1 1 1 1 1 1 1 1 1 1 1 1 1 1 1 1 1 1 1 1 1 1 1 1 1 1 1 1 1 1 1 1 1 1 1 1 1 1 1 1 1 1 1 1 1 1 1 1 1 1 1 1 1 1 1 1 1 1 1 1 1 1 1 1 1 1 1 1 1 1 1 1 1 1 1 1 1 1 1 1 1 1 1 1 1 1 1 1 1 1 1 1 1 1 1 1 1 1 1 1 1 1 1 1 1 1 1 1 1 1 1 1 1 1 1 1 1 1 1 1 1 1 1 1 1 1 1 1 1 1 1 1 1 1 1 1 1 1 1 1 1 1 1 1 1 1 1 1 1 1 1 1 1 1 1 1 1 1 1 1 1 1 1 1 1 1 1 1 1 1 1 1 1 1 1 1 1 1 1 1 1 1 1 1 1 1 1 1 1 1 1 1 1 1 1 1 1 1 1 1 1 1 1 1 1 1 1 1 1 1 1 1 1 1 1 1 1 1 1 1 1 1 1 1 1 1 1 1 1 1 1 1 1 1 1 1 1 1 1 1 1 1 1 1 1 1 1 1 1 1 1 1 1 1 1 1 1 1 1 1 1 1 1 1 1 1 1 1 1 1 1 1 1 1 1 1 1 1 1 1 1 1 1 1 1 1 1 1 1 1 1 1 1 1 1 1 1 1 1 1 1 1 1 1 1 1 1 1 1 1 1 1 1 1 1 1 1 1 1 1 1 1 1 1 1 1 1 1 1 1 1 1 1 1 1 1 1 1 1 1 1 1 1 1 1 1 1 1 1 1 1 1 1 1 1 1 1 1 1 1 1 1 1 1 1 1 1 1 1 1 1 1 1 1 1 1 1 1 1 1 1 1 1 1 1 1 1 1 1 1 1 1 1 1 1 1 1 1 1 1 1 1 1 1 1 1 1 1 1 1 1 1 1 1 1 1 1 1 1 1 1 1 1 1 1 1 1 1 1 1 1 1 1 1 1 1 1 1 1 1 1 1 1 1 1 1 1 1 1 1 1 1 1 1 1 1 1 1 1 1 1 1 1 1 1 1 1 1 1 1 1 1 1 1 1 1 1 1 1 1 1 1 1 1 1 1 1 1 1 1 1 1 1 1 1 1 1 1 1 1 1 1 1 1 1 1 1 1 1 1 1 1 1 1 1 1 1 1 1 1 1 1 1 1 1 1 1 1 1 1 1 1 1 1 1 1 1 1 1 1 1 1 1 1 1 1 1 1 1 1 1 1 1 1 1 1 1 1 1 1 1 1 1 1 1 1 1 1 1 1 1 1 1 1 1 1 1 1 1 1 1 1 1 1 1 1 1 1 1 1 1 1 1 1 1 1 1 1 1 1 1 1 1 1 1 1 1 1 1 1 1 1 1 1 1 1 1 1 1 1 1 1 1 1 1 1 1 1 1 1 1 1 1 1 1 1 1 1 1 1 1 1 1 1 1 1 1 1 1 1 1 1 1 1 1 1 1 1 1 1 1 1 1 1 1 1 1 1 1 1 1 1 1 1 1 1 1 1 1 1 1 1 1 1 1 1 1 1 1 1 1 1 1 1 1 1 1 1 1 1 1 1 1 1 1 1 1 1 1 1 1 1 1 1 1 1 1 1 1 1 1 1 1 1 1 1 1 1 1 1 1 1 1 1 1 1 1 1 1 1 1 1 1 1 1 1 1 1 1 1 1 1 1 1 1 1 1 1 1 1 1 1 1 1 1 1 1 1 1 1 1 1 1 1 1 1 1 1 1 1 1 1 1 1 1 1 1 1 1 1 1 1 1 1 1 1 1 1 1 1 1 1 1 1 1 1 1 1 1 1 1 1 1 1 1 1 1 1 1 1 1 1 1 1 1 1 1 1 1 1 1 1 1 1 1 1 1 1 1 1 1 1 1 1 1 1 1 1 1 1 1 1 1 1 1 1 1 1 1 1 1 1 1 1 1 1 1 1 1 1 1 1 1 1 1 1 1 1 1 1 1 1 1 1 1 1 1 1 1 1 1 1 1 1 1 1 1 1 1 1 1 1 1 1 1 1 1 1 1 1 1 1 1 1 1 1 1 1 1 1 1 1 1 1 1 1 1 1 1 1 1 1 1 1 1 1 1 1 1 1 1 1 1 1 1 1 1 1 1 1 1 1 1 1 1 1 1 1 1</vcount>
                    <v>0 0 0 0 0 0 0 0 0 0 0 0 0 0 0 0 0 0 0 0 0 0 0 0 0 0 0 0 0 0 0 0 0 0 0 0 0 0 0 0 0 0 0 0 0 0 0 0 0 0 0 0 0 0 0 0 0 0 0 0 0 0 0 0 0 0 0 0 0 0 0 0 0 0 0 0 0 0 0 0 0 0 0 0 0 0 0 0 0 0 0 0 0 0 0 0 0 0 0 0 0 0 0 0 0 0 0 0 0 0 0 0 0 0 0 0 0 0 0 0 0 0 0 0 0 0 0 0 0 0 0 0 0 0 0 0 0 0 0 0 0 0 0 0 0 0 0 0 0 0 0 0 0 0 0 0 0 0 0 0 0 0 0 0 0 0 0 0 0 0 0 0 0 0 0 0 0 0 0 0 0 0 0 0 0 0 0 0 0 0 0 0 0 0 0 0 0 0 0 0 0 0 0 0 0 0 0 0 0 0 0 0 0 0 0 0 0 0 0 0 0 0 0 0 0 0 0 0 0 0 0 0 0 0 0 0 0 0 0 0 0 0 0 0 0 0 0 0 0 0 0 0 0 0 0 0 0 0 0 0 0 0 0 0 0 0 0 0 0 0 0 0 0 0 0 0 0 0 0 0 0 0 0 0 0 0 0 0 0 0 0 0 0 0 0 0 0 0 0 0 0 0 0 0 0 0 0 0 0 0 0 0 0 0 0 0 0 0 0 0 0 0 0 0 0 0 0 0 0 0 0 0 0 0 0 0 0 0 0 0 0 0 0 0 0 0 0 0 0 0 0 0 0 0 0 0 0 0 0 0 0 0 0 0 0 0 0 0 0 0 0 0 0 0 0 0 0 0 0 0 0 0 0 0 0 0 0 0 0 0 0 0 0 0 0 0 0 0 0 0 0 0 0 0 0 0 0 0 0 0 0 0 0 0 0 0 0 0 0 0 0 0 0 0 0 0 0 0 0 0 0 0 0 0 0 0 0 0 0 0 0 0 0 0 0 0 0 0 0 0 0 0 0 0 0 0 0 0 0 0 0 0 0 0 0 0 0 0 0 0 0 0 0 0 0 0 0 0 0 0 0 0 0 0 0 0 0 0 0 0 0 0 0 0 0 0 0 0 0 0 0 0 0 0 0 0 0 0 0 0 0 0 0 0 0 0 0 0 0 0 0 0 0 0 0 0 0 0 0 0 0 0 0 0 0 0 0 0 0 0 0 0 0 0 0 0 0 0 0 0 0 0 0 0 0 0 0 0 0 0 0 0 0 0 0 0 0 0 0 0 0 0 0 0 0 0 0 0 0 0 0 0 0 0 0 0 0 0 0 0 0 0 0 0 0 0 0 0 0 0 0 0 0 0 0 0 0 0 0 0 0 0 0 0 0 0 0 0 0 0 0 0 0 0 0 0 0 0 0 0 0 0 0 0 0 0 0 0 0 0 0 0 0 0 0 0 0 0 0 0 0 0 0 0 0 0 0 0 0 0 0 0 0 0 0 0 0 0 0 0 0 0 0 0 0 0 0 0 0 0 0 0 0 0 0 0 0 0 0 0 0 0 0 0 0 0 0 0 0 0 0 0 0 0 0 0 0 0 0 0 0 0 0 0 0 0 0 0 0 0 0 0 0 0 0 0 0 0 0 0 0 0 0 0 0 0 0 0 0 0 0 0 0 0 0 0 0 0 0 0 0 0 0 0 0 0 0 0 0 0 0 0 0 0 0 0 0 0 0 0 0 0 0 0 0 0 0 0 0 0 0 0 0 0 0 0 0 0 0 0 0 0 0 0 0 0 0 0 0 0 0 0 0 0 0 0 0 0 0 0 0 0 0 0 0 0 0 0 0 0 0 0 0 0 0 0 0 0 0 0 0 0 0 0 0 0 0 0 0 0 0 0 0 0 0 0 0 0 0 0 0 0 0 0 0 0 0 0 0 0 0 0 0 0 0 0 0 0 0 0 0 0 0 0 0 0 0 0 0 0 0 0 0 0 0 0 0 0 0 0 0 0 0 0 0 0 0 0 0 0 0 0 0 0 0 0 0 0 0 0 0 0 0 0 0 0 0 0 0 0 0 0 0 0 0 0 0 0 0 0 0 0 0 0 0 0 0 0 0 0 0 0 0 0 0 0 0 0 0 0 0 0 0 0 0 0 0 0 0 0 0 0 0 0 0 0 0 0 0 0 0 0 0 0 0 0 0 0 0 0 0 0 0 0 0 0 0 0 0 0 0 0 0 0 0 0 0 0 0 0 0 0 0 0 0 0 0 0 0 0 0 0 0 0 0 0 0 0 0 0 0 0 0 0 0 0 0 0 0 0 0 0 0 0 0 0 0 0 0 0 0 0 0 0 0 0 0 0 0 0 0 0 0 0 0 0 0 0 0 0 0 0 0 0 0 0 0 0 0 0 0 0 0 0 0 0 0 0 0 0 0 0 0 0 0 0 0 0 0 0 0 0 0 0 0 0 0 0 0 0 0 0 0 0 0 0 0 0 0 0 0 0 0 0 0 0 0 0 0 0 0 0 0 0 0 0 0 0 0 0 0 0 0 0 0 0 0 0 0 0 0 0 0 0 0 0 0 0 0 0 0 0 0 0 0 0 0 0 0 0 0 0 0 0 0 0 0 0 0 0 0 0 0 0 0 0 0 0 0 0 0 0 0 0 0 0 0 0 0 0 0 0 0 0 0 0 0 0 0 0 0 0 0 0 0 0 0 0 0 0 0 0 0 0 0 0 0 0 0 0 0 0 0 0 0 0 0 0 0 0 0 0 0 0 0 0 0 0 0 0 0 0 0 0 0 0 0 0 0 0 0 0 0 0 0 0 0 0 0 0 0 0 0 0 0 0 0 0 0 0 0 0 0 0 0 0 0 0 0 0 0 0 0 0 0 0 0 0 0 0 0 0 0 0 0 0 0 0 0 0 0 0 0 0 0 0 0 0 0 0 0 0 0 0 0 0 0 0 0 0 0 0 0 0 0 0 0 0 0 0 0 0 0 0 0 0 0 0 0 0 0 0 0 0 0 0 0 0 0 0 0 0 0 0 0 0 0 0 0 0 0 0 0 0 0 0 0 0 0 0 0 0 0 0 0 0 0 0 0 0 0 0 0 0 0 0 0 0 0 0 0 0 0 0 0 0 0 0 0 0 0 0 0 0 0 0 0 0 0 0 0 0 0 0 0 0 0 0 0 0 0 0 0 0 0 0 0 0 0 0 0 0 0 0 0 0 0 0 0 0 0 0 0 0 0 0 0 0 0 0 0 0 0 0 0 0 0 0 0 0 0 0 0 0 0 0 0 0 0 0 0 0 0 0 0 0 0 0 0 0 0 0 0 0 0 0 0 0 0 0 0 0 0 0 0 0 0 0 0 0 0 0 0 0 0 0 0 0 0 0 0 0 0 0 0 0 0 0 0 0 0 0 0 0 0 0 0 0 0 0 0 0 0 0 0 0 0 0 0 0 0 0 0 0 0 0 0 0 0 0 0 0 0 0 0 0 0 0 0 0 0 0 0 0 0 0 0 0 0 0 0 0 0 0 0 0 0 0 0 0 0 0 0 0 0 0 0 0 0 0 0 0 0 0 0 0 0 0 0 0 0 0 0 0 0 0 0 0 0 0 0 0 0 0 0 0 0 0 0 0 0 0 0 0 0 0 0 0 0 0 0 0 0 0 0 0 0 0 0 0 0 0 0 0 0 0 0 0 0 0 0 0 0 0 0 0 0 0 0 0 0 0 0 0 0 0 0 0 0 0 0 0 0 0 0 0 0 0 0 0 0 0 0 0 0 0 0 0 0 0 0 0 0 0 0 0 0 0 0 0 0 0 0 0 0 0 0 0 0 0 0 0 0 0 0 0 0 0 0 0 0 0 0 0 0 0 0 0 0 0 0 0 0 0 0 0 0 0 0 0 0 0 0 0 0 0 0 0 0 0 0 0 0 0 0 0 0 0 0 0 0 0 0 0 0 0 0 0 0 0 0 0 0 0 0 0 0 0 0 0 0 0 0 0 0 0 0 0 0 0 0 0 0 0 0 0 0 0 0 0 0 0 0 0 0 0 0 0 0 0 0 0 0 0 0 0 0 0 0 0 0 0 0 0 0 0 0 0 0 0 0 0 0 0 0 0 0 0 0 0 0 0 0 0 0 0 0 0 0 0 0 0 0 0 0 0 0 0 0 0 0 0 0 0 0 0 0 0 0 0 0 0 0 0 0 0 0 0 0 0 0 0 0 0 0 0 0 0 0 0 0 0 0 0 0 0 0 0 0 0 0 0 0 0 0 0 0 0 0 0 0 0 0 0 0 0 0 0 0 0 0 0 0 0 0 0 0 0 0 0 0 0 0 0 0 0 0 0 0 0 0 0 0 0 0 0 0 0 0 0 0 0 0 0 0 0 0 0 0 0 0 0 0 0 0 0 0 0 0 0 0 0 0 0 0 0 0 0 0 0 0 0 0 0 0 0 0 0 0 0 0 0 0 0 0 0 0 0 0 0 0 0 0 0 0 0 0 0 0 0 0 0 0 0 0 0 0 0 0 0 0 0 0 0 0 0 0 0 0 0 0 0 0 0 0 0 0 0 0 0 0 0 0 0 0 0 0 0 0 0 0 0 0 0 0 0 0 0 0 0 0 0 0 0 0 0 0 0 0 0 0 0 0 0 0 0 0 0 0 0 0 0 0 0 0 0 0 0 0 0 0 0 0 0 0 0 0 0 0 0 0 0 0 0 0 0 0 0 0 0 0 0 0 0 0 0 0 0 0 0 0 0 0 0 0 0 0 0 0 0 0 0 0 0 0 0 0 0 0 0 0 0 0 0 0 0 0 0 0 0 0 0 0 0 0 0 0 0 0 0 0 0 0 0 0 0 0 0 0 0 0 0 0 0 0 0 0 0 0 0 0 0 0 0 0 0 0 0 0 0 0 0 0 0 0 0 0 0 0 0 0 0 0 0 0 0 0 0 0 0 0 0 0 0 0 0 0 0 0 0 0 0 0 0 0 0 0 0 0 0 0 0 0 0 0 0 0 0 0 0 0 0 0 0 0 0 0 0 0 0 0 0 0 0 0 0 0 0 0 0 0 0 0 0 0 0 0 0 0 0 0 0 0 0 0 0 0 0 0 0 0 0 0 0 0 0 0 0 0 0 0 0 0 0 0 0 0 0 0 0 0 0 0 0 0 0 0 0 0 0 0 0 0 0 0 0 0 0 0 0 0 0 0 0 0 0 0 0 0 0 0 0 0 0 0 0 0 0 0 0 0 0 0 0 0 0 0 0 0 0 0 0 0 0 0 0 0 0 0 0 0 0 0 0 0 0 0 0 0 0 0 0 0 0 0 0 0 0 0 0 0 0 0 0 0 0 0 0 0 0 0 0 0 0 0 0 0 0 0 0 0 0 0 0 0 0 0 0 0 0 0 0 0 0 0 0 0 0 0 0 0 0 0 0 0 0 0 0 0 0 0 0 0 0 0 0 0 0 0 0 0 0 0 0 0 0 0 0 0 0 0 0 0 0 0 0 0 0 0 0 0 0 0 0 0 0 0 0 0 0 0 0 0 0 0 0 0 0 0 0 0 0 0 0 0 0 0 0 0 0 0 0 0 0 0 0 0 0 0 0 0 0 0 0 0 0 0 0 0 0 0 0 0 0 0 0 0 0 0 0 0 0 0 0 0 0 0 0 0 0 0 0 0 0 0 0 0 0 0 0 0 0 0 0 0 0 0 0 0 0 0 0 0 0 0 0 0 0 0 0 0 0 0 0 0 0 0 0 0 0 0 0 0 0 0 0 0 0 0 0 0 0 0 0 0 0 0 0 0 0 0 0 0 0 0 0 0 0 0 0 0 0 0 0 0 0 0 0 0 0 0 0 0 0 0 0 0 0 0 0 0 0 0 0 0 0 0 0 0 0 0 0 0 0 0 0 0 0 0 0 0 0 0 0 0 0 0 0 0 0 0 0 0 0 0 0 0 0 0 0 0 0 0 0 0 0 0 0 0 0 0 0 0 0 0 0 0 0 0 0 0 0 0 0 0 0 0 0 0 0 0 0 0 0 0 0 0 0 0 0 0 0 0 0 0 0 0 0 0 0 0 0 0 0 0 0 0 0 0 0 0 0 0 0 0 0 0 0 0 0 0 0 0 0 0 0 0 0 0 0 0 0 0 0 0 0 0 0 0 0 0 0 0 0 0 0 0 0 0 0 0 0 0 0 0 0 0 0 0 0 0 0 0 0 0 0 0 0 0 0 0 0 0 0 0 0 0 0 0 0 0 0 0 0 0 0 0 0 0 0 0 0 0 0 0 0 0 0 0 0 0 0 0 0 0 0 0 0 0 0 0 0 0 0 0 0 0 0 0 0 0 0 0 0 0 0 0 0 0 0 0 0 0 0 0 0 0 0 0 0 0 0 0 0 0 0 0 0 0 0 0 0 0 0 0 0 0 0 0 0 0 0 0 0 0 0 0 0 0 0 0 0 0 0 0 0 0 0 0 0 0 0 0 0 0 0 0 0 0 0 0 0 0 0 0 0 0 0 0 0 0 0 0 0 0 0 0 0 0 0 0 0 0 0 0 0 0 0 0 0 0 0 0 0 0 0 0 0 0 0 0 0 0 0 0 0 0 0 0 0 0 0 0 0 0 0 0 0 0 0 0 0 0 0 0 0 0 0 0 0 0 0 0 0 0 0 0 0 0 0 0 0 0 0 0 0 0 0 0 0 0 0 0 0 0 0 0 0 0 0 0 0 0 0 0 0 0 0 0 0 0 0 0 0 0 0 0 0 0 0 0 0 0 0 0 0 0 0 0 0 0 0 0 0 0 0 0 0 0 0 0 0 0 0 0 0 0 0 0 0 0 0 0 0 0 0 0 0 0 0 0 0 0 0 0 0 0 0 0 0 0 0 0 0 0 0 0 0 0 0 0 0 0 0 0 0 0 0 0 0 0 0 0 0 0 0 0 0 0 0 0 0 0 0 0 0 0 0 0 0 0 0 0 0 0 0 0 0 0 0 0 0 0 0 0 0 0 0 0 0 0 0 0 0 0 0 0 0 0 0 0 0 0 0 0 0 0 0 0 0 0 0 0 0 0 0 0 0 0 0 0 0 0 0 0 0 0 0 0 0 0 0 0 0 0 0 0 0 0 0 0 0 0 0 0 0 0 0 0 0 0 0 0 0 0 0 0 0 0 0 0 0 0 0 0 0 0 0 0 0 0 0 0 0 0 0 0 0 0 0 0 0 0 0 0 0 0 0 0 0 0 0 0 0 0 0 0 0 0 0 0 0 0 0 0 0 0 0 0 0 0 0 0 0 0 0 0 0 0 0 0 0 0 0 0 0 0 0 0 0 0 0 0 0 0 0 0 0 0 0 0 0 0 0 0 0 0 0 0 0 0 0 0 0 0 0 0 0 0 0 0 0 0 0 0 0 0 0 0 0 0 0 0 0 0 0 0 0 0 0 0 0 0 0 0 0 0 0 0 0 0 0 0 0 0 0 0 0 0 0 0 0 0 0 0 0 0 0 0 0 0 0 0 0 0 0 0 0 0 0 0 0 0 0 0 0 0 0 0 0 0 0 0 0 0 0 0 0 0 0 0 0 0 0 0 0 0 0 0 0 0 0 0 0 0 0 0 0 0 0 0 0 0 0 0 0 0 0 0 0 0 0 0 0 0 0 0 0 0 0 0 0 0 0 0 0 0 0 0 0 0 0 0 0 0 0 0 0 0 0 0 0 0 0 0 0 0 0 0 0 0 0 0 0 0 0 0 0 0 0 0 0 0 0 0 0 0 0 0 0 0 0 0 0 0 0 0 0 0 0 0 0 0 0 0 0 0 0 0 0 0 0 0 0 0 0 0 0 0 0 0 0 0 0 0 0 0 0 0 0 0 0 0 0 0 0 0 0 0 0 0 0 0 0 0 0 0 0 0 0 0 0 0 0 0 0 0 0 0 0 0 0 0 0 0 0 0 0 0 0 0 0 0 0 0 0 0 0 0 0 0 0 0 0 0 0 0 0 0 0 0 0 0 0 0 0 0 0 0 0 0 0 0 0 0 0 0 0 0 0 0 0 0 0 0 0 0 0 0 0 0 0 0 0 0 0 0 0 0 0 0 0 0 0 0 0 0 0 0 0 0 0 0 0 0 0 0 0 0 0 0 0 0 0 0 0 0 0 0 0 0 0 0 0 0 0 0 0 0 0 0 0 0 0 0 0 0 0 0 0 0 0 0 0 0 0 0 0 0 0 0 0</v>
                </vertex_weights>
            </skin>
        </controller>
        <controller id="green_3_0-controller" name="green_3_0">
            <skin source="#green_3_0-geometry">
                <bind_shape_matrix>1 0 0 0 0 1 0 0 0 0 1 0 0 0 0 1</bind_shape_matrix>
                <source id="green_3_0-joints">
                    <Name_array id="green_3_0-joints-array" count="1">green_3</Name_array>
                    <technique_common>
                        <accessor count="1" offset="0" source="#green_3_0-joints-array" stride="1">
                            <param name="JOINT" type="Name" />
                        </accessor>
                    </technique_common>
                </source>
                <source id="green_3_0-matrices">
                    <float_array id="green_3_0-matrices-array" count="16">1.000001 1E-06 1E-06 1E-06 1E-06 1.000001 1E-06 1E-06 1E-06 1E-06 1.000001 1E-06 1E-06 1E-06 1E-06 1.000001</float_array>
                    <technique_common>
                        <accessor count="1" offset="0" source="#green_3_0-matrices-array" stride="16">
                            <param name="TRANSFORM" type="float4x4" />
                        </accessor>
                    </technique_common>
                </source>
                <source id="green_3_0-weights">
                    <float_array id="green_3_0-weights-array" count="1">1</float_array>
                    <technique_common>
                        <accessor count="1" offset="0" source="#green_3_0-weights-array" stride="1">
                            <param name="WEIGHT" type="float" />
                        </accessor>
                    </technique_common>
                </source>
                <joints>
                    <input semantic="JOINT" source="#green_3_0-joints" />
                    <input semantic="INV_BIND_MATRIX" source="#green_3_0-matrices" />
                </joints>
                <vertex_weights count="3180">
                    <input semantic="JOINT" source="#green_3_0-joints" offset="0" set="0" />
                    <input semantic="WEIGHT" source="#green_3_0-weights" offset="1" set="0" />
                    <vcount>1 1 1 1 1 1 1 1 1 1 1 1 1 1 1 1 1 1 1 1 1 1 1 1 1 1 1 1 1 1 1 1 1 1 1 1 1 1 1 1 1 1 1 1 1 1 1 1 1 1 1 1 1 1 1 1 1 1 1 1 1 1 1 1 1 1 1 1 1 1 1 1 1 1 1 1 1 1 1 1 1 1 1 1 1 1 1 1 1 1 1 1 1 1 1 1 1 1 1 1 1 1 1 1 1 1 1 1 1 1 1 1 1 1 1 1 1 1 1 1 1 1 1 1 1 1 1 1 1 1 1 1 1 1 1 1 1 1 1 1 1 1 1 1 1 1 1 1 1 1 1 1 1 1 1 1 1 1 1 1 1 1 1 1 1 1 1 1 1 1 1 1 1 1 1 1 1 1 1 1 1 1 1 1 1 1 1 1 1 1 1 1 1 1 1 1 1 1 1 1 1 1 1 1 1 1 1 1 1 1 1 1 1 1 1 1 1 1 1 1 1 1 1 1 1 1 1 1 1 1 1 1 1 1 1 1 1 1 1 1 1 1 1 1 1 1 1 1 1 1 1 1 1 1 1 1 1 1 1 1 1 1 1 1 1 1 1 1 1 1 1 1 1 1 1 1 1 1 1 1 1 1 1 1 1 1 1 1 1 1 1 1 1 1 1 1 1 1 1 1 1 1 1 1 1 1 1 1 1 1 1 1 1 1 1 1 1 1 1 1 1 1 1 1 1 1 1 1 1 1 1 1 1 1 1 1 1 1 1 1 1 1 1 1 1 1 1 1 1 1 1 1 1 1 1 1 1 1 1 1 1 1 1 1 1 1 1 1 1 1 1 1 1 1 1 1 1 1 1 1 1 1 1 1 1 1 1 1 1 1 1 1 1 1 1 1 1 1 1 1 1 1 1 1 1 1 1 1 1 1 1 1 1 1 1 1 1 1 1 1 1 1 1 1 1 1 1 1 1 1 1 1 1 1 1 1 1 1 1 1 1 1 1 1 1 1 1 1 1 1 1 1 1 1 1 1 1 1 1 1 1 1 1 1 1 1 1 1 1 1 1 1 1 1 1 1 1 1 1 1 1 1 1 1 1 1 1 1 1 1 1 1 1 1 1 1 1 1 1 1 1 1 1 1 1 1 1 1 1 1 1 1 1 1 1 1 1 1 1 1 1 1 1 1 1 1 1 1 1 1 1 1 1 1 1 1 1 1 1 1 1 1 1 1 1 1 1 1 1 1 1 1 1 1 1 1 1 1 1 1 1 1 1 1 1 1 1 1 1 1 1 1 1 1 1 1 1 1 1 1 1 1 1 1 1 1 1 1 1 1 1 1 1 1 1 1 1 1 1 1 1 1 1 1 1 1 1 1 1 1 1 1 1 1 1 1 1 1 1 1 1 1 1 1 1 1 1 1 1 1 1 1 1 1 1 1 1 1 1 1 1 1 1 1 1 1 1 1 1 1 1 1 1 1 1 1 1 1 1 1 1 1 1 1 1 1 1 1 1 1 1 1 1 1 1 1 1 1 1 1 1 1 1 1 1 1 1 1 1 1 1 1 1 1 1 1 1 1 1 1 1 1 1 1 1 1 1 1 1 1 1 1 1 1 1 1 1 1 1 1 1 1 1 1 1 1 1 1 1 1 1 1 1 1 1 1 1 1 1 1 1 1 1 1 1 1 1 1 1 1 1 1 1 1 1 1 1 1 1 1 1 1 1 1 1 1 1 1 1 1 1 1 1 1 1 1 1 1 1 1 1 1 1 1 1 1 1 1 1 1 1 1 1 1 1 1 1 1 1 1 1 1 1 1 1 1 1 1 1 1 1 1 1 1 1 1 1 1 1 1 1 1 1 1 1 1 1 1 1 1 1 1 1 1 1 1 1 1 1 1 1 1 1 1 1 1 1 1 1 1 1 1 1 1 1 1 1 1 1 1 1 1 1 1 1 1 1 1 1 1 1 1 1 1 1 1 1 1 1 1 1 1 1 1 1 1 1 1 1 1 1 1 1 1 1 1 1 1 1 1 1 1 1 1 1 1 1 1 1 1 1 1 1 1 1 1 1 1 1 1 1 1 1 1 1 1 1 1 1 1 1 1 1 1 1 1 1 1 1 1 1 1 1 1 1 1 1 1 1 1 1 1 1 1 1 1 1 1 1 1 1 1 1 1 1 1 1 1 1 1 1 1 1 1 1 1 1 1 1 1 1 1 1 1 1 1 1 1 1 1 1 1 1 1 1 1 1 1 1 1 1 1 1 1 1 1 1 1 1 1 1 1 1 1 1 1 1 1 1 1 1 1 1 1 1 1 1 1 1 1 1 1 1 1 1 1 1 1 1 1 1 1 1 1 1 1 1 1 1 1 1 1 1 1 1 1 1 1 1 1 1 1 1 1 1 1 1 1 1 1 1 1 1 1 1 1 1 1 1 1 1 1 1 1 1 1 1 1 1 1 1 1 1 1 1 1 1 1 1 1 1 1 1 1 1 1 1 1 1 1 1 1 1 1 1 1 1 1 1 1 1 1 1 1 1 1 1 1 1 1 1 1 1 1 1 1 1 1 1 1 1 1 1 1 1 1 1 1 1 1 1 1 1 1 1 1 1 1 1 1 1 1 1 1 1 1 1 1 1 1 1 1 1 1 1 1 1 1 1 1 1 1 1 1 1 1 1 1 1 1 1 1 1 1 1 1 1 1 1 1 1 1 1 1 1 1 1 1 1 1 1 1 1 1 1 1 1 1 1 1 1 1 1 1 1 1 1 1 1 1 1 1 1 1 1 1 1 1 1 1 1 1 1 1 1 1 1 1 1 1 1 1 1 1 1 1 1 1 1 1 1 1 1 1 1 1 1 1 1 1 1 1 1 1 1 1 1 1 1 1 1 1 1 1 1 1 1 1 1 1 1 1 1 1 1 1 1 1 1 1 1 1 1 1 1 1 1 1 1 1 1 1 1 1 1 1 1 1 1 1 1 1 1 1 1 1 1 1 1 1 1 1 1 1 1 1 1 1 1 1 1 1 1 1 1 1 1 1 1 1 1 1 1 1 1 1 1 1 1 1 1 1 1 1 1 1 1 1 1 1 1 1 1 1 1 1 1 1 1 1 1 1 1 1 1 1 1 1 1 1 1 1 1 1 1 1 1 1 1 1 1 1 1 1 1 1 1 1 1 1 1 1 1 1 1 1 1 1 1 1 1 1 1 1 1 1 1 1 1 1 1 1 1 1 1 1 1 1 1 1 1 1 1 1 1 1 1 1 1 1 1 1 1 1 1 1 1 1 1 1 1 1 1 1 1 1 1 1 1 1 1 1 1 1 1 1 1 1 1 1 1 1 1 1 1 1 1 1 1 1 1 1 1 1 1 1 1 1 1 1 1 1 1 1 1 1 1 1 1 1 1 1 1 1 1 1 1 1 1 1 1 1 1 1 1 1 1 1 1 1 1 1 1 1 1 1 1 1 1 1 1 1 1 1 1 1 1 1 1 1 1 1 1 1 1 1 1 1 1 1 1 1 1 1 1 1 1 1 1 1 1 1 1 1 1 1 1 1 1 1 1 1 1 1 1 1 1 1 1 1 1 1 1 1 1 1 1 1 1 1 1 1 1 1 1 1 1 1 1 1 1 1 1 1 1 1 1 1 1 1 1 1 1 1 1 1 1 1 1 1 1 1 1 1 1 1 1 1 1 1 1 1 1 1 1 1 1 1 1 1 1 1 1 1 1 1 1 1 1 1 1 1 1 1 1 1 1 1 1 1 1 1 1 1 1 1 1 1 1 1 1 1 1 1 1 1 1 1 1 1 1 1 1 1 1 1 1 1 1 1 1 1 1 1 1 1 1 1 1 1 1 1 1 1 1 1 1 1 1 1 1 1 1 1 1 1 1 1 1 1 1 1 1 1 1 1 1 1 1 1 1 1 1 1 1 1 1 1 1 1 1 1 1 1 1 1 1 1 1 1 1 1 1 1 1 1 1 1 1 1 1 1 1 1 1 1 1 1 1 1 1 1 1 1 1 1 1 1 1 1 1 1 1 1 1 1 1 1 1 1 1 1 1 1 1 1 1 1 1 1 1 1 1 1 1 1 1 1 1 1 1 1 1 1 1 1 1 1 1 1 1 1 1 1 1 1 1 1 1 1 1 1 1 1 1 1 1 1 1 1 1 1 1 1 1 1 1 1 1 1 1 1 1 1 1 1 1 1 1 1 1 1 1 1 1 1 1 1 1 1 1 1 1 1 1 1 1 1 1 1 1 1 1 1 1 1 1 1 1 1 1 1 1 1 1 1 1 1 1 1 1 1 1 1 1 1 1 1 1 1 1 1 1 1 1 1 1 1 1 1 1 1 1 1 1 1 1 1 1 1 1 1 1 1 1 1 1 1 1 1 1 1 1 1 1 1 1 1 1 1 1 1 1 1 1 1 1 1 1 1 1 1 1 1 1 1 1 1 1 1 1 1 1 1 1 1 1 1 1 1 1 1 1 1 1 1 1 1 1 1 1 1 1 1 1 1 1 1 1 1 1 1 1 1 1 1 1 1 1 1 1 1 1 1 1 1 1 1 1 1 1 1 1 1 1 1 1 1 1 1 1 1 1 1 1 1 1 1 1 1 1 1 1 1 1 1 1 1 1 1 1 1 1 1 1 1 1 1 1 1 1 1 1 1 1 1 1 1 1 1 1 1 1 1 1 1 1 1 1 1 1 1 1 1 1 1 1 1 1 1 1 1 1 1 1 1 1 1 1 1 1 1 1 1 1 1 1 1 1 1 1 1 1 1 1 1 1 1 1 1 1 1 1 1 1 1 1 1 1 1 1 1 1 1 1 1 1 1 1 1 1 1 1 1 1 1 1 1 1 1 1 1 1 1 1 1 1 1 1 1 1 1 1 1 1 1 1 1 1 1 1 1 1 1 1 1 1 1 1 1 1 1 1 1 1 1 1 1 1 1 1 1 1 1 1 1 1 1 1 1 1 1 1 1 1 1 1 1 1 1 1 1 1 1 1 1 1 1 1 1 1 1 1 1 1 1 1 1 1 1 1 1 1 1 1 1 1 1 1 1 1 1 1 1 1 1 1 1 1 1 1 1 1 1 1 1 1 1 1 1 1 1 1 1 1 1 1 1 1 1 1 1 1 1 1 1 1 1 1 1 1 1 1 1 1 1 1 1 1 1 1 1 1 1 1 1 1 1 1 1 1 1 1 1 1 1 1 1 1 1 1 1 1 1 1 1 1 1 1 1 1 1 1 1 1 1 1 1 1 1 1 1 1 1 1 1 1 1 1 1 1 1 1 1 1 1 1 1 1 1 1 1 1 1 1 1 1 1 1 1 1 1 1 1 1 1 1 1 1 1 1 1 1 1 1 1 1 1 1 1 1 1 1 1 1 1 1 1 1 1 1 1 1 1 1 1 1 1 1 1 1 1 1 1 1 1 1 1 1 1 1 1 1 1 1 1 1 1 1 1 1 1 1 1 1 1 1 1 1 1 1 1 1 1 1 1 1 1 1 1 1 1 1 1 1 1 1 1 1 1 1 1 1 1 1 1 1 1 1 1 1 1 1 1 1 1 1 1 1 1 1 1 1 1 1 1 1 1 1 1 1 1 1 1 1 1 1 1 1 1 1 1 1 1 1 1 1 1 1 1 1 1 1 1 1 1 1 1 1 1 1 1 1 1 1 1 1 1 1 1 1 1 1 1 1 1 1 1 1 1 1 1 1 1 1 1 1 1 1 1 1 1 1 1 1 1 1 1 1 1 1 1 1 1 1 1 1 1 1 1 1 1 1 1 1 1 1 1 1 1 1 1 1 1 1 1 1 1 1 1 1 1 1 1 1 1 1 1 1 1 1 1 1 1 1 1 1 1 1 1 1 1 1 1 1 1 1 1 1 1 1 1 1 1 1 1 1 1 1 1 1 1 1 1 1 1 1 1 1 1 1 1 1 1 1 1 1 1 1 1 1 1 1 1 1 1 1 1 1 1 1 1 1 1 1 1 1 1 1 1 1 1 1 1 1 1 1 1 1 1 1 1 1 1 1 1 1 1 1 1 1 1 1 1 1 1 1 1 1 1 1 1 1 1 1 1 1 1 1 1 1 1 1 1 1 1 1 1 1 1 1 1 1 1 1 1 1 1 1 1 1 1 1 1 1 1 1 1 1 1 1 1 1 1 1 1 1 1 1 1 1 1 1 1 1 1 1 1 1 1 1 1 1 1 1 1 1 1 1 1 1 1 1 1 1 1 1 1 1 1 1 1 1 1 1 1 1 1 1 1 1 1 1 1 1 1 1 1 1 1 1 1 1 1 1 1 1 1 1 1 1 1 1 1 1 1 1 1 1 1 1 1 1 1 1 1 1 1 1 1 1 1 1 1 1 1 1 1 1 1 1 1 1 1 1 1 1 1 1 1 1 1 1 1 1 1 1 1 1 1 1 1 1 1 1 1 1 1 1 1 1 1 1 1 1 1 1 1 1 1 1 1 1 1 1 1 1 1 1 1 1 1 1 1 1 1 1 1 1 1 1 1 1 1 1 1 1 1 1 1 1 1 1 1 1 1 1 1 1 1 1 1 1 1 1 1 1 1 1 1 1 1 1 1 1 1 1 1 1 1 1 1 1 1 1 1 1 1 1 1 1 1 1 1 1 1 1 1 1 1 1 1 1 1 1 1 1 1 1 1 1 1 1 1 1 1 1 1 1 1 1 1 1 1 1 1 1 1 1 1 1 1 1 1 1 1 1 1 1 1 1 1 1 1 1 1 1 1 1 1 1 1 1 1 1 1 1 1 1 1 1 1 1 1 1 1 1 1 1 1 1 1 1 1 1 1 1 1 1 1 1 1 1 1 1 1 1 1 1 1 1 1 1 1 1 1 1 1 1 1 1 1 1 1 1 1 1 1 1 1 1 1 1 1 1 1 1 1 1 1 1 1 1 1 1 1 1 1 1 1 1 1 1 1 1 1 1 1 1 1 1 1 1 1 1 1 1 1 1 1 1 1 1 1 1 1 1 1 1 1 1 1 1 1 1 1 1 1 1 1 1 1 1 1 1 1 1 1 1 1 1 1 1 1 1 1 1 1 1 1 1 1 1 1 1 1 1 1 1 1 1 1 1 1 1 1 1 1 1 1 1 1 1 1 1 1 1 1 1 1</vcount>
                    <v>0 0 0 0 0 0 0 0 0 0 0 0 0 0 0 0 0 0 0 0 0 0 0 0 0 0 0 0 0 0 0 0 0 0 0 0 0 0 0 0 0 0 0 0 0 0 0 0 0 0 0 0 0 0 0 0 0 0 0 0 0 0 0 0 0 0 0 0 0 0 0 0 0 0 0 0 0 0 0 0 0 0 0 0 0 0 0 0 0 0 0 0 0 0 0 0 0 0 0 0 0 0 0 0 0 0 0 0 0 0 0 0 0 0 0 0 0 0 0 0 0 0 0 0 0 0 0 0 0 0 0 0 0 0 0 0 0 0 0 0 0 0 0 0 0 0 0 0 0 0 0 0 0 0 0 0 0 0 0 0 0 0 0 0 0 0 0 0 0 0 0 0 0 0 0 0 0 0 0 0 0 0 0 0 0 0 0 0 0 0 0 0 0 0 0 0 0 0 0 0 0 0 0 0 0 0 0 0 0 0 0 0 0 0 0 0 0 0 0 0 0 0 0 0 0 0 0 0 0 0 0 0 0 0 0 0 0 0 0 0 0 0 0 0 0 0 0 0 0 0 0 0 0 0 0 0 0 0 0 0 0 0 0 0 0 0 0 0 0 0 0 0 0 0 0 0 0 0 0 0 0 0 0 0 0 0 0 0 0 0 0 0 0 0 0 0 0 0 0 0 0 0 0 0 0 0 0 0 0 0 0 0 0 0 0 0 0 0 0 0 0 0 0 0 0 0 0 0 0 0 0 0 0 0 0 0 0 0 0 0 0 0 0 0 0 0 0 0 0 0 0 0 0 0 0 0 0 0 0 0 0 0 0 0 0 0 0 0 0 0 0 0 0 0 0 0 0 0 0 0 0 0 0 0 0 0 0 0 0 0 0 0 0 0 0 0 0 0 0 0 0 0 0 0 0 0 0 0 0 0 0 0 0 0 0 0 0 0 0 0 0 0 0 0 0 0 0 0 0 0 0 0 0 0 0 0 0 0 0 0 0 0 0 0 0 0 0 0 0 0 0 0 0 0 0 0 0 0 0 0 0 0 0 0 0 0 0 0 0 0 0 0 0 0 0 0 0 0 0 0 0 0 0 0 0 0 0 0 0 0 0 0 0 0 0 0 0 0 0 0 0 0 0 0 0 0 0 0 0 0 0 0 0 0 0 0 0 0 0 0 0 0 0 0 0 0 0 0 0 0 0 0 0 0 0 0 0 0 0 0 0 0 0 0 0 0 0 0 0 0 0 0 0 0 0 0 0 0 0 0 0 0 0 0 0 0 0 0 0 0 0 0 0 0 0 0 0 0 0 0 0 0 0 0 0 0 0 0 0 0 0 0 0 0 0 0 0 0 0 0 0 0 0 0 0 0 0 0 0 0 0 0 0 0 0 0 0 0 0 0 0 0 0 0 0 0 0 0 0 0 0 0 0 0 0 0 0 0 0 0 0 0 0 0 0 0 0 0 0 0 0 0 0 0 0 0 0 0 0 0 0 0 0 0 0 0 0 0 0 0 0 0 0 0 0 0 0 0 0 0 0 0 0 0 0 0 0 0 0 0 0 0 0 0 0 0 0 0 0 0 0 0 0 0 0 0 0 0 0 0 0 0 0 0 0 0 0 0 0 0 0 0 0 0 0 0 0 0 0 0 0 0 0 0 0 0 0 0 0 0 0 0 0 0 0 0 0 0 0 0 0 0 0 0 0 0 0 0 0 0 0 0 0 0 0 0 0 0 0 0 0 0 0 0 0 0 0 0 0 0 0 0 0 0 0 0 0 0 0 0 0 0 0 0 0 0 0 0 0 0 0 0 0 0 0 0 0 0 0 0 0 0 0 0 0 0 0 0 0 0 0 0 0 0 0 0 0 0 0 0 0 0 0 0 0 0 0 0 0 0 0 0 0 0 0 0 0 0 0 0 0 0 0 0 0 0 0 0 0 0 0 0 0 0 0 0 0 0 0 0 0 0 0 0 0 0 0 0 0 0 0 0 0 0 0 0 0 0 0 0 0 0 0 0 0 0 0 0 0 0 0 0 0 0 0 0 0 0 0 0 0 0 0 0 0 0 0 0 0 0 0 0 0 0 0 0 0 0 0 0 0 0 0 0 0 0 0 0 0 0 0 0 0 0 0 0 0 0 0 0 0 0 0 0 0 0 0 0 0 0 0 0 0 0 0 0 0 0 0 0 0 0 0 0 0 0 0 0 0 0 0 0 0 0 0 0 0 0 0 0 0 0 0 0 0 0 0 0 0 0 0 0 0 0 0 0 0 0 0 0 0 0 0 0 0 0 0 0 0 0 0 0 0 0 0 0 0 0 0 0 0 0 0 0 0 0 0 0 0 0 0 0 0 0 0 0 0 0 0 0 0 0 0 0 0 0 0 0 0 0 0 0 0 0 0 0 0 0 0 0 0 0 0 0 0 0 0 0 0 0 0 0 0 0 0 0 0 0 0 0 0 0 0 0 0 0 0 0 0 0 0 0 0 0 0 0 0 0 0 0 0 0 0 0 0 0 0 0 0 0 0 0 0 0 0 0 0 0 0 0 0 0 0 0 0 0 0 0 0 0 0 0 0 0 0 0 0 0 0 0 0 0 0 0 0 0 0 0 0 0 0 0 0 0 0 0 0 0 0 0 0 0 0 0 0 0 0 0 0 0 0 0 0 0 0 0 0 0 0 0 0 0 0 0 0 0 0 0 0 0 0 0 0 0 0 0 0 0 0 0 0 0 0 0 0 0 0 0 0 0 0 0 0 0 0 0 0 0 0 0 0 0 0 0 0 0 0 0 0 0 0 0 0 0 0 0 0 0 0 0 0 0 0 0 0 0 0 0 0 0 0 0 0 0 0 0 0 0 0 0 0 0 0 0 0 0 0 0 0 0 0 0 0 0 0 0 0 0 0 0 0 0 0 0 0 0 0 0 0 0 0 0 0 0 0 0 0 0 0 0 0 0 0 0 0 0 0 0 0 0 0 0 0 0 0 0 0 0 0 0 0 0 0 0 0 0 0 0 0 0 0 0 0 0 0 0 0 0 0 0 0 0 0 0 0 0 0 0 0 0 0 0 0 0 0 0 0 0 0 0 0 0 0 0 0 0 0 0 0 0 0 0 0 0 0 0 0 0 0 0 0 0 0 0 0 0 0 0 0 0 0 0 0 0 0 0 0 0 0 0 0 0 0 0 0 0 0 0 0 0 0 0 0 0 0 0 0 0 0 0 0 0 0 0 0 0 0 0 0 0 0 0 0 0 0 0 0 0 0 0 0 0 0 0 0 0 0 0 0 0 0 0 0 0 0 0 0 0 0 0 0 0 0 0 0 0 0 0 0 0 0 0 0 0 0 0 0 0 0 0 0 0 0 0 0 0 0 0 0 0 0 0 0 0 0 0 0 0 0 0 0 0 0 0 0 0 0 0 0 0 0 0 0 0 0 0 0 0 0 0 0 0 0 0 0 0 0 0 0 0 0 0 0 0 0 0 0 0 0 0 0 0 0 0 0 0 0 0 0 0 0 0 0 0 0 0 0 0 0 0 0 0 0 0 0 0 0 0 0 0 0 0 0 0 0 0 0 0 0 0 0 0 0 0 0 0 0 0 0 0 0 0 0 0 0 0 0 0 0 0 0 0 0 0 0 0 0 0 0 0 0 0 0 0 0 0 0 0 0 0 0 0 0 0 0 0 0 0 0 0 0 0 0 0 0 0 0 0 0 0 0 0 0 0 0 0 0 0 0 0 0 0 0 0 0 0 0 0 0 0 0 0 0 0 0 0 0 0 0 0 0 0 0 0 0 0 0 0 0 0 0 0 0 0 0 0 0 0 0 0 0 0 0 0 0 0 0 0 0 0 0 0 0 0 0 0 0 0 0 0 0 0 0 0 0 0 0 0 0 0 0 0 0 0 0 0 0 0 0 0 0 0 0 0 0 0 0 0 0 0 0 0 0 0 0 0 0 0 0 0 0 0 0 0 0 0 0 0 0 0 0 0 0 0 0 0 0 0 0 0 0 0 0 0 0 0 0 0 0 0 0 0 0 0 0 0 0 0 0 0 0 0 0 0 0 0 0 0 0 0 0 0 0 0 0 0 0 0 0 0 0 0 0 0 0 0 0 0 0 0 0 0 0 0 0 0 0 0 0 0 0 0 0 0 0 0 0 0 0 0 0 0 0 0 0 0 0 0 0 0 0 0 0 0 0 0 0 0 0 0 0 0 0 0 0 0 0 0 0 0 0 0 0 0 0 0 0 0 0 0 0 0 0 0 0 0 0 0 0 0 0 0 0 0 0 0 0 0 0 0 0 0 0 0 0 0 0 0 0 0 0 0 0 0 0 0 0 0 0 0 0 0 0 0 0 0 0 0 0 0 0 0 0 0 0 0 0 0 0 0 0 0 0 0 0 0 0 0 0 0 0 0 0 0 0 0 0 0 0 0 0 0 0 0 0 0 0 0 0 0 0 0 0 0 0 0 0 0 0 0 0 0 0 0 0 0 0 0 0 0 0 0 0 0 0 0 0 0 0 0 0 0 0 0 0 0 0 0 0 0 0 0 0 0 0 0 0 0 0 0 0 0 0 0 0 0 0 0 0 0 0 0 0 0 0 0 0 0 0 0 0 0 0 0 0 0 0 0 0 0 0 0 0 0 0 0 0 0 0 0 0 0 0 0 0 0 0 0 0 0 0 0 0 0 0 0 0 0 0 0 0 0 0 0 0 0 0 0 0 0 0 0 0 0 0 0 0 0 0 0 0 0 0 0 0 0 0 0 0 0 0 0 0 0 0 0 0 0 0 0 0 0 0 0 0 0 0 0 0 0 0 0 0 0 0 0 0 0 0 0 0 0 0 0 0 0 0 0 0 0 0 0 0 0 0 0 0 0 0 0 0 0 0 0 0 0 0 0 0 0 0 0 0 0 0 0 0 0 0 0 0 0 0 0 0 0 0 0 0 0 0 0 0 0 0 0 0 0 0 0 0 0 0 0 0 0 0 0 0 0 0 0 0 0 0 0 0 0 0 0 0 0 0 0 0 0 0 0 0 0 0 0 0 0 0 0 0 0 0 0 0 0 0 0 0 0 0 0 0 0 0 0 0 0 0 0 0 0 0 0 0 0 0 0 0 0 0 0 0 0 0 0 0 0 0 0 0 0 0 0 0 0 0 0 0 0 0 0 0 0 0 0 0 0 0 0 0 0 0 0 0 0 0 0 0 0 0 0 0 0 0 0 0 0 0 0 0 0 0 0 0 0 0 0 0 0 0 0 0 0 0 0 0 0 0 0 0 0 0 0 0 0 0 0 0 0 0 0 0 0 0 0 0 0 0 0 0 0 0 0 0 0 0 0 0 0 0 0 0 0 0 0 0 0 0 0 0 0 0 0 0 0 0 0 0 0 0 0 0 0 0 0 0 0 0 0 0 0 0 0 0 0 0 0 0 0 0 0 0 0 0 0 0 0 0 0 0 0 0 0 0 0 0 0 0 0 0 0 0 0 0 0 0 0 0 0 0 0 0 0 0 0 0 0 0 0 0 0 0 0 0 0 0 0 0 0 0 0 0 0 0 0 0 0 0 0 0 0 0 0 0 0 0 0 0 0 0 0 0 0 0 0 0 0 0 0 0 0 0 0 0 0 0 0 0 0 0 0 0 0 0 0 0 0 0 0 0 0 0 0 0 0 0 0 0 0 0 0 0 0 0 0 0 0 0 0 0 0 0 0 0 0 0 0 0 0 0 0 0 0 0 0 0 0 0 0 0 0 0 0 0 0 0 0 0 0 0 0 0 0 0 0 0 0 0 0 0 0 0 0 0 0 0 0 0 0 0 0 0 0 0 0 0 0 0 0 0 0 0 0 0 0 0 0 0 0 0 0 0 0 0 0 0 0 0 0 0 0 0 0 0 0 0 0 0 0 0 0 0 0 0 0 0 0 0 0 0 0 0 0 0 0 0 0 0 0 0 0 0 0 0 0 0 0 0 0 0 0 0 0 0 0 0 0 0 0 0 0 0 0 0 0 0 0 0 0 0 0 0 0 0 0 0 0 0 0 0 0 0 0 0 0 0 0 0 0 0 0 0 0 0 0 0 0 0 0 0 0 0 0 0 0 0 0 0 0 0 0 0 0 0 0 0 0 0 0 0 0 0 0 0 0 0 0 0 0 0 0 0 0 0 0 0 0 0 0 0 0 0 0 0 0 0 0 0 0 0 0 0 0 0 0 0 0 0 0 0 0 0 0 0 0 0 0 0 0 0 0 0 0 0 0 0 0 0 0 0 0 0 0 0 0 0 0 0 0 0 0 0 0 0 0 0 0 0 0 0 0 0 0 0 0 0 0 0 0 0 0 0 0 0 0 0 0 0 0 0 0 0 0 0 0 0 0 0 0 0 0 0 0 0 0 0 0 0 0 0 0 0 0 0 0 0 0 0 0 0 0 0 0 0 0 0 0 0 0 0 0 0 0 0 0 0 0 0 0 0 0 0 0 0 0 0 0 0 0 0 0 0 0 0 0 0 0 0 0 0 0 0 0 0 0 0 0 0 0 0 0 0 0 0 0 0 0 0 0 0 0 0 0 0 0 0 0 0 0 0 0 0 0 0 0 0 0 0 0 0 0 0 0 0 0 0 0 0 0 0 0 0 0 0 0 0 0 0 0 0 0 0 0 0 0 0 0 0 0 0 0 0 0 0 0 0 0 0 0 0 0 0 0 0 0 0 0 0 0 0 0 0 0 0 0 0 0 0 0 0 0 0 0 0 0 0 0 0 0 0 0 0 0 0 0 0 0 0 0 0 0 0 0 0 0 0 0 0 0 0 0 0 0 0 0 0 0 0 0 0 0 0 0 0 0 0 0 0 0 0 0 0 0 0 0 0 0 0 0 0 0 0 0 0 0 0 0 0 0 0 0 0 0 0 0 0 0 0 0 0 0 0 0 0 0 0 0 0 0 0 0 0 0 0 0 0 0 0 0 0 0 0 0 0 0 0 0 0 0 0 0 0 0 0 0 0 0 0 0 0 0 0 0 0 0 0 0 0 0 0 0 0 0 0 0 0 0 0 0 0 0 0 0 0 0 0 0 0 0 0 0 0 0 0 0 0 0 0 0 0 0 0 0 0 0 0 0 0 0 0 0 0 0 0 0 0 0 0 0 0 0 0 0 0 0 0 0 0 0 0 0 0 0 0 0 0 0 0 0 0 0 0 0 0 0 0 0 0 0 0 0 0 0 0 0 0 0 0 0 0 0 0 0 0 0 0 0 0 0 0 0 0 0 0 0 0 0 0 0 0 0 0 0 0 0 0 0 0 0 0 0 0 0 0 0 0 0 0 0 0 0 0 0 0 0 0 0 0 0 0 0 0 0 0 0 0 0 0 0 0 0 0 0 0 0 0 0 0 0 0 0 0 0 0 0 0 0 0 0 0 0 0 0 0 0 0 0 0 0 0 0 0 0 0 0 0 0 0 0 0 0 0 0 0 0 0 0 0 0 0 0 0 0 0 0 0 0 0 0 0 0 0 0 0 0 0 0 0 0 0 0 0 0 0 0 0 0 0 0 0 0 0 0 0 0 0 0 0 0 0 0 0 0 0 0 0 0 0 0 0 0 0 0 0 0 0 0 0 0 0 0 0 0 0 0 0 0 0 0 0 0 0 0 0 0 0 0 0 0 0 0 0 0 0 0 0 0 0 0 0 0 0 0 0 0 0 0 0 0 0 0 0 0 0 0 0 0 0 0 0 0 0 0 0 0 0 0 0 0 0 0 0 0 0 0 0 0 0 0 0 0 0 0 0 0 0 0 0 0 0 0 0 0 0 0 0 0 0 0 0 0 0 0 0 0 0 0 0 0 0 0 0 0 0 0 0 0 0 0 0 0 0 0 0 0 0 0 0 0 0 0 0 0 0 0 0 0 0 0 0 0 0 0 0 0 0 0 0 0 0 0 0 0 0 0 0 0 0 0 0 0 0 0 0 0 0 0 0 0 0 0 0 0 0 0 0 0 0 0 0 0 0 0 0 0 0 0 0 0 0 0 0 0 0 0 0 0 0 0 0 0 0 0 0 0 0 0 0 0 0 0 0 0 0 0 0 0 0 0 0 0 0 0 0 0 0 0 0 0 0 0 0 0 0 0 0 0 0 0 0 0 0 0 0 0 0 0 0 0 0 0 0 0 0 0 0 0 0 0 0 0 0 0 0 0 0 0 0 0 0 0 0 0 0 0 0 0 0 0 0 0 0 0 0 0 0 0 0 0 0 0 0 0 0 0 0 0 0 0 0 0 0 0 0 0 0 0 0 0 0 0 0 0 0 0 0 0 0 0 0 0 0 0 0 0 0 0 0 0 0 0 0 0 0 0 0 0 0 0 0 0 0 0 0 0 0 0 0 0 0 0 0 0 0 0 0 0 0 0 0 0 0 0 0 0 0 0 0 0 0 0 0 0 0 0 0 0 0 0 0 0 0 0 0 0 0 0 0 0 0 0 0 0 0 0 0 0 0 0 0 0 0 0 0 0 0 0 0 0 0 0 0 0 0 0 0 0 0 0 0 0 0 0 0 0 0 0 0 0 0 0 0 0 0 0 0 0 0 0 0 0 0 0 0 0 0 0 0 0 0 0 0 0 0 0 0 0 0 0 0 0 0 0 0 0 0 0 0 0 0 0 0 0 0 0 0 0 0 0 0 0 0 0 0 0 0 0 0 0 0 0 0 0 0 0 0 0 0 0 0 0 0 0 0 0 0 0 0 0 0 0 0 0 0 0 0 0 0 0 0 0 0 0 0 0 0 0 0 0 0 0 0 0 0 0 0 0 0 0 0 0 0 0 0 0 0 0 0 0 0 0 0 0 0 0 0 0 0 0 0 0 0 0 0 0 0 0 0 0 0 0 0 0 0 0 0 0 0 0 0 0 0 0 0 0 0 0 0 0 0 0 0 0 0 0 0 0 0 0 0 0 0 0 0 0 0 0 0 0 0 0 0 0 0 0 0 0 0 0 0 0 0 0 0 0 0 0 0 0 0 0 0 0 0 0 0 0 0 0 0 0 0 0 0 0 0 0 0 0 0 0 0 0 0 0 0 0 0 0 0 0 0 0 0 0 0 0 0 0 0 0 0 0 0 0 0 0 0 0 0 0 0 0 0 0 0 0 0 0 0 0 0 0 0 0 0 0 0 0 0 0 0 0 0 0 0 0 0 0 0 0 0 0 0 0 0 0 0 0 0 0 0 0 0 0 0 0 0 0 0 0 0 0 0 0 0 0 0 0 0 0 0 0 0 0 0 0 0 0 0 0 0 0 0 0 0 0 0 0 0 0 0 0 0 0 0 0 0 0 0 0 0 0 0 0 0 0 0 0 0 0 0 0 0 0 0 0 0 0 0 0 0 0 0 0 0 0 0 0 0 0 0 0 0 0 0 0 0 0 0 0 0 0 0 0 0 0 0 0 0 0 0 0 0 0 0 0 0 0 0 0 0 0 0 0 0 0 0 0 0 0 0 0 0 0 0 0 0 0 0 0 0 0 0 0 0 0 0 0 0 0 0 0 0 0 0 0 0 0 0 0 0 0 0 0 0 0 0 0 0 0 0 0 0 0 0 0 0 0 0 0 0 0 0 0 0 0 0 0 0 0 0 0 0 0 0 0 0 0 0 0 0 0 0 0 0 0 0 0 0 0 0 0 0 0 0 0 0 0 0 0 0 0 0 0 0 0 0 0 0 0 0 0 0 0 0 0 0 0 0 0 0 0 0 0 0 0 0 0 0 0 0 0 0 0 0 0 0 0 0 0 0 0 0 0 0 0 0 0 0 0 0 0 0 0 0 0 0 0 0 0 0 0 0 0 0 0 0 0 0 0 0 0 0 0 0 0 0 0 0 0 0 0 0 0 0 0 0 0 0 0 0 0 0 0 0 0 0 0 0 0 0 0 0 0 0 0 0 0 0 0 0 0 0 0 0 0 0 0 0 0 0 0 0 0 0 0 0 0 0 0 0 0 0 0 0 0 0 0 0 0 0 0 0 0 0 0 0 0 0 0 0 0 0 0 0 0 0 0 0 0 0 0 0 0 0 0 0 0 0 0 0 0 0 0 0 0 0 0 0 0 0 0 0 0 0 0 0 0 0 0 0 0 0 0 0 0 0 0 0 0 0 0 0 0 0 0 0 0 0 0 0 0 0 0 0 0 0 0 0 0 0 0 0 0 0 0 0 0 0 0 0 0 0 0 0 0 0 0 0 0 0 0 0 0 0 0 0 0 0 0 0 0 0 0 0 0 0 0 0 0 0 0 0 0 0 0 0 0 0 0 0 0 0 0 0 0 0 0 0 0 0 0 0 0 0 0 0 0 0 0 0 0 0 0 0 0 0 0 0 0 0 0 0 0 0 0 0 0 0 0 0 0 0 0 0 0 0 0 0 0 0 0 0 0 0 0 0 0 0 0 0 0 0 0 0 0 0 0 0 0 0 0 0 0 0 0 0 0 0 0 0 0 0 0 0 0 0 0 0 0 0 0 0 0 0 0 0 0 0 0 0 0 0 0 0 0 0 0 0 0 0 0 0 0 0 0 0 0 0 0 0 0 0 0 0 0 0 0 0 0 0 0 0 0 0 0 0 0 0 0 0 0 0 0 0 0 0 0 0 0 0 0 0 0 0 0 0 0 0 0 0 0 0 0 0 0 0 0 0 0 0 0 0 0 0 0 0 0 0 0 0 0 0 0 0 0 0 0 0 0 0 0 0 0 0 0 0 0 0 0 0 0 0 0 0 0 0 0 0 0 0 0 0 0 0 0 0 0 0 0 0 0 0 0 0 0 0 0 0 0 0 0 0 0 0 0 0 0 0 0 0 0 0 0 0 0 0 0 0 0 0 0 0 0 0 0 0 0 0 0 0 0 0 0 0 0 0 0 0 0 0 0 0 0 0 0 0 0 0 0 0 0 0 0 0 0 0 0 0 0 0 0 0 0 0 0 0 0 0 0 0 0 0 0 0 0 0 0 0 0 0 0 0 0 0 0 0 0 0 0 0 0 0 0 0 0 0 0 0 0 0 0 0 0 0 0 0 0 0 0 0 0 0 0 0 0 0 0 0 0 0 0 0 0 0 0 0 0 0 0 0 0 0 0 0 0 0 0 0 0 0 0 0 0 0 0 0 0 0 0 0 0 0 0 0 0 0 0 0 0 0 0 0 0 0 0 0 0 0 0 0 0 0 0 0 0 0 0 0 0 0 0 0 0 0 0 0 0 0 0 0 0 0 0 0 0 0 0 0 0 0 0 0 0 0 0 0 0 0 0 0 0 0 0 0 0 0 0 0 0 0 0 0 0 0 0 0 0 0 0 0 0 0 0 0 0 0 0 0 0 0 0 0 0 0 0 0 0 0 0 0 0 0 0 0 0 0 0 0 0 0 0 0 0 0 0 0 0 0 0 0 0 0 0 0 0 0 0 0 0 0 0 0 0 0 0 0 0 0 0 0 0 0 0 0 0 0 0 0 0 0 0 0 0 0 0 0 0 0 0 0 0 0 0 0 0 0 0 0 0 0 0 0 0 0 0 0 0 0 0 0 0 0 0 0 0 0 0 0 0 0 0 0 0 0 0 0 0 0 0 0 0 0 0 0 0 0 0 0 0 0 0 0 0 0 0 0 0 0 0 0 0 0 0 0 0 0 0 0 0 0 0 0 0 0 0 0 0 0 0 0 0 0 0 0 0 0 0 0 0 0 0 0 0 0 0 0 0 0 0 0 0 0 0 0 0 0 0 0 0 0 0 0 0 0 0 0 0 0 0 0 0 0 0 0 0 0 0 0 0 0 0 0 0 0 0 0 0 0 0 0 0 0 0 0 0 0 0 0 0 0 0 0 0 0 0 0 0 0 0 0 0 0 0 0 0 0 0 0 0 0 0 0 0 0 0 0 0 0 0 0 0 0 0 0 0 0 0 0 0 0 0 0 0 0 0 0 0 0 0 0 0 0 0 0 0 0 0 0 0 0 0 0 0 0 0 0 0 0 0 0 0 0 0 0 0 0 0 0 0 0 0 0 0 0 0 0 0 0 0 0 0 0 0 0 0 0 0 0 0 0 0 0 0 0 0 0 0 0 0 0 0 0 0 0 0 0 0 0 0 0 0 0 0 0 0 0 0 0 0 0 0 0 0 0 0 0 0 0 0 0 0 0 0 0 0 0 0 0 0 0 0 0 0 0 0 0 0 0 0 0 0 0 0 0 0 0 0 0 0 0 0 0 0 0 0 0 0 0 0 0 0 0 0 0 0 0 0 0 0 0 0 0 0 0 0 0 0 0 0 0 0 0 0 0 0 0 0 0 0 0 0 0 0 0 0 0 0 0 0 0 0 0 0 0 0 0 0 0 0 0 0 0 0 0 0 0 0 0 0 0 0 0 0 0 0 0 0 0 0 0 0 0 0 0 0 0 0 0 0 0 0 0 0 0 0 0 0 0 0 0 0 0 0 0 0 0 0 0 0 0 0 0 0 0 0 0 0 0 0 0 0 0 0 0 0 0 0 0 0 0 0 0 0 0 0 0 0 0 0 0 0 0 0 0 0 0 0 0 0 0 0 0 0 0 0 0 0 0 0 0 0 0 0 0 0 0 0 0 0 0 0 0 0 0 0 0 0 0 0 0 0 0 0 0 0 0 0 0 0 0 0 0 0 0 0 0 0 0 0 0 0 0 0 0 0 0 0 0 0 0 0 0 0 0 0 0 0 0 0 0 0 0 0 0 0 0 0 0 0 0 0 0 0 0 0 0 0 0 0 0 0 0 0 0 0 0 0 0 0 0 0 0 0 0 0 0 0 0 0 0 0 0 0 0 0 0 0 0 0 0 0 0 0 0 0 0 0 0 0 0 0 0 0 0 0 0 0 0 0 0 0 0 0 0 0 0 0 0 0 0 0 0 0 0 0 0 0 0 0 0 0 0 0 0 0 0 0 0 0 0 0 0 0 0 0 0 0 0 0 0 0 0 0 0 0 0 0 0 0 0 0 0 0 0 0 0 0 0 0 0 0 0 0 0 0 0 0 0 0 0 0 0 0 0 0 0 0 0 0 0 0 0 0 0 0 0 0 0 0 0 0 0 0 0 0 0 0 0 0 0 0 0 0 0 0 0 0 0 0 0 0 0 0 0 0 0 0 0 0 0 0 0 0 0 0 0 0 0 0 0 0 0 0 0 0 0 0 0 0 0 0 0 0 0 0 0 0 0 0 0 0 0 0 0 0 0 0 0 0 0 0 0 0 0 0 0 0 0 0 0 0 0 0 0 0 0 0 0 0 0 0 0 0 0 0 0 0 0 0 0 0 0 0 0 0 0 0 0 0 0 0 0 0 0 0 0 0 0 0 0 0 0 0 0 0 0 0 0 0 0 0 0 0 0 0 0 0 0 0 0 0 0 0 0 0 0 0 0 0 0 0 0 0 0 0 0 0 0 0 0 0 0 0 0 0 0 0 0 0 0 0 0 0 0 0 0 0 0 0 0 0 0 0 0 0 0 0 0 0 0 0 0 0 0 0 0 0 0 0 0 0 0 0 0 0 0 0 0 0 0 0 0 0 0 0 0 0 0 0 0 0 0 0 0 0 0 0 0 0 0 0 0 0 0 0 0 0 0 0 0 0 0 0 0 0 0 0 0 0 0 0 0 0 0 0 0 0 0 0 0 0 0 0 0 0 0 0 0 0 0 0 0 0 0 0 0 0 0 0 0 0 0 0 0 0 0 0 0 0 0 0 0 0 0 0 0 0 0 0 0 0 0 0 0 0 0 0 0 0 0 0 0 0 0 0 0 0 0 0 0 0 0 0 0 0 0 0 0 0 0 0 0 0 0 0 0 0 0 0 0 0 0 0 0 0 0 0 0 0 0 0 0 0 0 0 0 0 0 0 0 0 0 0 0 0 0 0 0 0 0 0 0 0 0 0 0 0 0 0 0 0 0 0 0 0 0 0 0 0 0 0 0 0 0 0 0 0 0 0 0 0 0 0 0 0 0 0 0 0 0 0 0 0 0 0 0 0 0 0 0 0 0 0 0 0 0 0 0 0 0 0 0 0 0 0 0 0 0 0 0 0 0 0 0 0 0 0 0 0 0 0 0 0 0 0 0 0 0 0 0 0 0 0 0 0 0 0 0 0 0 0 0 0 0 0 0 0 0 0 0 0 0 0 0 0 0 0 0 0 0 0 0 0 0 0 0 0 0 0 0 0 0 0 0 0 0 0 0 0 0 0 0 0 0 0 0 0 0 0 0 0 0 0 0 0 0 0 0 0 0 0 0 0 0 0 0 0 0 0 0 0</v>
                </vertex_weights>
            </skin>
        </controller>
        <controller id="green_3_1-controller" name="green_3_1">
            <skin source="#green_3_1-geometry">
                <bind_shape_matrix>1 0 0 0 0 1 0 0 0 0 1 0 0 0 0 1</bind_shape_matrix>
                <source id="green_3_1-joints">
                    <Name_array id="green_3_1-joints-array" count="1">green_3</Name_array>
                    <technique_common>
                        <accessor count="1" offset="0" source="#green_3_1-joints-array" stride="1">
                            <param name="JOINT" type="Name" />
                        </accessor>
                    </technique_common>
                </source>
                <source id="green_3_1-matrices">
                    <float_array id="green_3_1-matrices-array" count="16">1.000001 1E-06 1E-06 1E-06 1E-06 1.000001 1E-06 1E-06 1E-06 1E-06 1.000001 1E-06 1E-06 1E-06 1E-06 1.000001</float_array>
                    <technique_common>
                        <accessor count="1" offset="0" source="#green_3_1-matrices-array" stride="16">
                            <param name="TRANSFORM" type="float4x4" />
                        </accessor>
                    </technique_common>
                </source>
                <source id="green_3_1-weights">
                    <float_array id="green_3_1-weights-array" count="1">1</float_array>
                    <technique_common>
                        <accessor count="1" offset="0" source="#green_3_1-weights-array" stride="1">
                            <param name="WEIGHT" type="float" />
                        </accessor>
                    </technique_common>
                </source>
                <joints>
                    <input semantic="JOINT" source="#green_3_1-joints" />
                    <input semantic="INV_BIND_MATRIX" source="#green_3_1-matrices" />
                </joints>
                <vertex_weights count="1080">
                    <input semantic="JOINT" source="#green_3_1-joints" offset="0" set="0" />
                    <input semantic="WEIGHT" source="#green_3_1-weights" offset="1" set="0" />
                    <vcount>1 1 1 1 1 1 1 1 1 1 1 1 1 1 1 1 1 1 1 1 1 1 1 1 1 1 1 1 1 1 1 1 1 1 1 1 1 1 1 1 1 1 1 1 1 1 1 1 1 1 1 1 1 1 1 1 1 1 1 1 1 1 1 1 1 1 1 1 1 1 1 1 1 1 1 1 1 1 1 1 1 1 1 1 1 1 1 1 1 1 1 1 1 1 1 1 1 1 1 1 1 1 1 1 1 1 1 1 1 1 1 1 1 1 1 1 1 1 1 1 1 1 1 1 1 1 1 1 1 1 1 1 1 1 1 1 1 1 1 1 1 1 1 1 1 1 1 1 1 1 1 1 1 1 1 1 1 1 1 1 1 1 1 1 1 1 1 1 1 1 1 1 1 1 1 1 1 1 1 1 1 1 1 1 1 1 1 1 1 1 1 1 1 1 1 1 1 1 1 1 1 1 1 1 1 1 1 1 1 1 1 1 1 1 1 1 1 1 1 1 1 1 1 1 1 1 1 1 1 1 1 1 1 1 1 1 1 1 1 1 1 1 1 1 1 1 1 1 1 1 1 1 1 1 1 1 1 1 1 1 1 1 1 1 1 1 1 1 1 1 1 1 1 1 1 1 1 1 1 1 1 1 1 1 1 1 1 1 1 1 1 1 1 1 1 1 1 1 1 1 1 1 1 1 1 1 1 1 1 1 1 1 1 1 1 1 1 1 1 1 1 1 1 1 1 1 1 1 1 1 1 1 1 1 1 1 1 1 1 1 1 1 1 1 1 1 1 1 1 1 1 1 1 1 1 1 1 1 1 1 1 1 1 1 1 1 1 1 1 1 1 1 1 1 1 1 1 1 1 1 1 1 1 1 1 1 1 1 1 1 1 1 1 1 1 1 1 1 1 1 1 1 1 1 1 1 1 1 1 1 1 1 1 1 1 1 1 1 1 1 1 1 1 1 1 1 1 1 1 1 1 1 1 1 1 1 1 1 1 1 1 1 1 1 1 1 1 1 1 1 1 1 1 1 1 1 1 1 1 1 1 1 1 1 1 1 1 1 1 1 1 1 1 1 1 1 1 1 1 1 1 1 1 1 1 1 1 1 1 1 1 1 1 1 1 1 1 1 1 1 1 1 1 1 1 1 1 1 1 1 1 1 1 1 1 1 1 1 1 1 1 1 1 1 1 1 1 1 1 1 1 1 1 1 1 1 1 1 1 1 1 1 1 1 1 1 1 1 1 1 1 1 1 1 1 1 1 1 1 1 1 1 1 1 1 1 1 1 1 1 1 1 1 1 1 1 1 1 1 1 1 1 1 1 1 1 1 1 1 1 1 1 1 1 1 1 1 1 1 1 1 1 1 1 1 1 1 1 1 1 1 1 1 1 1 1 1 1 1 1 1 1 1 1 1 1 1 1 1 1 1 1 1 1 1 1 1 1 1 1 1 1 1 1 1 1 1 1 1 1 1 1 1 1 1 1 1 1 1 1 1 1 1 1 1 1 1 1 1 1 1 1 1 1 1 1 1 1 1 1 1 1 1 1 1 1 1 1 1 1 1 1 1 1 1 1 1 1 1 1 1 1 1 1 1 1 1 1 1 1 1 1 1 1 1 1 1 1 1 1 1 1 1 1 1 1 1 1 1 1 1 1 1 1 1 1 1 1 1 1 1 1 1 1 1 1 1 1 1 1 1 1 1 1 1 1 1 1 1 1 1 1 1 1 1 1 1 1 1 1 1 1 1 1 1 1 1 1 1 1 1 1 1 1 1 1 1 1 1 1 1 1 1 1 1 1 1 1 1 1 1 1 1 1 1 1 1 1 1 1 1 1 1 1 1 1 1 1 1 1 1 1 1 1 1 1 1 1 1 1 1 1 1 1 1 1 1 1 1 1 1 1 1 1 1 1 1 1 1 1 1 1 1 1 1 1 1 1 1 1 1 1 1 1 1 1 1 1 1 1 1 1 1 1 1 1 1 1 1 1 1 1 1 1 1 1 1 1 1 1 1 1 1 1 1 1 1 1 1 1 1 1 1 1 1 1 1 1 1 1 1 1 1 1 1 1 1 1 1 1 1 1 1 1 1 1 1 1 1 1 1 1 1 1 1 1 1 1 1 1 1 1 1 1 1 1 1 1 1 1 1 1 1 1 1 1 1 1 1 1 1 1 1 1 1 1 1 1 1 1 1 1 1 1 1 1 1 1 1 1 1 1 1 1 1 1 1 1 1 1 1 1 1 1 1 1 1 1 1 1 1 1 1 1 1 1 1 1 1 1 1 1 1 1 1 1 1 1 1 1 1 1 1 1 1 1 1 1 1 1 1 1 1 1 1 1 1 1 1 1 1 1 1 1 1 1 1 1 1 1 1 1 1 1 1 1 1 1 1 1 1 1 1 1 1 1 1 1 1 1 1 1 1 1 1 1 1 1 1 1</vcount>
                    <v>0 0 0 0 0 0 0 0 0 0 0 0 0 0 0 0 0 0 0 0 0 0 0 0 0 0 0 0 0 0 0 0 0 0 0 0 0 0 0 0 0 0 0 0 0 0 0 0 0 0 0 0 0 0 0 0 0 0 0 0 0 0 0 0 0 0 0 0 0 0 0 0 0 0 0 0 0 0 0 0 0 0 0 0 0 0 0 0 0 0 0 0 0 0 0 0 0 0 0 0 0 0 0 0 0 0 0 0 0 0 0 0 0 0 0 0 0 0 0 0 0 0 0 0 0 0 0 0 0 0 0 0 0 0 0 0 0 0 0 0 0 0 0 0 0 0 0 0 0 0 0 0 0 0 0 0 0 0 0 0 0 0 0 0 0 0 0 0 0 0 0 0 0 0 0 0 0 0 0 0 0 0 0 0 0 0 0 0 0 0 0 0 0 0 0 0 0 0 0 0 0 0 0 0 0 0 0 0 0 0 0 0 0 0 0 0 0 0 0 0 0 0 0 0 0 0 0 0 0 0 0 0 0 0 0 0 0 0 0 0 0 0 0 0 0 0 0 0 0 0 0 0 0 0 0 0 0 0 0 0 0 0 0 0 0 0 0 0 0 0 0 0 0 0 0 0 0 0 0 0 0 0 0 0 0 0 0 0 0 0 0 0 0 0 0 0 0 0 0 0 0 0 0 0 0 0 0 0 0 0 0 0 0 0 0 0 0 0 0 0 0 0 0 0 0 0 0 0 0 0 0 0 0 0 0 0 0 0 0 0 0 0 0 0 0 0 0 0 0 0 0 0 0 0 0 0 0 0 0 0 0 0 0 0 0 0 0 0 0 0 0 0 0 0 0 0 0 0 0 0 0 0 0 0 0 0 0 0 0 0 0 0 0 0 0 0 0 0 0 0 0 0 0 0 0 0 0 0 0 0 0 0 0 0 0 0 0 0 0 0 0 0 0 0 0 0 0 0 0 0 0 0 0 0 0 0 0 0 0 0 0 0 0 0 0 0 0 0 0 0 0 0 0 0 0 0 0 0 0 0 0 0 0 0 0 0 0 0 0 0 0 0 0 0 0 0 0 0 0 0 0 0 0 0 0 0 0 0 0 0 0 0 0 0 0 0 0 0 0 0 0 0 0 0 0 0 0 0 0 0 0 0 0 0 0 0 0 0 0 0 0 0 0 0 0 0 0 0 0 0 0 0 0 0 0 0 0 0 0 0 0 0 0 0 0 0 0 0 0 0 0 0 0 0 0 0 0 0 0 0 0 0 0 0 0 0 0 0 0 0 0 0 0 0 0 0 0 0 0 0 0 0 0 0 0 0 0 0 0 0 0 0 0 0 0 0 0 0 0 0 0 0 0 0 0 0 0 0 0 0 0 0 0 0 0 0 0 0 0 0 0 0 0 0 0 0 0 0 0 0 0 0 0 0 0 0 0 0 0 0 0 0 0 0 0 0 0 0 0 0 0 0 0 0 0 0 0 0 0 0 0 0 0 0 0 0 0 0 0 0 0 0 0 0 0 0 0 0 0 0 0 0 0 0 0 0 0 0 0 0 0 0 0 0 0 0 0 0 0 0 0 0 0 0 0 0 0 0 0 0 0 0 0 0 0 0 0 0 0 0 0 0 0 0 0 0 0 0 0 0 0 0 0 0 0 0 0 0 0 0 0 0 0 0 0 0 0 0 0 0 0 0 0 0 0 0 0 0 0 0 0 0 0 0 0 0 0 0 0 0 0 0 0 0 0 0 0 0 0 0 0 0 0 0 0 0 0 0 0 0 0 0 0 0 0 0 0 0 0 0 0 0 0 0 0 0 0 0 0 0 0 0 0 0 0 0 0 0 0 0 0 0 0 0 0 0 0 0 0 0 0 0 0 0 0 0 0 0 0 0 0 0 0 0 0 0 0 0 0 0 0 0 0 0 0 0 0 0 0 0 0 0 0 0 0 0 0 0 0 0 0 0 0 0 0 0 0 0 0 0 0 0 0 0 0 0 0 0 0 0 0 0 0 0 0 0 0 0 0 0 0 0 0 0 0 0 0 0 0 0 0 0 0 0 0 0 0 0 0 0 0 0 0 0 0 0 0 0 0 0 0 0 0 0 0 0 0 0 0 0 0 0 0 0 0 0 0 0 0 0 0 0 0 0 0 0 0 0 0 0 0 0 0 0 0 0 0 0 0 0 0 0 0 0 0 0 0 0 0 0 0 0 0 0 0 0 0 0 0 0 0 0 0 0 0 0 0 0 0 0 0 0 0 0 0 0 0 0 0 0 0 0 0 0 0 0 0 0 0 0 0 0 0 0 0 0 0 0 0 0 0 0 0 0 0 0 0 0 0 0 0 0 0 0 0 0 0 0 0 0 0 0 0 0 0 0 0 0 0 0 0 0 0 0 0 0 0 0 0 0 0 0 0 0 0 0 0 0 0 0 0 0 0 0 0 0 0 0 0 0 0 0 0 0 0 0 0 0 0 0 0 0 0 0 0 0 0 0 0 0 0 0 0 0 0 0 0 0 0 0 0 0 0 0 0 0 0 0 0 0 0 0 0 0 0 0 0 0 0 0 0 0 0 0 0 0 0 0 0 0 0 0 0 0 0 0 0 0 0 0 0 0 0 0 0 0 0 0 0 0 0 0 0 0 0 0 0 0 0 0 0 0 0 0 0 0 0 0 0 0 0 0 0 0 0 0 0 0 0 0 0 0 0 0 0 0 0 0 0 0 0 0 0 0 0 0 0 0 0 0 0 0 0 0 0 0 0 0 0 0 0 0 0 0 0 0 0 0 0 0 0 0 0 0 0 0 0 0 0 0 0 0 0 0 0 0 0 0 0 0 0 0 0 0 0 0 0 0 0 0 0 0 0 0 0 0 0 0 0 0 0 0 0 0 0 0 0 0 0 0 0 0 0 0 0 0 0 0 0 0 0 0 0 0 0 0 0 0 0 0 0 0 0 0 0 0 0 0 0 0 0 0 0 0 0 0 0 0 0 0 0 0 0 0 0 0 0 0 0 0 0 0 0 0 0 0 0 0 0 0 0 0 0 0 0 0 0 0 0 0 0 0 0 0 0 0 0 0 0 0 0 0 0 0 0 0 0 0 0 0 0 0 0 0 0 0 0 0 0 0 0 0 0 0 0 0 0 0 0 0 0 0 0 0 0 0 0 0 0 0 0 0 0 0 0 0 0 0 0 0 0 0 0 0 0 0 0 0 0 0 0 0 0 0 0 0 0 0 0 0 0 0 0 0 0 0 0 0 0 0 0 0 0 0 0 0 0 0 0 0 0 0 0 0 0 0 0 0 0 0 0 0 0 0 0 0 0 0 0 0 0 0 0 0 0 0 0 0 0 0 0 0 0 0 0 0 0 0 0 0 0 0 0 0 0 0 0 0 0 0 0 0 0 0 0 0 0 0 0 0 0 0 0 0 0 0 0 0 0 0 0 0 0 0 0 0 0 0 0 0 0 0 0 0 0 0 0 0 0 0 0 0 0 0 0 0 0 0 0 0 0 0 0 0 0 0 0 0 0 0 0 0 0 0 0 0 0 0 0 0 0 0 0 0 0 0 0 0 0 0 0 0 0 0 0 0 0 0 0 0 0 0 0 0 0 0 0 0 0 0 0 0 0 0 0 0 0 0 0 0 0 0 0 0 0 0 0 0 0 0 0 0 0 0 0 0 0 0 0 0 0 0 0 0 0 0 0 0 0 0 0 0 0 0 0 0 0 0 0 0 0 0 0 0 0 0 0 0 0 0 0 0 0 0 0 0 0 0 0 0 0 0 0 0 0 0 0 0 0 0 0 0 0 0 0 0 0 0 0 0 0 0 0 0 0 0 0 0 0 0 0 0 0 0 0 0 0 0 0 0 0 0 0 0 0 0 0 0 0 0 0 0 0 0 0 0 0 0 0 0 0 0 0 0 0 0 0 0 0 0 0 0 0 0 0 0 0 0 0 0 0 0 0 0 0 0 0 0 0 0 0 0 0 0 0 0 0 0 0 0 0 0 0 0 0 0 0 0 0 0 0 0 0 0 0 0 0 0 0 0 0 0 0 0 0 0 0 0 0 0 0 0 0 0 0 0 0 0 0 0 0 0 0 0 0 0 0 0 0 0 0 0 0 0 0 0 0 0 0 0 0 0 0 0 0 0 0 0 0 0 0 0 0 0 0 0 0 0 0 0 0 0 0 0 0 0 0 0 0 0 0 0 0 0 0 0 0 0 0 0 0 0 0 0 0 0 0 0 0 0 0 0 0 0 0 0 0 0 0 0 0 0 0 0 0 0 0 0 0 0 0 0 0 0 0 0 0 0 0 0 0 0 0 0 0 0 0 0 0 0 0 0 0 0 0 0 0 0 0 0 0 0 0 0 0 0 0 0 0 0 0 0 0 0 0 0 0 0 0 0 0 0 0 0 0 0 0 0 0 0 0 0 0 0 0 0 0 0 0 0 0 0 0 0 0 0 0 0 0 0 0 0 0 0 0 0 0 0 0 0 0 0 0 0 0 0 0 0 0 0 0 0 0 0 0 0 0 0 0 0 0 0 0 0 0 0 0 0 0 0 0 0 0 0 0 0 0 0 0 0 0 0 0 0 0 0 0 0 0 0 0 0 0 0 0 0 0 0 0 0 0 0 0 0 0 0 0 0 0 0 0 0 0 0 0 0 0 0 0 0 0 0 0 0 0 0 0 0 0 0 0 0 0 0 0 0 0 0 0 0 0 0 0 0 0 0 0 0 0 0 0 0 0 0 0 0 0 0 0 0 0 0 0 0 0 0 0 0 0 0 0 0 0 0 0 0 0 0 0 0 0 0 0 0 0 0 0 0 0 0 0 0 0 0 0 0 0 0 0 0</v>
                </vertex_weights>
            </skin>
        </controller>
        <controller id="green_3_2-controller" name="green_3_2">
            <skin source="#green_3_2-geometry">
                <bind_shape_matrix>1 0 0 0 0 1 0 0 0 0 1 0 0 0 0 1</bind_shape_matrix>
                <source id="green_3_2-joints">
                    <Name_array id="green_3_2-joints-array" count="1">green_3</Name_array>
                    <technique_common>
                        <accessor count="1" offset="0" source="#green_3_2-joints-array" stride="1">
                            <param name="JOINT" type="Name" />
                        </accessor>
                    </technique_common>
                </source>
                <source id="green_3_2-matrices">
                    <float_array id="green_3_2-matrices-array" count="16">1.000001 1E-06 1E-06 1E-06 1E-06 1.000001 1E-06 1E-06 1E-06 1E-06 1.000001 1E-06 1E-06 1E-06 1E-06 1.000001</float_array>
                    <technique_common>
                        <accessor count="1" offset="0" source="#green_3_2-matrices-array" stride="16">
                            <param name="TRANSFORM" type="float4x4" />
                        </accessor>
                    </technique_common>
                </source>
                <source id="green_3_2-weights">
                    <float_array id="green_3_2-weights-array" count="1">1</float_array>
                    <technique_common>
                        <accessor count="1" offset="0" source="#green_3_2-weights-array" stride="1">
                            <param name="WEIGHT" type="float" />
                        </accessor>
                    </technique_common>
                </source>
                <joints>
                    <input semantic="JOINT" source="#green_3_2-joints" />
                    <input semantic="INV_BIND_MATRIX" source="#green_3_2-matrices" />
                </joints>
                <vertex_weights count="3672">
                    <input semantic="JOINT" source="#green_3_2-joints" offset="0" set="0" />
                    <input semantic="WEIGHT" source="#green_3_2-weights" offset="1" set="0" />
                    <vcount>1 1 1 1 1 1 1 1 1 1 1 1 1 1 1 1 1 1 1 1 1 1 1 1 1 1 1 1 1 1 1 1 1 1 1 1 1 1 1 1 1 1 1 1 1 1 1 1 1 1 1 1 1 1 1 1 1 1 1 1 1 1 1 1 1 1 1 1 1 1 1 1 1 1 1 1 1 1 1 1 1 1 1 1 1 1 1 1 1 1 1 1 1 1 1 1 1 1 1 1 1 1 1 1 1 1 1 1 1 1 1 1 1 1 1 1 1 1 1 1 1 1 1 1 1 1 1 1 1 1 1 1 1 1 1 1 1 1 1 1 1 1 1 1 1 1 1 1 1 1 1 1 1 1 1 1 1 1 1 1 1 1 1 1 1 1 1 1 1 1 1 1 1 1 1 1 1 1 1 1 1 1 1 1 1 1 1 1 1 1 1 1 1 1 1 1 1 1 1 1 1 1 1 1 1 1 1 1 1 1 1 1 1 1 1 1 1 1 1 1 1 1 1 1 1 1 1 1 1 1 1 1 1 1 1 1 1 1 1 1 1 1 1 1 1 1 1 1 1 1 1 1 1 1 1 1 1 1 1 1 1 1 1 1 1 1 1 1 1 1 1 1 1 1 1 1 1 1 1 1 1 1 1 1 1 1 1 1 1 1 1 1 1 1 1 1 1 1 1 1 1 1 1 1 1 1 1 1 1 1 1 1 1 1 1 1 1 1 1 1 1 1 1 1 1 1 1 1 1 1 1 1 1 1 1 1 1 1 1 1 1 1 1 1 1 1 1 1 1 1 1 1 1 1 1 1 1 1 1 1 1 1 1 1 1 1 1 1 1 1 1 1 1 1 1 1 1 1 1 1 1 1 1 1 1 1 1 1 1 1 1 1 1 1 1 1 1 1 1 1 1 1 1 1 1 1 1 1 1 1 1 1 1 1 1 1 1 1 1 1 1 1 1 1 1 1 1 1 1 1 1 1 1 1 1 1 1 1 1 1 1 1 1 1 1 1 1 1 1 1 1 1 1 1 1 1 1 1 1 1 1 1 1 1 1 1 1 1 1 1 1 1 1 1 1 1 1 1 1 1 1 1 1 1 1 1 1 1 1 1 1 1 1 1 1 1 1 1 1 1 1 1 1 1 1 1 1 1 1 1 1 1 1 1 1 1 1 1 1 1 1 1 1 1 1 1 1 1 1 1 1 1 1 1 1 1 1 1 1 1 1 1 1 1 1 1 1 1 1 1 1 1 1 1 1 1 1 1 1 1 1 1 1 1 1 1 1 1 1 1 1 1 1 1 1 1 1 1 1 1 1 1 1 1 1 1 1 1 1 1 1 1 1 1 1 1 1 1 1 1 1 1 1 1 1 1 1 1 1 1 1 1 1 1 1 1 1 1 1 1 1 1 1 1 1 1 1 1 1 1 1 1 1 1 1 1 1 1 1 1 1 1 1 1 1 1 1 1 1 1 1 1 1 1 1 1 1 1 1 1 1 1 1 1 1 1 1 1 1 1 1 1 1 1 1 1 1 1 1 1 1 1 1 1 1 1 1 1 1 1 1 1 1 1 1 1 1 1 1 1 1 1 1 1 1 1 1 1 1 1 1 1 1 1 1 1 1 1 1 1 1 1 1 1 1 1 1 1 1 1 1 1 1 1 1 1 1 1 1 1 1 1 1 1 1 1 1 1 1 1 1 1 1 1 1 1 1 1 1 1 1 1 1 1 1 1 1 1 1 1 1 1 1 1 1 1 1 1 1 1 1 1 1 1 1 1 1 1 1 1 1 1 1 1 1 1 1 1 1 1 1 1 1 1 1 1 1 1 1 1 1 1 1 1 1 1 1 1 1 1 1 1 1 1 1 1 1 1 1 1 1 1 1 1 1 1 1 1 1 1 1 1 1 1 1 1 1 1 1 1 1 1 1 1 1 1 1 1 1 1 1 1 1 1 1 1 1 1 1 1 1 1 1 1 1 1 1 1 1 1 1 1 1 1 1 1 1 1 1 1 1 1 1 1 1 1 1 1 1 1 1 1 1 1 1 1 1 1 1 1 1 1 1 1 1 1 1 1 1 1 1 1 1 1 1 1 1 1 1 1 1 1 1 1 1 1 1 1 1 1 1 1 1 1 1 1 1 1 1 1 1 1 1 1 1 1 1 1 1 1 1 1 1 1 1 1 1 1 1 1 1 1 1 1 1 1 1 1 1 1 1 1 1 1 1 1 1 1 1 1 1 1 1 1 1 1 1 1 1 1 1 1 1 1 1 1 1 1 1 1 1 1 1 1 1 1 1 1 1 1 1 1 1 1 1 1 1 1 1 1 1 1 1 1 1 1 1 1 1 1 1 1 1 1 1 1 1 1 1 1 1 1 1 1 1 1 1 1 1 1 1 1 1 1 1 1 1 1 1 1 1 1 1 1 1 1 1 1 1 1 1 1 1 1 1 1 1 1 1 1 1 1 1 1 1 1 1 1 1 1 1 1 1 1 1 1 1 1 1 1 1 1 1 1 1 1 1 1 1 1 1 1 1 1 1 1 1 1 1 1 1 1 1 1 1 1 1 1 1 1 1 1 1 1 1 1 1 1 1 1 1 1 1 1 1 1 1 1 1 1 1 1 1 1 1 1 1 1 1 1 1 1 1 1 1 1 1 1 1 1 1 1 1 1 1 1 1 1 1 1 1 1 1 1 1 1 1 1 1 1 1 1 1 1 1 1 1 1 1 1 1 1 1 1 1 1 1 1 1 1 1 1 1 1 1 1 1 1 1 1 1 1 1 1 1 1 1 1 1 1 1 1 1 1 1 1 1 1 1 1 1 1 1 1 1 1 1 1 1 1 1 1 1 1 1 1 1 1 1 1 1 1 1 1 1 1 1 1 1 1 1 1 1 1 1 1 1 1 1 1 1 1 1 1 1 1 1 1 1 1 1 1 1 1 1 1 1 1 1 1 1 1 1 1 1 1 1 1 1 1 1 1 1 1 1 1 1 1 1 1 1 1 1 1 1 1 1 1 1 1 1 1 1 1 1 1 1 1 1 1 1 1 1 1 1 1 1 1 1 1 1 1 1 1 1 1 1 1 1 1 1 1 1 1 1 1 1 1 1 1 1 1 1 1 1 1 1 1 1 1 1 1 1 1 1 1 1 1 1 1 1 1 1 1 1 1 1 1 1 1 1 1 1 1 1 1 1 1 1 1 1 1 1 1 1 1 1 1 1 1 1 1 1 1 1 1 1 1 1 1 1 1 1 1 1 1 1 1 1 1 1 1 1 1 1 1 1 1 1 1 1 1 1 1 1 1 1 1 1 1 1 1 1 1 1 1 1 1 1 1 1 1 1 1 1 1 1 1 1 1 1 1 1 1 1 1 1 1 1 1 1 1 1 1 1 1 1 1 1 1 1 1 1 1 1 1 1 1 1 1 1 1 1 1 1 1 1 1 1 1 1 1 1 1 1 1 1 1 1 1 1 1 1 1 1 1 1 1 1 1 1 1 1 1 1 1 1 1 1 1 1 1 1 1 1 1 1 1 1 1 1 1 1 1 1 1 1 1 1 1 1 1 1 1 1 1 1 1 1 1 1 1 1 1 1 1 1 1 1 1 1 1 1 1 1 1 1 1 1 1 1 1 1 1 1 1 1 1 1 1 1 1 1 1 1 1 1 1 1 1 1 1 1 1 1 1 1 1 1 1 1 1 1 1 1 1 1 1 1 1 1 1 1 1 1 1 1 1 1 1 1 1 1 1 1 1 1 1 1 1 1 1 1 1 1 1 1 1 1 1 1 1 1 1 1 1 1 1 1 1 1 1 1 1 1 1 1 1 1 1 1 1 1 1 1 1 1 1 1 1 1 1 1 1 1 1 1 1 1 1 1 1 1 1 1 1 1 1 1 1 1 1 1 1 1 1 1 1 1 1 1 1 1 1 1 1 1 1 1 1 1 1 1 1 1 1 1 1 1 1 1 1 1 1 1 1 1 1 1 1 1 1 1 1 1 1 1 1 1 1 1 1 1 1 1 1 1 1 1 1 1 1 1 1 1 1 1 1 1 1 1 1 1 1 1 1 1 1 1 1 1 1 1 1 1 1 1 1 1 1 1 1 1 1 1 1 1 1 1 1 1 1 1 1 1 1 1 1 1 1 1 1 1 1 1 1 1 1 1 1 1 1 1 1 1 1 1 1 1 1 1 1 1 1 1 1 1 1 1 1 1 1 1 1 1 1 1 1 1 1 1 1 1 1 1 1 1 1 1 1 1 1 1 1 1 1 1 1 1 1 1 1 1 1 1 1 1 1 1 1 1 1 1 1 1 1 1 1 1 1 1 1 1 1 1 1 1 1 1 1 1 1 1 1 1 1 1 1 1 1 1 1 1 1 1 1 1 1 1 1 1 1 1 1 1 1 1 1 1 1 1 1 1 1 1 1 1 1 1 1 1 1 1 1 1 1 1 1 1 1 1 1 1 1 1 1 1 1 1 1 1 1 1 1 1 1 1 1 1 1 1 1 1 1 1 1 1 1 1 1 1 1 1 1 1 1 1 1 1 1 1 1 1 1 1 1 1 1 1 1 1 1 1 1 1 1 1 1 1 1 1 1 1 1 1 1 1 1 1 1 1 1 1 1 1 1 1 1 1 1 1 1 1 1 1 1 1 1 1 1 1 1 1 1 1 1 1 1 1 1 1 1 1 1 1 1 1 1 1 1 1 1 1 1 1 1 1 1 1 1 1 1 1 1 1 1 1 1 1 1 1 1 1 1 1 1 1 1 1 1 1 1 1 1 1 1 1 1 1 1 1 1 1 1 1 1 1 1 1 1 1 1 1 1 1 1 1 1 1 1 1 1 1 1 1 1 1 1 1 1 1 1 1 1 1 1 1 1 1 1 1 1 1 1 1 1 1 1 1 1 1 1 1 1 1 1 1 1 1 1 1 1 1 1 1 1 1 1 1 1 1 1 1 1 1 1 1 1 1 1 1 1 1 1 1 1 1 1 1 1 1 1 1 1 1 1 1 1 1 1 1 1 1 1 1 1 1 1 1 1 1 1 1 1 1 1 1 1 1 1 1 1 1 1 1 1 1 1 1 1 1 1 1 1 1 1 1 1 1 1 1 1 1 1 1 1 1 1 1 1 1 1 1 1 1 1 1 1 1 1 1 1 1 1 1 1 1 1 1 1 1 1 1 1 1 1 1 1 1 1 1 1 1 1 1 1 1 1 1 1 1 1 1 1 1 1 1 1 1 1 1 1 1 1 1 1 1 1 1 1 1 1 1 1 1 1 1 1 1 1 1 1 1 1 1 1 1 1 1 1 1 1 1 1 1 1 1 1 1 1 1 1 1 1 1 1 1 1 1 1 1 1 1 1 1 1 1 1 1 1 1 1 1 1 1 1 1 1 1 1 1 1 1 1 1 1 1 1 1 1 1 1 1 1 1 1 1 1 1 1 1 1 1 1 1 1 1 1 1 1 1 1 1 1 1 1 1 1 1 1 1 1 1 1 1 1 1 1 1 1 1 1 1 1 1 1 1 1 1 1 1 1 1 1 1 1 1 1 1 1 1 1 1 1 1 1 1 1 1 1 1 1 1 1 1 1 1 1 1 1 1 1 1 1 1 1 1 1 1 1 1 1 1 1 1 1 1 1 1 1 1 1 1 1 1 1 1 1 1 1 1 1 1 1 1 1 1 1 1 1 1 1 1 1 1 1 1 1 1 1 1 1 1 1 1 1 1 1 1 1 1 1 1 1 1 1 1 1 1 1 1 1 1 1 1 1 1 1 1 1 1 1 1 1 1 1 1 1 1 1 1 1 1 1 1 1 1 1 1 1 1 1 1 1 1 1 1 1 1 1 1 1 1 1 1 1 1 1 1 1 1 1 1 1 1 1 1 1 1 1 1 1 1 1 1 1 1 1 1 1 1 1 1 1 1 1 1 1 1 1 1 1 1 1 1 1 1 1 1 1 1 1 1 1 1 1 1 1 1 1 1 1 1 1 1 1 1 1 1 1 1 1 1 1 1 1 1 1 1 1 1 1 1 1 1 1 1 1 1 1 1 1 1 1 1 1 1 1 1 1 1 1 1 1 1 1 1 1 1 1 1 1 1 1 1 1 1 1 1 1 1 1 1 1 1 1 1 1 1 1 1 1 1 1 1 1 1 1 1 1 1 1 1 1 1 1 1 1 1 1 1 1 1 1 1 1 1 1 1 1 1 1 1 1 1 1 1 1 1 1 1 1 1 1 1 1 1 1 1 1 1 1 1 1 1 1 1 1 1 1 1 1 1 1 1 1 1 1 1 1 1 1 1 1 1 1 1 1 1 1 1 1 1 1 1 1 1 1 1 1 1 1 1 1 1 1 1 1 1 1 1 1 1 1 1 1 1 1 1 1 1 1 1 1 1 1 1 1 1 1 1 1 1 1 1 1 1 1 1 1 1 1 1 1 1 1 1 1 1 1 1 1 1 1 1 1 1 1 1 1 1 1 1 1 1 1 1 1 1 1 1 1 1 1 1 1 1 1 1 1 1 1 1 1 1 1 1 1 1 1 1 1 1 1 1 1 1 1 1 1 1 1 1 1 1 1 1 1 1 1 1 1 1 1 1 1 1 1 1 1 1 1 1 1 1 1 1 1 1 1 1 1 1 1 1 1 1 1 1 1 1 1 1 1 1 1 1 1 1 1 1 1 1 1 1 1 1 1 1 1 1 1 1 1 1 1 1 1 1 1 1 1 1 1 1 1 1 1 1 1 1 1 1 1 1 1 1 1 1 1 1 1 1 1 1 1 1 1 1 1 1 1 1 1 1 1 1 1 1 1 1 1 1 1 1 1 1 1 1 1 1 1 1 1 1 1 1 1 1 1 1 1 1 1 1 1 1 1 1 1 1 1 1 1 1 1 1 1 1 1 1 1 1 1 1 1 1 1 1 1 1 1 1 1 1 1 1 1 1 1 1 1 1 1 1 1 1 1 1 1 1 1 1 1 1 1 1 1 1 1 1 1 1 1 1 1 1 1 1 1 1 1 1 1 1 1 1 1 1 1 1 1 1 1 1 1 1 1 1 1 1 1 1 1 1 1 1 1 1 1 1 1 1 1 1 1 1 1 1 1 1 1 1 1 1 1 1 1 1 1 1 1 1 1 1 1 1 1 1 1 1 1 1 1 1 1 1 1 1 1 1 1 1 1 1 1 1 1 1 1 1 1 1 1 1 1 1 1 1 1 1 1 1 1 1 1 1 1 1 1 1 1 1 1 1 1 1 1 1 1 1 1 1 1 1 1 1 1 1 1 1 1 1 1 1 1 1 1 1 1 1 1 1 1 1 1 1 1 1 1 1 1 1 1 1 1 1 1 1 1 1 1 1 1 1 1 1 1 1 1 1 1 1 1 1 1 1 1 1 1 1 1 1 1 1 1 1 1 1 1 1 1 1 1 1 1 1 1 1 1 1 1 1 1 1 1 1 1 1 1 1 1 1 1 1 1 1 1 1 1 1 1 1 1 1 1 1 1 1 1 1 1 1 1 1 1 1 1 1 1 1 1 1 1 1 1 1 1 1 1 1 1 1 1 1 1 1 1 1 1 1 1 1 1 1 1 1 1 1 1 1 1 1 1 1 1 1 1 1 1 1 1 1 1 1 1 1 1 1 1 1 1 1 1 1 1 1 1 1 1 1 1 1 1 1 1 1 1 1 1 1 1 1 1 1 1 1 1 1 1 1 1 1 1 1 1 1 1 1 1 1 1 1 1 1 1 1 1 1 1 1 1 1 1 1 1 1 1 1 1 1 1 1 1 1 1 1 1 1 1 1 1 1 1 1 1 1 1 1 1 1 1 1 1 1 1 1 1 1 1 1 1 1 1 1 1 1 1 1 1 1 1 1 1 1 1 1 1 1 1 1 1 1 1 1 1 1 1 1 1 1 1 1 1 1 1 1 1 1 1 1 1 1 1 1 1 1 1 1 1 1 1 1 1 1 1 1 1 1 1 1 1 1 1 1 1 1 1 1 1 1 1 1 1 1 1 1 1 1 1 1 1 1 1 1 1 1 1 1 1 1 1 1 1 1 1 1 1 1 1 1 1 1 1 1 1 1 1 1 1 1 1 1 1 1 1 1 1 1 1 1 1 1 1 1 1 1 1 1 1 1 1 1 1 1 1 1 1 1 1 1 1 1 1 1 1 1 1 1 1 1 1 1 1 1 1 1 1 1 1 1 1 1 1 1 1 1 1 1 1 1 1 1 1 1 1 1 1 1 1 1 1</vcount>
                    <v>0 0 0 0 0 0 0 0 0 0 0 0 0 0 0 0 0 0 0 0 0 0 0 0 0 0 0 0 0 0 0 0 0 0 0 0 0 0 0 0 0 0 0 0 0 0 0 0 0 0 0 0 0 0 0 0 0 0 0 0 0 0 0 0 0 0 0 0 0 0 0 0 0 0 0 0 0 0 0 0 0 0 0 0 0 0 0 0 0 0 0 0 0 0 0 0 0 0 0 0 0 0 0 0 0 0 0 0 0 0 0 0 0 0 0 0 0 0 0 0 0 0 0 0 0 0 0 0 0 0 0 0 0 0 0 0 0 0 0 0 0 0 0 0 0 0 0 0 0 0 0 0 0 0 0 0 0 0 0 0 0 0 0 0 0 0 0 0 0 0 0 0 0 0 0 0 0 0 0 0 0 0 0 0 0 0 0 0 0 0 0 0 0 0 0 0 0 0 0 0 0 0 0 0 0 0 0 0 0 0 0 0 0 0 0 0 0 0 0 0 0 0 0 0 0 0 0 0 0 0 0 0 0 0 0 0 0 0 0 0 0 0 0 0 0 0 0 0 0 0 0 0 0 0 0 0 0 0 0 0 0 0 0 0 0 0 0 0 0 0 0 0 0 0 0 0 0 0 0 0 0 0 0 0 0 0 0 0 0 0 0 0 0 0 0 0 0 0 0 0 0 0 0 0 0 0 0 0 0 0 0 0 0 0 0 0 0 0 0 0 0 0 0 0 0 0 0 0 0 0 0 0 0 0 0 0 0 0 0 0 0 0 0 0 0 0 0 0 0 0 0 0 0 0 0 0 0 0 0 0 0 0 0 0 0 0 0 0 0 0 0 0 0 0 0 0 0 0 0 0 0 0 0 0 0 0 0 0 0 0 0 0 0 0 0 0 0 0 0 0 0 0 0 0 0 0 0 0 0 0 0 0 0 0 0 0 0 0 0 0 0 0 0 0 0 0 0 0 0 0 0 0 0 0 0 0 0 0 0 0 0 0 0 0 0 0 0 0 0 0 0 0 0 0 0 0 0 0 0 0 0 0 0 0 0 0 0 0 0 0 0 0 0 0 0 0 0 0 0 0 0 0 0 0 0 0 0 0 0 0 0 0 0 0 0 0 0 0 0 0 0 0 0 0 0 0 0 0 0 0 0 0 0 0 0 0 0 0 0 0 0 0 0 0 0 0 0 0 0 0 0 0 0 0 0 0 0 0 0 0 0 0 0 0 0 0 0 0 0 0 0 0 0 0 0 0 0 0 0 0 0 0 0 0 0 0 0 0 0 0 0 0 0 0 0 0 0 0 0 0 0 0 0 0 0 0 0 0 0 0 0 0 0 0 0 0 0 0 0 0 0 0 0 0 0 0 0 0 0 0 0 0 0 0 0 0 0 0 0 0 0 0 0 0 0 0 0 0 0 0 0 0 0 0 0 0 0 0 0 0 0 0 0 0 0 0 0 0 0 0 0 0 0 0 0 0 0 0 0 0 0 0 0 0 0 0 0 0 0 0 0 0 0 0 0 0 0 0 0 0 0 0 0 0 0 0 0 0 0 0 0 0 0 0 0 0 0 0 0 0 0 0 0 0 0 0 0 0 0 0 0 0 0 0 0 0 0 0 0 0 0 0 0 0 0 0 0 0 0 0 0 0 0 0 0 0 0 0 0 0 0 0 0 0 0 0 0 0 0 0 0 0 0 0 0 0 0 0 0 0 0 0 0 0 0 0 0 0 0 0 0 0 0 0 0 0 0 0 0 0 0 0 0 0 0 0 0 0 0 0 0 0 0 0 0 0 0 0 0 0 0 0 0 0 0 0 0 0 0 0 0 0 0 0 0 0 0 0 0 0 0 0 0 0 0 0 0 0 0 0 0 0 0 0 0 0 0 0 0 0 0 0 0 0 0 0 0 0 0 0 0 0 0 0 0 0 0 0 0 0 0 0 0 0 0 0 0 0 0 0 0 0 0 0 0 0 0 0 0 0 0 0 0 0 0 0 0 0 0 0 0 0 0 0 0 0 0 0 0 0 0 0 0 0 0 0 0 0 0 0 0 0 0 0 0 0 0 0 0 0 0 0 0 0 0 0 0 0 0 0 0 0 0 0 0 0 0 0 0 0 0 0 0 0 0 0 0 0 0 0 0 0 0 0 0 0 0 0 0 0 0 0 0 0 0 0 0 0 0 0 0 0 0 0 0 0 0 0 0 0 0 0 0 0 0 0 0 0 0 0 0 0 0 0 0 0 0 0 0 0 0 0 0 0 0 0 0 0 0 0 0 0 0 0 0 0 0 0 0 0 0 0 0 0 0 0 0 0 0 0 0 0 0 0 0 0 0 0 0 0 0 0 0 0 0 0 0 0 0 0 0 0 0 0 0 0 0 0 0 0 0 0 0 0 0 0 0 0 0 0 0 0 0 0 0 0 0 0 0 0 0 0 0 0 0 0 0 0 0 0 0 0 0 0 0 0 0 0 0 0 0 0 0 0 0 0 0 0 0 0 0 0 0 0 0 0 0 0 0 0 0 0 0 0 0 0 0 0 0 0 0 0 0 0 0 0 0 0 0 0 0 0 0 0 0 0 0 0 0 0 0 0 0 0 0 0 0 0 0 0 0 0 0 0 0 0 0 0 0 0 0 0 0 0 0 0 0 0 0 0 0 0 0 0 0 0 0 0 0 0 0 0 0 0 0 0 0 0 0 0 0 0 0 0 0 0 0 0 0 0 0 0 0 0 0 0 0 0 0 0 0 0 0 0 0 0 0 0 0 0 0 0 0 0 0 0 0 0 0 0 0 0 0 0 0 0 0 0 0 0 0 0 0 0 0 0 0 0 0 0 0 0 0 0 0 0 0 0 0 0 0 0 0 0 0 0 0 0 0 0 0 0 0 0 0 0 0 0 0 0 0 0 0 0 0 0 0 0 0 0 0 0 0 0 0 0 0 0 0 0 0 0 0 0 0 0 0 0 0 0 0 0 0 0 0 0 0 0 0 0 0 0 0 0 0 0 0 0 0 0 0 0 0 0 0 0 0 0 0 0 0 0 0 0 0 0 0 0 0 0 0 0 0 0 0 0 0 0 0 0 0 0 0 0 0 0 0 0 0 0 0 0 0 0 0 0 0 0 0 0 0 0 0 0 0 0 0 0 0 0 0 0 0 0 0 0 0 0 0 0 0 0 0 0 0 0 0 0 0 0 0 0 0 0 0 0 0 0 0 0 0 0 0 0 0 0 0 0 0 0 0 0 0 0 0 0 0 0 0 0 0 0 0 0 0 0 0 0 0 0 0 0 0 0 0 0 0 0 0 0 0 0 0 0 0 0 0 0 0 0 0 0 0 0 0 0 0 0 0 0 0 0 0 0 0 0 0 0 0 0 0 0 0 0 0 0 0 0 0 0 0 0 0 0 0 0 0 0 0 0 0 0 0 0 0 0 0 0 0 0 0 0 0 0 0 0 0 0 0 0 0 0 0 0 0 0 0 0 0 0 0 0 0 0 0 0 0 0 0 0 0 0 0 0 0 0 0 0 0 0 0 0 0 0 0 0 0 0 0 0 0 0 0 0 0 0 0 0 0 0 0 0 0 0 0 0 0 0 0 0 0 0 0 0 0 0 0 0 0 0 0 0 0 0 0 0 0 0 0 0 0 0 0 0 0 0 0 0 0 0 0 0 0 0 0 0 0 0 0 0 0 0 0 0 0 0 0 0 0 0 0 0 0 0 0 0 0 0 0 0 0 0 0 0 0 0 0 0 0 0 0 0 0 0 0 0 0 0 0 0 0 0 0 0 0 0 0 0 0 0 0 0 0 0 0 0 0 0 0 0 0 0 0 0 0 0 0 0 0 0 0 0 0 0 0 0 0 0 0 0 0 0 0 0 0 0 0 0 0 0 0 0 0 0 0 0 0 0 0 0 0 0 0 0 0 0 0 0 0 0 0 0 0 0 0 0 0 0 0 0 0 0 0 0 0 0 0 0 0 0 0 0 0 0 0 0 0 0 0 0 0 0 0 0 0 0 0 0 0 0 0 0 0 0 0 0 0 0 0 0 0 0 0 0 0 0 0 0 0 0 0 0 0 0 0 0 0 0 0 0 0 0 0 0 0 0 0 0 0 0 0 0 0 0 0 0 0 0 0 0 0 0 0 0 0 0 0 0 0 0 0 0 0 0 0 0 0 0 0 0 0 0 0 0 0 0 0 0 0 0 0 0 0 0 0 0 0 0 0 0 0 0 0 0 0 0 0 0 0 0 0 0 0 0 0 0 0 0 0 0 0 0 0 0 0 0 0 0 0 0 0 0 0 0 0 0 0 0 0 0 0 0 0 0 0 0 0 0 0 0 0 0 0 0 0 0 0 0 0 0 0 0 0 0 0 0 0 0 0 0 0 0 0 0 0 0 0 0 0 0 0 0 0 0 0 0 0 0 0 0 0 0 0 0 0 0 0 0 0 0 0 0 0 0 0 0 0 0 0 0 0 0 0 0 0 0 0 0 0 0 0 0 0 0 0 0 0 0 0 0 0 0 0 0 0 0 0 0 0 0 0 0 0 0 0 0 0 0 0 0 0 0 0 0 0 0 0 0 0 0 0 0 0 0 0 0 0 0 0 0 0 0 0 0 0 0 0 0 0 0 0 0 0 0 0 0 0 0 0 0 0 0 0 0 0 0 0 0 0 0 0 0 0 0 0 0 0 0 0 0 0 0 0 0 0 0 0 0 0 0 0 0 0 0 0 0 0 0 0 0 0 0 0 0 0 0 0 0 0 0 0 0 0 0 0 0 0 0 0 0 0 0 0 0 0 0 0 0 0 0 0 0 0 0 0 0 0 0 0 0 0 0 0 0 0 0 0 0 0 0 0 0 0 0 0 0 0 0 0 0 0 0 0 0 0 0 0 0 0 0 0 0 0 0 0 0 0 0 0 0 0 0 0 0 0 0 0 0 0 0 0 0 0 0 0 0 0 0 0 0 0 0 0 0 0 0 0 0 0 0 0 0 0 0 0 0 0 0 0 0 0 0 0 0 0 0 0 0 0 0 0 0 0 0 0 0 0 0 0 0 0 0 0 0 0 0 0 0 0 0 0 0 0 0 0 0 0 0 0 0 0 0 0 0 0 0 0 0 0 0 0 0 0 0 0 0 0 0 0 0 0 0 0 0 0 0 0 0 0 0 0 0 0 0 0 0 0 0 0 0 0 0 0 0 0 0 0 0 0 0 0 0 0 0 0 0 0 0 0 0 0 0 0 0 0 0 0 0 0 0 0 0 0 0 0 0 0 0 0 0 0 0 0 0 0 0 0 0 0 0 0 0 0 0 0 0 0 0 0 0 0 0 0 0 0 0 0 0 0 0 0 0 0 0 0 0 0 0 0 0 0 0 0 0 0 0 0 0 0 0 0 0 0 0 0 0 0 0 0 0 0 0 0 0 0 0 0 0 0 0 0 0 0 0 0 0 0 0 0 0 0 0 0 0 0 0 0 0 0 0 0 0 0 0 0 0 0 0 0 0 0 0 0 0 0 0 0 0 0 0 0 0 0 0 0 0 0 0 0 0 0 0 0 0 0 0 0 0 0 0 0 0 0 0 0 0 0 0 0 0 0 0 0 0 0 0 0 0 0 0 0 0 0 0 0 0 0 0 0 0 0 0 0 0 0 0 0 0 0 0 0 0 0 0 0 0 0 0 0 0 0 0 0 0 0 0 0 0 0 0 0 0 0 0 0 0 0 0 0 0 0 0 0 0 0 0 0 0 0 0 0 0 0 0 0 0 0 0 0 0 0 0 0 0 0 0 0 0 0 0 0 0 0 0 0 0 0 0 0 0 0 0 0 0 0 0 0 0 0 0 0 0 0 0 0 0 0 0 0 0 0 0 0 0 0 0 0 0 0 0 0 0 0 0 0 0 0 0 0 0 0 0 0 0 0 0 0 0 0 0 0 0 0 0 0 0 0 0 0 0 0 0 0 0 0 0 0 0 0 0 0 0 0 0 0 0 0 0 0 0 0 0 0 0 0 0 0 0 0 0 0 0 0 0 0 0 0 0 0 0 0 0 0 0 0 0 0 0 0 0 0 0 0 0 0 0 0 0 0 0 0 0 0 0 0 0 0 0 0 0 0 0 0 0 0 0 0 0 0 0 0 0 0 0 0 0 0 0 0 0 0 0 0 0 0 0 0 0 0 0 0 0 0 0 0 0 0 0 0 0 0 0 0 0 0 0 0 0 0 0 0 0 0 0 0 0 0 0 0 0 0 0 0 0 0 0 0 0 0 0 0 0 0 0 0 0 0 0 0 0 0 0 0 0 0 0 0 0 0 0 0 0 0 0 0 0 0 0 0 0 0 0 0 0 0 0 0 0 0 0 0 0 0 0 0 0 0 0 0 0 0 0 0 0 0 0 0 0 0 0 0 0 0 0 0 0 0 0 0 0 0 0 0 0 0 0 0 0 0 0 0 0 0 0 0 0 0 0 0 0 0 0 0 0 0 0 0 0 0 0 0 0 0 0 0 0 0 0 0 0 0 0 0 0 0 0 0 0 0 0 0 0 0 0 0 0 0 0 0 0 0 0 0 0 0 0 0 0 0 0 0 0 0 0 0 0 0 0 0 0 0 0 0 0 0 0 0 0 0 0 0 0 0 0 0 0 0 0 0 0 0 0 0 0 0 0 0 0 0 0 0 0 0 0 0 0 0 0 0 0 0 0 0 0 0 0 0 0 0 0 0 0 0 0 0 0 0 0 0 0 0 0 0 0 0 0 0 0 0 0 0 0 0 0 0 0 0 0 0 0 0 0 0 0 0 0 0 0 0 0 0 0 0 0 0 0 0 0 0 0 0 0 0 0 0 0 0 0 0 0 0 0 0 0 0 0 0 0 0 0 0 0 0 0 0 0 0 0 0 0 0 0 0 0 0 0 0 0 0 0 0 0 0 0 0 0 0 0 0 0 0 0 0 0 0 0 0 0 0 0 0 0 0 0 0 0 0 0 0 0 0 0 0 0 0 0 0 0 0 0 0 0 0 0 0 0 0 0 0 0 0 0 0 0 0 0 0 0 0 0 0 0 0 0 0 0 0 0 0 0 0 0 0 0 0 0 0 0 0 0 0 0 0 0 0 0 0 0 0 0 0 0 0 0 0 0 0 0 0 0 0 0 0 0 0 0 0 0 0 0 0 0 0 0 0 0 0 0 0 0 0 0 0 0 0 0 0 0 0 0 0 0 0 0 0 0 0 0 0 0 0 0 0 0 0 0 0 0 0 0 0 0 0 0 0 0 0 0 0 0 0 0 0 0 0 0 0 0 0 0 0 0 0 0 0 0 0 0 0 0 0 0 0 0 0 0 0 0 0 0 0 0 0 0 0 0 0 0 0 0 0 0 0 0 0 0 0 0 0 0 0 0 0 0 0 0 0 0 0 0 0 0 0 0 0 0 0 0 0 0 0 0 0 0 0 0 0 0 0 0 0 0 0 0 0 0 0 0 0 0 0 0 0 0 0 0 0 0 0 0 0 0 0 0 0 0 0 0 0 0 0 0 0 0 0 0 0 0 0 0 0 0 0 0 0 0 0 0 0 0 0 0 0 0 0 0 0 0 0 0 0 0 0 0 0 0 0 0 0 0 0 0 0 0 0 0 0 0 0 0 0 0 0 0 0 0 0 0 0 0 0 0 0 0 0 0 0 0 0 0 0 0 0 0 0 0 0 0 0 0 0 0 0 0 0 0 0 0 0 0 0 0 0 0 0 0 0 0 0 0 0 0 0 0 0 0 0 0 0 0 0 0 0 0 0 0 0 0 0 0 0 0 0 0 0 0 0 0 0 0 0 0 0 0 0 0 0 0 0 0 0 0 0 0 0 0 0 0 0 0 0 0 0 0 0 0 0 0 0 0 0 0 0 0 0 0 0 0 0 0 0 0 0 0 0 0 0 0 0 0 0 0 0 0 0 0 0 0 0 0 0 0 0 0 0 0 0 0 0 0 0 0 0 0 0 0 0 0 0 0 0 0 0 0 0 0 0 0 0 0 0 0 0 0 0 0 0 0 0 0 0 0 0 0 0 0 0 0 0 0 0 0 0 0 0 0 0 0 0 0 0 0 0 0 0 0 0 0 0 0 0 0 0 0 0 0 0 0 0 0 0 0 0 0 0 0 0 0 0 0 0 0 0 0 0 0 0 0 0 0 0 0 0 0 0 0 0 0 0 0 0 0 0 0 0 0 0 0 0 0 0 0 0 0 0 0 0 0 0 0 0 0 0 0 0 0 0 0 0 0 0 0 0 0 0 0 0 0 0 0 0 0 0 0 0 0 0 0 0 0 0 0 0 0 0 0 0 0 0 0 0 0 0 0 0 0 0 0 0 0 0 0 0 0 0 0 0 0 0 0 0 0 0 0 0 0 0 0 0 0 0 0 0 0 0 0 0 0 0 0 0 0 0 0 0 0 0 0 0 0 0 0 0 0 0 0 0 0 0 0 0 0 0 0 0 0 0 0 0 0 0 0 0 0 0 0 0 0 0 0 0 0 0 0 0 0 0 0 0 0 0 0 0 0 0 0 0 0 0 0 0 0 0 0 0 0 0 0 0 0 0 0 0 0 0 0 0 0 0 0 0 0 0 0 0 0 0 0 0 0 0 0 0 0 0 0 0 0 0 0 0 0 0 0 0 0 0 0 0 0 0 0 0 0 0 0 0 0 0 0 0 0 0 0 0 0 0 0 0 0 0 0 0 0 0 0 0 0 0 0 0 0 0 0 0 0 0 0 0 0 0 0 0 0 0 0 0 0 0 0 0 0 0 0 0 0 0 0 0 0 0 0 0 0 0 0 0 0 0 0 0 0 0 0 0 0 0 0 0 0 0 0 0 0 0 0 0 0 0 0 0 0 0 0 0 0 0 0 0 0 0 0 0 0 0 0 0 0 0 0 0 0 0 0 0 0 0 0 0 0 0 0 0 0 0 0 0 0 0 0 0 0 0 0 0 0 0 0 0 0 0 0 0 0 0 0 0 0 0 0 0 0 0 0 0 0 0 0 0 0 0 0 0 0 0 0 0 0 0 0 0 0 0 0 0 0 0 0 0 0 0 0 0 0 0 0 0 0 0 0 0 0 0 0 0 0 0 0 0 0 0 0 0 0 0 0 0 0 0 0 0 0 0 0 0 0 0 0 0 0 0 0 0 0 0 0 0 0 0 0 0 0 0 0 0 0 0 0 0 0 0 0 0 0 0 0 0 0 0 0 0 0 0 0 0 0 0 0 0 0 0 0 0 0 0 0 0 0 0 0 0 0 0 0 0 0 0 0 0 0 0 0 0 0 0 0 0 0 0 0 0 0 0 0 0 0 0 0 0 0 0 0 0 0 0 0 0 0 0 0 0 0 0 0 0 0 0 0 0 0 0 0 0 0 0 0 0 0 0 0 0 0 0 0 0 0 0 0 0 0 0 0 0 0 0 0 0 0 0 0 0 0 0 0 0 0 0 0 0 0 0 0 0 0 0 0 0 0 0 0 0 0 0 0 0 0 0 0 0 0 0 0 0 0 0 0 0 0 0 0 0 0 0 0 0 0 0 0 0 0 0 0 0 0 0 0 0 0 0 0 0 0 0 0 0 0 0 0 0 0 0 0 0 0 0 0 0 0 0 0 0 0 0 0 0 0 0 0 0 0 0 0 0 0 0 0 0 0 0 0 0 0 0 0 0 0 0 0 0 0 0 0 0 0 0 0 0 0 0 0 0 0 0 0 0 0 0 0 0 0 0 0 0 0 0 0 0 0 0 0 0 0 0 0 0 0 0 0 0 0 0 0 0 0 0 0 0 0 0 0 0 0 0 0 0 0 0 0 0 0 0 0 0 0 0 0 0 0 0 0 0 0 0 0 0 0 0 0 0 0 0 0 0 0 0 0 0 0 0 0 0 0 0 0 0 0 0 0 0 0 0 0 0 0 0 0 0 0 0 0 0 0 0 0 0 0 0 0 0 0 0 0 0 0 0 0 0 0 0 0 0 0 0 0 0 0 0 0 0 0 0 0 0 0 0 0 0 0 0 0 0 0 0 0 0 0 0 0 0 0 0 0 0 0 0 0 0 0 0 0 0 0 0 0 0 0 0 0 0 0 0 0 0 0 0 0 0 0 0 0 0 0 0 0 0 0 0 0 0 0 0 0 0 0 0 0 0 0 0 0 0 0 0 0 0 0 0 0 0 0 0 0 0 0 0 0 0 0 0 0 0 0 0 0 0 0 0 0 0 0 0 0 0 0 0 0 0 0 0 0 0 0 0 0 0 0 0 0 0 0 0 0 0 0 0 0 0 0 0 0 0 0 0 0 0 0 0 0 0 0 0 0 0 0 0 0 0 0 0 0 0 0 0 0 0 0 0 0 0 0 0 0 0 0 0 0 0 0 0 0 0 0 0 0 0 0 0 0 0 0 0 0 0 0 0 0 0 0 0 0 0 0 0 0 0 0 0 0 0 0 0 0 0 0 0 0 0 0 0 0 0 0 0 0 0 0 0 0 0 0 0 0 0 0 0 0 0 0 0 0 0 0 0 0 0 0 0 0 0 0 0 0 0 0 0 0 0 0 0 0 0 0 0 0 0 0 0 0 0 0 0 0 0 0 0 0 0 0 0 0 0 0 0 0 0 0 0 0 0 0 0 0 0 0 0 0 0 0 0 0 0 0 0 0 0 0 0 0 0 0 0 0 0 0 0 0 0 0 0 0 0 0 0 0 0 0 0 0 0 0 0 0 0 0 0 0 0 0 0 0 0 0 0 0 0 0 0 0 0 0 0 0 0 0 0 0 0 0 0 0 0 0 0 0 0 0 0 0 0 0 0 0 0 0 0 0 0 0 0 0 0 0 0 0 0 0 0 0 0 0 0 0 0 0 0 0 0 0 0 0 0 0 0 0 0 0 0 0 0 0 0 0 0 0 0 0 0 0 0 0 0 0 0 0 0 0 0 0 0 0 0 0 0 0 0 0 0 0 0 0 0 0 0 0 0 0 0 0 0 0 0 0 0 0 0 0 0 0 0 0 0 0 0 0 0 0 0 0 0 0 0 0 0 0 0 0 0 0 0 0 0 0 0 0 0 0 0 0 0 0 0 0 0 0 0 0 0 0 0 0 0 0 0 0 0 0 0 0 0 0 0 0 0 0 0 0 0 0 0 0 0 0 0 0 0 0 0 0 0 0 0 0 0 0 0 0 0 0 0 0 0 0 0 0 0 0 0 0 0 0 0 0 0 0 0 0 0 0 0 0 0 0 0 0 0 0 0 0 0 0 0 0 0 0 0 0 0 0 0 0 0 0 0 0 0 0 0 0 0 0 0 0 0 0 0 0 0 0 0 0 0 0 0 0 0 0 0 0 0 0 0 0 0 0 0 0 0 0 0 0 0 0 0 0 0 0 0 0 0 0 0 0 0 0 0 0 0 0 0 0 0 0 0 0 0 0 0 0 0 0 0 0 0 0 0 0 0 0 0 0 0 0 0 0 0 0 0 0 0 0 0 0 0 0 0 0 0 0 0 0 0 0 0 0 0 0 0 0 0 0 0 0 0 0 0 0 0 0 0 0 0 0 0 0 0 0 0 0 0 0 0 0 0 0 0 0 0 0 0 0 0 0 0 0 0 0 0 0 0 0 0 0 0 0 0 0 0 0 0 0 0 0 0 0 0 0 0 0 0 0 0 0 0 0 0 0 0 0 0 0 0 0 0 0 0 0 0 0 0 0 0 0 0 0 0 0 0 0 0 0 0 0 0 0 0 0 0 0 0 0 0 0 0 0 0 0 0 0 0 0 0 0 0 0 0 0 0 0 0 0 0 0 0 0 0 0 0 0 0 0 0 0 0 0 0 0 0 0 0 0 0 0 0 0 0 0 0 0 0 0 0 0 0 0 0 0 0 0 0 0 0 0 0 0 0 0 0 0 0 0 0 0 0 0 0 0 0 0 0 0 0 0 0 0 0 0 0 0 0 0 0 0 0 0 0 0 0 0 0 0 0 0 0 0 0 0 0 0 0 0 0 0 0 0 0 0 0 0 0 0 0 0 0 0 0 0 0 0 0 0 0 0 0 0 0 0 0 0 0 0 0 0 0 0 0 0 0 0 0 0 0 0 0 0 0 0 0 0 0 0 0 0 0 0 0 0 0 0 0 0 0 0 0 0 0 0 0 0 0 0 0 0 0 0 0 0 0 0 0 0 0 0 0 0 0 0 0 0 0 0 0 0 0 0 0 0 0 0 0 0 0 0 0 0 0 0 0 0 0 0 0 0 0 0 0 0 0 0 0 0 0 0 0 0 0 0 0 0 0 0 0 0 0 0 0 0 0 0 0 0 0 0 0 0 0 0 0 0 0 0 0 0 0 0 0 0 0 0 0 0 0 0 0 0 0 0 0 0 0 0 0 0 0 0 0 0 0 0 0 0 0 0 0 0 0 0 0 0 0 0 0 0 0 0 0 0 0 0 0 0 0 0 0 0 0 0 0 0 0 0 0 0 0 0 0 0 0 0 0 0 0 0 0 0 0 0 0 0 0 0 0 0 0 0 0 0 0 0 0 0 0 0 0 0 0 0 0 0 0 0 0 0 0 0 0 0 0 0 0 0 0 0 0 0 0 0 0 0 0 0 0 0 0 0 0 0 0 0 0 0 0 0 0 0 0 0 0 0 0 0 0 0 0 0 0 0 0 0 0 0 0 0 0 0 0 0 0 0 0 0 0 0 0 0 0 0 0 0 0 0 0 0 0 0 0 0 0 0 0 0 0 0 0 0 0 0 0 0 0 0 0 0 0 0 0 0 0 0 0 0 0 0 0 0 0 0 0 0 0 0 0 0 0 0 0 0 0 0 0 0 0 0 0 0 0 0 0 0 0 0 0 0 0 0 0 0 0 0 0 0 0 0 0 0 0 0 0 0 0 0 0 0 0 0 0 0 0 0 0 0 0 0 0 0 0 0 0 0 0 0 0 0 0 0 0 0 0 0 0 0 0 0 0 0 0 0 0 0 0 0 0 0 0 0 0 0 0 0 0 0 0 0 0 0 0 0 0 0 0 0 0 0 0 0 0 0 0 0 0 0 0 0 0 0 0 0 0 0 0 0 0 0 0 0 0 0 0 0 0 0 0 0 0 0 0 0 0 0 0 0 0 0 0 0 0 0 0 0 0 0 0 0 0 0 0 0 0 0 0 0 0 0 0 0 0 0 0 0 0 0 0 0 0 0 0 0 0 0 0 0 0 0 0 0 0 0 0 0 0 0 0 0 0 0 0 0 0 0 0 0 0 0 0 0 0 0 0 0 0 0 0 0 0 0 0 0 0 0 0 0 0 0 0 0 0 0 0 0 0 0 0 0 0 0 0 0 0 0 0 0 0 0 0 0 0 0 0 0 0 0 0 0 0 0 0 0 0 0 0 0 0 0 0 0 0 0 0 0 0 0 0 0 0 0 0 0 0 0 0 0 0 0 0 0 0 0 0 0 0 0 0 0 0 0 0 0 0 0 0 0 0 0 0 0 0 0 0 0 0 0 0 0 0 0 0 0 0 0 0 0 0 0 0 0 0 0 0 0 0 0 0 0 0 0 0 0 0 0 0 0 0 0 0 0 0 0 0 0 0 0 0 0 0 0 0 0 0 0 0 0 0 0 0 0 0 0 0 0 0 0 0 0 0 0 0 0 0 0 0 0 0 0 0 0 0 0 0 0 0 0 0 0 0 0 0 0 0 0 0 0 0 0 0 0 0 0 0 0 0 0 0 0 0 0 0 0 0 0 0 0 0 0 0 0 0 0 0 0 0 0 0 0 0 0 0 0 0 0 0 0 0 0 0 0 0 0 0 0 0 0 0 0 0 0 0 0 0 0 0 0 0 0 0 0 0 0 0 0 0 0 0 0 0 0 0 0 0 0 0 0 0 0 0 0 0 0 0 0 0 0 0 0 0 0 0 0 0 0 0 0 0 0 0 0 0 0 0 0 0 0 0 0 0 0 0 0 0 0 0 0 0 0 0 0 0 0 0 0 0 0 0 0 0 0 0 0 0 0 0 0 0 0 0 0 0 0 0 0 0 0 0 0 0 0 0 0 0 0 0 0 0 0 0 0 0 0 0 0 0 0 0 0 0 0 0 0 0 0 0 0 0 0 0 0 0 0 0 0 0 0 0 0 0 0 0 0 0 0 0 0 0 0 0 0 0 0 0 0 0 0 0 0 0 0 0 0 0 0 0 0 0 0 0 0 0 0 0 0 0 0 0 0 0 0 0 0 0 0 0 0 0 0 0 0 0 0 0 0 0 0 0 0 0 0 0 0 0 0 0 0 0 0 0 0 0 0 0 0 0 0 0 0 0 0 0 0 0 0 0 0 0 0 0 0 0 0 0 0 0 0 0 0 0 0 0 0 0 0 0 0 0 0 0 0 0 0 0 0 0 0 0 0 0 0 0 0 0 0 0 0 0 0 0 0 0 0 0 0 0 0 0 0 0 0 0 0 0 0 0 0 0 0 0 0 0 0 0 0 0 0 0 0 0 0 0 0 0 0 0 0 0 0 0 0 0 0 0 0 0 0 0 0 0 0 0 0 0 0 0 0 0 0 0 0 0 0 0 0 0 0 0 0 0 0 0 0 0 0 0 0 0 0 0 0 0 0 0 0 0 0 0 0 0 0 0 0 0 0 0 0 0 0 0 0 0 0 0 0 0 0 0 0 0 0 0 0 0 0 0 0 0 0 0 0 0 0 0 0 0 0 0 0 0 0 0 0 0 0 0 0 0 0 0 0 0 0 0 0 0 0 0 0 0 0 0 0 0 0 0 0 0 0 0 0 0 0 0 0 0 0 0 0 0 0 0 0 0 0 0 0 0 0 0 0 0 0 0 0 0 0 0 0 0 0 0 0 0 0 0 0 0 0 0 0 0 0 0 0 0 0 0 0 0 0 0 0 0 0 0 0 0 0 0 0 0 0 0 0 0 0 0 0 0 0 0 0 0 0 0 0 0 0 0 0 0 0 0 0 0 0 0 0 0 0 0 0 0 0 0 0 0 0 0 0 0 0 0 0 0 0 0 0 0 0 0 0 0 0 0 0 0 0 0 0 0 0 0 0 0 0 0 0 0 0 0 0 0 0 0 0 0 0 0 0 0 0 0 0 0 0 0 0 0 0 0 0 0 0 0 0 0 0 0 0 0 0 0 0 0 0 0 0 0 0 0 0 0 0 0 0 0 0 0 0 0 0 0 0 0 0 0 0 0 0 0 0 0 0 0 0 0 0 0 0 0 0 0 0 0 0 0 0 0 0 0 0 0 0 0 0 0 0 0 0 0 0 0 0 0 0 0 0 0 0 0 0 0 0 0 0 0 0 0 0 0 0 0 0 0 0 0 0 0 0 0 0 0 0 0 0 0 0 0 0 0 0 0 0 0 0 0 0 0 0 0 0 0 0 0 0 0 0 0 0 0 0 0 0 0 0 0 0 0 0 0 0 0 0 0 0 0 0 0 0 0 0 0 0 0 0 0 0 0 0 0 0 0 0 0 0 0 0 0 0 0 0 0 0 0 0 0 0 0 0 0 0 0 0 0 0 0 0 0 0 0 0 0 0 0 0 0 0 0 0 0 0 0 0 0 0 0 0 0 0 0 0 0 0 0 0 0 0 0 0 0 0 0 0 0 0 0 0 0 0 0 0 0 0 0 0 0 0 0 0 0 0 0 0 0 0 0 0 0 0 0 0 0 0 0 0 0 0 0 0 0 0 0 0 0 0 0 0 0 0 0 0 0 0 0 0 0 0 0 0 0 0 0 0 0 0 0 0 0 0 0 0 0 0 0 0 0 0 0 0 0 0 0 0 0 0 0 0 0 0 0 0 0 0 0 0 0 0 0 0 0 0 0 0 0 0 0 0 0 0 0 0 0 0 0 0 0 0 0 0 0 0 0 0 0 0 0 0 0 0 0 0 0 0 0 0 0 0 0 0 0 0 0 0 0 0 0 0 0 0 0 0 0 0 0 0 0 0 0 0 0 0 0 0 0 0 0 0 0 0 0 0 0 0 0 0 0 0 0 0 0 0 0 0 0 0 0 0 0 0 0 0 0 0 0 0 0 0 0 0 0 0 0 0 0 0 0 0 0 0 0 0 0 0 0 0 0 0 0 0 0 0 0 0 0 0 0 0 0 0 0 0 0 0 0 0 0 0 0 0 0 0 0 0 0 0 0 0 0 0 0 0 0 0 0 0 0 0 0 0 0 0 0 0 0 0 0 0 0 0 0 0 0 0 0 0 0 0 0 0 0 0 0 0 0 0 0 0 0 0 0 0 0 0 0 0 0 0 0 0 0 0 0 0 0 0 0 0 0 0 0 0 0 0 0 0 0 0 0 0 0 0 0 0 0 0 0 0 0 0 0 0 0 0 0 0 0 0 0 0 0 0 0 0 0 0 0 0 0 0 0 0 0 0 0 0 0 0 0 0 0 0 0 0 0 0 0 0 0 0 0 0 0 0 0 0 0 0 0 0</v>
                </vertex_weights>
            </skin>
        </controller>
    </library_controllers>
    <library_visual_scenes>
        <visual_scene id="Scene" name="Scene">
            <node id="green" sid="green" name="green" type="JOINT">
                <matrix sid="transform">1 0 0 0 0 1 0 0 0 0 1 0 0 0 0 1</matrix>
                <node id="green_1" sid="green_1" name="green_1" type="JOINT">
                    <matrix sid="transform">1 0 0 0 0 1 0 0 0 0 1 0 0 0 0 1</matrix>
                </node>
                <node id="green_2" sid="green_2" name="green_2" type="JOINT">
                    <matrix sid="transform">1 0 0 0 0 1 0 0 0 0 1 0 0 0 0 1</matrix>
                </node>
                <node id="green_3" sid="green_3" name="green_3" type="JOINT">
                    <matrix sid="transform">1 0 0 0 0 1 0 0 0 0 1 0 0 0 0 1</matrix>
                </node>
            </node>
            <node id="green_1_0" sid="green_1_0" name="green_1_0">
                <instance_controller url="#green_1_0-controller">
                    <skeleton>#green</skeleton>
                    <bind_material>
                        <technique_common>
                            <instance_material target="#tach_s" symbol="tach_s" />
                        </technique_common>
                    </bind_material>
                </instance_controller>
            </node>
            <node id="green_1_1" sid="green_1_1" name="green_1_1">
                <instance_controller url="#green_1_1-controller">
                    <skeleton>#green</skeleton>
                    <bind_material>
                        <technique_common>
                            <instance_material target="#to_s" symbol="to_s" />
                        </technique_common>
                    </bind_material>
                </instance_controller>
            </node>
            <node id="green_1_2" sid="green_1_2" name="green_1_2">
                <instance_controller url="#green_1_2-controller">
                    <skeleton>#green</skeleton>
                    <bind_material>
                        <technique_common>
                            <instance_material target="#light_s" symbol="light_s" />
                        </technique_common>
                    </bind_material>
                </instance_controller>
            </node>
            <node id="green_2_0" sid="green_2_0" name="green_2_0">
                <instance_controller url="#green_2_0-controller">
                    <skeleton>#green</skeleton>
                    <bind_material>
                        <technique_common>
                            <instance_material target="#tach_s0" symbol="tach_s0" />
                        </technique_common>
                    </bind_material>
                </instance_controller>
            </node>
            <node id="green_2_1" sid="green_2_1" name="green_2_1">
                <instance_controller url="#green_2_1-controller">
                    <skeleton>#green</skeleton>
                    <bind_material>
                        <technique_common>
                            <instance_material target="#to_s0" symbol="to_s0" />
                        </technique_common>
                    </bind_material>
                </instance_controller>
            </node>
            <node id="green_2_2" sid="green_2_2" name="green_2_2">
                <instance_controller url="#green_2_2-controller">
                    <skeleton>#green</skeleton>
                    <bind_material>
                        <technique_common>
                            <instance_material target="#light_s0" symbol="light_s0" />
                        </technique_common>
                    </bind_material>
                </instance_controller>
            </node>
            <node id="green_3_0" sid="green_3_0" name="green_3_0">
                <instance_controller url="#green_3_0-controller">
                    <skeleton>#green</skeleton>
                    <bind_material>
                        <technique_common>
                            <instance_material target="#tach_s1" symbol="tach_s1" />
                        </technique_common>
                    </bind_material>
                </instance_controller>
            </node>
            <node id="green_3_1" sid="green_3_1" name="green_3_1">
                <instance_controller url="#green_3_1-controller">
                    <skeleton>#green</skeleton>
                    <bind_material>
                        <technique_common>
                            <instance_material target="#to_s1" symbol="to_s1" />
                        </technique_common>
                    </bind_material>
                </instance_controller>
            </node>
            <node id="green_3_2" sid="green_3_2" name="green_3_2">
                <instance_controller url="#green_3_2-controller">
                    <skeleton>#green</skeleton>
                    <bind_material>
                        <technique_common>
                            <instance_material target="#light_s1" symbol="light_s1" />
                        </technique_common>
                    </bind_material>
                </instance_controller>
            </node>
        </visual_scene>
    </library_visual_scenes>
    <scene>
        <instance_visual_scene url="#Scene" />
    </scene>
</COLLADA>