mtllib sea.mtl
v -2029.897 -40.19277 -854.8438
vt 0.03325418 2.775647
vn -0.2278855 0.9725802 -0.04643222
v -1973.423 -23.05024 -938.2892
vt 0.1744398 2.98426
vn -0.2461898 0.9651917 -0.08829235
v -1991.782 -26.55778 -891.2303
vt 0.1285435 2.866613
vn -0.3978316 0.9140438 -0.07908131
v -2016.202 -36.72063 -952.8049
vt 0.06749307 3.02055
vn -0.1774721 0.9818549 -0.06681769
v -1941.38 -26.55727 -968.4426
vt 0.2545463 3.059644
vn -0.1360307 0.9784564 -0.1553021
v -1989.341 -35.43284 -1001.837
vt 0.134644 3.143131
vn -0.1182231 0.9848454 -0.126897
v -1904.329 -23.9126 -988.8884
vt 0.3471748 3.110759
vn -0.03622594 0.9827477 -0.1813687
v -1919.855 -35.16271 -1035.174
vt 0.3083601 3.226472
vn -0.03431851 0.9868435 -0.1579943
v -1873.566 -26.55689 -984.7638
vt 0.4240834 3.100447
vn 0.06030878 0.9785309 -0.1970788
v -1853.459 -35.88058 -1038.228
vt 0.474351 3.234108
vn 0.04506225 0.9855396 -0.1633435
v -1842.802 -25.8714 -983.0909
vt 0.5009916 3.096265
vn 0.06832464 0.9505045 -0.3031056
v -1797.655 -38.97472 -1014.301
vt 0.6138605 3.17429
vn 0.06205694 0.9765848 -0.2059882
v -1783.132 -23.42996 -977.8029
vt 0.6501679 3.083045
vn 0.1685472 0.9284757 -0.3309451
v -1762.231 -38.8751 -1001.987
vt 0.7024204 3.143504
vn 0.1088883 0.9726081 -0.20537
v -1759.096 -23.24361 -939.665
vt 0.7102571 2.9877
vn 0.2866053 0.9335564 -0.2152435
v -1708.318 -42.83218 -965.0576
vt 0.8372034 3.051181
vn 0.1799177 0.9756394 -0.1255283
v -1741.237 -23.15043 -916.4495
vt 0.7549061 2.929661
vn 0.3249369 0.9297066 -0.1733828
v -1694.516 -42.85151 -937.7894
vt 0.8717066 2.983011
vn 0.248701 0.9610856 -0.1202591
v -1725.034 -23.05724 -893.3879
vt 0.795413 2.872007
vn 0.3589088 0.9293308 -0.08676848
v -1680.168 -42.34255 -890.1694
vt 0.9075785 2.863961
v -1720.061 -26.55643 -838.8329
vt 0.8078458 2.73562
vn 0.3311219 0.9434893 0.01365039
v -1672.59 -42.21943 -812.8599
vt 0.9265232 2.670687
v -1730.992 -24.52343 -786.6691
vt 0.7805186 2.60521
vn 0.2554003 0.9604029 0.1113416
v -1676.966 -43.22366 -766.1291
vt 0.9155827 2.55386
v -1778.135 -25.3707 -747.4809
vt 0.6626603 2.50724
vn 0.169325 0.9727495 0.1583903
v -1704.775 -41.9716 -724.6707
vt 0.8460603 2.450214
vn 0.1211847 0.9872627 0.1030852
v -1840.932 -26.55729 -700.4726
vt 0.5056666 2.389719
vn 0.1188055 0.983097 0.139304
v -1755.2 -40.19247 -660.6002
vt 0.7199979 2.290038
vn 0.06540795 0.9955634 0.06764139
v -1876.523 -23.76898 -685.6344
vt 0.4166892 2.352623
vn 0.1258421 0.9911839 0.04145031
v -1823.111 -40.19323 -621.4587
vt 0.5502207 2.192184
vn 0.119481 0.9927819 -0.0104063
v -1933.562 -26.55821 -665.2595
vt 0.2740919 2.301686
vn 0.0747717 0.9910351 -0.1107187
v -1903.986 -9.149902 -523.7577
vt 0.348032 1.947932
vn 0.1474533 0.9831207 -0.1083107
v -1815.313 -40.20455 276.4929
vt 0.5697144 -0.05269456
vn 0.1451332 0.9873871 0.06327002
v -1925.696 -16.60419 281.2967
vt 0.2937574 -0.06470418
vn 0.2075177 0.9743166 0.08742717
v -1902.233 -16.60372 244.2588
vt 0.3524143 0.02789062
vn 0.2230855 0.9660269 0.1304795
v -1794.889 -16.60119 78.9229
vt 0.6207761 0.4412303
vn 0.2010074 0.9752163 0.09246184
v -1660.781 -40.19939 6.816411
vt 0.9560456 0.6214965
vn 0.106626 0.9942703 0.007587444
v -1683.822 -40.20026 95.00991
vt 0.898443 0.4010128
vn 0.127463 0.9897338 0.06465423
v -1797.468 -16.60062 17.9046
vt 0.6143287 0.593776
vn 0.1678094 0.9858188 0.001138003
v -1653.386 -40.19814 -62.59885
vt 0.9745319 0.7950346
vn 0.08829919 0.9960924 0.001787595
v -1830.74 -16.59973 -77.79086
vt 0.5311484 0.8330147
vn 0.1439613 0.9895803 -0.002434086
v -1655.812 -40.19498 -129.2057
vt 0.9684675 0.9615517
vn 0.08885175 0.9960048 0.008927993
v -1811.655 -16.59755 -136.9319
vt 0.5788602 0.9808673
vn 0.1474485 0.9888878 0.01896869
v -1657.311 -39.60561 -205.7757
vt 0.9647193 1.152977
vn 0.109536 0.9937552 0.02127415
v -1798.154 -16.59709 -186.3049
vt 0.6126127 1.1043
vn 0.1785205 0.983063 0.0414435
v -1658.81 -39.01625 -282.3458
vt 0.9609715 1.344402
vn 0.1209703 0.9926491 0.00372183
v -1784.653 -11.49034 -235.6779
vt 0.6463661 1.227732
vn 0.1934251 0.9810862 0.007527734
v -1684.789 -38.10905 -393.4052
vt 0.8960255 1.62205
vn 0.1198019 0.9926867 -0.01485268
v -1820.631 -11.48998 -343.7055
vt 0.5564201 1.497801
vn 0.1942757 0.980647 -0.02425826
v -1682.364 -40.19479 -453.8199
vt 0.9020881 1.773087
vn 0.09119027 0.9947203 -0.04707246
v -1824.377 -9.151489 -406.6149
vt 0.5470548 1.655075
vn 0.1531673 0.9845371 -0.08500817
v -1837.902 -16.60242 159.8756
vt 0.5132422 0.2388486
vn 0.2296128 0.9585314 0.1688061
v -1753.565 -40.202 166.2854
vt 0.7240852 0.2228242
vn 0.1441202 0.9835656 0.108757
v -1875.382 -16.60326 207.2209
vt 0.4195435 0.1204852
vn 0.2391012 0.9589511 0.1524579
v -1796.574 -40.20322 229.1709
vt 0.6165632 0.06561017
vn 0.1478608 0.9848873 0.09018962
v -1701.897 -40.19413 -512.9687
vt 0.8532548 1.920959
vn 0.03730387 0.9981678 -0.04763818
v -1630.021 -42.89814 -642.0076
vt 1.032944 2.243556
vn 0.02632627 0.9996304 -0.00677762
v -1606.686 -43.6521 -583.6279
vt 1.091284 2.097607
vn 0.02351513 0.9996687 -0.01046336
v -1721.43 -40.19347 -572.1176
vt 0.8044215 2.068831
vn 0.01316191 0.9999077 -0.003381745
v -1793.169 -40.03917 372.7058
vt 0.6250758 -0.293227
vn 0.1337614 0.9851017 -0.1080858
v -1829.676 -16.60534 428.8819
vt 0.5338072 -0.4336672
vn 0.2729439 0.9572751 -0.09553024
v -1908.582 -16.60478 365.4008
vt 0.3365415 -0.2749645
vn 0.2291126 0.954414 -0.1913149
v -1763.919 -37.47084 449.9435
vt 0.6981999 -0.4863211
vn 0.1731334 0.9836787 -0.04900014
v -1845.514 -16.60659 535.1451
vt 0.4942133 -0.6993253
vn 0.2623952 0.9637642 0.04803475
v -1772.43 -37.32625 560.1865
vt 0.6769233 -0.7619288
vn 0.1789638 0.98348 0.02718675
v -1862.33 -16.60737 593.6669
vt 0.4521726 -0.8456297
vn 0.2726969 0.9606782 0.05228497
v -1801.311 -34.91299 638.5622
vt 0.6047208 -0.9578679
vn 0.1850177 0.9823646 0.0269863
v -1884.01 -10.12727 664.2261
vt 0.3979716 -1.022027
vn 0.3002433 0.949166 0.09454042
v -1823.354 -33.07103 698.3835
vt 0.5496113 -1.107421
vn 0.1921629 0.9795197 0.06012096
v -1906.307 -7.1213 702.2749
vt 0.3422291 -1.11715
vn 0.2406503 0.9451954 0.220665
v -1842.695 -34.34933 733.3319
vt 0.5012589 -1.194792
vn 0.1519377 0.9795885 0.1316103
v -1929.681 -17.7434 732.7507
vt 0.2837949 -1.193339
vn 0.1219066 0.9684484 0.2173624
v -1869.728 -35.62764 772.4035
vt 0.4336781 -1.292471
vn 0.1169006 0.9841377 0.1334436
v -1941.426 -16.60468 335.4989
vt 0.2544325 -0.2002097
vn 0.1987195 0.978129 -0.0614339
v -1816.483 -41.07786 329.3234
vt 0.566789 -0.1847708
vn 0.109602 0.9933317 -0.03576903
v -1583.35 -42.4535 -525.2484
vt 1.149623 1.951658
vn 0.0290212 0.9995377 -0.009065943
v -1564.061 -44.97417 -429.7672
vt 1.197845 1.712955
vn 0.04465946 0.9989879 -0.005364275
v -1569.03 -42.92002 -303.0494
vt 1.185422 1.396161
vn 0.0479766 0.9988484 -9.820965E-05
v -1577.056 -43.41926 -223.0492
vt 1.165358 1.196161
vn 0.04000441 0.999199 0.001001592
v -1557.603 -42.43175 -143.0491
vt 1.21399 0.9961603
vn 0.02993745 0.9995511 -0.00114455
v -1591.375 -42.19215 -76.44632
vt 1.129559 0.8296533
vn 0.03237032 0.9994579 0.006002719
v -1616.548 -42.19208 19.98026
vt 1.066627 0.5885869
vn 0.04505806 0.9988862 0.01400486
v -1664.273 -42.19203 112.1574
vt 0.9473158 0.3581439
vn 0.05327109 0.9979129 0.03649691
v -1726.305 -42.19194 176.7288
vt 0.7922349 0.1967157
vn 0.05697834 0.9972466 0.04746255
v -1767.665 -42.04698 229.3828
vt 0.6888352 0.06508064
vn 0.05473901 0.9981416 0.02677532
v -1770.778 -42.04691 280.6681
vt 0.6810523 -0.06313276
vn 0.03682126 0.9992982 0.006883903
v -1745.538 -42.0096 318.8718
vt 0.7441532 -0.1586421
vn 0.0199735 0.9997513 -0.00992013
v -1724.755 -42.12358 347.0814
vt 0.79611 -0.229166
vn 0.03623372 0.9990762 -0.02310387
v -1695.085 -42.78212 492.4045
vt 0.8702851 -0.5924737
vn 0.07188895 0.9974102 -0.002203535
v -1713.367 -44.30093 575.2986
vt 0.8245798 -0.7997091
vn 0.09415308 0.9955388 0.006130546
v -1715.232 -42.46911 657.8089
vt 0.8199174 -1.005985
vn 0.09574511 0.9954048 0.001459965
v -1730.271 -42.19148 723.7966
vt 0.7823188 -1.170954
vn 0.0815901 0.9963543 0.02492256
v -1743.954 -42.66536 792.6557
vt 0.7481123 -1.343102
vn 0.06104339 0.9973042 0.04071839
v -1795.047 -42.46678 872.352
vt 0.6203794 -1.542342
vn 0.04408064 0.9977237 0.05103219
v -1898.088 -34.25186 803.4804
vt 0.3627775 -1.370163
vn 0.05715219 0.9903706 0.1260937
v -1886.841 -43.51966 913.2089
vt 0.3908952 -1.644485
vn 0.02082711 0.9972056 0.07174486
v -1940.972 -34.48968 806.2849
vt 0.2555683 -1.377175
vn -0.02267491 0.9887589 0.1477896
v -1950.291 -42.05513 899.0575
vt 0.2322697 -1.609106
vn -0.01123886 0.9966937 0.08046994
v -1988.362 -35.20385 799.3872
vt 0.1370936 -1.359931
vn -0.0403945 0.9888038 0.14365
v -1997.191 -42.89913 895.4946
vt 0.1150199 -1.600199
vn -0.02513503 0.996628 0.07810826
v -2100.653 -42.10003 -907.4318
vt -0.1436339 2.907117
vn -0.05107724 0.998618 -0.01237686
v -2074.696 -46.29446 -982.7392
vt -0.07874319 3.095386
vn -0.1080989 0.9931177 -0.04507655
v -2028.728 -47.2666 -1078.565
vt 0.03617838 3.33495
vn -0.1002621 0.9900913 -0.09831925
v -1945.665 -47.76948 -1117.806
vt 0.2438343 3.433052
vn -0.03239633 0.990372 -0.1345873
v -1865.286 -47.26661 -1122.027
vt 0.4447813 3.443605
vn 0.02974563 0.9911511 -0.1293627
v -1799.878 -47.26662 -1104.842
vt 0.608303 3.400644
vn 0.05520527 0.99268 -0.1074188
v -1738.035 -47.26661 -1070.967
vt 0.7629108 3.315954
vn 0.04753219 0.9959189 -0.07672188
v -1681.347 -45.13995 -1042.053
vt 0.9046302 3.24367
vn 0.06942398 0.997036 -0.03315884
v -1665.108 -46.6148 -957.1346
vt 0.945228 3.031374
vn 0.08913114 0.9959635 -0.01060195
v -2122.895 -42.65111 -746.468
vt -0.1992388 2.504707
vn -0.03098294 0.9995164 -0.002638147
v -2042.233 -39.74247 -673.0332
vt 0.002415256 2.321121
vn -0.15127 0.9879193 -0.03365916
v -2126.172 -42.65109 -707.7126
vt -0.2074334 2.407819
vn -0.02860768 0.9995738 -0.005822313
v -2041.604 -40.19308 -732.611
vt 0.003987216 2.470065
vn -0.1421355 0.9897329 0.01504061
v -1977.948 -26.55843 -679.0809
vt 0.1631278 2.33624
vn -0.1806915 0.9798381 -0.08525236
v -1992.129 -26.55812 -758.0733
vt 0.127675 2.533721
vn -0.251526 0.9673035 0.03253575
v -2128.795 -41.74327 -623.395
vt -0.2139892 2.197025
vn -0.0264558 0.9996329 -0.005842076
v -2069.552 -40.19347 -543.5938
vt -0.0658837 1.997522
vn -0.1741624 0.9819236 -0.0741174
v -1997.157 -9.150372 -536.5656
vt 0.115106 1.979952
vn -0.1576128 0.9778713 -0.1375714
v -2038.348 -9.151157 -477.7569
vt 0.01212809 1.83293
vn -0.3172027 0.9379063 -0.1404069
v -1946.848 -9.149963 -545.869
vt 0.2408766 2.00321
vn 0.03828811 0.9902811 -0.1337061
v -2010.967 -26.55803 -831.0769
vt 0.08057993 2.71623
vn -0.3756331 0.9257845 -0.04269561
v -2044.946 -40.19291 -793.0844
vt -0.004367886 2.621248
vn -0.2048883 0.9785304 -0.02233759
v -2112.107 -42.34283 -830.3476
vt -0.172271 2.714406
vn -0.02918695 0.9995729 -0.001455316
v -1782.062 -40.19403 -545.9188
vt 0.6528431 2.003335
vn 0.1076926 0.9917226 -0.06991781
v -1746.763 -40.19495 -492.5717
vt 0.7410899 1.869967
vn 0.1023973 0.9888355 -0.1082547
v -1954.748 -19.97203 737.006
vt 0.221128 -1.203977
vn -0.03400549 0.9761493 0.2144207
v -1987.801 -20.90415 730.2148
vt 0.138494 -1.187
vn -0.05546857 0.9764412 0.2085325
v -1824.377 -9.151493 -406.6149
vn 0.15281 0.9749608 -0.1615566
v -1863.37 -9.150433 -451.6476
vt 0.4495716 1.767656
vn 0.2136239 0.9670192 -0.1387038
v -1955.725 -41.89214 965.9543
vt 0.2186845 -1.776348
vn 0.02370261 0.9706422 -0.2393572
v -1951.746 -22.87591 1047.189
vt 0.2286323 -1.979434
vn 0.181408 0.9668559 -0.1796687
v -1967.226 -22.8758 1037.39
vt 0.1899314 -1.954937
v -1915.765 -43.80476 976.572
vt 0.318585 -1.802892
v -1935.92 -27.36034 1063.021
vt 0.2681983 -2.019016
vn 0.2682153 0.9603699 -0.07582916
v -1883.897 -43.56181 1020.169
vt 0.3982551 -1.911885
v -1930.848 -27.35822 1089.839
vt 0.2808778 -2.08606
vn 0.3152502 0.9489974 -0.004616282
v -1877.507 -44.87991 1076.863
vt 0.4142292 -2.053619
v -1928.944 -27.35339 1131.465
vt 0.2856373 -2.190125
vn 0.3143618 0.9415506 0.1210753
v -1893.221 -41.7658 1143.98
vt 0.3749442 -2.221413
v -1962.8 -27.35069 1173.266
vt 0.2009977 -2.294627
vn 0.2209273 0.9335908 0.2821337
v -1936.326 -41.76174 1200.557
vt 0.2671815 -2.362854
v -2001.955 -27.34948 1190.556
vt 0.1031108 -2.337852
vn 0.04397672 0.9437623 0.3276869
v -2006.759 -41.76027 1232.857
vt 0.09109903 -2.443605
v -2038.733 -27.34832 1182.777
vt 0.01116465 -2.318406
vn -0.06519736 0.9471193 0.3141883
v -2073.123 -41.7583 1219.223
vt -0.07481069 -2.409519
v -2079.864 -43.79181 1023.583
vt -0.09166189 -1.92042
vn -0.1879061 0.9699021 -0.1548588
v -2015.731 -27.35806 1054.132
vt 0.06866922 -1.996792
vn -0.1569841 0.9680759 -0.1954097
v -2030.349 -27.35678 1068.429
vt 0.03212595 -2.032536
v -2044.701 -44.79454 989.3589
vt -0.003755398 -1.83486
v -1993.578 -25.4744 1041.887
vt 0.1240513 -1.96618
vn -0.112596 0.9676839 -0.2256326
v -1996.502 -43.05402 966.2095
vt 0.116743 -1.776986
v -2103.558 -45.00071 1057.623
vt -0.1508965 -2.00552
vn -0.2150247 0.9686067 -0.1247614
v -2040.07 -27.35517 1082.607
vt 0.007822971 -2.06798
o polySurface8_0
g polygon_0
usemtl sund
f 3/3/3 2/2/2 1/1/1
f 1/1/1 2/2/2 4/4/4
f 2/2/2 5/5/5 4/4/4
f 4/4/4 5/5/5 6/6/6
f 5/5/5 7/7/7 6/6/6
f 6/6/6 7/7/7 8/8/8
f 7/7/7 9/9/9 8/8/8
f 8/8/8 9/9/9 10/10/10
f 9/9/9 11/11/11 10/10/10
f 10/10/10 11/11/11 12/12/12
f 11/11/11 13/13/13 12/12/12
f 12/12/12 13/13/13 14/14/14
f 13/13/13 15/15/15 14/14/14
f 14/14/14 15/15/15 16/16/16
f 15/15/15 17/17/17 16/16/16
f 16/16/16 17/17/17 18/18/18
f 17/17/17 19/19/19 18/18/18
f 18/18/18 19/19/19 20/20/19
f 19/19/19 21/21/20 20/20/19
f 20/20/19 21/21/20 22/22/20
f 21/21/20 23/23/21 22/22/20
f 22/22/20 23/23/21 24/24/21
f 23/23/21 25/25/22 24/24/21
f 24/24/21 25/25/22 26/26/23
f 25/25/22 27/27/24 26/26/23
f 26/26/23 27/27/24 28/28/25
f 27/27/24 29/29/26 28/28/25
f 28/28/25 29/29/26 30/30/27
f 29/29/26 31/31/28 30/30/27
f 30/30/27 31/31/28 32/32/29
f 35/35/32 34/34/31 33/33/30
f 38/38/35 37/37/34 36/36/33
f 36/36/33 37/37/34 39/39/36
f 37/37/34 40/40/37 39/39/36
f 39/39/36 40/40/37 41/41/38
f 40/40/37 42/42/39 41/41/38
f 41/41/38 42/42/39 43/43/40
f 42/42/39 44/44/41 43/43/40
f 43/43/40 44/44/41 45/45/42
f 44/44/41 46/46/43 45/45/42
f 45/45/42 46/46/43 47/47/44
f 46/46/43 48/48/45 47/47/44
f 47/47/44 48/48/45 49/49/46
f 48/48/45 50/50/47 49/49/46
f 49/49/46 50/50/47 51/51/48
f 36/36/33 52/52/49 38/38/35
f 38/38/35 52/52/49 53/53/50
f 52/52/49 54/54/51 53/53/50
f 53/53/50 54/54/51 55/55/52
f 54/54/51 35/35/32 55/55/52
f 55/55/52 35/35/32 33/33/30
f 58/58/55 57/57/54 56/56/53
f 56/56/53 57/57/54 59/59/56
f 57/57/54 26/26/23 59/59/56
f 59/59/56 26/26/23 28/28/25
f 62/62/59 61/61/58 60/60/57
f 60/60/57 61/61/58 63/63/60
f 61/61/58 64/64/61 63/63/60
f 63/63/60 64/64/61 65/65/62
f 64/64/61 66/66/63 65/65/62
f 65/65/62 66/66/63 67/67/64
f 66/66/63 68/68/65 67/67/64
f 67/67/64 68/68/65 69/69/66
f 68/68/65 70/70/67 69/69/66
f 69/69/66 70/70/67 71/71/68
f 70/70/67 72/72/69 71/71/68
f 71/71/68 72/72/69 73/73/70
f 34/34/31 74/74/71 33/33/30
f 33/33/30 74/74/71 75/75/72
f 74/74/71 62/62/59 75/75/72
f 75/75/72 62/62/59 60/60/57
f 77/77/74 76/76/73 48/48/45
f 48/48/45 76/76/73 50/50/47
f 76/76/73 58/58/55 50/50/47
f 50/50/47 58/58/55 56/56/53
f 48/48/45 46/46/43 77/77/74
f 77/77/74 46/46/43 78/78/75
f 46/46/43 44/44/41 78/78/75
f 78/78/75 44/44/41 79/79/76
f 44/44/41 42/42/39 79/79/76
f 79/79/76 42/42/39 80/80/77
f 42/42/39 40/40/37 80/80/77
f 80/80/77 40/40/37 81/81/78
f 40/40/37 37/37/34 81/81/78
f 81/81/78 37/37/34 82/82/79
f 37/37/34 38/38/35 82/82/79
f 82/82/79 38/38/35 83/83/80
f 38/38/35 53/53/50 83/83/80
f 83/83/80 53/53/50 84/84/81
f 53/53/50 55/55/52 84/84/81
f 84/84/81 55/55/52 85/85/82
f 55/55/52 33/33/30 85/85/82
f 85/85/82 33/33/30 86/86/83
f 33/33/30 75/75/72 86/86/83
f 86/86/83 75/75/72 87/87/84
f 75/75/72 60/60/57 87/87/84
f 87/87/84 60/60/57 88/88/85
f 60/60/57 63/63/60 88/88/85
f 88/88/85 63/63/60 89/89/86
f 63/63/60 65/65/62 89/89/86
f 89/89/86 65/65/62 90/90/87
f 65/65/62 67/67/64 90/90/87
f 90/90/87 67/67/64 91/91/88
f 67/67/64 69/69/66 91/91/88
f 91/91/88 69/69/66 92/92/89
f 69/69/66 71/71/68 92/92/89
f 92/92/89 71/71/68 93/93/90
f 71/71/68 73/73/70 93/93/90
f 93/93/90 73/73/70 94/94/91
f 73/73/70 95/95/92 94/94/91
f 94/94/91 95/95/92 96/96/93
f 95/95/92 97/97/94 96/96/93
f 96/96/93 97/97/94 98/98/95
f 97/97/94 99/99/96 98/98/95
f 98/98/95 99/99/96 100/100/97
f 1/1/1 4/4/4 101/101/98
f 101/101/98 4/4/4 102/102/99
f 4/4/4 6/6/6 102/102/99
f 102/102/99 6/6/6 103/103/100
f 6/6/6 8/8/8 103/103/100
f 103/103/100 8/8/8 104/104/101
f 8/8/8 10/10/10 104/104/101
f 104/104/101 10/10/10 105/105/102
f 10/10/10 12/12/12 105/105/102
f 105/105/102 12/12/12 106/106/103
f 12/12/12 14/14/14 106/106/103
f 106/106/103 14/14/14 107/107/104
f 14/14/14 16/16/16 107/107/104
f 107/107/104 16/16/16 108/108/105
f 16/16/16 18/18/18 108/108/105
f 108/108/105 18/18/18 109/109/106
f 112/112/109 111/111/108 110/110/107
f 110/110/107 111/111/108 113/113/110
f 111/111/108 114/114/111 113/113/110
f 113/113/110 114/114/111 115/115/112
f 111/111/108 112/112/109 116/116/113
f 117/117/114 111/111/108 116/116/113
f 119/119/116 118/118/115 117/117/114
f 117/117/114 118/118/115 111/111/108
f 118/118/115 114/114/111 111/111/108
f 120/120/117 31/31/28 114/114/111
f 118/118/115 120/120/117 114/114/111
f 32/32/29 31/31/28 120/120/117
f 115/115/112 121/121/118 113/113/110
f 113/113/110 121/121/118 122/122/119
f 121/121/118 3/3/3 122/122/119
f 122/122/119 3/3/3 1/1/1
f 113/113/110 122/122/119 110/110/107
f 110/110/107 122/122/119 123/123/120
f 122/122/119 1/1/1 123/123/120
f 123/123/120 1/1/1 101/101/98
f 30/30/27 124/124/121 28/28/25
f 28/28/25 124/124/121 59/59/56
f 124/124/121 125/125/122 59/59/56
f 59/59/56 125/125/122 56/56/53
f 72/72/69 126/126/123 95/95/92
f 95/95/92 126/126/123 97/97/94
f 126/126/123 127/127/124 97/97/94
f 97/97/94 127/127/124 99/99/96
f 72/72/69 95/95/92 73/73/70
f 128/51/125 51/51/48 125/125/122
f 125/125/122 51/51/48 56/56/53
f 51/51/48 50/50/47 56/56/53
f 32/32/29 129/128/126 30/30/27
f 30/30/27 129/128/126 124/124/121
f 129/128/126 128/51/125 124/124/121
f 124/124/121 128/51/125 125/125/122
f 132/131/127 131/130/128 130/129/127
f 130/129/127 131/130/128 133/132/128
f 131/130/128 134/133/129 133/132/128
f 133/132/128 134/133/129 135/134/129
f 134/133/129 136/135/130 135/134/129
f 135/134/129 136/135/130 137/136/130
f 136/135/130 138/137/131 137/136/130
f 137/136/130 138/137/131 139/138/131
f 138/137/131 140/139/132 139/138/131
f 139/138/131 140/139/132 141/140/132
f 140/139/132 142/141/133 141/140/132
f 141/140/132 142/141/133 143/142/133
f 142/141/133 144/143/134 143/142/133
f 143/142/133 144/143/134 145/144/134
f 148/147/135 147/146/136 146/145/135
f 146/145/135 147/146/136 149/148/136
f 147/146/136 150/149/137 149/148/136
f 149/148/136 150/149/137 151/150/137
f 150/149/137 132/131/127 151/150/137
f 151/150/137 132/131/127 130/129/127
f 148/147/135 146/145/135 152/151/138
f 153/152/138 148/147/135 152/151/138
v 3145.981 244.475 -627.642
vt -1.351891 0.3132557
vn -0.7325386 0.6525145 0.1939382
v 3220.415 332.1178 -571.2883
vt -1.143945 0.3917118
vn -0.4470796 0.7971439 0.4058097
v 3151.58 281.7783 -549.8703
vt -1.189439 0.3090665
vn -0.6248182 0.7750096 0.0946701
v 3194.238 358.1114 -636.364
vt -1.324582 0.4376001
vn -0.624292 0.5824767 0.5205578
v 3304.172 368.1501 -600.9238
vt -1.055274 0.488982
vn -0.509126 0.6412073 0.5741463
v 3247.745 408.7811 -643.2979
vt -1.284063 0.5247591
vn -0.4754242 0.6065156 0.6372681
v 3332.803 421.4376 -593.9616
vt -1.001503 0.5581955
vn -0.645714 0.4806498 0.5933205
v 3321.983 460.3146 -635.546
vt -1.178698 0.6360351
vn -0.4392534 0.6896576 0.5756986
v 3403.873 412.5872 -522.1499
vt -0.6042232 0.5073012
vn -0.5039477 0.4970765 0.706365
v 3429.931 457.2504 -536.3165
vt -0.5312644 0.5729078
vn -0.3462518 0.6902487 0.6353474
v 3434.779 395.9442 -494.233
vt -0.4631163 0.4679049
vn -0.4626391 0.5421574 0.7014488
v 3467.964 425.3667 -488.7474
vt -0.3156056 0.4894348
vn -0.229242 0.6868483 0.689701
v 3452.5 352.0161 -437.5311
vt -0.3831751 0.3883937
vn -0.4650337 0.6071187 0.6443217
v 3516.768 350.6181 -389.9863
vt -0.1851975 0.3474078
vn -0.2133998 0.6996183 0.6819052
v 3414.914 226.1225 -344.5469
vt -0.4445221 0.2420967
vn -0.376701 0.7100415 0.5949264
v 3523.51 197.1764 -257.3894
vt -0.2110289 0.1841542
vn 0.07306184 0.6441005 0.7614437
v 3410.96 140.7738 -194.5993
vt -0.3819527 0.1234314
vn -0.424067 0.5720331 0.7021007
v 3505.848 135.2691 -181.5243
vt -0.2478566 0.1198329
vn 0.2287775 0.5686032 0.790159
v 3412.649 61.01491 -166.4242
vt -0.3799072 0.0719285
vn -0.5035259 0.2883379 0.8144464
v 3502.35 49.02164 -147.1014
vt -0.2542575 0.06378782
vn 0.1974048 0.3526297 0.9147041
v 3415.874 -10.51585 -143.0254
vt -0.3835487 0.01184028
vn -0.49849 0.2833716 0.819273
v 3506.356 -12.05892 -127.1635
vt -0.2496275 0.009392381
vn 0.1673208 0.3449598 0.9235835
v 3451.144 558.6624 -811.4693
vt -1.906515 0.912632
vn -0.0142998 0.9995839 0.02505143
v 3318.243 521.1337 -854.7256
vt -2.120938 0.7881536
vn -0.3417486 0.9159926 -0.2101558
v 3388.274 534.8006 -894.506
vt -2.489838 0.9253151
vn -0.2320628 0.934633 -0.2694589
v 3379.826 544.8685 -764.1622
vt -1.717989 0.8727738
vn -0.2048558 0.964008 0.1694778
v 3252.366 499.7446 -827.0613
vt -1.934564 0.6781077
vn -0.4477853 0.8906249 -0.07921875
v 3294.436 516.4203 -735.955
vt -1.618156 0.7157316
vn -0.4257951 0.8574753 0.2888504
v 3233.226 488.6313 -835.8095
vt -1.936862 0.6454087
vn -0.556943 0.8093153 -0.1866101
v 3169.014 423.4994 -735.2432
vt -1.628154 0.5127149
vn -0.6689054 0.6780544 0.3046437
v 3076.494 350.8541 -814.0599
vt -1.786199 0.4023952
vn -0.7840809 0.618979 0.04562936
v 3113.083 290.2587 -929.7599
vt -2.033359 0.3686363
vn -0.5646192 0.4621968 -0.6837977
v 3164.13 425.2139 -867.3904
vt -1.945157 0.5273653
vn -0.6586661 0.6727712 -0.3369538
v 3013.163 260.5008 -834.7625
vt -1.800463 0.2893246
vn -0.8271247 0.527297 -0.1944802
v 3054.823 136.3529 -973.2668
vt -2.060538 0.1891577
vn -0.4941203 0.413397 -0.764819
v 2975.479 147.0382 -910.3683
vt -1.902081 0.1725985
vn -0.7965335 0.4607158 -0.391504
v 3016.525 63.20962 -999.6199
vt -2.058325 0.1018068
vn -0.4949209 0.3545391 -0.7933192
v 2946.384 61.9199 -924.5622
vt -1.914675 0.0921362
vn -0.8012342 0.3960446 -0.4485224
v 2989.779 -17.84704 -1014.141
vt -2.065752 0.0002099872
vn -0.519251 0.3081047 -0.7971511
v 2923.571 -16.90418 -936.5809
vt -1.926047 0.001705766
vn -0.8194933 0.3462771 -0.456643
v 3300.573 185.7988 -1154.241
vt -2.583287 0.3236428
vn -0.638547 0.5116792 -0.574841
v 3187.715 46.93871 -1059.677
vt -2.326534 0.1205531
vn -0.6504023 0.2808848 -0.7057482
v 3288.873 113.1528 -1203.328
vt -2.607122 0.2158147
vn -0.6897953 0.2967434 -0.6603982
v 3210.068 146.1304 -1038.086
vt -2.328346 0.2521198
vn -0.5731431 0.3993931 -0.7155363
v 3224.928 256.8336 -438.8592
vt -0.9122189 0.2732076
vn -0.4992998 0.6521698 0.5704159
v 3166.6 215.193 -466.214
vt -1.025849 0.2320387
vn -0.2963579 0.3815523 0.8755512
v 3190.103 264.7242 -477.3951
vt -1.021755 0.2824214
vn -0.2593488 0.6341651 0.7284043
v 3195.505 212.4154 -435.4583
vt -0.9448888 0.2289436
vn -0.6626387 0.5124134 0.5462074
v 3128.224 127.7491 -447.7833
vt -1.036957 0.1536303
vn -0.2879552 0.3925491 0.8734913
v 3152.506 146.0508 -418.0045
vt -0.9721873 0.1640169
vn -0.7462391 0.5123992 0.4249402
v 3103.071 54.03187 -422.4744
vt -1.039868 0.09082526
vn -0.360584 0.4682688 0.8066619
v 3121.84 57.83609 -387.7981
vt -0.9780091 0.08956325
vn -0.7777722 0.4310087 0.4574952
v 3080.225 -10.13251 -381.6359
vt -1.033746 0.01244843
vn -0.4094795 0.5307646 0.7420347
v 3105.041 -7.472881 -355.3468
vt -0.975186 0.01666772
vn -0.7503192 0.4458017 0.4881413
v 3428.718 511.5771 -665.0954
vt -0.921237 0.9006677
vn -0.1397316 0.9221244 0.360779
v 3479.919 483.3698 -554.9792
vt -0.4420526 0.6340317
vn -0.0265425 0.872046 0.4887037
v 3554.764 442.3044 -529.598
vt 0.07548221 0.5151438
vn 0.08632655 0.8074214 0.5836252
v 3616.833 379.1884 -439.9052
vt 0.126853 0.3764943
vn 0.08491872 0.7824543 0.6168907
v 3684.18 281.9533 -335.7472
vt 0.1566571 0.2443064
vn 0.05298311 0.7033645 0.7088521
v 3519.129 532.3676 -720.3152
vt -0.03767395 0.892962
vn 0.1085181 0.9757989 0.1898428
v 3615.072 503.83 -632.6653
vt 0.2128893 0.6189764
vn 0.2990039 0.924087 0.2380333
v 3656.372 462.1314 -577.4173
vt 0.5991998 0.5067644
vn 0.4565067 0.8513197 0.2585659
v 3730.663 411.6889 -496.6908
vt 0.5128025 0.3778305
vn 0.3816771 0.8228434 0.4210122
v 3788.684 297.5302 -389.8068
vt 0.3965617 0.2468322
vn 0.2600842 0.7926748 0.5513827
v 3720.552 210.9247 -221.7698
vt 0.1312559 0.1563122
vn -0.08415852 0.7036932 0.7055022
v 3844.158 227.5595 -268.2983
vt 0.3235457 0.1572737
vn 0.1955141 0.7286092 0.6564319
v 3749.895 114.2457 -155.6711
vt 0.1186464 0.09137446
vn -0.00247537 0.5009503 0.8654725
v 3903.864 98.37723 -211.1394
vt 0.3221242 0.07965451
vn 0.3205262 0.4982318 0.8056228
v 3763.363 39.4099 -118.4552
vt 0.1064347 0.04859734
vn 0.02812921 0.4384413 0.8983195
v 3927.323 32.32006 -186.7271
vt 0.3189193 0.04573327
vn 0.3604437 0.4453965 0.8195745
v 3777.508 -10.00764 -96.47359
vt 0.09613818 0.01264656
vn 0.0370132 0.4231475 0.9053045
v 3947.171 -8.133389 -175.7632
vt 0.3229708 0.01561987
vn 0.3690318 0.4397452 0.8188038
v 3257.095 410.4899 -957.6298
vt -2.263593 0.5953974
vn -0.5104558 0.5530334 -0.6584747
v 3303.776 500.0099 -887.1556
vt -2.15469 0.7425487
vn -0.4337982 0.7805156 -0.4501272
v 3248.491 302.007 -1001.325
vt -2.326435 0.4596412
vn -0.5373911 0.4038582 -0.7403441
v 3641.226 423.746 -1032.932
vt 1.650023 0.5240529
vn 0.240465 0.7798951 -0.5778757
v 3501.772 265.8983 -1223.988
vt 2.327941 0.3866643
vn -0.03002922 0.603178 -0.7970411
v 3700.92 281.0504 -1129.353
vt 1.961383 0.3323832
vn 0.2683531 0.5541596 -0.7879681
v 3494.22 314.8246 -1144.654
vt 2.352079 0.4831209
vn -0.09584718 0.7179775 -0.6894357
v 3391.077 216.5514 -1209.024
vt 2.51335 0.4125557
vn -0.4319501 0.5985966 -0.6746119
v 3408.472 281.218 -1132.776
vt 2.507582 0.5151441
vn -0.3855949 0.6401054 -0.6645161
v 3328.482 269.6301 -1067.051
vt -2.54425 0.4629617
vn -0.569827 0.4804519 -0.6666808
v 3332.463 426.5052 -1008.835
vt -2.506739 0.6811669
vn -0.4888861 0.5416101 -0.6838486
v 3374.347 512.8301 -931.1196
vt -2.494055 0.8643895
vn -0.3716388 0.7933906 -0.4820954
v 3570.436 170.9932 -265.2327
vt -0.1202751 0.1679785
vn 0.0375748 0.5732875 0.8184922
v 3570.949 113.5015 -223.9852
vt -0.1311573 0.1201314
vn 0.1211047 0.4969582 0.8592824
v 3277.886 214.9208 -382.3926
vt -0.7415374 0.2313707
vn -0.2064127 0.5552757 0.8056443
v 3348.657 134.1015 -282.8317
vt -0.5451086 0.1459202
vn -0.5563564 0.4703565 0.6850054
v 3281.581 168.714 -339.5601
vt -0.6946116 0.1813561
vn -0.2890216 0.5258915 0.7999404
v 3342.558 208.6999 -347.796
vt -0.5854644 0.2217437
vn -0.320684 0.6850241 0.6541435
v 3200.894 183.816 -364.1153
vt -0.8465031 0.1827949
vn -0.4657698 0.6113931 0.6397319
v 3175.011 81.07126 -319.0706
vt -0.8384719 0.09799242
vn -0.4796773 0.4755266 0.7374172
v 3237.794 216.5707 -404.82
vt -0.8387759 0.2329304
vn -0.5096651 0.5306939 0.6772041
v 3262.162 261.9478 -399.5364
vt -0.7638663 0.2727023
vn -0.3440711 0.5002059 0.7946126
v 3000.465 120.0719 -582.1865
vt -1.3676 0.1430386
vn -0.8721346 0.4826083 -0.08043911
v 2998.267 55.37723 -473.1452
vt -1.221606 0.0794248
vn -0.7944801 0.398747 0.4580417
v 2970.451 48.20473 -574.9149
vt -1.377706 0.08064836
vn -0.9251208 0.3757887 -0.05417028
v 3026.12 135.4995 -488.1878
vt -1.21871 0.1432671
vn -0.7756969 0.5009593 0.3838412
v 3034.309 47.40689 -439.7839
vt -1.149452 0.07572246
vn -0.566969 0.4197252 0.7087855
v 3059.092 123.1658 -456.2641
vt -1.149815 0.1366178
vn -0.5885886 0.4278075 0.6859623
v 3069.37 38.70488 -408.1885
vt -1.078727 0.07135773
vn -0.174313 0.4111789 0.8947329
v 3093.945 121.6983 -430.8893
vt -1.085389 0.1382877
vn -0.1255577 0.3122441 0.9416682
v 3126.987 337.5718 -691.6855
vt -1.508099 0.40264
vn -0.7231629 0.454716 0.5198737
v 3090.779 245.9411 -700.0715
vt -1.527216 0.3045063
vn -0.7489191 0.4943068 0.44134
v 3063.764 183.0992 -664.7368
vt -1.473907 0.2342396
vn -0.7959517 0.5838798 0.1598285
v 3081.419 213.1903 -608.7429
vt -1.358037 0.2483909
vn -0.7197933 0.6918677 -0.05671637
v 3020.312 106.2062 -645.6942
vt -1.47344 0.1520894
vn -0.8832102 0.4658232 -0.05429889
v 2991.167 38.08099 -637.5509
vt -1.475246 0.08515722
vn -0.9028394 0.4269843 -0.05065069
v 2962.692 -13.66895 -628.6769
vt -1.477035 0.006838143
vn -0.8876805 0.4597374 -0.02578558
v 2946.597 -10.49414 -568.24
vt -1.39012 0.01187474
vn -0.9228578 0.3835739 -0.03470783
v 3415.718 339.4232 -473.9476
vt -0.5280246 0.4022506
vn -0.3023633 0.6278793 0.7171778
v 2954.367 125.3435 -801.8929
vt -1.73797 0.1524879
vn -0.8782947 0.4574061 0.1392052
v 2914.198 58.69625 -803.0302
vt -1.740771 0.08682758
vn -0.8940065 0.445833 0.04455639
v 2999.234 207.1966 -793.6586
vt -1.722636 0.2370508
vn -0.8187018 0.4657768 0.3358262
v 3082.569 319.212 -777.2286
vt -1.697329 0.3740311
vn -0.7633689 0.5299926 0.3692908
v 3024.63 180.986 -724.0353
vt -1.597004 0.2228057
vn -0.7248262 0.4702687 0.5034624
v 2981.857 111.2485 -716.8752
vt -1.604607 0.1490609
vn -0.7217712 0.4718641 0.5063503
v 2942.91 44.71019 -706.6267
vt -1.600172 0.08097208
vn -0.7428424 0.4657672 0.4808805
v 2880.583 -15.79271 -804.8641
vt -1.735541 0.00346899
vn -0.910361 0.4138008 0.003424141
v 2907.323 -16.21256 -702.0353
vt -1.594155 0.002802908
vn -0.7574766 0.4558215 0.4673927
v 3733.178 352.9964 -866.4113
vt 1.340714 0.4571486
vn 0.6902728 0.7158199 -0.1054765
v 3580.369 524.3917 -779.3205
vt 0.6744452 0.7654259
vn 0.4784541 0.8780405 -0.01125038
v 3513.504 545.2801 -866.9449
vt 1.153537 0.8201905
vn 0.3061826 0.9365081 -0.1708942
v 3383.803 356.9107 -496.6262
vt -0.6412134 0.4286838
vn -0.3544509 0.6615642 0.6608308
v 3347.613 308.6219 -446.4625
vt -0.6720774 0.3460506
vn -0.1165305 0.7016367 0.7029414
v 3308.188 348.6897 -554.7142
vt -0.9427791 0.443457
vn -0.491095 0.7348652 0.4677594
v 3012.865 102.1682 -677.2916
vt -1.526432 0.1507051
vn -0.7716529 0.4761591 0.4216921
v 2982.757 37.65456 -666.3436
vt -1.520257 0.08485204
vn -0.7619616 0.4671782 0.4485075
v 2953.044 -14.88426 -655.3082
vt -1.520538 0.004910171
vn -0.741486 0.489438 0.4589651
v 3097.929 239.0951 -536.7744
vt -1.223566 0.2510426
vn -0.699789 0.7045144 0.1181308
v 3096.34 214.6628 -482.0147
vt -1.150007 0.217589
vn -0.6118304 0.5819008 0.5357752
v 3124.34 209.521 -461.3093
vt -1.090955 0.2162724
vn -0.1990227 0.3689778 0.9078796
v 3280.002 59.00079 -300.9696
vt -0.6660994 0.09251809
vn -0.2828292 0.443555 0.8504508
v 3167.966 -10.33592 -263.5352
vt -0.8038266 0.01212573
vn -0.4519887 0.5179712 0.7262314
v 3282.07 -7.257259 -252.0587
vt -0.6348048 0.01700979
vn -0.2252398 0.5407045 0.8104972
v 3387.452 135.3797 -1250.465
vt -2.765552 0.2837834
vn -0.3642575 0.3413733 -0.8664761
vt -2.759352 0.4125557
v 3386.843 50.26479 -1277.98
vt -2.771735 0.1487556
vn -0.3339959 0.2826037 -0.8992118
v 3288.047 46.54111 -1214.86
vt -2.607274 0.1255379
vn -0.687335 0.218074 -0.6928307
v 3386.235 -9.326187 -1305.495
vt -2.777365 0.01372761
vn -0.3308319 0.3270484 -0.885206
v 3287.009 -11.60164 -1229.345
vt -2.611386 0.01011777
vn -0.6875106 0.2680208 -0.6749029
vt 2.50715 0.2837834
v 3508.328 142.0792 -1275.026
vt 2.324913 0.2333773
vn 0.07552928 0.3414108 -0.9368746
v 3733.058 135.0767 -1185.644
vt 1.961082 0.180281
vn 0.3509503 0.3321628 -0.8755009
v 3042.671 156.4525 -690.9721
vt -1.529698 0.2077944
vn -0.7580772 0.4893093 0.4311558
vt -2.76512 0.5151441
v 3349.049 37.29296 -248.7492
vt -0.5323722 0.07015514
vn -0.6392745 0.3142564 0.701834
v 3569.011 38.80234 -186.6729
vt -0.1450738 0.06533813
vn 0.1149333 0.3949688 0.9114768
v 3222.016 303.4834 -524.029
vt -1.04687 0.3472047
vn -0.2539237 0.8522081 0.457454
v 3513.366 53.59539 -1293.464
vt 2.319795 0.1245344
vn 0.1049851 0.297739 -0.948857
v 3749.732 50.72356 -1211.642
vt 1.957597 0.09503257
vn 0.3282861 0.2813956 -0.9016899
vt 2.500967 0.1487556
v 3172.29 -14.33352 -1073.892
vt -2.324858 0.005783856
vn -0.5773489 0.2711882 -0.7701462
v 2976.283 -11.10976 -460.6243
vt -1.223254 0.01089811
vn -0.8028531 0.4176567 0.4254289
v 3011.683 -12.03898 -407.1475
vt -1.127825 0.009423971
vn -0.5572307 0.4853316 0.673756
v 3053.076 -12.36198 -387.3524
vt -1.067174 0.00891155
vn -0.2309049 0.5064082 0.830803
v 3350.452 -10.93263 -219.2919
vt -0.5079769 0.01117909
vn -0.5959181 0.3860826 0.7041462
v 3852.034 295.9505 -453.6923
vt 0.5725696 0.2463829
vn 0.6259718 0.7544438 0.1974183
v 3151.948 261.417 -476.1205
vt -1.08233 0.2650771
vn -0.2021314 0.5663375 0.7990023
v 3146.158 273.1695 -495.8091
vt -1.112625 0.2761232
vn -0.4363292 0.7761704 0.4551662
vt 1.230133 0.9174404
v 3457.659 534.4998 -935.1201
vt 1.882213 0.8505211
vn 0.06445207 0.9188951 -0.3892014
vt 1.919936 0.9151927
vt 0.8938961 0.8890246
vt 0.9200343 0.6387894
vt 0.2978356 0.6386393
vt 0.419909 0.8860299
v 16451.94 404.8635 -1602.425
vt 0.6617057 0.5610653
vn 0.1431524 0.968007 0.206082
v 16391.38 416.0314 -1469.152
vt 0.5976084 0.7751554
vn 0.09140383 0.9437868 0.3176661
v 16077.31 558.8112 -1493.02
vt 1.182101 0.8707006
vn 0.1217847 0.9298096 0.3473077
v 16245.97 523.5085 -1722.353
vt 1.601578 0.8234013
vn 0.2685738 0.9570407 0.1092755
v 16861.63 350.6831 -961.0607
vt -0.1618673 0.1337348
vn -0.08536314 0.9668996 0.2404546
v 16424.24 185.2034 -776.657
vt -0.6297032 0.06966716
vn -0.2586688 0.8937147 0.3665577
vt -0.291365 0.6077051
v 3572.833 -10.46269 -162.8106
vt -0.1457622 0.01192462
vn 0.09670018 0.3855305 0.9176139
v 3518.404 -9.364513 -1311.901
vt 2.312662 0.01366681
vn 0.1190455 0.3247257 -0.9382864
v 3767.44 -8.507179 -1224.281
vt 1.941114 0.01502687
vn 0.3166013 0.2887362 -0.9035458
vt 2.495338 0.01372761
v 3407.83 442.8814 -1034.854
vt -2.720448 0.7716101
vn -0.2259104 0.6191067 -0.7521113
v 3445.974 518.0687 -966.5918
vt -2.791052 0.8701585
vn -0.0833459 0.8019997 -0.5914811
vt 2.552255 0.7716101
v 16465.8 188.1634 -2408.639
vt 1.643985 0.2443137
vn 0.3170529 0.8070186 -0.4981953
v 15516.99 62.38726 -3098.093
vt -3.066786 0.01805258
vn 0.03896902 0.8740627 -0.4842476
v 16526.96 55.38245 -2777.681
vt 1.680796 0.01805252
vn 0.2406875 0.8409476 -0.4846408
v 15899.28 251.6969 -2748.76
vt -3.117886 0.2156838
vn 0.1268982 0.8637836 -0.4876215
v 15142.85 67.40846 -2826.65
vt -2.772566 0.01805258
vn -0.3914816 0.8231723 -0.4112535
v 15352.41 325.8401 -2544.989
vt -2.750374 0.1721634
vn -0.277993 0.8662332 -0.4151625
v 14837.56 92.9471 -2135.989
vt -2.387899 0.04914397
vn -0.6882741 0.7170929 -0.1098025
v 15039.3 308.8064 -2118.21
vt -2.4387 0.1351793
vn -0.5358301 0.8327639 -0.1392494
v 14944.33 110.1715 -1617.483
vt -2.107056 0.07423884
vn -0.6481526 0.6554834 0.3876077
v 15182.05 364.9796 -1528.662
vt -2.091799 0.149817
vn -0.4996194 0.8081127 0.3119845
v 15311.05 76.35764 -1146.707
vt -1.739812 0.01805252
vn -0.4627102 0.7614366 0.4539974
v 15545.32 207.3464 -1221.731
vt -1.693758 0.1386408
vn -0.3744197 0.8249379 0.4234234
v 15574.91 76.57981 -733.0103
vt -1.368687 0.01805252
vn -0.1611359 0.8766798 0.4532855
v 15726.79 184.7677 -886.4752
vt -1.346192 0.0839746
vn -0.1546684 0.8712621 0.4658111
v 16179.01 70.85874 -801.1542
vt -0.9129049 0.01819432
vn -0.1660769 0.8039481 0.5710393
v 16198.86 186.9383 -964.9322
vt -0.8988242 0.1501768
vn -0.03351879 0.8557264 0.5163417
v 16472.72 69.72841 -562.8386
vt -0.6473137 0.01820123
vn -0.3438672 0.8221566 0.4536672
v 17069.62 67.34386 -76.98375
vt -0.3929731 0.01805252
vn -0.1902675 0.8795355 0.4361372
v 17061.99 189.6076 -415.8206
vt -0.3045166 0.05697548
vn -0.204543 0.896442 0.3931334
v 17603.6 62.7764 -58.5643
vt -0.1970614 0.01817846
vn 0.1100593 0.9225179 0.3699292
v 17366.66 234.9637 -329.4801
vt -0.1929679 0.03835994
vn 0.05795153 0.9593182 0.2763153
v 17823.97 59.60357 -265.1446
vt -0.07201564 0.01830447
vn 0.3148977 0.9144509 0.2542025
v 17507.38 198.1299 -426.2769
vt -0.1070848 0.03723586
vn 0.2816691 0.9519572 0.1201672
vt -2.074831 0.7692184
v 15828.25 570.4352 -1680.494
vt -2.315963 0.6363596
vn -0.1123528 0.965888 0.233318
vt -2.375233 0.8542668
v 16133.35 572.9153 -1784.858
vt -2.913892 0.8322105
vn 0.08714858 0.9954171 -0.03936961
v 15610.11 594.0276 -2039.786
vt -2.594985 0.409314
vn -0.1619209 0.986578 -0.0211031
v 15870.78 460.8524 -2360.171
vt -2.974993 0.500102
vn 0.004169335 0.9217975 -0.3876495
v 16217.79 484.2432 -2152.481
vt -3.269196 0.7267339
vn 0.2474547 0.8787983 -0.4080193
v 6087.123 -2.588405 633.1093
vt -1.006614 0.02619076
vn -0.5474277 0.4647383 -0.6959463
v 6072.52 71.80071 715.7954
vt -0.8634901 0.223498
vn -0.794803 0.3877896 -0.4668055
v 6032.237 -2.571468 707.701
vt -0.831724 0.02623641
vn -0.8361151 0.4152374 -0.3584543
v 6100.665 51.99381 665.048
vt -0.9926114 0.1710603
vn -0.5651602 0.4197556 -0.7102107
v 6124.857 182.1848 703.8198
vt -0.9612475 0.5723653
vn -0.6346225 0.5217899 -0.5700786
v 6165.524 87.22844 647.13
vt -1.155657 0.3223043
vn -0.2900485 0.4114082 -0.8640689
v 6179.848 217.7318 716.0533
vt -0.9810295 0.7345337
vn -0.189054 0.757601 -0.6247394
v 6193.369 120.0406 653.8513
vt -1.164968 0.4729314
vn 0.01447135 0.4102159 -0.9118736
v 6328.386 53.01575 693.1191
vt 0.8405344 0.1737658
vn 0.7744322 0.4276301 -0.466248
v 6264.378 171.6713 694.4409
vt 0.9667877 0.4879004
vn 0.4912829 0.6649195 -0.562604
v 6251.614 102.2337 647.2115
vt 1.045691 0.3040679
vn 0.4322059 0.4223435 -0.7967585
v 6330.954 54.13723 753.1366
vt 0.7110949 0.1767349
vn 0.8159235 0.4727157 -0.3328793
v 6223.437 240.0252 780.5484
vt 0.9154212 0.8724026
vn 0.3043164 0.7215452 -0.6219036
v 6254.804 271.2885 802.3757
vt 0.6041731 0.9681633
vn 0.4197877 0.6865103 -0.5937018
v 6162.748 -2.600097 607.7427
vt -1.155448 0.02615917
vn -0.1702128 0.4043014 -0.8986479
v 6068.458 125.3751 776.7919
vt -0.7137203 0.3653336
vn -0.8629445 0.4703029 -0.1847752
v 6264.916 283.0424 840.4368
vt -0.3816245 0.9977561
vn 0.437228 0.8343685 -0.3356499
v 6200.505 310.0478 823.6649
vt -0.5797973 0.9286257
vn -0.1855728 0.9051143 -0.3825321
vt -0.4965313 0.9938357
v 6222.282 311.3553 859.611
vt -0.3906454 0.9347239
vn 0.1560212 0.9873887 -0.02684876
v 6168.651 305.6263 849.3234
vt -0.5085111 0.873693
vn -0.6674621 0.7386218 0.09451008
v 6171.082 288.5555 878.3873
vt -0.3866533 0.8081212
vn -0.4514212 0.7123802 0.5373392
v 6073.494 128.1596 854.1136
vt -0.4953334 0.3727053
vn -0.9050041 0.414169 0.09711666
v 6098.655 129.7099 945.4603
vt -0.2766902 0.3768097
vn -0.6138568 0.4255537 0.6648939
v 6035.05 -2.564396 892.0925
vt -0.4507785 0.02625555
vn -0.93594 0.2851187 0.2066967
v 6087.585 -2.563664 986.1879
vt -0.2495287 0.02625751
vn -0.6429213 0.3294042 0.6914803
vt 1.382021 0.9690681
vt 1.045339 0.9785352
v 6158.195 224.6485 784.0714
vt 1.372972 0.7331738
vn -0.4070631 0.778622 -0.4775431
vt 1.252883 0.6098433
vt 1.179686 0.3512108
v 6285.009 -2.601456 635.6354
vt 0.9885969 0.02615547
vn 0.3684845 0.2974711 -0.8807554
v 6224.691 -2.599888 616.0594
vt 1.115913 0.02615976
vn 0.08669449 0.2974505 -0.950793
v 6145.381 121.0101 960.0702
vt -0.1680456 0.3537775
vn -0.2408904 0.3914483 0.8881103
vt -0.7231153 0.7056442
v 6032.062 -2.567311 788.6893
vt -0.6705842 0.02624762
vn -0.946269 0.3176557 -0.06057842
v 6131.35 -2.564823 1004.153
vt -0.1645897 0.02625442
vn -0.2921626 0.3266231 0.898865
v 6343.454 -2.601403 671.4027
vt 0.8527817 0.02615565
vn 0.7574953 0.4213142 -0.4986936
v 6371.912 -2.581493 752.0139
vt 0.6804016 0.02620935
vn 0.8615876 0.4691184 -0.1938935
vt 1.246959 0.2643422
vt 1.235575 0.02615917
v 17482.93 -0.8110409 2477.286
vt -1.357401 0.03027719
vn -0.560742 0.479388 -0.6750966
v 17455.41 156.9983 2669.175
vt -1.186181 0.2334569
vn -0.7054943 0.5682869 -0.4234712
v 17358.21 -0.7451649 2646.787
vt -1.149559 0.03039336
vn -0.8152121 0.4721223 -0.3354546
v 17518.17 124.9939 2556.015
vt -1.339854 0.2088645
vn -0.5617515 0.5346667 -0.6313214
v 17696.43 382.4005 2676.117
vt -1.428893 0.7285182
vn -0.1127194 0.9136977 -0.3904497
v 17724.93 233.6185 2480.765
vt -1.561034 0.3964009
vn 0.009381818 0.5886226 -0.8083535
vt 1.412631 0.7285182
v 18038.82 64.97474 2593.138
vt 0.8296695 0.1299258
vn 0.5290996 0.611412 -0.5884122
v 18031.68 128.4573 2752.441
vt 0.6692427 0.1902886
vn 0.602775 0.7465245 -0.2817153
vt 1.280489 0.3964009
v 18078.28 -11.1674 2538.832
vt 0.8523306 0.03018785
vn 0.4461591 0.4622325 -0.766344
v 17808.4 -11.16131 2413.07
vt 1.16504 0.03019857
vn 0.2195555 0.3749921 -0.9006533
v 17654.78 -0.8565006 2419.644
vt -1.534277 0.03019708
vn -0.2208335 0.3542429 -0.9087049
v 17446.35 243.5648 2805.189
vt -1.012415 0.318396
vn -0.7785039 0.6095791 -0.1494822
v 17457.58 248.064 2977.605
vt -0.7534439 0.2891202
vn -0.7324777 0.6639013 0.150703
v 17735.09 407.8848 2909.405
vt -0.301998 0.7507476
vn -0.1168335 0.9931234 -0.007472145
v 17513.69 250.5691 3181.296
vt -0.483179 0.224932
vn -0.2848814 0.7223276 0.6301471
v 17759.97 395.989 2955.471
vt -0.1548067 0.6194851
vn -0.1071659 0.8721992 0.4772673
v 17823.56 184.3668 3144.107
vt -0.1025449 0.2353469
vn 0.1740171 0.5849076 0.7922128
v 17364.6 -0.7176456 3065.797
vt -0.6968374 0.03044182
vn -0.9128447 0.3566773 0.1987357
v 17357.81 -0.7289867 2830.824
vt -0.9580578 0.03042185
vn -0.9213604 0.3853703 -0.05084146
v 17483.98 -0.714817 3288.286
vt -0.4576688 0.03044683
vn -0.4532089 0.4955028 0.7409984
v 17810.39 -18.91503 3287.536
vt -0.1675846 0.03041196
vn 0.1146311 0.4710262 0.8746394
vt 1.307247 0.03019708
vt 1.327956 0.8900085
vt -2.812681 0.9003482
vt 2.489601 0.8320161
vt 1.969302 0.7267339
o polySurface6_0
g polygon_0
usemtl i_s
f 156/155/141 155/154/140 154/153/139
f 154/153/139 155/154/140 157/156/142
f 155/154/140 158/157/143 157/156/142
f 157/156/142 158/157/143 159/158/144
f 158/157/143 160/159/145 159/158/144
f 159/158/144 160/159/145 161/160/146
f 160/159/145 162/161/147 161/160/146
f 161/160/146 162/161/147 163/162/148
f 162/161/147 164/163/149 163/162/148
f 163/162/148 164/163/149 165/164/150
f 164/163/149 166/165/151 165/164/150
f 165/164/150 166/165/151 167/166/152
f 166/165/151 168/167/153 167/166/152
f 167/166/152 168/167/153 169/168/154
f 168/167/153 170/169/155 169/168/154
f 169/168/154 170/169/155 171/170/156
f 170/169/155 172/171/157 171/170/156
f 171/170/156 172/171/157 173/172/158
f 172/171/157 174/173/159 173/172/158
f 173/172/158 174/173/159 175/174/160
f 178/177/163 177/176/162 176/175/161
f 176/175/161 177/176/162 179/178/164
f 177/176/162 180/179/165 179/178/164
f 179/178/164 180/179/165 181/180/166
f 180/179/165 182/181/167 181/180/166
f 181/180/166 182/181/167 183/182/168
f 186/185/171 185/184/170 184/183/169
f 184/183/169 185/184/170 187/186/172
f 185/184/170 188/187/173 187/186/172
f 187/186/172 188/187/173 189/188/174
f 188/187/173 190/189/175 189/188/174
f 189/188/174 190/189/175 191/190/176
f 190/189/175 192/191/177 191/190/176
f 191/190/176 192/191/177 193/192/178
f 196/195/181 195/194/180 194/193/179
f 194/193/179 195/194/180 197/196/182
f 195/194/180 190/189/175 197/196/182
f 197/196/182 190/189/175 188/187/173
f 200/199/185 199/198/184 198/197/183
f 198/197/183 199/198/184 201/200/186
f 199/198/184 202/201/187 201/200/186
f 201/200/186 202/201/187 203/202/188
f 202/201/187 204/203/189 203/202/188
f 203/202/188 204/203/189 205/204/190
f 204/203/189 206/205/191 205/204/190
f 205/204/190 206/205/191 207/206/192
f 161/160/146 163/162/148 208/207/193
f 208/207/193 163/162/148 209/208/194
f 163/162/148 165/164/150 209/208/194
f 209/208/194 165/164/150 210/209/195
f 165/164/150 167/166/152 210/209/195
f 210/209/195 167/166/152 211/210/196
f 167/166/152 169/168/154 211/210/196
f 211/210/196 169/168/154 212/211/197
f 208/207/193 209/208/194 213/212/198
f 213/212/198 209/208/194 214/213/199
f 209/208/194 210/209/195 214/213/199
f 214/213/199 210/209/195 215/214/200
f 210/209/195 211/210/196 215/214/200
f 215/214/200 211/210/196 216/215/201
f 211/210/196 212/211/197 216/215/201
f 216/215/201 212/211/197 217/216/202
f 212/211/197 218/217/203 217/216/202
f 217/216/202 218/217/203 219/218/204
f 218/217/203 220/219/205 219/218/204
f 219/218/204 220/219/205 221/220/206
f 220/219/205 222/221/207 221/220/206
f 221/220/206 222/221/207 223/222/208
f 222/221/207 224/223/209 223/222/208
f 223/222/208 224/223/209 225/224/210
f 227/226/212 226/225/211 182/181/167
f 182/181/167 226/225/211 186/185/171
f 226/225/211 228/227/213 186/185/171
f 186/185/171 228/227/213 185/184/170
f 228/227/213 197/196/182 185/184/170
f 185/184/170 197/196/182 188/187/173
f 231/230/216 230/229/215 229/228/214
f 229/228/214 230/229/215 232/231/217
f 230/229/215 233/232/218 232/231/217
f 232/231/217 233/232/218 234/233/219
f 228/227/213 226/225/211 235/234/220
f 235/234/220 226/225/211 236/235/221
f 226/225/211 227/226/212 236/235/221
f 236/235/221 227/226/212 237/236/222
f 227/226/212 177/176/162 237/236/222
f 237/236/222 177/176/162 178/177/163
f 218/217/203 238/237/223 220/219/205
f 220/219/205 238/237/223 239/238/224
f 238/237/223 169/168/154 239/238/224
f 239/238/224 169/168/154 171/170/156
f 242/241/227 241/240/226 240/239/225
f 240/239/225 241/240/226 243/242/228
f 241/240/226 170/169/155 243/242/228
f 243/242/228 170/169/155 168/167/153
f 245/244/230 244/243/229 205/204/190
f 205/204/190 244/243/229 203/202/188
f 244/243/229 246/245/231 203/202/188
f 203/202/188 246/245/231 201/200/186
f 246/245/231 247/246/232 201/200/186
f 201/200/186 247/246/232 198/197/183
f 250/249/235 249/248/234 248/247/233
f 248/247/233 249/248/234 251/250/236
f 249/248/234 252/251/237 251/250/236
f 251/250/236 252/251/237 253/252/238
f 252/251/237 254/253/239 253/252/238
f 253/252/238 254/253/239 255/254/240
f 254/253/239 204/203/189 255/254/240
f 255/254/240 204/203/189 202/201/187
f 181/180/166 183/182/168 161/160/146
f 161/160/146 183/182/168 159/158/144
f 183/182/168 256/255/241 159/158/144
f 159/158/144 256/255/241 157/156/142
f 256/255/241 257/256/242 157/156/142
f 157/156/142 257/256/242 154/153/139
f 257/256/242 258/257/243 154/153/139
f 154/153/139 258/257/243 259/258/244
f 258/257/243 260/259/245 259/258/244
f 259/258/244 260/259/245 248/247/233
f 260/259/245 261/260/246 248/247/233
f 248/247/233 261/260/246 250/249/235
f 261/260/246 262/261/247 250/249/235
f 250/249/235 262/261/247 263/262/248
f 168/167/153 166/165/151 243/242/228
f 243/242/228 166/165/151 264/263/249
f 166/165/151 164/163/149 264/263/249
f 266/265/251 265/264/250 191/190/176
f 191/190/176 265/264/250 189/188/174
f 265/264/250 267/266/252 189/188/174
f 189/188/174 267/266/252 187/186/172
f 267/266/252 268/267/253 187/186/172
f 187/186/172 268/267/253 184/183/169
f 268/267/253 183/182/168 184/183/169
f 184/183/169 183/182/168 186/185/171
f 268/267/253 267/266/252 257/256/242
f 257/256/242 267/266/252 269/268/254
f 267/266/252 265/264/250 269/268/254
f 269/268/254 265/264/250 270/269/255
f 265/264/250 266/265/251 270/269/255
f 270/269/255 266/265/251 271/270/256
f 266/265/251 272/271/257 271/270/256
f 271/270/256 272/271/257 273/272/258
f 215/214/200 274/273/259 214/213/199
f 214/213/199 274/273/259 275/274/260
f 274/273/259 229/228/214 275/274/260
f 275/274/260 229/228/214 276/275/261
f 278/277/263 277/276/262 247/246/232
f 247/246/232 277/276/262 198/197/183
f 277/276/262 279/278/264 198/197/183
f 270/269/255 271/270/256 280/279/265
f 280/279/265 271/270/256 281/280/266
f 271/270/256 273/272/258 281/280/266
f 281/280/266 273/272/258 282/281/267
f 248/247/233 251/250/236 259/258/244
f 259/258/244 251/250/236 283/282/268
f 251/250/236 253/252/238 283/282/268
f 283/282/268 253/252/238 284/283/269
f 253/252/238 255/254/240 284/283/269
f 284/283/269 255/254/240 285/284/270
f 255/254/240 202/201/187 285/284/270
f 285/284/270 202/201/187 199/198/184
f 246/245/231 244/243/229 240/239/225
f 240/239/225 244/243/229 242/241/227
f 244/243/229 245/244/230 242/241/227
f 242/241/227 245/244/230 286/285/271
f 245/244/230 287/286/272 286/285/271
f 286/285/271 287/286/272 288/287/273
f 233/289/218 289/288/274 194/193/179
f 194/193/179 289/288/274 196/195/181
f 289/288/274 290/290/275 196/195/181
f 196/195/181 290/290/275 291/291/276
f 290/290/275 292/292/277 291/291/276
f 291/291/276 292/292/277 293/293/278
f 233/232/218 230/229/215 289/294/274
f 289/294/274 230/229/215 294/295/279
f 230/229/215 231/230/216 294/295/279
f 294/295/279 231/230/216 295/296/280
f 257/256/242 256/255/241 183/182/168
f 268/267/253 257/256/242 183/182/168
f 280/279/265 296/297/281 270/269/255
f 270/269/255 296/297/281 269/268/254
f 296/297/281 258/257/243 269/268/254
f 269/268/254 258/257/243 257/256/242
f 228/227/213 235/234/220 197/196/182
f 197/196/182 235/234/220 194/193/179
f 235/234/220 234/298/219 194/193/179
f 194/193/179 234/298/219 233/289/218
f 286/285/271 297/299/282 242/241/227
f 242/241/227 297/299/282 241/240/226
f 297/299/282 172/171/157 241/240/226
f 241/240/226 172/171/157 170/169/155
f 173/172/158 298/300/283 171/170/156
f 171/170/156 298/300/283 239/238/224
f 298/300/283 222/221/207 239/238/224
f 239/238/224 222/221/207 220/219/205
f 155/154/140 299/301/284 158/157/143
f 158/157/143 299/301/284 279/278/264
f 299/301/284 200/199/185 279/278/264
f 279/278/264 200/199/185 198/197/183
f 160/159/145 158/157/143 279/278/264
f 279/278/264 277/276/262 160/159/145
f 160/159/145 277/276/262 162/161/147
f 277/276/262 264/263/249 162/161/147
f 162/161/147 264/263/249 164/163/149
f 277/276/262 278/277/263 243/242/228
f 264/263/249 277/276/262 243/242/228
f 301/303/286 300/302/285 295/296/280
f 295/296/280 300/302/285 294/295/279
f 300/302/285 290/304/275 294/295/279
f 294/295/279 290/304/275 289/294/274
f 196/195/181 291/291/276 195/194/180
f 190/189/175 195/194/180 192/191/177
f 192/191/177 195/194/180 302/305/287
f 195/194/180 291/291/276 302/305/287
f 302/305/287 291/291/276 293/293/278
f 266/265/251 191/190/176 193/192/178
f 272/271/257 266/265/251 193/192/178
f 263/262/248 303/306/288 250/249/235
f 250/249/235 303/306/288 249/248/234
f 303/306/288 304/307/289 249/248/234
f 249/248/234 304/307/289 252/251/237
f 304/307/289 305/308/290 252/251/237
f 252/251/237 305/308/290 254/253/239
f 305/308/290 206/205/191 254/253/239
f 254/253/239 206/205/191 204/203/189
f 207/206/192 287/286/272 245/244/230
f 205/204/190 207/206/192 245/244/230
f 288/287/273 306/309/291 286/285/271
f 286/285/271 306/309/291 297/299/282
f 306/309/291 174/173/159 297/299/282
f 297/299/282 174/173/159 172/171/157
f 216/215/201 217/216/202 307/310/292
f 200/199/185 308/311/293 199/198/184
f 199/198/184 308/311/293 285/284/270
f 308/311/293 309/312/294 285/284/270
f 285/284/270 309/312/294 284/283/269
f 309/312/294 156/155/141 284/283/269
f 284/283/269 156/155/141 283/282/268
f 156/155/141 154/153/139 283/282/268
f 283/282/268 154/153/139 259/258/244
f 200/199/185 299/301/284 308/311/293
f 308/311/293 299/301/284 309/312/294
f 299/301/284 155/154/140 309/312/294
f 309/312/294 155/154/140 156/155/141
f 275/274/260 276/275/261 213/212/198
f 213/212/198 276/275/261 176/313/161
f 276/275/261 310/314/295 176/313/161
f 176/313/161 310/314/295 178/315/163
f 213/318/198 176/317/161 179/316/164
f 208/319/193 213/318/198 179/316/164
f 313/322/298 312/321/297 311/320/296
f 314/323/299 313/322/298 311/320/296
f 312/326/297 316/325/301 315/324/300
f 311/320/296 312/326/297 315/324/300
f 183/182/168 182/181/167 186/185/171
f 296/297/281 280/279/265 258/257/243
f 258/257/243 280/279/265 260/259/245
f 280/279/265 281/280/266 260/259/245
f 260/259/245 281/280/266 261/260/246
f 281/280/266 282/281/267 261/260/246
f 261/260/246 282/281/267 262/261/247
f 175/174/160 317/327/302 173/172/158
f 173/172/158 317/327/302 298/300/283
f 317/327/302 224/223/209 298/300/283
f 298/300/283 224/223/209 222/221/207
f 319/329/304 318/328/303 301/303/286
f 301/303/286 318/328/303 300/302/285
f 318/328/303 292/330/277 300/302/285
f 300/302/285 292/330/277 290/304/275
f 321/332/306 320/331/305 237/236/222
f 237/236/222 320/331/305 236/235/221
f 320/331/305 234/298/219 236/235/221
f 236/235/221 234/298/219 235/234/220
f 208/207/193 179/178/164 181/180/166
f 161/160/146 208/207/193 181/180/166
f 229/228/214 232/231/217 234/233/219
f 320/333/305 229/228/214 234/233/219
f 275/274/260 213/212/198 214/213/199
f 215/214/200 216/215/201 307/310/292
f 274/273/259 215/214/200 307/310/292
f 324/336/309 323/335/308 322/334/307
f 322/334/307 323/335/308 325/337/310
f 323/335/308 326/338/311 325/337/310
f 325/337/310 326/338/311 327/339/312
f 326/338/311 328/340/313 327/339/312
f 327/339/312 328/340/313 329/341/314
f 328/340/313 330/342/315 329/341/314
f 329/341/314 330/342/315 331/343/316
f 330/342/315 332/344/317 331/343/316
f 331/343/316 332/344/317 333/345/318
f 332/344/317 334/346/319 333/345/318
f 333/345/318 334/346/319 335/347/320
f 334/346/319 336/348/321 335/347/320
f 335/347/320 336/348/321 337/349/322
f 336/348/321 338/350/323 337/349/322
f 337/349/322 338/350/323 316/325/301
f 338/350/323 339/351/324 316/325/301
f 316/325/301 339/351/324 340/352/325
f 339/351/324 341/353/326 340/352/325
f 340/352/325 341/353/326 342/354/327
f 341/353/326 343/355/328 342/354/327
f 342/354/327 343/355/328 344/356/329
f 335/347/320 313/357/298 333/345/318
f 333/345/318 313/357/298 345/358/330
f 313/357/298 314/359/299 345/358/330
f 345/358/330 314/359/299 346/360/331
f 347/361/332 345/358/330 346/360/331
f 329/341/314 331/343/316 347/361/332
f 329/341/314 347/361/332 327/339/312
f 327/339/312 347/361/332 348/362/333
f 347/361/332 346/360/331 348/362/333
f 348/362/333 346/360/331 349/363/334
f 333/345/318 345/358/330 347/361/332
f 331/343/316 333/345/318 347/361/332
f 352/366/337 351/365/336 350/364/335
f 350/364/335 351/365/336 353/367/338
f 351/365/336 354/368/339 353/367/338
f 353/367/338 354/368/339 355/369/340
f 354/368/339 356/370/341 355/369/340
f 355/369/340 356/370/341 357/371/342
f 360/374/345 359/373/344 358/372/343
f 358/372/343 359/373/344 361/375/346
f 359/373/344 362/376/347 361/375/346
f 361/375/346 362/376/347 363/377/348
f 355/369/340 364/378/349 350/364/335
f 353/367/338 355/369/340 350/364/335
f 365/379/350 354/368/339 351/365/336
f 363/382/348 367/381/352 366/380/351
f 366/380/351 367/381/352 368/383/353
f 367/381/352 369/384/354 368/383/353
f 368/383/353 369/384/354 370/385/355
f 369/384/354 371/386/356 370/385/355
f 370/385/355 371/386/356 372/387/357
f 371/386/356 373/388/358 372/387/357
f 372/387/357 373/388/358 374/389/359
f 363/391/348 362/376/347 367/390/352
f 367/390/352 362/376/347 375/392/360
f 362/376/347 359/373/344 375/392/360
f 375/392/360 359/373/344 356/393/341
f 359/373/344 360/374/345 356/393/341
f 356/393/341 360/374/345 357/394/342
f 360/374/345 376/395/361 357/394/342
f 357/394/342 376/395/361 377/396/362
f 370/385/355 372/387/357 378/397/363
f 369/384/354 367/381/352 371/386/356
f 371/386/356 367/381/352 365/379/350
f 367/381/352 375/398/360 365/379/350
f 371/386/356 365/379/350 373/388/358
f 373/388/358 365/379/350 379/399/364
f 365/379/350 351/365/336 379/399/364
f 379/399/364 351/365/336 352/366/337
f 378/397/363 372/387/357 374/389/359
f 380/400/365 378/397/363 374/389/359
f 382/402/367 381/401/366 361/375/346
f 361/375/346 381/401/366 358/372/343
f 381/401/366 376/395/361 358/372/343
f 358/372/343 376/395/361 360/374/345
f 355/403/340 357/394/342 377/396/362
f 364/404/349 355/403/340 377/396/362
f 375/398/360 356/370/341 354/368/339
f 365/379/350 375/398/360 354/368/339
f 385/407/370 384/406/369 383/405/368
f 383/405/368 384/406/369 386/408/371
f 384/406/369 387/409/372 386/408/371
f 386/408/371 387/409/372 388/410/373
f 390/413/375 389/412/374 387/411/372
f 387/411/372 389/412/374 388/414/373
f 389/412/374 391/415/376 388/414/373
f 388/414/373 391/415/376 392/416/377
f 388/410/373 393/417/378 383/405/368
f 386/408/371 388/410/373 383/405/368
f 384/406/369 394/418/379 387/409/372
f 394/418/379 395/419/380 387/409/372
f 387/409/372 395/419/380 396/420/381
f 395/419/380 397/421/382 396/420/381
f 396/420/381 397/421/382 398/422/383
f 397/421/382 399/423/384 398/422/383
f 395/419/380 394/418/379 400/424/385
f 400/424/385 394/418/379 401/425/386
f 394/418/379 384/406/369 401/425/386
f 401/425/386 384/406/369 385/407/370
f 400/424/385 402/426/387 395/419/380
f 395/419/380 402/426/387 397/421/382
f 402/426/387 403/427/388 397/421/382
f 397/421/382 403/427/388 399/423/384
f 393/428/378 388/414/373 392/416/377
f 387/411/372 396/429/381 390/413/375
f 182/181/167 180/179/165 177/176/162
f 227/226/212 182/181/167 177/176/162
f 321/332/306 237/236/222 178/177/163
f 310/430/295 321/332/306 178/177/163
f 276/275/261 229/228/214 310/314/295
f 310/314/295 229/228/214 321/431/306
f 229/228/214 320/333/305 321/431/306
f 218/217/203 212/211/197 238/237/223
f 238/237/223 212/211/197 169/168/154
f 243/242/228 278/277/263 240/239/225
f 240/239/225 278/277/263 247/246/232
f 247/246/232 246/245/231 240/239/225
f 316/325/301 340/352/325 315/324/300
f 315/324/300 340/352/325 342/354/327
f 342/354/327 344/356/329 315/324/300
f 327/339/312 348/362/333 325/337/310
f 325/337/310 348/362/333 349/432/334
f 349/432/334 322/334/307 325/337/310
f 316/325/301 312/326/297 337/349/322
f 337/349/322 312/326/297 313/357/298
f 313/357/298 335/347/320 337/349/322
v -1848.484 62.91787 71.58152
vt 2.697545 0.5234234
vn 0.5216741 0.843557 -0.127545
v -1732.264 -40.2 13.5714
vt 3.247746 0
vn 0.5962323 0.7814605 -0.1839201
v -1717.785 -40.20051 76.30631
vt 2.788765 0
vn 0.6289049 0.7762737 -0.04333457
v -1851.732 46.01078 15.87534
vt 3.155053 0.3641081
vn 0.5104065 0.8544743 -0.09674132
v -1754.05 -40.19951 -36.94597
vt 3.492468 0.002924442
vn 0.6243327 0.7608677 -0.1768869
v -1863.292 50.28279 -32.92866
vt 3.582495 0.3570952
vn 0.59534 0.8027715 0.03358885
v -1775.836 -40.19902 -87.46333
vt 3.876501 0.005848944
vn 0.7006977 0.703456 0.1190475
v -1874.853 54.55481 -81.73266
vt 4.004316 0.3091997
vn 0.6709599 0.6908313 0.2693786
v -1750.843 -40.19657 -149.9041
vt 4.211897 0
vn 0.734715 0.6053694 0.3061399
v -1803.37 53.99911 -178.8084
vt 4.297224 0.2342066
vn 0.756175 0.5725744 0.316793
v -1715.482 -34.48154 -254.1596
vt 4.437273 0
vn 0.8064303 0.5911152 -0.01590483
v -1794.107 53.13361 -265.9971
vt 4.550384 0.1912888
vn 0.8423894 0.5375077 -0.03828288
v -1762.598 -34.48117 -368.2146
vt 4.865718 0
vn 0.8433867 0.5122227 -0.1622555
v -1806.618 59.80136 -346.5297
vt 4.915196 0.1839676
vn 0.8127714 0.5265001 -0.2493998
v -1767.504 -31.86435 -434.6338
vt 5.138776 0
vn 0.7397719 0.5236465 -0.4225303
v -1812.95 49.88097 -417.7661
vt 5.184805 0.1214725
vn 0.7228894 0.554841 -0.4118039
v -1818.568 -31.86319 -482.1792
vt 5.303518 0
vn 0.510573 0.5879225 -0.6274251
v -1862.483 70.57539 -428.2428
vt 5.343388 0.2411824
vn 0.5117803 0.5995056 -0.615365
v -1871.757 -31.86257 -558.3126
vt 5.53165 0
vn 0.4197063 0.7015459 -0.5759166
v -1909.094 63.10935 -452.8246
vt 5.560804 0.2500722
vn 0.396973 0.6360731 -0.6616823
v -1927.887 -31.86264 -581.6575
vt 5.76117 0
vn 0.1405024 0.7274578 -0.6716132
v -1959.671 76.52783 -471.3329
vt 5.741238 0.2951556
vn 0.1849596 0.6593537 -0.7287267
v -1993.769 -31.86311 -571.8351
vt 6.005349 0
vn -0.3364671 0.6002233 -0.7256183
v -2002.539 71.42963 -478.5676
vt 5.991365 0.3226067
vn -0.2258983 0.5760213 -0.7856013
v -2047.711 -31.864 -509.7451
vt 6.350746 0.01733565
vn -0.5931919 0.4590345 -0.6613703
v -2035.085 63.72796 -468.4319
vt 6.258188 0.3105084
vn -0.4228181 0.4880086 -0.7635918
v -2019.766 132.1132 -432.023
vt 5.869778 0.6772687
vn -0.1516645 0.6803328 -0.7170392
v -1969.658 143.9747 -426.5175
vt 5.728135 0.5240971
vn 0.1535216 0.7072679 -0.6900748
v -2036.106 211.4691 -320.8499
vt 5.292424 0.8002498
vn -0.1209131 0.9005139 -0.4176778
v -1970.257 210.8157 -324.2065
vt 5.186118 0.6082267
vn 0.1551858 0.9235846 -0.3505836
v -2040.256 214.6805 -262.4859
vt 4.932114 0.8234126
vn 0.06337333 0.9945987 0.08220264
v -1962.848 212.5002 -270.4797
vt 4.836654 0.6175061
vn 0.2721739 0.9584159 0.0857926
v -2045.201 205.2472 -192.9233
vt 4.645127 0.8519343
vn 0.1103355 0.9477565 0.2993056
v -1954.052 193.107 -206.6953
vt 4.501529 0.6186147
vn 0.3342215 0.8797731 0.3380759
v -2044.477 162.0957 -108.0969
vt 4.1843 0.8866864
vn 0.06739575 0.8459792 0.5289395
v -1962.757 160.5266 -111.128
vt 4.04944 0.5954963
vn 0.365537 0.8234894 0.4338755
v -2056.461 120.1146 -61.30315
vt 3.757336 0.8833117
vn 0.01191789 0.7551214 0.6554766
v -1947.647 116.1843 -58.53248
vt 3.65133 0.6117924
vn 0.2893762 0.8284237 0.4795577
v -2068.445 78.13351 -14.5094
vt 3.288726 0.8812379
vn 0.03767767 0.9926996 0.1145769
v -1932.538 71.84207 -5.936952
vt 3.185158 0.5803921
vn 0.241036 0.9690773 0.05282821
v -2068.655 110.6992 49.72579
vt 2.810063 0.9133035
vn 0.03560717 0.9436259 -0.3290932
v -1960.802 111.6901 62.99171
vt 2.610442 0.8043576
vn 0.2242094 0.9352888 -0.2737973
v -2060.64 119.6201 100.3113
vt 1.635386 0.9369475
vn 0.006938373 0.9815105 -0.1912825
v -1966.408 121.8036 114.3427
vt 1.045984 0.8240091
vn 0.2279696 0.9641088 -0.1361029
v -2017.552 69.55521 286.8668
vt -0.3983871 0.5298201
vn 0.1813174 0.7607363 0.6232209
v -1952.904 79.13147 237.0693
vt 0.4962794 0.5092381
vn 0.4207018 0.695989 0.5819015
v -1982.075 61.12729 269.6517
vt 0.1810248 0.4583874
vn 0.493975 0.6654227 0.5596439
v -2025.6 90.91754 260.421
vt -0.3694083 0.5583706
vn 0.1151241 0.8574395 0.5015415
v -1968.345 129.6915 152.0489
vt 0.6364948 0.6770548
vn 0.250559 0.9561157 0.1518652
v -2034.577 129.0224 148.3901
vt -0.5425824 0.8258007
vn 0.03479151 0.9830635 0.1799327
vt -1.550525 0.9237789
v -2035.12 28.92728 363.3304
vt -0.5799686 0.2969887
vn 0.03464453 0.9361734 0.3498273
v -1990.238 43.1231 302.2341
vt -0.01805506 0.3963665
vn 0.4760621 0.7686675 0.427218
v -1988.61 21.00686 348.4825
vt -0.1070044 0.2533746
vn 0.3788033 0.9014668 0.2094413
v -2025.062 48.19287 313.3126
vt -0.477026 0.4143236
vn 0.1403551 0.8390506 0.5256373
v -1838.561 108.7177 -194.7355
vt 4.401589 0.3794388
vn 0.6660103 0.6601858 0.3472533
v -1839.52 154.0774 -292.6765
vt 4.787511 0.3624074
vn 0.7038172 0.7102617 0.01302801
v -1886.184 162.084 -371.2694
vt 5.146716 0.3907657
vn 0.5316792 0.710084 -0.4616254
v -1933.312 139.5921 -405.0086
vt 5.519331 0.433906
vn 0.3226563 0.6419786 -0.695526
v -1863.28 72.22147 176.333
vt 1.389761 0.4892015
vn 0.5650594 0.7206027 0.4017955
v -1785.216 -40.20202 163.4635
vt 2.048098 0
vn 0.6582683 0.4921392 0.5696331
v -1834.297 -40.20297 213.4505
vt 1.426298 0
vn 0.5862296 0.439779 0.6803891
v -1869.461 -40.20349 252.5549
vt 0.899066 0
vn 0.6135898 0.5986894 0.5148578
v -1883.617 -40.20401 291.6593
vt 0.7682509 0
vn 0.5672011 0.800239 0.1946803
vt -7.003019 0.9085965
v -2046.973 115.6457 -439.7083
vt -7.520178 0.613084
vn -0.2689622 0.6380265 -0.7215133
vt -7.543747 0.888899
v -2073.86 88.17867 263.5301
vt -0.9146038 0.5499239
vn -0.01996748 0.8734736 0.4864618
v -2051.649 73.2811 281.7021
vt -0.6870573 0.5302949
vn -0.01014682 0.7757074 0.6310112
v -2054.527 58.38353 299.8743
vt -0.7963198 0.433374
vn -0.0468397 0.8418 0.5377535
v -2068.823 27.87877 346.7668
vt -0.8797562 0.3107533
vn -0.1535061 0.9122418 0.3798037
v -2077.064 6.712997 398.0027
vt -1.039209 0.1321636
vn -0.2305093 0.9690695 0.08814589
v -2033.694 17.37685 402.4547
vt -0.6806444 0.1048086
vn -0.0683374 0.996712 0.043534
vt 6.017241 0.6215289
v -1899.104 96.33957 575.551
vt -0.6702578 -0.1632644
vn 0.4300592 0.8862898 0.1718705
v -1899.766 75.82297 500.3094
vt 0.05102053 -0.2580487
vn 0.126343 0.8942574 -0.4293496
v -1867.944 70.35178 532.1454
vt -0.3708056 -0.3733912
vn 0.6109738 0.7893078 -0.06086099
v -1941.248 95.91461 552.496
vt -0.007535795 -0.09627819
vn -0.1317054 0.9773434 -0.1656912
v -1941.639 58.44963 477.2878
vt 0.4513538 -0.3820429
vn -0.2012608 0.8496261 -0.4874727
v -2013.583 62.7509 548.4016
vt 1.453102 -0.3956532
vn -0.3693251 0.8827407 -0.2904613
v -1849.734 45.79372 544.7505
vt -0.4587499 -0.5287519
vn 0.7409984 0.6482511 0.1751911
v -1887.17 56.80005 613.0912
vt -0.8184602 -0.4505548
vn 0.6388843 0.6556106 0.4024942
v -1938.962 88.92969 623.4755
vt -1.203266 -0.2987536
vn 0.1096921 0.8951411 0.4320765
v -1927.186 62.30499 652.0876
vt -1.12898 -0.4114437
vn 0.3952943 0.7059025 0.587745
v -2001.383 66.23357 614.002
vt -1.856813 -0.2407553
vn -0.4294216 0.885392 0.1779836
v -1960.025 62.52845 664.7935
vt -1.424173 -0.3971109
vn 0.03444424 0.8030294 0.5949432
v -1958.031 94.47768 596.1319
vt -1.130292 -0.1828654
vn -0.2897809 0.9445518 0.1544309
vt 1.826348 -0.1976
vt 1.739382 -0.398267
v -1810.348 -40.20469 380.4559
vt 0.1137435 -1.022777
vn 0.3964554 0.8032984 -0.4444489
v -1808.274 8.334991 468.461
vt -0.261876 -0.696835
vn 0.6904238 0.70083 -0.1793107
v -1852.706 -4.041504 407.958
vt 0.1503714 -0.7847667
vn 0.3377545 0.7948512 -0.5041165
v -1774.443 -40.20529 447.4789
vt -0.2594483 -1.022777
vn 0.7531841 0.6399143 -0.152392
v -1822.006 17.13992 558.1417
vt -0.5221116 -0.6342784
vn 0.7755351 0.5980585 0.2021665
v -1795.184 -40.20671 559.6711
vt -0.5307528 -1.022777
vn 0.8405998 0.4935023 0.2232653
v -1861.234 11.73101 643.9333
vt -0.8767792 -0.6727072
vn 0.6486768 0.6496708 0.3964169
v -1844.188 -34.52386 697.1608
vt -0.9774319 -1.022777
vn 0.6756294 0.6303289 0.3823746
v -1913.683 17.69191 693.269
vt -1.16519 -0.5401878
vn 0.3678628 0.7414334 0.5612072
v -1905.405 -34.52386 775.0906
vt -1.228373 -1.002206
vn 0.3307622 0.7986531 0.5027421
v -1968.261 20.51933 705.6168
vt -1.38247 -0.5200999
vn 0.173872 0.7581766 0.6284399
v -1960.001 -34.52386 782.5626
vt -1.365147 -1.002206
vn 0.1207625 0.8283541 0.5470338
v -1868.38 44.48328 463.4313
vt 0.07087715 -0.5380622
vn 0.2691914 0.806287 -0.5267231
v -1844.04 43.16397 499.2362
vt -0.2934411 -0.5474356
vn 0.6394603 0.7504833 -0.1669292
v -1935.94 22.93681 433.7811
vt 0.3526661 -0.691144
vn 0.02341781 0.866542 -0.4985543
v -2023.38 28.09665 457.9386
vt 1.33874 -0.653734
vn -0.1410579 0.9490828 -0.2816816
v -2014.015 40.091 499.1805
vt 1.238771 -0.5222619
vn -0.2719963 0.8594833 -0.4327891
v -1966.26 11.58966 386.0288
vt 0.5955857 -0.8750863
vn 0.2181171 0.9634202 -0.1557127
v -1855.528 -40.20454 348.8857
vt 0.2348751 -1.022777
vn 0.3311113 0.8940194 -0.3018188
vt -0.2168694 0.1134994
vt 0.1871747 0.02251422
vt 1.265558 -0.8651624
v -1851.514 67.88783 124.3205
vt 1.995333 0.5449708
vn 0.5779781 0.8102618 0.09704168
v -1737.182 -40.20087 118.0325
vt 2.483445 0
vn 0.6874894 0.6762051 0.2647733
vt -2.099277 -0.4274681
vt -2.006502 -0.1901596
vt -2.933128 -0.1783003
v -1869.562 98.51047 -863.515
vt 0.4750165 0.4361058
vn 0.03409884 0.9528866 0.3014039
v -1835.829 81.57405 -900.927
vt 0.7466444 0.6599538
vn 0.3742611 0.7918035 -0.4826758
v -1819.819 81.57404 -878.4854
vt 0.7978281 0.4894534
vn 0.442337 0.8963459 0.03003525
v -1876.702 87.88898 -914.2883
vt 0.5285146 0.7946932
vn -0.09119031 0.8736711 -0.4778946
v -1814.146 60.7111 -910.9081
vt 0.8810322 0.7168533
vn 0.4230345 0.6731822 -0.6065208
v -1883.158 60.71084 -933.4684
vt 0.5018768 0.9525741
vn -0.1135048 0.6680183 -0.7354374
v -1914.829 81.57364 -858.5709
vt 0.1668966 0.4709009
vn -0.414766 0.9022679 0.1178212
v -1899.329 81.57375 -894.3914
vt 0.3394444 0.6931466
vn -0.4963364 0.805557 -0.3236171
v -1947.536 60.71038 -839.3908
vt -0.09786064 0.3976412
vn -0.5035308 0.8354228 0.2202849
v -1871.103 78.64496 -847.7388
vt 0.4115462 0.3471068
vn 0.1006317 0.8276902 0.552089
v -1928.621 52.46518 -806.5948
vt 2.756505 0.8087999
vn -0.3280637 0.8562962 0.3989123
v -1853.196 33.56253 -775.7987
vt 3.248427 0.9021119
vn 0.1232937 0.8562799 0.5015809
v -1915.982 46.95604 -784.6816
vt 2.966011 0.8958496
vn -0.1816508 0.8760751 0.446649
v -1861.306 63.40779 -821.0477
vt 3.165122 0.5512342
vn 0.09009242 0.9077965 0.4096204
v -1783.402 47.58346 -821.1293
vt 4.165946 0.8341482
vn 0.4052192 0.8432852 0.3530827
v -1785.136 53.72004 -845.384
vt 4.186787 0.4650484
vn 0.489873 0.846899 0.2068491
v -1744.212 9.661625 -889.5927
vt 0.9542097 0.3034525
vn 0.7358239 0.6265139 -0.2569894
v -1778.182 -36.87112 -987.6905
vt 1.216809 0.05194807
vn 0.433307 0.5735376 -0.6951976
v -1714.218 -36.47527 -898.0337
vt 0.9357356 0.05480194
vn 0.7696485 0.5657194 -0.2959777
v -1789.014 9.661629 -952.3907
vt 1.196319 0.3034526
vn 0.4268521 0.6236557 -0.654867
v -1906.905 -40.19242 -1004.714
vt 1.536731 0.02800286
vn -0.1759076 0.5692643 -0.8031156
v -1892.3 9.661201 -974.998
vt 1.515554 0.3034495
vn -0.1485028 0.6160204 -0.7736057
vt -1.282411 0.3034495
v -1985.609 -40.19296 -950.7843
vt -1.023956 0.02799904
vn -0.6619794 0.5528316 -0.506123
vt -1.261235 0.02800286
v -1956.497 9.660801 -934.1021
vt -1.05299 0.3034465
vn -0.6313507 0.5981126 -0.4936169
v -2023.356 -40.19347 -831.8533
vt -0.6866637 0.02799529
vn -0.8122025 0.5815797 -0.04573913
v -1991.106 9.660423 -835.7643
vt -0.7053635 0.3034438
vn -0.7712706 0.6365043 0.001998625
v -2011.048 -40.19354 -754.3164
vt -0.4682035 0.02799481
vn -0.7364314 0.6565257 0.1632263
v -1975.739 9.660263 -793.0751
vt -0.5442404 0.3034427
vn -0.6669053 0.7030226 0.2469748
v -1996.809 -40.19388 -652.3635
vt -0.259903 0.02799237
vn -0.4222964 0.8521351 0.3090816
v -1957.785 9.660053 -743.1991
vt -0.3487293 0.3034412
vn -0.3579423 0.8559506 0.3731298
v -1946.019 -40.19363 -637.6838
vt -0.1516373 0.02799422
vn 0.1587368 0.8103549 0.5640279
v -1865.821 9.660385 -724.4505
vt 0.0237568 0.3034436
vn 0.1480927 0.8151645 0.559978
v -1718.961 -38.03247 -784.6879
vt 0.6126512 0.04357523
vn 0.674054 0.6274623 0.3897978
v -1741.435 9.661652 -850.7559
vt 0.8262426 0.3034527
vn 0.7774391 0.6289126 0.007581487
v -1704.127 -40.19172 -840.0909
vt 0.7755208 0.02800792
vn 0.8374696 0.5464826 -0.001219107
v -1738.063 9.661671 -803.6027
vt 0.6587072 0.3034528
vn 0.5987839 0.7209495 0.3488404
vt 0.8821332 0.8452744
vt 0.7559857 0.8371971
v -1870.105 -40.19313 -661.2297
vt 0.01566279 0.02799779
vn 0.4045807 0.6512409 0.6420277
v -1787.112 60.71109 -873.0159
vt 1.041784 0.8514549
vn 0.5705356 0.820156 0.04281576
vt 1.296915 0.8591936
vt 1.653353 0.8660211
vt -1.421971 0.8606802
v -1921.363 60.7106 -908.7292
vt -1.199738 0.8623666
vn -0.5754003 0.6874499 -0.4430883
vt -0.7880448 0.8939885
vt -0.3823516 0.917301
vt -0.1995604 0.8823099
vt 0.2763686 0.850184
vt 2.860639 0.3986511
vt 4.150979 0.2002959
vt 2.380802 0.7126988
vt 0.9674551 0.4289657
vt 0.2124121 0.832505
v -1979.658 -32.87223 1018.834
vt -2.331906 -0.04991472
vn -0.1063824 0.4197842 -0.9013678
v -2047.348 1.188347 1070.287
vt -1.629535 0.2518703
vn -0.4971685 0.4335394 -0.7515764
v -2046.673 -32.86818 1052.911
vt -1.749859 -0.04987895
vn -0.4678368 0.3167185 -0.825117
v -1990.994 4.765301 1035.786
vt -2.249091 0.2835631
vn -0.1313746 0.5430242 -0.8293765
v -2035.587 35.89268 1095.96
vt -1.424878 0.5593593
vn -0.3273811 0.8715515 -0.3649926
v -2001.268 42.32869 1067.999
vt -2.081757 0.6163839
vn -0.13242 0.8458098 -0.516789
v -1995.938 50.18382 1160.226
vt 0.9905509 0.5270573
vn 0.3926332 0.8322221 0.391466
v -1937.314 33.98697 1104.209
vt 0.6356732 0.8778524
vn 0.6112232 0.7684272 -0.1895413
v -1937.332 36.0713 1129.332
vt 0.8354538 0.8479271
vn 0.5982836 0.7540052 0.2711694
v -1987.583 42.32061 1114.649
vt 0.6409947 0.6311393
vn 0.05220994 0.9984571 -0.01890644
v -1959.867 40.86378 1080.332
vt 0.4109185 0.7671537
vn 0.2691751 0.9012969 -0.3394241
vt 1.679577 -0.04991484
v -1951.629 3.950356 1047.906
vt 1.391684 0.2763424
vn 0.4794995 0.5451272 -0.6876893
vt 1.762393 0.283563
v -1950.276 -32.87273 1028.293
vt 1.458524 -0.04991925
vn 0.5036482 0.4254684 -0.7518744
v -1915.204 0.1260414 1088.351
vt 0.9147407 0.242458
vn 0.8572941 0.4424667 -0.2631921
v -1907.33 -32.87267 1077.144
vt 0.9786195 -0.04991877
vn 0.914663 0.2908168 -0.2807441
v -1919.016 1.289398 1136.529
vt 0.505042 0.2527657
vn 0.8112248 0.362105 0.4591233
v -1914.166 -32.8651 1138.651
vt 0.5037104 -0.04985166
vn 0.848568 0.1907395 0.4935086
v -1995.493 9.175549 1186.644
vt -0.3020944 0.3226389
vn 0.5446497 0.3160834 0.7768191
v -1995.416 -32.86108 1197.553
vt -0.2957958 -0.04981601
vn 0.5657572 0.1744193 0.8059136
vt 1.228519 0.6034045
vt 1.929726 0.6163839
vt 0.7972663 0.5424743
vt 0.5036647 0.560942
vt -0.3313288 0.5288746
vt 0.4181501 0.3138658
vt 0.2488236 0.5993655
o polySurface9_0
g polygon_0
usemtl i_s0
f 406/435/391 405/434/390 404/433/389
f 404/433/389 405/434/390 407/436/392
f 405/434/390 408/437/393 407/436/392
f 407/436/392 408/437/393 409/438/394
f 408/437/393 410/439/395 409/438/394
f 409/438/394 410/439/395 411/440/396
f 410/439/395 412/441/397 411/440/396
f 411/440/396 412/441/397 413/442/398
f 412/441/397 414/443/399 413/442/398
f 413/442/398 414/443/399 415/444/400
f 414/443/399 416/445/401 415/444/400
f 415/444/400 416/445/401 417/446/402
f 416/445/401 418/447/403 417/446/402
f 417/446/402 418/447/403 419/448/404
f 418/447/403 420/449/405 419/448/404
f 419/448/404 420/449/405 421/450/406
f 420/449/405 422/451/407 421/450/406
f 421/450/406 422/451/407 423/452/408
f 422/451/407 424/453/409 423/452/408
f 423/452/408 424/453/409 425/454/410
f 424/453/409 426/455/411 425/454/410
f 425/454/410 426/455/411 427/456/412
f 426/455/411 428/457/413 427/456/412
f 427/456/412 428/457/413 429/458/414
f 427/456/412 430/459/415 425/454/410
f 425/454/410 430/459/415 431/460/416
f 430/459/415 432/461/417 431/460/416
f 431/460/416 432/461/417 433/462/418
f 432/461/417 434/463/419 433/462/418
f 433/462/418 434/463/419 435/464/420
f 434/463/419 436/465/421 435/464/420
f 435/464/420 436/465/421 437/466/422
f 436/465/421 438/467/423 437/466/422
f 437/466/422 438/467/423 439/468/424
f 438/467/423 440/469/425 439/468/424
f 439/468/424 440/469/425 441/470/426
f 440/469/425 442/471/427 441/470/426
f 441/470/426 442/471/427 443/472/428
f 442/471/427 444/473/429 443/472/428
f 443/472/428 444/473/429 445/474/430
f 444/473/429 446/475/431 445/474/430
f 445/474/430 446/475/431 447/476/432
f 450/479/435 449/478/434 448/477/433
f 448/477/433 449/478/434 451/480/436
f 449/478/434 452/481/437 451/480/436
f 451/480/436 452/481/437 453/482/438
f 452/481/437 447/476/432 453/482/438
f 453/482/438 447/476/432 446/483/431
f 456/486/441 455/485/440 454/484/439
f 454/484/439 455/485/440 457/487/442
f 455/485/440 450/479/435 457/487/442
f 457/487/442 450/479/435 448/477/433
f 409/438/394 411/440/396 441/470/426
f 441/470/426 411/440/396 439/468/424
f 411/440/396 458/488/443 439/468/424
f 439/468/424 458/488/443 437/466/422
f 458/488/443 459/489/444 437/466/422
f 437/466/422 459/489/444 435/464/420
f 459/489/444 460/490/445 435/464/420
f 435/464/420 460/490/445 433/462/418
f 460/490/445 461/491/446 433/462/418
f 433/462/418 461/491/446 431/460/416
f 461/491/446 423/452/408 431/460/416
f 431/460/416 423/452/408 425/454/410
f 404/433/389 407/436/392 445/474/430
f 445/474/430 407/436/392 443/472/428
f 407/436/392 409/438/394 443/472/428
f 443/472/428 409/438/394 441/470/426
f 452/481/437 449/478/434 462/492/447
f 462/492/447 449/478/434 463/493/448
f 463/493/448 449/478/434 464/494/449
f 449/478/434 450/479/435 464/494/449
f 464/494/449 450/479/435 465/495/450
f 450/479/435 455/485/440 465/495/450
f 465/495/450 455/485/440 466/496/451
f 430/499/415 467/498/452 432/497/417
f 453/482/438 468/500/453 451/480/436
f 468/500/453 469/501/454 451/480/436
f 451/480/436 469/501/454 448/477/433
f 469/501/454 470/502/455 448/477/433
f 448/477/433 470/502/455 457/487/442
f 470/502/455 471/503/456 457/487/442
f 457/487/442 471/503/456 454/484/439
f 471/503/456 472/504/457 454/484/439
f 454/484/439 472/504/457 473/505/458
f 427/456/412 429/458/414 467/506/452
f 430/459/415 427/456/412 467/506/452
f 476/509/461 475/508/460 474/507/459
f 474/507/459 475/508/460 477/510/462
f 475/508/460 478/511/463 477/510/462
f 477/510/462 478/511/463 479/512/464
f 476/509/461 474/507/459 480/513/465
f 480/513/465 474/507/459 481/514/466
f 474/507/459 482/515/467 481/514/466
f 481/514/466 482/515/467 483/516/468
f 485/518/470 482/515/467 484/517/469
f 484/517/469 482/515/467 486/519/471
f 482/515/467 474/507/459 486/519/471
f 486/519/471 474/507/459 477/510/462
f 483/516/468 482/515/467 485/518/470
f 479/512/464 484/521/469 486/520/471
f 477/510/462 479/512/464 486/520/471
f 489/524/474 488/523/473 487/522/472
f 487/522/472 488/523/473 490/525/475
f 488/523/473 491/526/476 490/525/475
f 490/525/475 491/526/476 492/527/477
f 491/526/476 493/528/478 492/527/477
f 492/527/477 493/528/478 494/529/479
f 493/528/478 495/530/480 494/529/479
f 494/529/479 495/530/480 496/531/481
f 495/530/480 497/532/482 496/531/481
f 496/531/481 497/532/482 498/533/483
f 500/535/485 499/534/484 476/509/461
f 476/509/461 499/534/484 475/508/460
f 499/534/484 501/536/486 475/508/460
f 475/508/460 501/536/486 478/511/463
f 501/536/486 502/537/487 478/511/463
f 478/511/463 502/537/487 503/538/488
f 476/509/461 480/513/465 500/535/485
f 489/524/474 487/522/472 501/536/486
f 501/536/486 487/522/472 504/539/489
f 487/522/472 505/540/490 504/539/489
f 479/512/464 478/511/463 503/538/488
f 473/505/458 504/541/489 454/484/439
f 454/484/439 504/541/489 456/486/441
f 504/541/489 505/542/490 456/486/441
f 456/486/441 505/542/490 466/496/451
f 504/539/489 473/543/458 502/537/487
f 501/536/486 504/539/489 502/537/487
f 456/486/441 466/496/451 455/485/440
f 452/481/437 462/492/447 447/476/432
f 447/476/432 462/492/447 506/544/491
f 462/492/447 463/493/448 506/544/491
f 506/544/491 463/493/448 507/545/492
f 411/440/396 413/442/398 458/488/443
f 421/450/406 460/490/445 419/448/404
f 419/448/404 460/490/445 417/446/402
f 460/490/445 459/489/444 417/446/402
f 417/446/402 459/489/444 415/444/400
f 459/489/444 458/488/443 415/444/400
f 415/444/400 458/488/443 413/442/398
f 461/491/446 460/490/445 421/450/406
f 423/452/408 461/491/446 421/450/406
f 502/548/487 473/547/458 472/546/457
f 497/532/482 495/530/480 485/518/470
f 485/518/470 495/530/480 483/516/468
f 495/530/480 493/528/478 483/516/468
f 483/516/468 493/528/478 481/514/466
f 493/528/478 491/526/476 481/514/466
f 481/514/466 491/526/476 480/513/465
f 491/526/476 488/523/473 480/513/465
f 480/513/465 488/523/473 500/535/485
f 488/523/473 489/524/474 500/535/485
f 500/535/485 489/524/474 499/534/484
f 501/536/486 499/534/484 489/524/474
f 447/476/432 506/544/491 445/474/430
f 445/474/430 506/544/491 404/433/389
f 506/544/491 507/545/492 404/433/389
f 404/433/389 507/545/492 406/435/391
f 510/551/495 509/550/494 508/549/493
f 508/549/493 509/550/494 511/552/496
f 509/550/494 512/553/497 511/552/496
f 511/552/496 512/553/497 513/554/498
f 515/556/500 514/555/499 511/552/496
f 511/552/496 514/555/499 508/549/493
f 514/555/499 516/557/501 508/549/493
f 508/549/493 516/557/501 517/558/502
f 520/561/505 519/560/504 518/559/503
f 518/559/503 519/560/504 521/562/506
f 519/560/504 522/563/507 521/562/506
f 521/562/506 522/563/507 523/564/508
f 526/567/511 525/566/510 524/565/509
f 524/565/509 525/566/510 527/568/512
f 525/566/510 528/569/513 527/568/512
f 527/568/512 528/569/513 529/570/514
f 528/573/513 530/572/515 529/571/514
f 529/571/514 530/572/515 531/574/516
f 530/572/515 532/575/517 531/574/516
f 531/574/516 532/575/517 533/576/518
f 532/575/517 534/577/519 533/576/518
f 533/576/518 534/577/519 535/578/520
f 534/577/519 536/579/521 535/578/520
f 535/578/520 536/579/521 537/580/522
f 536/579/521 538/581/523 537/580/522
f 537/580/522 538/581/523 539/582/524
f 542/585/527 541/584/526 540/583/525
f 540/583/525 541/584/526 543/586/528
f 541/584/526 523/587/508 543/586/528
f 543/586/528 523/587/508 522/588/507
f 544/589/529 540/583/525 538/581/523
f 538/581/523 540/583/525 539/582/524
f 540/583/525 543/586/528 539/582/524
f 524/565/509 527/568/512 545/590/530
f 545/590/530 527/568/512 512/591/497
f 527/568/512 529/570/514 512/591/497
f 512/591/497 529/570/514 513/592/498
f 529/571/514 531/574/516 513/593/498
f 513/593/498 531/574/516 546/594/531
f 531/574/516 533/576/518 546/594/531
f 546/594/531 533/576/518 516/595/501
f 533/576/518 535/578/520 516/595/501
f 516/595/501 535/578/520 518/596/503
f 535/578/520 537/580/522 518/596/503
f 518/596/503 537/580/522 520/597/505
f 537/580/522 539/582/524 520/597/505
f 520/597/505 539/582/524 519/598/504
f 539/582/524 543/586/528 519/598/504
f 519/598/504 543/586/528 522/588/507
f 526/567/511 524/565/509 542/585/527
f 542/585/527 524/565/509 541/584/526
f 524/565/509 545/590/530 541/584/526
f 541/584/526 545/590/530 523/587/508
f 545/600/530 517/599/502 523/564/508
f 523/564/508 517/599/502 521/562/506
f 517/599/502 516/601/501 521/562/506
f 521/562/506 516/601/501 518/559/503
f 509/550/494 510/551/495 512/553/497
f 512/553/497 510/551/495 545/602/530
f 510/551/495 508/549/493 545/602/530
f 545/602/530 508/549/493 517/558/502
f 513/554/498 546/603/531 511/552/496
f 511/552/496 546/603/531 515/556/500
f 546/603/531 516/557/501 515/556/500
f 515/556/500 516/557/501 514/555/499
f 549/606/534 548/605/533 547/604/532
f 547/604/532 548/605/533 550/607/535
f 548/605/533 551/608/536 550/607/535
f 550/607/535 551/608/536 552/609/537
f 555/612/540 554/611/539 553/610/538
f 553/610/538 554/611/539 556/613/541
f 554/611/539 557/614/542 556/613/541
f 550/617/535 558/616/543 547/615/532
f 547/615/532 558/616/543 559/618/544
f 558/616/543 560/619/545 559/618/544
f 559/618/544 560/619/545 561/620/546
f 560/619/545 562/621/547 561/620/546
f 561/620/546 562/621/547 563/622/548
f 562/621/547 564/623/549 563/622/548
f 563/622/548 564/623/549 565/624/550
f 552/626/537 557/625/542 550/617/535
f 550/617/535 557/625/542 558/616/543
f 557/625/542 554/627/539 558/616/543
f 558/616/543 554/627/539 560/619/545
f 554/627/539 555/628/540 560/619/545
f 560/619/545 555/628/540 562/621/547
f 555/628/540 553/629/538 562/621/547
f 562/621/547 553/629/538 564/623/549
f 557/614/542 552/631/537 551/630/536
f 556/613/541 557/614/542 551/630/536
v 3145.981 -282.305 -627.642
vn -0.732538 -0.6525148 0.1939394
v 3220.415 -369.9478 -571.2883
vn -0.4470789 -0.7971437 0.4058108
v 3194.238 -395.9414 -636.364
vn -0.6242919 -0.5824761 0.5205586
v 3151.58 -319.6083 -549.8703
vn -0.6248175 -0.7750099 0.0946713
v 3222.016 -341.3135 -524.0291
vn -0.2539232 -0.8522084 0.4574536
v 3146.158 -310.9995 -495.8091
vn -0.4363288 -0.7761708 0.4551659
v 3190.103 -302.5543 -477.3951
vn -0.2593489 -0.6341654 0.728404
v 3151.948 -299.247 -476.1205
vn -0.2021313 -0.5663382 0.7990019
v 3166.6 -253.023 -466.214
vn -0.296358 -0.3815527 0.875551
v 3124.34 -247.3511 -461.3093
vn -0.1990224 -0.3689785 0.9078794
v 3128.224 -165.5791 -447.7833
vn -0.2879553 -0.3925486 0.8734915
v 3093.945 -159.5284 -430.8893
vn -0.1255575 -0.312244 0.9416682
v 3103.071 -91.86192 -422.4744
vn -0.3605843 -0.4682676 0.8066624
v 3069.37 -76.53493 -408.1885
vn -0.1743139 -0.4111772 0.8947335
v 3080.225 -27.69754 -381.6359
vn -0.4094797 -0.5307642 0.7420349
v 3053.075 -25.46808 -387.3524
vn -0.2309061 -0.5064063 0.8308038
v 3013.163 -298.3308 -834.7625
vn -0.8271241 -0.5272976 -0.1944813
v 3164.13 -463.0439 -867.3904
vn -0.6413347 -0.6950805 -0.3248892
v 3113.083 -328.0887 -929.7599
vn -0.5646195 -0.4621969 -0.6837974
v 3076.494 -388.6841 -814.0599
vn -0.7840812 -0.6189789 0.04562707
v 3169.014 -461.3295 -735.2432
vn -0.6688902 -0.6576846 0.3464636
v 3082.569 -357.0421 -777.2286
vn -0.7633693 -0.5299931 0.3692893
v 3126.987 -375.4018 -691.6855
vn -0.7231629 -0.4547162 0.5198735
v 3090.779 -283.7712 -700.0715
vn -0.7489192 -0.494307 0.4413395
v 3187.715 -84.76875 -1059.677
vn -0.650402 -0.2808853 -0.7057483
v 3300.573 -223.6288 -1154.241
vn -0.6385463 -0.5116798 -0.5748411
v 3288.873 -150.9828 -1203.328
vn -0.6897948 -0.2967451 -0.660398
v 3210.067 -183.9605 -1038.086
vn -0.5731428 -0.3993937 -0.7155362
v 3328.482 -307.4602 -1067.051
vn -0.5698271 -0.4804519 -0.6666806
v 3248.491 -339.837 -1001.325
vn -0.5373911 -0.4038585 -0.7403439
v 3332.463 -464.3353 -1008.835
vn -0.4821861 -0.5614256 -0.6725309
v 3257.095 -448.32 -957.6298
vn -0.5063962 -0.5719958 -0.645278
v 3388.274 -581.1454 -894.506
vn -0.4029321 -0.7406333 -0.5376877
v 3318.243 -558.9637 -854.7256
vn -0.4260761 -0.8309239 -0.3578054
v 3195.505 -250.2455 -435.4583
vn -0.6626395 -0.5124122 0.5462075
v 3224.928 -294.6637 -438.8592
vn -0.4993005 -0.6521692 0.5704159
v 3308.188 -386.5198 -554.7142
vn -0.491095 -0.7348653 0.4677593
v 3304.172 -405.9801 -600.9238
vn -0.5091252 -0.6412073 0.574147
v 3247.745 -446.6112 -643.2979
vn -0.4754235 -0.606516 0.6372683
v 3479.918 -535.9661 -554.9792
vt -0.3280149 0.6340317
vn -0.1927226 -0.7700623 0.6081629
v 3321.984 -498.1447 -635.546
vn -0.4682318 -0.6702979 0.5757254
v 3429.931 -495.0804 -536.3165
vn -0.371556 -0.6477568 0.6650994
v 3428.718 -562.063 -665.0953
vt -1.095294 0.9006677
vn -0.3456706 -0.8334329 0.4311629
v 3294.436 -554.2504 -735.955
vn -0.4531588 -0.8507402 0.2662483
v 3379.826 -582.6985 -764.1622
vn -0.3096909 -0.9272056 0.210669
v 3252.366 -537.5746 -827.0613
vn -0.4776007 -0.8630141 -0.1646336
v 3054.823 -174.1829 -973.2668
vn -0.4941206 -0.4133971 -0.7648187
v 3016.525 -101.0397 -999.6199
vn -0.4949211 -0.3545389 -0.7933192
v 2989.779 -19.98301 -1014.141
vn -0.519251 -0.3081048 -0.797151
v 3172.29 -23.49652 -1073.892
vn -0.5773489 -0.2711877 -0.7701464
v 3570.436 -208.8233 -265.2327
vn 0.03757472 -0.5732885 0.8184916
v 3749.895 -152.0758 -155.6711
vn -0.3251286 -0.4496263 0.831942
v 3720.552 -248.7547 -221.7698
vn -0.3526094 -0.6234177 0.6978661
v 3570.949 -151.3316 -223.9852
vn 0.1211044 -0.4969583 0.8592824
v 3763.363 -77.23996 -118.4552
vn -0.307583 -0.3802983 0.8722189
v 3569.011 -76.6324 -186.6729
vn 0.114933 -0.3949687 0.9114769
v 3777.508 -27.82243 -96.47359
vn -0.2993726 -0.356621 0.8849844
v 3572.833 -27.36737 -162.8106
vn 0.09670002 -0.3855306 0.9176139
v 3342.558 -246.5299 -347.796
vn -0.3206837 -0.6850234 0.6541444
v 3281.581 -206.5441 -339.5601
vn -0.2890212 -0.5258915 0.7999405
v 3348.658 -171.9316 -282.8317
vn -0.5563558 -0.4703573 0.6850053
v 3277.886 -252.7509 -382.3926
vn -0.2064123 -0.5552751 0.8056448
v 3200.894 -221.646 -364.1153
vn -0.4657697 -0.6113934 0.6397317
v 3237.794 -254.4008 -404.82
vn -0.5096654 -0.5306934 0.6772043
v 3152.506 -183.8808 -418.0045
vn -0.7462394 -0.5123988 0.4249403
v 2975.479 -184.8683 -910.3683
vn -0.796533 -0.4607165 -0.391504
v 2946.384 -99.74994 -924.5622
vn -0.8012345 -0.3960442 -0.4485223
v 2954.367 -163.1735 -801.8928
vn -0.8782941 -0.4574072 0.139205
v 2914.198 -96.52631 -803.0302
vn -0.894007 -0.445832 0.04455673
v 2981.857 -149.0786 -716.8752
vn -0.7217709 -0.4718642 0.5063506
v 2942.91 -82.54023 -706.6267
vn -0.7428427 -0.4657649 0.4808823
v 3012.865 -139.9983 -677.2916
vn -0.7716541 -0.476158 0.4216913
v 2982.757 -75.4846 -666.3436
vn -0.761964 -0.4671749 0.4485069
v 3020.312 -144.0362 -645.6942
vn -0.883211 -0.4658216 -0.05430014
v 2991.167 -75.91105 -637.5509
vn -0.9028407 -0.4269811 -0.0506537
v 3000.465 -157.9019 -582.1865
vn -0.8721353 -0.4826072 -0.08043867
v 2970.451 -86.0348 -574.9149
vn -0.9251209 -0.3757882 -0.05417086
v 3026.12 -173.3295 -488.1878
vn -0.7756975 -0.500958 0.3838418
v 2998.267 -93.20731 -473.1452
vn -0.7944801 -0.3987469 0.4580418
v 3059.092 -160.9959 -456.2641
vn -0.5885888 -0.4278067 0.6859626
v 3034.309 -85.23695 -439.7839
vn -0.5669696 -0.419724 0.7087857
v 3121.84 -95.66615 -387.7981
vn -0.7777722 -0.4310086 0.4574954
v 3175.011 -118.9013 -319.0706
vn -0.4796773 -0.4755271 0.7374169
v 3452.5 -389.8462 -437.5311
vn -0.4650336 -0.6071189 0.6443217
v 3414.914 -263.9525 -344.5469
vn -0.3767009 -0.7100415 0.5949264
v 3434.779 -433.7743 -494.2331
vn -0.4626397 -0.5421574 0.7014484
v 3415.718 -377.2533 -473.9476
vn -0.3023628 -0.6278797 0.7171776
v 2999.234 -245.0266 -793.6586
vn -0.818702 -0.4657774 0.335825
v 3024.63 -218.8161 -724.0353
vn -0.7248268 -0.4702686 0.5034616
v 3063.764 -220.9293 -664.7368
vn -0.7959524 -0.5838792 0.1598275
v 3042.671 -194.2825 -690.9721
vn -0.7580784 -0.4893089 0.4311542
v 3262.162 -299.7779 -399.5364
vn -0.3440711 -0.5002056 0.7946127
v 3383.803 -394.7407 -496.6262
vn -0.354451 -0.6615645 0.6608304
v 3347.613 -346.452 -446.4626
vn -0.1165304 -0.7016362 0.7029419
v 3505.848 -173.0991 -181.5243
vn 0.2287769 -0.5686037 0.7901588
v 3523.51 -235.0065 -257.3894
vn 0.07306129 -0.6441015 0.7614429
v 3410.96 -178.6038 -194.5993
vn -0.424067 -0.572034 0.7020999
v 3097.929 -276.9251 -536.7744
vn -0.6997892 -0.704514 0.1181317
v 3081.419 -251.0203 -608.7429
vn -0.7197934 -0.6918676 -0.0567154
v 3096.34 -252.4928 -482.0147
vn -0.6118305 -0.5819004 0.5357755
v 3391.077 -254.3814 -1209.024
vn -0.5254661 -0.5929 -0.6102089
v 3387.452 -173.2098 -1250.465
vn -0.512459 -0.3496775 -0.7842903
v 3288.047 -84.37115 -1214.86
vn -0.687335 -0.2180747 -0.6928304
v 3386.843 -88.09485 -1277.98
vn -0.528074 -0.2536253 -0.8104394
v 3287.009 -26.2284 -1229.345
vn -0.6875108 -0.2680199 -0.6749032
v 3386.234 -28.50387 -1305.495
vn -0.55704 -0.285939 -0.7797085
v 3280.002 -96.83084 -300.9696
vn -0.282829 -0.4435554 0.8504506
v 3282.07 -30.5728 -252.0587
vn -0.2252399 -0.5407047 0.810497
v 3167.966 -27.49413 -263.5352
vn -0.4519888 -0.5179711 0.7262314
v 3349.049 -75.12302 -248.7492
vn -0.6392743 -0.3142583 0.7018334
v 3350.452 -26.89742 -219.2919
vn -0.595918 -0.3860844 0.7041453
v 3502.35 -86.8517 -147.1014
vn 0.1974044 -0.3526298 0.9147042
v 3412.649 -98.84496 -166.4242
vn -0.5035259 -0.2883397 0.8144457
v 3332.803 -459.2676 -593.9616
vn -0.6457134 -0.4806504 0.5933207
v 3403.873 -450.4173 -522.15
vn -0.5039484 -0.4970768 0.7063644
v 3467.964 -463.1967 -488.7474
vn -0.2324453 -0.665368 0.7094044
v 3516.768 -388.4482 -389.9863
vn -0.2134001 -0.6996186 0.6819049
v 2923.571 -20.92586 -936.581
vn -0.8194935 -0.3462769 -0.456643
v 2880.583 -22.03736 -804.8642
vn -0.9103623 -0.413798 0.0034249
v 2907.323 -21.61748 -702.0353
vn -0.7574776 -0.455817 0.4673956
v 2953.044 -22.94578 -655.3083
vn -0.7414896 -0.4894332 0.4589643
v 2962.693 -24.16112 -628.677
vn -0.8876827 -0.4597329 -0.02578969
v 2946.597 -27.33594 -568.24
vn -0.9228578 -0.3835738 -0.03470878
v 2976.283 -26.72032 -460.6243
vn -0.8028529 -0.4176572 0.4254288
v 3011.683 -25.79109 -407.1475
vn -0.5572314 -0.4853303 0.6737564
v 3105.041 -30.35717 -355.3468
vn -0.7503191 -0.4458019 0.4881413
v 3415.874 -27.31421 -143.0254
vn -0.49849 -0.2833736 0.8192723
v 3506.356 -25.77114 -127.1635
vn 0.1673206 -0.3449599 0.9235835
v 3554.764 -480.1344 -529.598
vn 0.05634103 -0.7522767 0.6564339
v 3616.833 -417.0185 -439.9052
vn 0.06209519 -0.7632457 0.6431175
v 3684.18 -319.7834 -335.7472
vn -0.00231697 -0.6101614 0.7922738
v 3457.659 -572.3299 -935.1201
vn -0.3071333 -0.7531486 -0.5817528
v 3407.83 -480.7115 -1034.854
vn -0.4253517 -0.5828255 -0.6923802
v 3408.472 -319.0481 -1132.776
vn -0.5321138 -0.551901 -0.6420749
v 15142.85 -105.2385 -2826.65
vn -0.5964378 -0.7291226 -0.3356221
v 15039.3 -346.6364 -2118.21
vn -0.5358301 -0.8327639 -0.1392491
v 15352.41 -363.6702 -2544.989
vn -0.4382904 -0.8297469 -0.3455742
v 14837.56 -130.7771 -2135.989
vn -0.6882746 -0.7170925 -0.109802
v 15182.05 -402.8097 -1528.662
vn -0.4996198 -0.8081123 0.311985
v 14944.33 -148.0016 -1617.483
vn -0.6481536 -0.6554816 0.3876089
v 15545.32 -245.1764 -1221.731
vn -0.37442 -0.8249376 0.4234236
v 15311.05 -114.1877 -1146.707
vn -0.4627112 -0.7614353 0.4539984
v 15726.79 -222.5978 -886.4752
vn -0.1546686 -0.8712624 0.4658106
v 15574.91 -114.4099 -733.0104
vn -0.1611365 -0.8766795 0.4532859
v 16198.86 -224.7683 -964.9322
vn -0.03351904 -0.8557266 0.5163414
v 16179.01 -108.6888 -801.1542
vn -0.1660771 -0.8039479 0.5710396
v 16424.24 -223.0334 -776.657
vn -0.258669 -0.8937145 0.3665579
v 16472.72 -107.5585 -562.8386
vn -0.3438672 -0.8221565 0.4536672
v 17061.99 -227.4377 -415.8206
vn -0.2045427 -0.8964423 0.3931329
v 17069.62 -105.1739 -76.98373
vn -0.1902673 -0.8795359 0.4361365
v 17366.66 -272.7938 -329.48
vn -0.1686147 -0.8958676 0.4110844
v 17603.6 -100.6065 -58.56428
vn -0.1008779 -0.8794628 0.4651546
v 16077.31 -596.6412 -1493.02
vn 0.01475734 -0.8682885 0.4958401
v 15828.25 -608.2653 -1680.494
vn -0.2836259 -0.8767713 0.3883662
v 15610.11 -631.8576 -2039.786
vn -0.3181822 -0.9475235 0.0309723
v 15870.78 -498.6824 -2360.171
vn -0.2647001 -0.9011352 -0.34335
v 16391.38 -453.8614 -1469.152
vn -0.02278582 -0.929692 0.3676324
v 16861.63 -388.5132 -961.0607
vn -0.1916782 -0.9288451 0.3170273
v 16451.94 -442.6936 -1602.425
vn -0.1372895 -0.9583775 0.2503282
v 6072.52 -109.6308 715.7954
vn -0.7948028 -0.3877896 -0.4668059
v 6087.123 -35.24162 633.1093
vn -0.5474273 -0.4647382 -0.6959466
v 6032.237 -35.25859 707.701
vn -0.8361149 -0.4152374 -0.3584546
v 6100.665 -89.82387 665.048
vn -0.56516 -0.4197555 -0.7102109
v 6162.748 -35.22993 607.7427
vn -0.1702128 -0.4043002 -0.8986484
v 6165.524 -125.0585 647.13
vn -0.2900485 -0.4114085 -0.8640688
v 6124.857 -220.0149 703.8198
vn -0.634622 -0.521791 -0.5700781
v 6193.369 -157.8707 653.8513
vn 0.01447164 -0.4102167 -0.9118733
v 6179.848 -255.5619 716.0533
vn -0.2979423 -0.6660156 -0.6838521
v 6068.458 -163.2052 776.7919
vn -0.8629444 -0.4703032 -0.1847752
v 6168.651 -343.4564 849.3234
vn -0.845439 -0.5337605 -0.01824084
v 6098.655 -167.54 945.4603
vn -0.8707685 -0.3784603 0.3138947
v 6171.082 -326.3856 878.3874
vn -0.8428363 -0.4743152 0.2542678
v 6073.494 -165.9897 854.1135
vn -0.9050044 -0.4141685 0.09711584
v 6087.585 -35.26638 986.1878
vn -0.8869248 -0.2774873 0.3692766
v 6035.05 -35.26567 892.0924
vn -0.9359402 -0.2851182 0.2066966
v 6200.505 -347.8779 823.6648
vn -0.7822651 -0.5516785 -0.2893303
v 6158.195 -262.4785 784.0713
vn -0.7330325 -0.6495202 -0.2019578
v 6032.062 -35.26276 788.6893
vn -0.946269 -0.3176559 -0.06057851
v 6224.691 -35.23016 616.0594
vn 0.08669517 -0.29745 -0.950793
v 6251.614 -140.0638 647.2115
vn 0.1121472 -0.4028017 -0.9083908
v 6285.009 -35.22859 635.6354
vn 0.141851 -0.2483194 -0.9582357
v 6264.378 -209.5014 694.4409
vn 0.0793894 -0.5463151 -0.8338088
v 17455.41 -194.8284 2669.175
vn -0.7054923 -0.568289 -0.4234717
v 17482.93 -37.01901 2477.286
vn -0.5607426 -0.4793875 -0.6750966
v 17358.21 -37.08487 2646.788
vn -0.8152093 -0.4721256 -0.3354568
v 17518.17 -162.824 2556.015
vn -0.5617514 -0.5346676 -0.6313208
v 17654.78 -36.9736 2419.644
vn -0.4064298 -0.4315076 -0.805367
v 17724.93 -271.4485 2480.765
vn -0.4894179 -0.5426248 -0.6826628
v 17696.43 -420.2306 2676.117
vn -0.569651 -0.7461992 -0.3445062
v 17446.35 -281.3949 2805.189
vn -0.7785017 -0.6095815 -0.1494838
v 17457.58 -285.8941 2977.605
vn -0.7324767 -0.6639023 0.1507036
v 17735.09 -445.7148 2909.406
vn -0.4603229 -0.8837798 0.08388161
v 17364.6 -37.11253 3065.796
vn -0.9128433 -0.35668 0.1987372
v 17357.81 -37.10107 2830.824
vn -0.9213579 -0.3853756 -0.05084457
v 17823.56 -222.1969 3144.107
vn 0.1740171 -0.5849057 0.7922142
v 17759.97 -433.8191 2955.471
vn -0.1071663 -0.8721988 0.477268
v 17513.69 -288.3993 3181.296
vn -0.2848808 -0.7223268 0.6301484
v 17483.98 -37.11538 3288.285
vn -0.453207 -0.4955022 0.7410001
v 17810.39 -18.91504 3287.536
vn 0.1146308 -0.4710235 0.8746409
o ilan00_ref_0
g polygon_0
usemtl i_s1
f 568/156/553 567/154/552 566/153/551
f 566/153/551 567/154/552 569/155/554
f 567/154/552 570/301/555 569/155/554
f 569/155/554 570/301/555 571/312/556
f 570/301/555 572/199/557 571/312/556
f 571/312/556 572/199/557 573/311/558
f 572/199/557 574/198/559 573/311/558
f 573/311/558 574/198/559 575/284/560
f 574/198/559 576/201/561 575/284/560
f 575/284/560 576/201/561 577/254/562
f 576/201/561 578/203/563 577/254/562
f 577/254/562 578/203/563 579/253/564
f 578/203/563 580/205/565 579/253/564
f 579/253/564 580/205/565 581/308/566
f 584/184/569 583/185/568 582/186/567
f 582/186/567 583/185/568 585/183/570
f 583/185/568 586/182/571 585/183/570
f 585/183/570 586/182/571 587/267/572
f 586/182/571 588/255/573 587/267/572
f 587/267/572 588/255/573 589/256/574
f 588/255/573 568/156/553 589/256/574
f 589/256/574 568/156/553 566/153/551
f 592/195/577 591/193/576 590/194/575
f 590/194/575 591/193/576 593/196/578
f 591/193/576 594/234/579 593/196/578
f 593/196/578 594/234/579 595/227/580
f 594/234/579 596/235/581 595/227/580
f 595/227/580 596/235/581 597/225/582
f 596/235/581 598/177/583 597/225/582
f 597/225/582 598/177/583 599/176/584
f 574/198/559 572/199/557 600/200/585
f 600/200/585 572/199/557 601/197/586
f 572/199/557 570/301/555 601/197/586
f 601/197/586 570/301/555 602/278/587
f 570/301/555 567/154/552 602/278/587
f 602/278/587 567/154/552 603/157/588
f 567/154/552 568/156/553 603/157/588
f 603/157/588 568/156/553 604/158/589
f 568/156/553 588/255/573 604/158/589
f 604/158/589 588/255/573 586/182/571
f 607/162/592 606/160/591 605/632/590
f 605/632/590 606/160/591 608/633/593
f 606/160/591 609/180/594 608/633/593
f 608/633/593 609/180/594 610/178/595
f 609/180/594 611/179/596 610/178/595
f 610/178/595 611/179/596 599/176/584
f 611/179/596 583/185/568 599/176/584
f 599/176/584 583/185/568 597/225/582
f 583/185/568 584/184/569 597/225/582
f 597/225/582 584/184/569 595/227/580
f 584/184/569 612/187/597 595/227/580
f 595/227/580 612/187/597 593/196/578
f 612/187/597 613/189/598 593/196/578
f 593/196/578 613/189/598 590/194/575
f 613/189/598 614/191/599 590/194/575
f 590/194/575 614/191/599 615/305/600
f 618/217/603 617/219/602 616/237/601
f 616/237/601 617/219/602 619/238/604
f 617/219/602 620/221/605 619/238/604
f 619/238/604 620/221/605 621/300/606
f 620/221/605 622/223/607 621/300/606
f 621/300/606 622/223/607 623/327/608
f 626/240/611 625/241/610 624/242/609
f 624/242/609 625/241/610 627/239/612
f 625/241/610 628/243/613 627/239/612
f 627/239/612 628/243/613 629/245/614
f 628/243/613 630/202/615 629/245/614
f 629/245/614 630/202/615 600/200/585
f 630/202/615 576/201/561 600/200/585
f 600/200/585 576/201/561 574/198/559
f 612/187/597 631/188/616 613/189/598
f 613/189/598 631/188/616 632/190/617
f 631/188/616 633/264/618 632/190/617
f 632/190/617 633/264/618 634/265/619
f 633/264/618 635/269/620 634/265/619
f 634/265/619 635/269/620 636/270/621
f 635/269/620 637/279/622 636/270/621
f 636/270/621 637/279/622 638/280/623
f 637/279/622 639/259/624 638/280/623
f 638/280/623 639/259/624 640/260/625
f 639/259/624 641/247/626 640/260/625
f 640/260/625 641/247/626 642/249/627
f 641/247/626 643/250/628 642/249/627
f 642/249/627 643/250/628 644/248/629
f 643/250/628 645/252/630 644/248/629
f 644/248/629 645/252/630 646/251/631
f 645/252/630 577/254/562 646/251/631
f 646/251/631 577/254/562 579/253/564
f 648/244/633 647/204/632 628/243/613
f 628/243/613 647/204/632 630/202/615
f 647/204/632 578/203/563 630/202/615
f 630/202/615 578/203/563 576/201/561
f 604/158/589 586/182/571 606/160/591
f 606/160/591 586/182/571 609/180/594
f 586/182/571 583/185/568 609/180/594
f 609/180/594 583/185/568 611/179/596
f 650/167/635 624/242/609 649/165/634
f 649/165/634 624/242/609 651/163/636
f 624/242/609 652/263/637 651/163/636
f 587/267/572 653/266/638 585/183/570
f 585/183/570 653/266/638 582/186/567
f 653/266/638 633/264/618 582/186/567
f 582/186/567 633/264/618 631/188/616
f 587/267/572 589/256/574 653/266/638
f 653/266/638 589/256/574 654/268/639
f 589/256/574 655/257/640 654/268/639
f 654/268/639 655/257/640 656/297/641
f 655/257/640 639/259/624 656/297/641
f 656/297/641 639/259/624 637/279/622
f 600/200/585 601/197/586 657/246/642
f 629/245/614 600/200/585 657/246/642
f 659/277/644 657/246/642 658/276/643
f 658/276/643 657/246/642 602/278/587
f 657/246/642 601/197/586 602/278/587
f 619/238/604 660/170/645 616/237/601
f 616/237/601 660/170/645 661/168/646
f 660/170/645 662/169/647 661/168/646
f 661/168/646 662/169/647 650/167/635
f 662/169/647 626/240/611 650/167/635
f 650/167/635 626/240/611 624/242/609
f 664/258/649 663/282/648 641/247/626
f 641/247/626 663/282/648 643/250/628
f 663/282/648 665/283/650 643/250/628
f 643/250/628 665/283/650 645/252/630
f 665/283/650 575/284/560 645/252/630
f 645/252/630 575/284/560 577/254/562
f 639/259/624 655/257/640 641/247/626
f 641/247/626 655/257/640 664/258/649
f 655/257/640 589/256/574 664/258/649
f 664/258/649 589/256/574 566/153/551
f 591/193/576 592/195/577 666/289/651
f 666/289/651 592/195/577 667/288/652
f 592/195/577 668/291/653 667/288/652
f 667/288/652 668/291/653 669/290/654
f 668/291/653 670/293/655 669/290/654
f 669/290/654 670/293/655 671/292/656
f 637/279/622 635/269/620 656/297/641
f 656/297/641 635/269/620 654/268/639
f 635/269/620 633/264/618 654/268/639
f 654/268/639 633/264/618 653/266/638
f 584/184/569 582/186/567 631/188/616
f 612/187/597 584/184/569 631/188/616
f 625/241/610 672/285/657 628/243/613
f 628/243/613 672/285/657 648/244/633
f 672/285/657 673/287/658 648/244/633
f 648/244/633 673/287/658 674/286/659
f 626/240/611 675/299/660 625/241/610
f 625/241/610 675/299/660 672/285/657
f 675/299/660 676/309/661 672/285/657
f 672/285/657 676/309/661 673/287/658
f 621/300/606 677/172/662 619/238/604
f 619/238/604 677/172/662 660/170/645
f 677/172/662 678/171/663 660/170/645
f 660/170/645 678/171/663 662/169/647
f 678/171/663 675/299/660 662/169/647
f 662/169/647 675/299/660 626/240/611
f 679/159/664 602/278/587 603/157/588
f 679/159/664 680/161/665 602/278/587
f 602/278/587 680/161/665 658/276/643
f 680/161/665 651/163/636 658/276/643
f 658/276/643 651/163/636 652/263/637
f 604/158/589 606/160/591 603/157/588
f 603/157/588 606/160/591 679/159/664
f 606/160/591 607/162/592 679/159/664
f 679/159/664 607/162/592 680/161/665
f 607/162/592 681/164/666 680/161/665
f 680/161/665 681/164/666 651/163/636
f 681/164/666 682/166/667 651/163/636
f 651/163/636 682/166/667 649/165/634
f 682/166/667 661/168/646 649/165/634
f 649/165/634 661/168/646 650/167/635
f 624/242/609 659/277/644 658/276/643
f 652/263/637 624/242/609 658/276/643
f 592/195/577 590/194/575 668/291/653
f 613/189/598 632/190/617 614/191/599
f 614/191/599 632/190/617 683/192/668
f 632/190/617 634/265/619 683/192/668
f 683/192/668 634/265/619 684/271/669
f 634/265/619 636/270/621 684/271/669
f 684/271/669 636/270/621 685/272/670
f 636/270/621 638/280/623 685/272/670
f 685/272/670 638/280/623 686/281/671
f 638/280/623 640/260/625 686/281/671
f 686/281/671 640/260/625 687/261/672
f 640/260/625 642/249/627 687/261/672
f 687/261/672 642/249/627 688/262/673
f 642/249/627 644/248/629 688/262/673
f 688/262/673 644/248/629 689/306/674
f 644/248/629 646/251/631 689/306/674
f 689/306/674 646/251/631 690/307/675
f 646/251/631 579/253/564 690/307/675
f 690/307/675 579/253/564 581/308/566
f 578/203/563 647/204/632 580/205/565
f 580/205/565 647/204/632 691/206/676
f 647/204/632 648/244/633 691/206/676
f 691/206/676 648/244/633 674/286/659
f 675/299/660 678/171/663 676/309/661
f 676/309/661 678/171/663 692/173/677
f 678/171/663 677/172/662 692/173/677
f 692/173/677 677/172/662 693/174/678
f 677/172/662 621/300/606 693/174/678
f 693/174/678 621/300/606 623/327/608
f 605/632/590 694/209/679 607/162/592
f 607/162/592 694/209/679 681/164/666
f 694/209/679 695/210/680 681/164/666
f 681/164/666 695/210/680 682/166/667
f 695/210/680 696/211/681 682/166/667
f 682/166/667 696/211/681 661/168/646
f 575/284/560 665/283/650 573/311/558
f 573/311/558 665/283/650 571/312/556
f 665/283/650 663/282/648 571/312/556
f 571/312/556 663/282/648 569/155/554
f 663/282/648 664/258/649 569/155/554
f 569/155/554 664/258/649 566/153/551
f 615/305/600 670/293/655 668/291/653
f 590/194/575 615/305/600 668/291/653
f 598/177/583 596/235/581 697/430/682
f 697/430/682 596/235/581 698/331/683
f 596/235/581 594/234/579 698/331/683
f 698/331/683 594/234/579 699/298/684
f 594/234/579 591/193/576 699/298/684
f 699/298/684 591/193/576 666/289/651
f 702/339/687 701/341/686 700/338/685
f 700/338/685 701/341/686 703/340/688
f 701/341/686 704/343/689 703/340/688
f 703/340/688 704/343/689 705/342/690
f 704/343/689 706/345/691 705/342/690
f 705/342/690 706/345/691 707/344/692
f 706/345/691 708/347/693 707/344/692
f 707/344/692 708/347/693 709/346/694
f 708/347/693 710/349/695 709/346/694
f 709/346/694 710/349/695 711/348/696
f 710/349/695 712/325/697 711/348/696
f 711/348/696 712/325/697 713/350/698
f 712/325/697 714/352/699 713/350/698
f 713/350/698 714/352/699 715/351/700
f 714/352/699 716/354/701 715/351/700
f 715/351/700 716/354/701 717/353/702
f 708/347/693 706/345/691 718/357/703
f 718/357/703 706/345/691 719/358/704
f 706/345/691 704/343/689 719/358/704
f 719/358/704 704/343/689 720/361/705
f 701/341/686 720/361/705 704/343/689
f 701/341/686 702/339/687 721/362/706
f 720/361/705 701/341/686 721/362/706
f 723/324/708 712/325/697 722/326/707
f 724/320/709 723/324/708 722/326/707
f 727/366/712 726/364/711 725/365/710
f 725/365/710 726/364/711 728/367/713
f 726/364/711 729/378/714 728/367/713
f 728/367/713 729/378/714 730/369/715
f 728/367/713 730/369/715 725/365/710
f 725/365/710 730/369/715 731/368/716
f 730/369/715 732/371/717 731/368/716
f 731/368/716 732/371/717 733/370/718
f 734/379/719 725/365/710 731/368/716
f 737/385/722 736/387/721 735/384/720
f 735/384/720 736/387/721 738/386/723
f 736/387/721 739/389/724 738/386/723
f 738/386/723 739/389/724 740/388/725
f 735/384/720 738/386/723 741/381/726
f 741/381/726 738/386/723 742/398/727
f 738/386/723 734/379/719 742/398/727
f 740/388/725 743/399/728 738/386/723
f 738/386/723 743/399/728 734/379/719
f 743/399/728 727/366/712 734/379/719
f 734/379/719 727/366/712 725/365/710
f 746/395/731 745/374/730 744/396/729
f 744/396/729 745/374/730 732/394/717
f 745/374/730 747/373/732 732/394/717
f 732/394/717 747/373/732 733/393/718
f 744/396/729 732/394/717 730/403/715
f 729/404/714 744/396/729 730/403/715
f 731/368/716 733/370/718 742/398/727
f 734/379/719 731/368/716 742/398/727
f 750/407/735 749/405/734 748/406/733
f 748/406/733 749/405/734 751/408/736
f 749/405/734 752/417/737 751/408/736
f 751/408/736 752/417/737 753/410/738
f 754/409/739 748/406/733 751/408/736
f 753/410/738 754/409/739 751/408/736
f 748/406/733 754/409/739 755/418/740
f 757/420/742 756/419/741 754/409/739
f 754/409/739 756/419/741 755/418/740
f 756/419/741 758/424/743 755/418/740
f 755/418/740 758/424/743 759/425/744
f 762/421/747 761/422/746 760/423/745
f 756/419/741 762/421/747 758/424/743
f 758/424/743 762/421/747 763/426/748
f 762/421/747 760/423/745 763/426/748
f 763/426/748 760/423/745 764/427/749
f 762/421/747 756/419/741 757/420/742
f 761/422/746 762/421/747 757/420/742
f 750/407/735 748/406/733 755/418/740
f 759/425/744 750/407/735 755/418/740
f 618/217/603 616/237/601 696/211/681
f 696/211/681 616/237/601 661/168/646
f 624/242/609 627/239/612 659/277/644
f 659/277/644 627/239/612 657/246/642
f 627/239/612 629/245/614 657/246/642
f 712/325/697 723/324/708 714/352/699
f 714/352/699 723/324/708 716/354/701
f 712/325/697 710/349/695 722/326/707
f 722/326/707 710/349/695 718/357/703
f 710/349/695 708/347/693 718/357/703
v -1178.455 71.87384 -717.2849
vt 0.3643677 0.9997313
vn 0.5287091 0.0610912 0.8466017
v -1091.393 83.97046 -771.2803
vt 0.8379662 0.9997313
vn 0.5145593 0.06335986 0.8551107
v -1091.752 79.75073 -770.7518
vt 0.8379662 0.00120461
v -1178.814 67.6541 -716.7563
vt 0.3643677 0.00120461
v -1530.497 79.20047 -492.0742
vn 0.5402705 0.05919581 0.8394067
v -1435.945 68.43983 -551.8692
vn 0.5407447 0.05912486 0.8391064
v -1436.303 64.22011 -551.3406
v -1530.856 74.98073 -491.5456
v -824.4479 177.5946 -938.7636
vn 0.5260676 0.0613985 0.8482235
v -692.2631 250.2425 -1027.533
vn 0.5335428 0.0600632 0.8436376
v -692.9264 246.5948 -1026.855
v -824.8066 173.3749 -938.235
v -1699.812 116.6781 -386.507
vn 0.5408862 0.05909846 0.839017
v -1618.241 98.02216 -436.642
vn 0.5374256 0.05966367 0.8411979
v -1618.6 93.80243 -436.1134
v -1700.171 112.4583 -385.9784
v -1348.788 63.72243 -608.0521
vn 0.5395814 0.0593223 0.8398409
v -1263.622 66.78943 -662.4854
vn 0.5368297 0.05977106 0.8415707
v -1263.98 62.56971 -661.9568
vt 0.8379662 0.001204669
v -1349.147 59.50271 -607.5236
vt 0.3643677 0.001204669
v -1002.969 105.6444 -825.3856
vn 0.5122681 0.06371825 0.8564586
v -912.662 136.0503 -882.0652
vn 0.5168611 0.06299283 0.8537485
v -913.0208 131.8306 -881.5366
v -1003.328 101.4247 -824.857
v -1850.121 155.4408 -292.5839
vn 0.5231976 0.02467157 0.8518542
v -1774.868 136.1283 -338.4297
vn 0.5362662 0.04121998 0.8430418
v -1775.227 131.9085 -337.9011
v -1850.729 151.7186 -292.2881
v -1114.161 77.46829 -804.1841
vt 0.8379662 0.001204491
vn -0.5145617 -0.06336095 -0.8551092
v -1113.803 81.68805 -804.7126
vt 0.8379662 0.9997311
v -1200.865 69.59142 -750.7172
vt 0.3643677 0.9997311
vn -0.5287094 -0.0610932 -0.8466015
v -1201.223 65.37167 -750.1887
vt 0.3643677 0.001204491
v -1458.713 61.93769 -584.7729
vn -0.5407453 -0.05912292 -0.8391061
v -1458.354 66.15744 -585.3015
v -1552.907 76.91809 -525.5063
vn -0.5402704 -0.05920224 -0.8394063
v -1553.266 72.69833 -524.9778
v -716.3605 246.5558 -1058.05
vn -0.5245538 -0.06240029 -0.8490874
v -715.6497 250.1921 -1058.759
v -846.8574 175.3122 -972.196
vn -0.5215542 -0.06256162 -0.8509214
v -847.2162 171.0924 -971.6674
v -1641.01 91.52002 -469.5457
vn -0.5374247 -0.05966863 -0.8411981
v -1640.651 95.73975 -470.0743
v -1722.222 114.3957 -419.9393
vn -0.5408853 -0.05910449 -0.8390172
v -1722.58 110.1759 -419.4107
v -1286.39 60.28728 -695.3891
vn -0.5368294 -0.0597712 -0.841571
v -1286.031 64.50702 -695.9177
v -1371.198 61.44002 -641.4844
vn -0.5395823 -0.05931336 -0.839841
v -1371.557 57.22028 -640.9559
v -935.4305 129.5482 -914.9689
vn -0.5168567 -0.06299392 -0.8537511
v -935.0717 133.7679 -915.4975
v -1025.379 103.362 -858.8179
vn -0.5122665 -0.06372619 -0.856459
v -1025.738 99.14226 -858.2894
v -1797.636 129.6261 -371.3334
vn -0.5385635 -0.04080239 -0.8415964
v -1797.277 133.8459 -371.862
v -1876.214 157.271 -323.2581
vn -0.5278258 -0.02382976 -0.8490182
v -1876.823 153.5489 -322.9623
v -1091.752 -190.5625 -770.7518
vn 0.5037346 -0.06383132 0.8614969
v -1091.393 -194.7823 -771.2803
v -1178.455 -182.6856 -717.2849
vn 0.5075511 -0.0620145 0.859387
v -1178.814 -178.4659 -716.7563
v -1436.303 -175.0319 -551.3406
vn 0.5109503 -0.06041768 0.8574843
v -1435.945 -179.2516 -551.8692
v -1530.498 -190.0123 -492.0742
vn 0.5108138 -0.06047554 0.8575616
v -1530.856 -185.7925 -491.5457
v -1618.6 -204.6142 -436.1134
vn 0.5374261 -0.05966939 0.8411972
v -1618.241 -208.834 -436.642
v -1699.812 -227.4899 -386.507
vn 0.5408866 -0.05910408 0.8390163
v -1700.171 -223.2701 -385.9784
v -1263.98 -173.3815 -661.9568
vn 0.5098291 -0.06094483 0.8581142
v -1263.622 -177.6012 -662.4854
v -1348.788 -174.5342 -608.0521
vn 0.5106158 -0.06058012 0.8576722
v -1349.147 -170.3145 -607.5235
v -913.0209 -242.6424 -881.5367
vn 0.516858 -0.06299549 0.8537502
v -912.662 -246.8621 -882.0653
v -1002.97 -216.4563 -825.3857
vn 0.5122691 -0.06371888 0.8564579
v -1003.328 -212.2365 -824.8572
v -1775.227 -242.7203 -337.9011
vn 0.5362657 -0.04123118 0.8430415
v -1774.868 -246.9401 -338.4297
v -1850.121 -266.2526 -292.5839
vn 0.5231974 -0.02468904 0.8518538
v -1850.729 -262.5304 -292.2881
vn 0.501913 -0.06225176 0.862675
vn 0.5025001 -0.06124956 0.8624049
vn 0.5027039 -0.06090773 0.8623103
vn 0.5027907 -0.06075491 0.8622704
vn 0.5027553 -0.0608088 0.8622873
vn 0.5009398 -0.0639513 0.8631162
v -824.8066 -284.1867 -938.235
vn 0.5185456 -0.06273114 0.8527457
v -824.4479 -288.4064 -938.7636
o wood_7_0
g polygon_0
usemtl th_s5
f 767/636/751 766/635/751 765/634/750
f 768/637/750 767/636/751 765/634/750
f 771/636/753 770/635/753 769/634/752
f 772/637/752 771/636/753 769/634/752
f 775/636/755 774/635/755 773/634/754
f 776/637/754 775/636/755 773/634/754
f 779/636/757 778/635/757 777/634/756
f 780/637/756 779/636/757 777/634/756
f 783/638/759 782/635/759 781/634/758
f 784/639/758 783/638/759 781/634/758
f 787/636/761 786/635/761 785/634/760
f 788/637/760 787/636/761 785/634/760
f 791/636/763 790/635/763 789/634/762
f 792/637/762 791/636/763 789/634/762
f 768/636/750 765/635/750 782/634/759
f 783/637/759 768/636/750 782/634/759
f 784/636/758 781/635/758 770/634/753
f 771/637/753 784/636/758 770/634/753
f 772/636/752 769/635/752 778/634/757
f 779/637/757 772/636/752 778/634/757
f 780/636/756 777/635/756 790/634/763
f 791/637/763 780/636/756 790/634/763
f 788/636/760 785/635/760 766/634/751
f 767/637/751 788/636/760 766/634/751
f 776/636/754 773/635/754 786/634/761
f 787/637/761 776/636/754 786/634/761
f 795/642/765 794/641/764 793/640/764
f 796/643/765 795/642/765 793/640/764
f 799/642/767 798/641/766 797/640/766
f 800/643/767 799/642/767 797/640/766
f 803/642/769 802/641/768 801/636/768
f 804/637/769 803/642/769 801/636/768
f 807/642/771 806/641/770 805/640/770
f 808/643/771 807/642/771 805/640/770
f 811/642/773 810/641/772 809/640/772
f 812/643/773 811/642/773 809/640/772
f 815/642/775 814/641/774 813/636/774
f 816/637/775 815/642/775 813/636/774
f 819/642/777 818/641/776 817/636/776
f 820/637/777 819/642/777 817/636/776
f 810/642/772 795/641/765 796/640/765
f 809/643/772 810/642/772 796/640/765
f 798/642/766 811/641/773 812/640/773
f 797/643/766 798/642/766 812/640/773
f 806/642/770 799/641/767 800/640/767
f 805/643/770 806/642/770 800/640/767
f 818/642/776 807/641/771 808/636/771
f 817/637/776 818/642/776 808/636/771
f 794/642/764 815/641/775 816/636/775
f 793/637/764 794/642/764 816/636/775
f 814/642/774 803/641/769 804/640/769
f 813/643/774 814/642/774 804/640/769
f 823/634/779 822/635/778 821/636/778
f 824/637/779 823/634/779 821/636/778
f 827/634/781 826/635/780 825/636/780
f 828/637/781 827/634/781 825/636/780
f 831/634/783 830/635/782 829/636/782
f 832/637/783 831/634/783 829/636/782
f 835/634/785 834/635/784 833/638/784
f 836/639/785 835/634/785 833/638/784
f 839/634/787 838/635/786 837/636/786
f 840/637/787 839/634/787 837/636/786
f 843/634/789 842/635/788 841/636/788
f 844/637/789 843/634/789 841/636/788
f 834/634/791 823/635/790 824/636/790
f 833/637/791 834/634/791 824/636/790
f 826/634/793 835/635/792 836/636/792
f 825/637/793 826/634/793 836/636/792
f 830/634/782 827/635/794 828/636/794
f 829/637/782 830/634/782 828/636/794
f 842/634/788 831/635/783 832/636/783
f 841/637/788 842/634/788 832/636/783
f 822/634/795 839/635/787 840/636/787
f 821/637/795 822/634/795 840/636/787
f 838/634/786 846/635/796 845/636/796
f 837/637/786 838/634/786 845/636/796
v -747.5975 240.7951 -994.5404
vt 0.9925476 0.9958837
vn -0.5074971 1.482663E-07 -0.8616534
v -798.6542 213.7672 -960.6082
vt 0.00178504 0.9958837
vn -0.5612557 -3.764767E-07 -0.8276424
v -798.6542 192.3473 -960.6082
vt 0.001784086 0.0006363988
v -747.5975 219.3752 -994.5404
vt 0.9925486 0.0006363392
v -1456.648 91.70692 -543.0515
vn -0.5370183 9.044224E-07 -0.8435706
v -1456.648 70.28709 -543.0515
vt 0.001243472 0.0006364584
v -1373.591 64.16039 -595.9457
vt 0.9925486 0.0006363988
vn -0.5371671 5.332167E-07 -0.8434759
v -1373.591 85.58025 -595.9457
vt 0.9925486 0.9958837
v -954.8622 141.3231 -857.912
vn -0.5275389 6.152119E-07 -0.8495309
v -1032.774 118.9028 -809.6758
vn -0.5263782 6.021657E-07 -0.8502506
v -1032.774 97.48293 -809.6758
v -954.8622 119.9032 -857.912
v -1649.729 125.4305 -421.0614
vn -0.5286229 -7.148191E-07 -0.8488568
v -1714.269 140.9733 -380.8691
vn -0.5422221 -1.504152E-06 -0.8402352
v -1714.269 119.5535 -380.8691
vt 0.001784086 0.0006363392
v -1649.729 104.0107 -421.0614
v -876.9506 171.9913 -906.4388
vn -0.548978 -2.624951E-07 -0.8358368
v -876.9506 150.5714 -906.4388
vt 0.9925476 0.0006363392
v -1126.064 100.0139 -751.9236
vn -0.5263613 8.825644E-07 -0.850261
v -1219.354 90.04346 -694.1716
vn -0.5317755 6.221051E-07 -0.8468854
v -1219.354 68.6236 -694.1716
v -1126.064 78.59399 -751.9236
v -1520.918 99.24336 -502.1526
vn -0.5368707 1.436036E-06 -0.8436645
v -1585.189 111.281 -461.2537
vn -0.5327535 8.018335E-07 -0.8462704
v -1585.189 89.86116 -461.2537
v -1520.918 77.8235 -502.1526
v -1777.181 157.2005 -338.821
vn -0.5397356 4.568916E-07 -0.8418345
v -1843.813 173.4029 -297.8708
vn -0.5235944 2.005879E-06 -0.8519677
v -1843.813 151.983 -297.8708
v -1777.181 135.7807 -338.821
v -687.148 280.8738 -1025.857
vn -0.4599917 1.648178E-07 -0.8879232
v -687.148 256.6237 -1025.857
vt 0.9925486 0.9958836
v -1302.411 86.27551 -641.2772
vn -0.5371677 4.121761E-07 -0.8434755
v -1302.411 64.85564 -641.2772
vn 0.5612564 -3.764764E-07 0.827642
vn 0.5074975 1.482663E-07 0.8616532
vn 0.5371668 6.36227E-07 0.843476
vn 0.5370181 -1.232039E-06 0.8435707
vn 0.5263783 6.021656E-07 0.8502504
vn 0.5275393 6.152118E-07 0.8495306
vn 0.5422221 -1.504152E-06 0.8402352
vn 0.5286226 -7.148192E-07 0.8488569
vn 0.5489789 -2.624948E-07 0.8358362
vn 0.5317755 6.22105E-07 0.8468854
vn 0.5263615 8.825643E-07 0.8502609
vn 0.5327529 5.01331E-07 0.8462709
vn 0.5368702 -1.103934E-06 0.8436648
vn 0.5235939 2.005879E-06 0.8519679
vn 0.5397356 4.568918E-07 0.8418346
vn 0.4599923 1.648179E-07 0.8879229
vn 0.5371676 4.121761E-07 0.8434755
v -772.045 237.4247 -1016.49
vn -0.5696286 1.891923E-06 -0.8219022
v -825.5025 207.1174 -983.2814
vn -0.535984 -8.683302E-07 -0.8442281
v -825.5024 185.6975 -983.2814
v -772.045 216.0049 -1016.49
v -1483.496 89.72861 -567.2559
vn -0.538516 -4.081074E-08 -0.8426152
v -1483.496 68.30878 -567.2559
v -1400.439 62.4322 -621.614
vn -0.5452104 -5.705549E-07 -0.8382992
v -1400.439 83.85205 -621.614
v -981.5499 140.7238 -882.0898
vn -0.5262014 1.390305E-07 -0.85036
v -1059.622 115.9194 -836.0167
vn -0.5137759 6.750879E-08 -0.8579245
v -1059.622 94.49959 -836.0167
v -981.5499 119.3039 -882.0898
v -1676.577 125.5278 -447.4023
vn -0.528623 -2.091821E-06 -0.8488567
v -1741.117 140.374 -407.2101
vn -0.5422209 -1.442301E-06 -0.840236
v -1741.117 118.9541 -407.21
v -1676.577 104.108 -447.4023
v -903.7986 168.6845 -932.4894
vn -0.544083 -5.077611E-07 -0.8390314
v -903.7986 147.2647 -932.4894
v -1152.912 97.74982 -779.3291
vn -0.5282976 -2.347041E-07 -0.8490593
v -1245.471 87.68761 -720.3717
vn -0.5350237 1.798459E-07 -0.8448371
v -1245.471 66.26775 -720.3717
v -1152.912 76.32994 -779.3291
v -1547.766 97.3289 -527.1548
vn -0.5267726 1.991346E-07 -0.8500062
v -1612.037 110.6816 -487.5945
vn -0.5264071 -1.730709E-06 -0.8502326
v -1612.037 89.2618 -487.5945
v -1547.766 75.90904 -527.1548
v -1804.029 156.6012 -365.1619
vn -0.5375599 -6.404861E-07 -0.8432255
v -1860.519 172.8284 -330.8453
vn -0.5191898 1.23859E-07 -0.854659
v -1860.519 151.4085 -330.8453
v -1804.029 135.1813 -365.1619
v -711.4711 271.0597 -1063.137
vn -0.6101376 4.035016E-06 -0.7922955
v -711.4713 246.8095 -1063.137
v -1329.258 83.23979 -667.6181
vn -0.5378106 6.237354E-07 -0.8430657
v -1329.258 61.81994 -667.6181
v -1373.591 -174.9722 -595.9459
vn 0.509925 2.206042E-07 -0.8602188
v -1456.647 -181.0989 -543.0515
vn 0.5098828 -1.006544E-06 -0.8602439
v -1456.647 -202.5187 -543.0515
vn -0.537168 -1.516141E-07 -0.8434752
v -1373.591 -196.392 -595.9459
v -1032.774 -208.2947 -809.6757
vn -0.5263772 3.021788E-07 -0.8502511
v -1032.774 -229.7146 -809.6757
v -954.8621 -252.1349 -857.9118
vn -0.5275375 3.240944E-07 -0.8495318
v -954.8621 -230.715 -857.9118
v -1714.269 -230.3653 -380.8691
v -1714.269 -251.7851 -380.8691
v -1649.729 -236.2423 -421.0614
vn -0.5286226 -7.14819E-07 -0.8488569
v -1649.729 -214.8225 -421.0614
v -876.9504 -261.3832 -906.4385
vn -0.5489779 4.313586E-09 -0.8358369
v -876.9504 -282.803 -906.4385
v -798.654 -324.5789 -960.6079
vn -0.5689568 -1.456248E-07 -0.8223674
v -798.654 -303.1591 -960.6079
v -1219.354 -179.4354 -694.1716
vn 0.5084034 3.512966E-07 -0.861119
v -1219.354 -200.8553 -694.1716
vn -0.5263613 1.431859E-06 -0.850261
v -1126.064 -210.8257 -751.9236
v -1126.064 -189.4058 -751.9236
vn 0.5069044 7.817873E-07 -0.8620023
v -1585.189 -200.673 -461.2537
vn -0.5327528 -3.766839E-07 -0.8462709
v -1585.189 -222.0928 -461.2537
v -1520.918 -210.0551 -502.1526
vn -0.5368701 -1.239374E-06 -0.8436649
v -1520.918 -188.6353 -502.1526
vn 0.5098404 -1.561044E-06 -0.860269
v -1843.813 -262.7948 -297.8708
vn -0.5235947 -1.165672E-06 -0.8519675
v -1843.813 -284.2147 -297.8708
v -1777.181 -268.0123 -338.821
vn -0.5397359 -1.129172E-06 -0.8418344
v -1777.181 -246.5925 -338.821
vn 0.5017471 7.84519E-07 -0.8650144
vn -0.5263606 1.104187E-07 -0.8502614
v -1302.411 -175.6674 -641.2773
vn 0.5099249 -7.98838E-08 -0.8602189
v -1302.411 -197.0873 -641.2773
vn -0.5371674 -7.40893E-07 -0.8434756
vn 0.5021321 3.527945E-07 -0.864791
vn -0.5371662 5.84235E-07 -0.8434764
vn 0.5025249 -8.028719E-08 -0.8645627
vn 0.5025249 2.217182E-07 -0.8645627
vn 0.502503 -1.568858E-06 -0.8645755
vn -0.5368698 -1.822455E-06 -0.8436651
vn 0.5025139 -1.011605E-06 -0.8645691
v -1456.648 -202.5187 -543.0515
vn 0.537166 1.585044E-06 0.8434765
v -1456.648 -181.0989 -543.0515
vn 0.5098825 1.702744E-06 0.860244
v -1373.591 -174.9722 -595.9457
vn 0.5099249 8.65232E-07 0.8602189
v -1373.591 -196.392 -595.9457
v -954.8624 -252.1349 -857.912
vn 0.5275402 -1.109261E-07 0.84953
v -1032.774 -229.7146 -809.6758
vn 0.5263796 3.517542E-07 0.8502496
v -1032.774 -208.2947 -809.6758
v -954.8624 -230.7151 -857.912
vn 0.528623 2.826475E-08 0.8488567
vn 0.5422212 4.319378E-07 0.8402358
v -798.6544 -324.579 -960.6084
vn 0.5689564 3.411837E-07 0.8223677
v -876.9507 -282.8031 -906.4389
vn 0.5489788 -9.518492E-08 0.8358363
v -876.9507 -261.3832 -906.4389
v -798.6544 -303.1591 -960.6084
vn 0.5263603 1.453165E-07 0.8502616
vn 0.5084034 7.566639E-07 0.861119
vn 0.5069045 2.73312E-07 0.8620022
v -1520.918 -210.0552 -502.1526
vn 0.5368714 1.117633E-06 0.8436641
vn 0.5327541 7.917693E-07 0.8462701
v -1585.189 -200.6729 -461.2537
vn 0.5098406 1.464299E-06 0.8602689
vn 0.5397351 1.475634E-07 0.8418349
vn 0.5235942 -9.780474E-07 0.8519678
vn 0.5263623 3.93862E-07 0.8502604
vn 0.5017472 2.742671E-07 0.8650143
vn 0.5371684 1.342967E-06 0.843475
v -1302.41 -197.0873 -641.2772
v -1302.41 -175.6674 -641.2772
vn 0.5099252 7.417914E-07 0.8602187
vn 0.5021321 7.598904E-07 0.864791
vn 0.5025249 8.696012E-07 0.8645627
vn 0.502525 7.455374E-07 0.8645627
vn 0.5371675 1.117389E-07 0.8434756
vn 0.5368698 1.754438E-06 0.8436651
vn 0.502503 1.471629E-06 0.8645754
vn 0.5025139 1.711305E-06 0.8645691
o wood_7_1
g polygon_0
usemtl l_s
f 849/646/798 848/645/798 847/644/797
f 850/647/797 849/646/798 847/644/797
f 853/649/800 852/648/799 851/645/799
f 854/650/800 853/649/800 851/645/799
f 857/646/802 856/645/802 855/644/801
f 858/647/801 857/646/802 855/644/801
f 861/651/804 860/645/804 859/650/803
f 862/647/803 861/651/804 859/650/803
f 864/646/805 863/645/805 848/644/798
f 849/652/798 864/646/805 848/644/798
f 867/646/807 866/645/807 865/644/806
f 868/647/806 867/646/807 865/644/806
f 871/651/809 870/645/809 869/650/808
f 872/647/808 871/651/809 869/650/808
f 875/651/811 874/645/811 873/650/810
f 876/647/810 875/651/811 873/650/810
f 850/646/797 847/645/797 877/644/812
f 878/652/812 850/646/797 877/644/812
f 858/646/801 855/645/801 863/644/805
f 864/652/805 858/646/801 863/644/805
f 868/646/806 865/645/806 856/644/802
f 857/652/802 868/646/806 856/644/802
f 880/648/813 879/645/813 866/653/807
f 867/649/807 880/648/813 866/653/807
f 879/644/813 880/652/813 853/646/800
f 854/645/800 879/644/813 853/646/800
f 872/646/808 869/645/808 851/644/799
f 852/652/799 872/646/808 851/644/799
f 862/646/803 859/645/803 870/644/809
f 871/652/809 862/646/803 870/644/809
f 876/651/810 873/645/810 860/644/804
f 861/652/804 876/651/810 860/644/804
f 847/644/815 848/645/814 849/646/814
f 850/647/815 847/644/815 849/646/814
f 851/645/817 852/648/817 853/649/816
f 854/650/816 851/645/817 853/649/816
f 855/644/819 856/645/818 857/646/818
f 858/647/819 855/644/819 857/646/818
f 859/650/821 860/645/820 861/651/820
f 862/647/821 859/650/821 861/651/820
f 848/644/814 863/645/822 864/646/822
f 849/652/814 848/644/814 864/646/822
f 865/644/824 866/645/823 867/646/823
f 868/647/824 865/644/824 867/646/823
f 869/650/826 870/645/825 871/651/825
f 872/647/826 869/650/826 871/651/825
f 873/650/828 874/645/827 875/651/827
f 876/647/828 873/650/828 875/651/827
f 877/644/829 847/645/815 850/646/815
f 878/652/829 877/644/829 850/646/815
f 863/644/822 855/645/819 858/646/819
f 864/652/822 863/644/822 858/646/819
f 856/644/818 865/645/824 868/646/824
f 857/652/818 856/644/818 868/646/824
f 866/653/823 879/645/830 880/648/830
f 867/649/823 866/653/823 880/648/830
f 853/646/816 880/652/830 879/644/830
f 854/645/816 853/646/816 879/644/830
f 851/644/817 869/645/826 872/646/826
f 852/652/817 851/644/817 872/646/826
f 870/644/825 859/645/821 862/646/821
f 871/652/825 870/644/825 862/646/821
f 860/644/820 873/645/828 876/651/828
f 861/652/820 860/644/820 876/651/828
f 883/646/832 882/645/832 881/644/831
f 884/647/831 883/646/832 881/644/831
f 887/649/834 886/648/833 885/645/833
f 888/650/834 887/649/834 885/645/833
f 891/646/836 890/645/836 889/644/835
f 892/647/835 891/646/836 889/644/835
f 895/651/838 894/645/838 893/650/837
f 896/647/837 895/651/838 893/650/837
f 898/646/839 897/645/839 882/644/832
f 883/652/832 898/646/839 882/644/832
f 901/646/841 900/645/841 899/644/840
f 902/647/840 901/646/841 899/644/840
f 905/651/843 904/645/843 903/650/842
f 906/647/842 905/651/843 903/650/842
f 909/651/845 908/645/845 907/650/844
f 910/647/844 909/651/845 907/650/844
f 884/646/831 881/645/831 911/644/846
f 912/652/846 884/646/831 911/644/846
f 892/646/835 889/645/835 897/644/839
f 898/652/839 892/646/835 897/644/839
f 902/646/840 899/645/840 890/644/836
f 891/652/836 902/646/840 890/644/836
f 914/648/847 913/645/847 900/653/841
f 901/649/841 914/648/847 900/653/841
f 913/644/847 914/652/847 887/646/834
f 888/645/834 913/644/847 887/646/834
f 906/646/842 903/645/842 885/644/833
f 886/652/833 906/646/842 885/644/833
f 896/646/837 893/645/837 904/644/843
f 905/652/843 896/646/837 904/644/843
f 910/651/844 907/645/844 894/644/838
f 895/652/838 910/651/844 894/644/838
f 917/645/850 916/648/849 915/649/848
f 918/650/850 917/645/850 915/649/848
f 921/644/852 920/645/851 919/646/851
f 922/647/852 921/644/852 919/646/851
f 925/650/853 924/645/804 923/651/804
f 926/647/853 925/650/853 923/651/804
f 929/644/855 928/645/854 927/646/854
f 930/652/855 929/644/855 927/646/854
f 933/644/857 932/645/857 931/646/856
f 934/647/858 933/644/857 931/646/856
f 937/650/860 936/645/859 935/651/859
f 938/647/861 937/650/860 935/651/859
f 941/650/863 940/645/862 939/651/862
f 942/647/863 941/650/863 939/651/862
f 928/644/854 921/645/852 922/646/852
f 927/652/854 928/644/854 922/646/852
f 920/644/851 933/645/865 934/646/864
f 919/652/851 920/644/851 934/646/864
f 932/653/867 944/645/867 943/648/866
f 931/649/868 932/653/867 943/648/866
f 915/646/871 943/652/870 944/644/869
f 918/645/869 915/646/871 944/644/869
f 917/644/873 937/645/873 938/646/872
f 916/652/874 917/644/873 938/646/872
f 936/644/859 925/645/853 926/646/853
f 935/652/859 936/644/859 926/646/853
f 924/644/804 941/645/863 942/651/863
f 923/652/804 924/644/804 942/651/863
f 947/649/877 946/648/876 945/645/875
f 948/650/875 947/649/877 945/645/875
f 951/646/879 950/645/879 949/644/878
f 952/647/878 951/646/879 949/644/878
f 923/651/881 924/645/881 925/650/880
f 926/647/880 923/651/881 925/650/880
f 955/646/883 954/645/883 953/644/882
f 956/652/882 955/646/883 953/644/882
f 931/646/885 932/645/884 933/644/884
f 934/647/886 931/646/885 933/644/884
f 958/651/888 936/645/888 957/650/887
f 938/647/889 958/651/888 957/650/887
f 939/651/891 940/645/891 941/650/890
f 942/647/890 939/651/891 941/650/890
f 952/646/878 949/645/878 954/644/883
f 955/652/883 952/646/878 954/644/883
f 934/646/893 933/645/892 950/644/879
f 951/652/879 934/646/893 950/644/879
f 960/648/895 959/645/894 932/653/894
f 931/649/896 960/648/895 932/653/894
f 959/644/899 960/652/898 947/646/897
f 948/645/899 959/644/899 947/646/897
f 938/646/901 957/645/900 945/644/900
f 946/652/902 938/646/901 945/644/900
f 926/646/880 925/645/880 936/644/888
f 958/652/888 926/646/880 936/644/888
f 942/651/890 941/645/890 924/644/881
f 923/652/881 942/651/890 924/644/881
v -1113.802 81.68805 -804.7126
vt 0.8379662 0.6922547
vn -0.1631159 0.9857107 0.04204163
vt 0.8379662 0.2411776
vt 0.3643677 0.2411776
vn -0.09965108 0.9950218 -0.001134326
vt 0.3643677 0.6922547
v -1091.752 79.75073 -770.7517
vn 0.1631165 -0.9857107 -0.04204151
v -1201.223 65.37167 -750.1886
vn 0.09965124 -0.9950218 0.001134518
vn 0.02817777 0.9958209 -0.08687174
v -1435.945 68.43983 -551.8693
v -1530.498 79.20048 -492.0742
vn 0.08384134 0.9887713 -0.1237017
vn -0.02817754 -0.9958209 0.08687198
v -1458.713 61.93769 -584.7728
vn -0.08384138 -0.9887712 0.1237019
v -715.6498 250.1922 -1058.76
vn -0.3597411 0.9062327 0.2221004
v -692.2632 250.2425 -1027.533
v -824.4479 177.5947 -938.7637
vn -0.3471695 0.9180498 0.1914625
v -846.8574 175.3122 -972.1961
vn 0.1239059 0.9808882 -0.1500187
vn 0.1382767 0.977479 -0.1594187
v -1722.221 114.3957 -419.9393
vn -0.123906 -0.9808882 0.150019
vn -0.1382764 -0.977479 0.1594188
v -1286.031 64.50702 -695.9176
vn -0.06392456 0.997635 -0.02525973
v -1263.622 66.78943 -662.4852
vn -0.02431673 0.9983584 -0.05185802
vn 0.06392464 -0.997635 0.02525998
vn 0.02431695 -0.9983584 0.05185825
v -935.0718 133.7679 -915.4976
vn -0.2957695 0.9458594 0.13368
v -912.662 136.0503 -882.0653
vn -0.227925 0.9698228 0.08656808
v -1025.379 103.362 -858.818
v -913.0209 131.8306 -881.5367
vn 0.2957696 -0.9458594 -0.1336802
v -935.4305 129.5482 -914.969
vn 0.2279256 -0.9698226 -0.08656812
v -1003.328 101.4247 -824.8571
v -1797.277 133.8459 -371.8619
vn 0.1642095 0.974231 -0.1546258
v -1850.121 155.4407 -292.5838
vn -0.4110386 0.8355232 0.3646207
v -1876.214 157.271 -323.258
vn -0.1661908 -0.9736563 0.1561219
vn -0.6376001 -0.5472448 0.5422078
vn 0.3623482 -0.9045908 -0.2245419
v -847.2162 171.0924 -971.6675
vn 0.3484967 -0.9172884 -0.1926967
v -824.8066 173.3749 -938.2351
vt 0.8379663 0.2411776
vt 0.624867 0.6922547
vt 0.624867 0.2411776
vt 0.5924891 0.2411776
vt 0.5924891 0.6922547
v -1201.223 -176.1835 -750.1886
vn 0.4490006 0.8935308 0.001018553
v -1114.161 -188.2801 -804.184
vn 0.4520505 0.8911821 -0.03800993
v -1091.752 -190.5625 -770.7516
v -1553.266 -183.5101 -524.9778
vn 0.4484764 0.8868811 0.1109546
v -1458.713 -172.7495 -584.7728
vn 0.4473557 0.8909723 0.07772541
v -1530.856 -185.7925 -491.5456
v -1722.58 -220.9877 -419.4107
vn -0.1382763 0.9774791 0.1594187
v -1641.01 -202.3318 -469.5457
vn -0.1239058 0.9808882 0.1500186
v -1371.557 -168.0321 -640.9559
vn 0.4473194 0.8931701 0.04639461
v -1286.39 -171.0991 -695.3891
vn 0.4479464 0.893774 0.02263021
v -1349.147 -170.3145 -607.5236
v -1025.738 -209.9541 -858.2894
vn 0.2279253 0.9698227 -0.08656801
v -935.4305 -240.36 -914.969
vn 0.2957695 0.9458594 -0.1336801
v -913.0208 -242.6424 -881.5367
v -1003.328 -212.2365 -824.857
v -1876.823 -264.3607 -322.9623
vn -0.1853302 0.9716079 0.1470741
v -1797.636 -240.4379 -371.3334
vn -0.1661913 0.9736561 0.1561222
v -847.2162 -281.9042 -971.6675
vn 0.3484968 0.9172884 -0.1926968
v -716.3605 -357.3676 -1058.05
vn 0.3623487 0.9045907 -0.224542
v -692.9264 -357.4066 -1026.855
v -824.8066 -284.1867 -938.2351
vn 0.4881025 0.8725067 0.02209173
vn 0.4883226 0.8726626 0.0009947646
vn 0.4879796 0.8695526 0.07585683
vn 0.4879721 0.8716841 0.04527855
vn 0.4882131 0.8659738 0.108339
vn 0.4889639 0.8715117 -0.03717096
o wood_7_2
g polygon_0
usemtl th_s1
f 765/656/904 766/655/903 961/654/903
f 795/657/904 765/656/904 961/654/903
f 963/656/906 793/655/905 962/654/905
f 768/657/906 963/656/906 962/654/905
f 965/656/908 964/655/907 798/654/907
f 799/657/908 965/656/908 798/654/907
f 800/656/910 966/655/909 771/654/909
f 772/657/910 800/656/910 771/654/909
f 969/656/912 968/655/911 967/654/911
f 970/657/912 969/656/912 967/654/911
f 777/656/914 778/655/913 806/654/913
f 971/657/914 777/656/914 806/654/913
f 808/656/916 805/655/915 779/654/915
f 780/657/916 808/656/916 779/654/915
f 781/656/918 973/655/917 972/654/917
f 811/657/918 781/656/918 972/654/917
f 812/656/920 809/655/919 783/654/919
f 784/657/920 812/656/920 783/654/919
f 785/656/922 975/655/921 974/654/921
f 976/657/922 785/656/922 974/654/921
f 816/656/924 978/655/923 977/654/923
f 979/657/924 816/656/924 977/654/923
f 981/656/926 790/655/925 980/654/925
f 982/657/926 981/656/926 980/654/925
f 820/656/928 817/655/927 791/654/927
f 792/657/928 820/656/928 791/654/927
f 983/656/930 801/655/929 775/654/929
f 984/657/930 983/656/930 775/654/929
f 973/656/917 765/655/904 795/654/904
f 972/657/917 973/656/917 795/654/904
f 809/656/919 963/655/906 768/654/906
f 783/657/919 809/656/919 768/654/906
f 964/656/907 781/655/918 811/654/918
f 798/657/907 964/656/907 811/654/918
f 966/656/909 812/658/920 784/654/920
f 771/657/909 966/656/909 784/654/920
f 778/656/913 965/655/908 799/654/908
f 806/657/913 778/656/913 799/654/908
f 805/656/915 800/655/910 772/654/910
f 779/657/915 805/656/915 772/654/910
f 790/656/925 777/655/914 971/654/914
f 980/657/925 790/656/925 971/654/914
f 817/656/927 808/655/916 780/654/916
f 791/657/927 817/656/927 780/654/916
f 766/656/903 785/655/922 976/654/922
f 961/657/903 766/656/903 976/654/922
f 793/656/905 816/655/924 979/654/924
f 962/657/905 793/656/905 979/654/924
f 975/656/921 969/655/912 970/654/912
f 974/657/921 975/656/921 970/654/912
f 978/656/923 983/655/930 984/654/930
f 977/657/923 978/656/923 984/654/930
f 982/661/926 820/660/928 792/659/928
f 981/662/926 982/661/926 792/659/928
f 987/654/932 986/655/932 985/656/931
f 824/657/931 987/654/932 985/656/931
f 825/654/934 989/655/934 988/656/933
f 990/657/933 825/654/934 988/656/933
f 829/654/936 992/655/936 991/656/935
f 832/657/935 829/654/936 991/656/935
f 833/654/938 994/655/938 993/656/937
f 995/657/937 833/654/938 993/656/937
f 998/654/940 997/655/940 996/656/939
f 999/657/939 998/654/940 996/656/939
f 841/654/942 1001/655/942 1000/656/941
f 844/657/941 841/654/942 1000/656/941
f 1004/654/944 1003/655/944 1002/656/943
f 1005/657/943 1004/654/944 1002/656/943
f 824/654/946 985/655/946 994/656/945
f 833/657/945 824/654/946 994/656/945
f 995/654/948 993/658/948 989/656/947
f 825/657/947 995/654/948 989/656/947
f 990/654/949 988/655/949 992/656/936
f 829/657/936 990/654/949 992/656/936
f 832/654/935 991/655/935 1001/656/942
f 841/657/942 832/654/935 1001/656/942
f 999/654/939 996/655/939 986/656/950
f 987/657/950 999/654/939 986/656/950
f 1005/654/943 1002/655/943 997/656/940
f 998/657/940 1005/654/943 997/656/940
v -281.014 -9.439548 -1052.306
vt -4.005394 0
vn -0.5936177 0.797851 -0.1051281
v -264.0571 -4.364086 -1077.022
vt -4.536649 0.1168824
vn -0.4968159 0.8571155 -0.1361136
v -266.2394 3.001282 -1044.089
vt -3.652576 0.2025716
vn -0.4818783 0.8678684 -0.1208213
v -274.2711 -12.14596 -1084.027
vt -4.704102 0
vn -0.5586902 0.797172 -0.2288715
v -253.519 0.9283295 -1091.265
vt -4.911559 0.1555919
vn -0.5967289 0.8014972 -0.03894715
v -267.228 -14.34186 -1100.122
vt -5.048862 0
vn -0.618287 0.7336776 -0.281848
v -246.5513 1.971542 -1107.72
vt -5.296774 0.124276
vn -0.6095122 0.7248097 -0.3211633
v -260.185 -16.53777 -1116.218
vt -5.349272 0
vn -0.5683448 0.6189691 -0.5420899
v -214.6575 1.670834 -1130.909
vt -6.028407 0.1205868
vn -0.6447253 0.5834941 -0.4938258
v -225.6169 -25.22674 -1138.824
vt -6.100773 0
vn -0.5847645 0.4794746 -0.6543353
v -203.9726 1.413906 -1145.58
vt -6.291134 0.1005693
vn -0.7007413 0.4934286 -0.5152571
v -215.9179 -27.95131 -1152.91
vt -6.303401 0
vn -0.7009843 0.4053652 -0.5867709
v -176.1485 -0.6610298 -1180.651
vt -7.082141 0.05361873
vn -0.5739889 0.4324156 -0.6953802
v -186.5714 -35.88289 -1187.085
vt -6.734104 0
vn -0.5953666 0.3544109 -0.7210628
v -115.6475 -47.21687 -1005.481
vn 0.7388328 0.5257714 0.4215335
v -126.234 -27.21727 -1027.869
vt 3.176282 0.1236186
vn 0.784795 0.6123699 0.09539378
v -114.2575 -45.52623 -1024.998
vn 0.8189409 0.5738226 0.007957324
v -128.0671 -27.77423 -1011.9
vt 2.751444 0.1152118
vn 0.7412652 0.5788564 0.3397811
v -161.8891 10.14175 -1043.227
vt 3.590243 0.5608225
vn 0.5301181 0.8207091 0.2130995
v -173.2158 26.31829 -1023.969
vt 3.133766 0.8642977
vn 0.5604184 0.8230687 0.09213665
v -199.6292 21.08872 -1056.912
vt 4.923993 0.8619821
vn -0.1587768 0.9835501 0.08613444
v -203.0243 32.79041 -1036.943
vt 5.011891 0.8938952
vn -0.02936603 0.9924982 -0.1186805
v -283.9003 -33.56168 -882.0602
vt -1.976053 -1.001261
vn -0.7470718 0.6441819 0.1640531
v -284.7291 -17.52038 -922.3188
vt -2.293358 -1.001261
vn -0.7577173 0.6525099 -0.009768659
v -267.3557 4.447388 -916.642
vt -2.328062 -0.7439815
vn -0.5540604 0.8291827 -0.07398116
v -270.3075 -13.94367 -958.2833
vt -2.506823 -1.001261
vn -0.7262786 0.6872122 -0.01608577
v -256.8867 -0.9389839 -949.84
vt -2.539102 -0.7897161
vn -0.3916284 0.9200663 0.01025954
v -231.6272 7.366428 -917.3604
vt -2.661411 -0.5564337
vn -0.05926809 0.9478793 -0.3130688
v -230.5409 1.435322 -934.1231
vt -2.697927 -0.6325949
vn 0.1191056 0.9885564 -0.09257467
vt -1.744845 0
v -270.1172 0.1677246 -997.0063
vt -2.440446 0.1449367
vn -0.5258172 0.8359625 0.1571081
vt -1.369646 0.07094753
v -279.7882 -7.937378 -1004.238
vt -2.836419 0
vn -0.695925 0.7093672 0.1117437
v -195.399 -17.78935 -936.3914
vt -0.04121751 -0.8961128
vn 0.7279021 0.6200076 -0.2928298
v -204.9728 -0.4164162 -917.191
vt -0.03916168 -0.5930929
vn 0.3259493 0.7949477 -0.5116788
v -210.1805 -4.75808 -933.4673
vt 0.07315683 -0.6737114
vn 0.5069964 0.8491087 -0.1482198
v -181.0904 -16.33756 -918.2271
vt -0.2145009 -0.7847667
vn 0.6665737 0.5821881 -0.4655497
v -207.4313 14.2546 -904.3005
vt -0.07297766 -0.3407838
vn 0.06372592 0.7904964 -0.6091424
v -195.9787 18.69131 -893.7294
vt -0.3061367 -0.217351
vn 0.4529887 0.7579001 -0.4694557
v -233.5969 21.49244 -889.389
vt 0.6372214 -0.3102244
vn -0.2524239 0.9017747 -0.350834
v -210.615 29.80021 -881.5541
vt -0.4665388 -0.07460511
vn 0.1347232 0.9586158 -0.2508093
v -120.5982 -3.973263 -1198.817
vt 5.738413 0.04887962
vn 0.6355813 0.3852515 -0.6690424
v -144.9382 44.06974 -1172.533
vt 6.169514 0.3402872
vn -0.1737629 0.6817226 -0.7106763
v -139.2592 -0.582058 -1201.387
vt 5.976715 0.04610574
vn -0.1307403 0.4548808 -0.8809032
v -130.213 45.44758 -1166.259
vt 5.86819 0.2997575
vn 0.6352008 0.6317973 -0.4442434
v -159.8549 74.89081 -1121.636
vt 5.143535 0.5450798
vn -0.290816 0.9124238 -0.287939
v -137.1217 69.35716 -1117.544
vt 5.030215 0.411598
vn 0.6215518 0.7743497 0.1185577
v -168.0916 70.69699 -1102.123
vt 5.02182 0.5910423
vn -0.3054168 0.9465679 0.1035849
v -141.6249 60.56147 -1098.943
vt 4.696063 0.4048072
vn 0.4890061 0.6633365 0.566443
v -178.4711 53.0158 -1078.974
vt 4.948177 0.7012286
vn -0.3312601 0.8743391 0.3546799
v -154.8964 47.3867 -1073.049
vt 4.219315 0.3742106
vn 0.4648982 0.6159129 0.6360196
v -189.0502 37.05225 -1067.943
vt 4.922184 0.766036
vn -0.3333715 0.7764457 0.5347855
v -158.3928 28.76423 -1058.138
vt 4.023746 0.4419342
vn 0.4143813 0.652057 0.6349093
v -210.7097 19.86517 -972.6252
vt -0.3890091 0.4687532
vn -0.05338204 0.9136571 0.4029653
v -207.6975 -1.201466 -959.2892
vt -0.139084 0.2843024
vn 0.5406668 0.663227 0.517503
v -218.292 2.763 -958.791
vt -0.4725434 0.2932943
vn 0.05450958 0.9336089 0.3541232
v -188.6601 11.13041 -973.7772
vt 0.4620409 0.4476087
vn 0.4480678 0.613008 0.6507353
v -193.6777 -27.07857 -959.6517
vt 0.4455556 0.1583563
vn 0.7571524 0.509317 0.4090433
v -178.3148 -13.36797 -974.4254
vt 0.8970788 0.2436537
vn 0.5844977 0.4111626 0.6995054
v -182.3706 -40.63727 -956.7043
vt 0.5643268 0
vn 0.760595 0.5456396 0.3518134
v -161.148 -41.72988 -975.2731
vn 0.5578955 0.4202425 0.7156457
vt -6.647215 0.5655037
vt -6.364748 0.6024762
vt -5.978556 0.7054119
vt -5.579297 0.8051316
vt -4.701511 0.9156319
vt -3.145292 0.9302801
v -108.5581 -35.55367 -1076.018
vt 4.223265 0.03140581
vn 0.7437054 0.3190122 0.5874807
v -90.40822 -27.89673 -1104.356
vt 4.5113 0.03742331
vn 0.928561 0.2751664 0.2491144
v -106.6128 -49.8856 -1074.833
vn 0.7615317 0.251854 0.5971927
v -87.67659 -52.91925 -1102.488
vn 0.9624181 0.09643441 0.2538736
v -231.4186 12.04294 -904.2598
vt -2.609837 -0.471217
vn -0.2481553 0.8744803 -0.416777
v -259.3351 9.531662 -889.8485
vt -2.104655 -0.6202776
vn -0.5737683 0.8160588 -0.06955544
vt -4.579177 0.0828945
vt -3.918556 0.03872371
vt -3.789288 -0.02007616
v -141.8043 -43.90271 -1219.303
vt -4.644831 -0.05727613
vn -0.1563643 0.3698556 -0.9158368
v -297.0061 -228.5605 -1036.508
vt 0.7003297 0.9197683
vn -0.1136215 -0.6354909 0.7637025
v -291.3155 -248.4461 -1050.689
vt 0.4991871 0.8400545
vn -0.09285291 -0.531469 0.8419734
v -337.2594 -237.3257 -1072.554
vt 1.567165 0.7555277
vn -0.3725098 -0.7162124 0.5901493
v -338.8849 -223.9842 -1051.028
vt 1.533437 0.9086206
vn -0.2894853 -0.6812827 0.6723482
vt -4.390185 0.5783433
v -116.0402 -43.53717 -1041.565
vt 3.641614 0
vn 0.7932305 0.5906335 -0.1481127
v -132.5307 -27.92382 -1058.948
vt 3.837366 0.1375407
vn 0.8145388 0.460151 0.3532529
v -118.7705 -46.52237 -1058.568
vt 4.022723 0
vn 0.8140402 0.5301136 0.2373146
v -129.3824 -27.57054 -1043.408
vt 3.522197 0.1320777
vn 0.8206557 0.5652021 0.08408803
vt 5.818608 0
v -122.1379 -48.27145 -1216.654
vt 5.620797 0
vn 0.6345243 0.25228 -0.7305709
v -91.38779 -26.60624 -1136.933
vt 4.891358 0.03249681
vn 0.9497198 0.2371244 -0.2044611
v -92.05523 -53.31435 -1139.995
vn 0.9712234 0.06284562 -0.2297292
v -200.4113 27.71686 -871.232
vt -0.704843 -0.07158589
vn 0.5786265 0.744957 0.3320098
v -189.9204 15.12448 -881.7939
vt -0.5005274 -0.2562222
vn 0.8067061 0.586054 0.07593452
v -201.8257 -6.013081 -849.3687
vt -0.9280333 -0.6727072
vn 0.6567986 0.2923522 0.6950868
v -183.063 -7.729832 -871.1805
vt -0.620625 -0.6342784
vn 0.850224 0.2340794 0.4715147
v -208.6832 -42.64993 -834.1368
vt -1.015274 -1.001261
vn 0.6483952 0.1544687 0.7454684
v -182.3785 -43.35366 -870.0937
vt -0.6281148 -1.001261
vn 0.8490937 0.07459193 0.5229493
v -253.9311 8.578648 -865.2716
vt -1.735852 -0.6138484
vn -0.6417732 0.6841491 0.346507
v -216.3779 28.1041 -860.6292
vt -1.122641 -0.1242312
vn 0.1034445 0.8041421 0.5853672
v -236.9146 4.971432 -840.1019
vt -1.361596 -0.6102686
vn -0.2755342 0.6064244 0.7458755
v -219.1472 30.98124 -870.1717
vt -1.147766 -0.08481419
vn -0.2728728 0.9583726 0.08403809
v -220.4726 0.3077698 -839.1875
vt -1.173268 -0.6303566
vn 0.2900413 0.430662 0.8546381
vt -2.319081 -0.3102244
vt 1.808536 -0.08481419
v -172.3956 -13.38241 -896.5143
vt -0.3950658 -0.696835
vn 0.9230337 0.3827922 0.03845794
v -170.2457 -36.53666 -923.2101
vt -0.2462481 -1.001261
vn 0.7953078 0.4291356 -0.4281684
v -166.1186 -40.95994 -900.8039
vt -0.3929615 -1.001261
vn 0.9658871 0.2401724 0.09684635
v -179.3738 -43.10186 -937.6505
vt -0.1412572 -1.001261
vn 0.7614585 0.5361736 -0.3642784
v -234.776 -45.45891 -819.8919
vt -1.232777 -1.001261
vn 0.2435042 0.3120029 0.9183463
v -275.1404 -40.85292 -847.0929
vt -1.641028 -1.001261
vn -0.7598516 0.482015 0.436219
v -251.1446 -42.5314 -822.356
vt -1.351326 -1.001261
vn -0.3608021 0.4480098 0.8179909
vt 0.02693202 0.08360726
vt 0.2948911 -0.5564337
vt 0.2583756 -0.6325949
vt 0.3464658 -0.471217
vt -7.530691 0.325817
v -254.8583 141.623 -1059.584
vt 0.6180404 0.6138324
vn 0.8646725 0.5017491 0.02427752
v -270.5955 157.9711 -1052.844
vt 0.5853605 0.7172425
vn 0.3694534 0.6589019 0.65525
v -266.5453 155.5062 -1064.203
vt 0.7018847 0.6676623
vn 0.5980953 0.8010018 0.0260424
v -254.1374 140.0856 -1051.21
vt 0.5824296 0.6025954
vn 0.7386572 0.5287094 0.418153
v -271.5837 129.8416 -1047.455
vt 0.4552085 0.6560493
vn 0.1023879 0.4364354 0.8938909
v -242.0286 111.8246 -1042.61
vt 0.5457572 0.453619
vn 0.6199465 0.4449277 0.6463015
v -277.6292 113.7398 -1033.214
vt 0.4080932 0.5623955
vn 0.1012016 0.6180258 0.7796168
v -250.7784 102.315 -1028.649
vt 0.461574 0.4023757
vn 0.5171291 0.5136334 0.6846592
v -284.8467 89.51971 -1014.966
vt 0.2887985 0.3916768
vn 0.02453955 0.5568863 0.8302261
v -258.4588 93.96771 -1016.394
vt 0.3972173 0.3567271
vn 0.3652643 0.506197 0.7812468
v -294.9355 49.06039 -988.9905
vt 0.2011201 0.194403
vn 0.08076517 0.4015628 0.9122633
v -246.2715 44.0507 -1000.929
vt 0.3911959 0.1499997
vn 0.5628762 0.2620132 0.783913
v -321.3052 -11.20757 -964.048
vt 0.1071953 0.02409303
vn 0.1177244 0.2949347 0.9482376
v -249.9921 -13.74704 -994.4629
vt 0.3743978 0.01003605
vn 0.5960021 0.133992 0.7917245
v -277.1126 160.6501 -1070.404
vt 0.7824303 0.6749797
vn 0.07793486 0.9785642 -0.1906259
v -310.5376 151.294 -1068.944
vt 1.129728 0.7469894
vn -0.5354226 0.8430531 -0.05083502
v -300.8474 151.1284 -1076.183
vt 1.051412 0.6863127
vn -0.3831059 0.7899872 -0.4786962
v -282.2818 162.495 -1054.76
vt 0.6173449 0.7779444
vn -0.144272 0.8529826 0.5016037
v -337.2594 130.7497 -1072.554
vn -0.6633119 0.7069807 0.2453478
v -291.3155 141.8702 -1050.689
vn -0.2021611 0.51632 0.8321926
v -338.8849 117.4083 -1051.028
vn -0.5812334 0.703979 0.4081437
v -297.0061 121.9846 -1036.508
vn -0.1136196 0.6354901 0.7637034
vt 0.3306634 0.8130487
v -339.971 108.494 -1036.646
vt -0.1021351 0.5952091
vn -0.4575553 0.6806426 0.5721615
vt -0.1678266 0.736034
v -311.8064 84.77138 -1015.787
vt 0.1533614 0.4167324
vn -0.1612822 0.5859367 0.794145
v -381.1873 69.31078 -1034.287
vt -0.2780939 0.3609071
vn -0.6084276 0.7101495 0.3542648
v -338.4791 56.71383 -996.8407
vt 0.01029724 0.257422
vn -0.2244557 0.5727038 0.7884352
v -438.44 13.15696 -1007.231
vt -0.2805326 0.1589606
vn -0.6319016 0.7349313 0.2461226
v -416.2047 6.001137 -984.2433
vt -0.1937715 0.1193502
vn -0.2453405 0.5677534 0.7857888
v -210.0593 -1.614964 -1089.657
vt 0.7095616 0.07719195
vn 0.9701195 0.2385216 -0.04444706
v -222.6449 48.78808 -1048.628
vt 0.5821303 0.1833217
vn 0.94186 0.2405046 0.2346431
v -224.6624 53.09004 -1072.06
vt 0.6620852 0.2336652
vn 0.9583458 0.2818601 -0.0461331
v -211.8064 -7.362865 -1053.198
vt 0.599864 0.04537505
vn 0.9543248 0.1886489 0.2316801
v -233.3157 46.64847 -1027.085
vt 0.4932807 0.1811475
vn 0.8334028 0.1986173 0.515743
v -225.2012 -15.56009 -1020.008
vt 0.4889471 0
vn 0.8527253 0.1245192 0.5073013
v -244.1944 9.858707 -1152.476
vt 0.9236735 0.1407034
vn 0.6310372 0.4269956 -0.6476625
v -226.6798 57.39198 -1095.493
vt 0.7461161 0.2392471
vn 0.8717376 0.3629558 -0.3291454
v -252.0156 64.97914 -1118.375
vt 0.8539677 0.3019142
vn 0.6763777 0.4042318 -0.615719
v -217.6324 4.468624 -1120.185
vt 0.8014325 0.1108671
vn 0.8652462 0.3516907 -0.3572989
v -339.2622 25.44672 -1163.056
vt 1.234999 0.2269894
vn -0.2474528 0.523461 -0.8153255
v -274.1619 71.61108 -1138.377
vt 0.9808517 0.3161399
vn 0.3175 0.4904268 -0.8115881
v -320.8458 77.92278 -1135.724
vt 1.211621 0.4026367
vn -0.2528616 0.569151 -0.7823861
v -280.843 17.8829 -1168.331
vt 1.043172 0.1851206
vn 0.2830378 0.4721686 -0.8348332
v -348.0459 78.52176 -1116.186
vt 1.335287 0.5207814
vn -0.5175899 0.582172 -0.6270378
v -370.5151 26.31141 -1141.639
vt 1.371829 0.2317759
vn -0.5635524 0.5345796 -0.6297883
v -291.1569 150.9627 -1083.423
vt 1.002253 0.6340652
vn -0.2718671 0.7252466 -0.632539
v -271.9434 156.2051 -1086.048
vt 0.8687688 0.602923
vn 0.2366329 0.7993377 -0.5523262
v -262.4952 153.0413 -1075.56
vt 0.7244462 0.6216826
vn 0.7159275 0.6250085 -0.3111466
v -255.5792 143.1603 -1067.958
vt 0.6507021 0.608846
vn 0.8608499 0.4801012 -0.1686429
v -414.0973 19.66099 -1065.859
vt -0.4438186 0.1949631
vn -0.7942561 0.5778686 -0.1876837
v -375.082 73.8949 -1066.247
vt -0.4214172 0.4409575
vn -0.795544 0.6035445 -0.05332812
v -369.8563 77.81844 -1093.603
vt -0.6319485 0.5168881
vn -0.7345077 0.5890418 -0.3369394
vt -0.6021701 0.8098843
v -396.3656 24.79599 -1110.888
vt -0.6366597 0.2233874
vn -0.7494497 0.5405429 -0.3822807
v -368.755 -2.603214 -974.1456
vt -0.05825317 0.07172161
vn -0.1099358 0.4094668 0.9056771
vt -0.8340478 0.5207814
vt -0.7975056 0.2317759
vt 1.537386 0.5168881
v -344.0605 -46.80581 -1004.936
vn 0.2193715 0.2388378 -0.9459559
v -391.0786 83.83188 -972.6324
vt -6.837011 0.3859496
vn 0.05723963 0.4772898 -0.8768798
v -400.43 -41.2959 -1015.345
vt -6.431142 0
vn 0.05045354 0.3084559 -0.9498997
v -327.7493 63.52926 -975.8821
vt -7.556727 0.2047064
vn 0.3227392 0.3736044 -0.8696316
v -386.6275 114.8797 -950.8964
vt -6.998466 0.5370666
vn 0.1915575 0.8517699 -0.4876411
v -327.2213 72.35396 -960.7408
vt -7.697731 0.2795595
vn 0.5657557 0.6150326 -0.5492318
v -634.1434 -17.07263 -1017.049
vn -0.1183011 0.8409731 -0.5279858
v -557.1622 29.14834 -945.7816
vt -4.467368 0.6339871
vn -0.2065259 0.8451744 -0.4929779
v -610.108 39.94861 -934.1328
vt -2.991076 0.6753914
vn -0.06622102 0.8355421 -0.545421
v -581.3115 -23.23921 -1037.408
vn -0.1606045 0.8425713 -0.5140815
v -527.6102 44.95108 -956.0854
vt -5.159135 0.5959821
vn -0.4505427 0.7708469 -0.4503402
v -550.8926 -26.56268 -1042.31
vn -0.3021848 0.773721 -0.5568124
v -498.0582 60.75383 -966.3893
vt -5.645403 0.5061672
vn -0.3106176 0.712972 -0.6286395
v -520.4738 -29.88615 -1047.213
vn -0.07640714 0.6454805 -0.7599454
v -457.4029 75.50093 -970.5131
vt -6.132245 0.4485629
vn -0.1259783 0.5952646 -0.7935928
v -453.1453 -35.87848 -1017.11
vn 0.07735933 0.4454048 -0.891981
v -424.2408 79.66641 -971.5728
vt -6.46566 0.4120411
vn -0.08725427 0.5011771 -0.8609345
v -422.9989 -38.97655 -1016.101
vn -0.01163505 0.3528241 -0.9356173
v -556.2052 35.2731 -790.9648
vt 2.793168 0.4629464
vn 0.2806786 0.8435569 0.457855
v -507.593 -19.98642 -741.1436
vn 0.3571188 0.7814611 0.5116491
v -537.2396 -19.98669 -723.4939
vn 0.2332137 0.7762736 0.5856711
v -528.3085 26.2128 -801.7331
vt 3.271003 0.3995388
vn 0.2479053 0.8544745 0.4565263
v -485.3763 -19.98616 -760.5239
vn 0.4065629 0.7440296 0.5302137
v -505.2938 28.50212 -815.6151
vt 3.582495 0.4293266
vn 0.1750345 0.7989512 0.5753607
v -463.2643 -26.92661 -779.8705
vn 0.1573439 0.667141 0.7281249
v -482.2791 30.79144 -829.497
vt 3.92925 0.4606707
vn -0.0308932 0.6790187 0.7334707
v -427.4998 -30.55467 -777.2687
vn -0.0443479 0.5301255 0.8467587
v -421.0481 30.49366 -808.8953
vt 4.302318 0.3744996
vn -0.05930599 0.5343089 0.8432062
v -368.5104 -33.56998 -776.2759
vt 4.576005 0
vn 0.3159551 0.4776586 0.819765
v -375.0391 30.02983 -818.4283
vt 4.705449 0.3626679
vn 0.3202368 0.4795197 0.8170124
v -318.3557 -40.19923 -818.8643
vn 0.4548266 0.370992 0.8096281
v -335.9882 33.60301 -837.9846
vt 4.98545 0.3611428
vn 0.5566059 0.4244628 0.7141578
v -726.9282 -4.562969 -930.8626
vt -2.136836 0
vn -0.589295 0.7435302 -0.3160607
v -691.0217 48.81003 -874.5833
vt -1.317816 0.5951272
vn -0.445991 0.8723235 -0.2003589
v -696.6625 40.82661 -860.2768
vt -1.090269 0.547762
vn -0.5748774 0.8103909 -0.1130596
v -702.7919 -8.341957 -969.0438
vt -2.780158 0
vn -0.4686733 0.7881891 -0.3988777
v -645.7851 42.21884 -919.1874
vt -2.085595 0.5660784
vn -0.2311983 0.8393098 -0.492043
v -660.605 -13.68696 -997.9377
vt -3.511231 0
vn -0.2561419 0.8227747 -0.5073786
v -236.9638 -51.21065 -937.9648
vn 0.8285682 0.5493953 -0.1078868
vt 6.137024 0.6316824
v -252.7222 -50.63998 -969.9882
vn 0.699039 0.4370017 -0.5660159
v -321.8354 78.71039 -934.2695
vt 5.835701 0.5911527
vn 0.7142454 0.691432 -0.1085137
vt 5.788595 0.766604
v -374.1444 114.5296 -917.8415
vt 5.428607 0.746855
vn 0.3812197 0.9235846 0.04078009
v -581.0623 60.87851 -906.8964
vt 6.898455 0.6432247
vn 0.1627841 0.9298393 -0.3300003
v -530.3937 40.05546 -846.5376
vt 7.265837 0.926562
vn 0.02325869 0.9690773 0.2456586
v -570.192 61.40951 -849.6874
vt 6.887018 0.9029897
vn 0.329164 0.9352887 0.1299463
v -548.2476 43.42696 -917.2952
vt 7.237263 0.6668942
vn -0.1889939 0.9560763 -0.2240524
v -506.0246 63.81789 -862.8506
vt 7.533963 0.8492265
vn -0.3683557 0.828424 0.4219335
v -522.4078 65.92407 -918.8331
vt 7.489549 0.656865
vn -0.6255097 0.7778314 -0.06095779
v -481.6554 87.58032 -879.1636
vt 7.802088 0.7718907
vn -0.3016086 0.8234892 0.4805182
v -496.5682 88.4212 -920.3712
vt 7.741835 0.6468362
vn -0.5316368 0.8378025 -0.1242953
v -431.462 105.0398 -890.352
vt 8.309549 0.7218927
vn -0.2199377 0.8797731 0.4214578
v -453.3983 111.5455 -934.6146
vt 8.187483 0.580896
vn -0.3177928 0.916743 -0.2420536
v -400.3503 115.4323 -905.2731
vt 8.640364 0.6548804
vn 0.001370674 0.958416 0.2853717
v -417.0903 116.6007 -943.4682
vt 8.556308 0.5431902
vn -0.1236384 0.9164778 -0.3805023
vt 8.919275 0.6639237
vt 8.865916 0.5130507
v -693.7213 38.82995 -842.0316
vt -0.3714917 0.3749356
vn -0.4674551 0.8396671 0.2764867
v -657.7351 43.96175 -817.1854
vt 0.3868665 0.577911
vn -0.4353797 0.6899771 0.5782527
v -679.1335 34.31354 -826.7425
vt -0.02024477 0.4184793
vn -0.3140106 0.7444746 0.5891985
v -681.5418 50.27776 -850.4641
vt -0.3890091 0.5238811
vn -0.4424748 0.857439 0.2627057
v -616.8732 71.05618 -838.9711
vt 0.9150245 0.8083261
vn -0.06814673 0.9561157 0.284954
v -625.8387 70.69765 -873.3683
vt -0.4772463 0.8392842
vn -0.1939802 0.9800062 -0.04426805
vt 3.622585 0.8127968
vt 3.976176 0.8848618
v -418.676 59.81661 -829.4588
vt 4.411355 0.6644756
vn -0.1274129 0.6601861 0.7402164
vt 4.495468 0.8303697
v -368.8518 84.1243 -845.9672
vt 4.826363 0.6788743
vn 0.2024041 0.7102616 0.6742114
vt 4.914709 0.8189272
v -336.3767 88.41495 -882.6351
vt 5.308895 0.6026351
vn 0.6289006 0.6620309 0.4076752
v -326.867 76.36183 -912.2033
vt 5.597865 0.5559984
vn 0.7633023 0.6241018 0.1669326
v -239.6263 -49.85369 -905.5248
vt 5.440992 0
vn 0.8147078 0.5314144 0.2320558
vt 2.951824 0.8837914
vt 3.336825 0.6342122
vt -4.701511 0.8706232
vt -2.9315 0.8852714
vt -5.579297 0.7420651
vt -5.978556 0.6423454
v -605.566 65.65907 -894.5325
vt -1.843081 0.8473147
vn -0.010972 0.9611375 -0.2758518
vt 6.342828 0.7435435
v -597.3143 66.82916 -844.1495
vt 6.613449 0.9239815
vn 0.1991872 0.9641089 0.1755521
vt 6.359431 0.8999611
vt 6.636314 0.6955188
v -612.0816 40.25877 -781.3824
vt 1.550867 0.4920999
vn -0.2145652 0.718093 0.6620454
v -592.7462 -19.9875 -743.6498
vn -0.3634581 0.488624 0.7931865
v -635.0747 -2.112446 -776.3603
vt 1.264693 0.2099192
vn -0.4366911 0.4696989 0.7672573
v -661.149 -1.665359 -790.5182
vt 0.7373776 0.1936415
vn -0.1749363 0.6897711 0.7025761
v -735.9363 7.766983 -799.6379
vt -0.3793298 0.1262414
vn 0.1128446 0.9584996 0.2618102
v -716.5783 -7.439796 -773.2985
vt -0.1238991 0.08623415
vn 0.3266439 0.8740417 0.3596593
v -760.1695 5.153641 -854.2246
vt -1.004703 0.09765834
vn -0.2913206 0.9056219 -0.3081903
v -755.3479 10.86826 -831.3639
vn -0.1259913 0.9919384 0.01357865
vt -2.603266 -0.7083589
v -822.8747 -31.95168 -889.1542
vt -2.293358 -0.9821215
vn -0.2849759 0.7295756 -0.6216978
v -756.9725 -23.33782 -904.9061
vt -2.506823 -0.9821215
vn -0.3671545 0.8037108 -0.4682377
v -801.9345 10.42196 -845.1737
vt -2.440258 -0.6385121
vn -0.1313582 0.8749475 -0.46606
v -879.8156 -40.5269 -846.4312
vt -1.976053 -0.9821215
vn -0.5422724 0.5772237 -0.6105354
v -849.2078 11.79732 -830.3283
vn -0.2707764 0.7829883 -0.5600085
v -921.2999 -47.46956 -797.4376
vt -1.641028 -0.9821215
vn -0.7583827 0.5112782 -0.4042898
v -879.6545 12.28226 -798.3486
vn -0.6414396 0.6513202 -0.4053853
v -936.4714 -48.7916 -731.8442
vt -1.351326 -0.9821215
vn -0.8195548 0.5675283 0.07900316
v -899.3548 12.55227 -748.3881
vn -0.7500722 0.6572232 0.07382042
v -923.7593 -48.28526 -705.1952
vt -1.232777 -0.9821215
vn -0.5678595 0.538556 0.6224894
v -884.1269 11.0371 -722.5555
vn -0.517051 0.6117569 0.5986751
v -874.297 -43.00435 -686.5983
vt -1.015274 -0.9821215
vn -0.2322864 0.3977885 0.8875851
v -850.3717 7.842728 -703.8593
vn -0.2192359 0.5405316 0.8122569
v -796.3152 -36.70829 -684.0152
vt -0.6281148 -0.9821215
vn 0.0183651 0.3314172 0.9433056
v -800.1746 10.74129 -697.8721
vn 0.03175096 0.5242766 0.8509559
v -736.129 -29.10484 -691.6335
vt -0.3929615 -0.9821215
vn 0.3943283 0.5358065 0.7466033
v -752.163 6.022846 -705.5322
vn 0.4030255 0.6524488 0.6417795
v -708.0732 -24.56271 -720.8306
vt -0.2462481 -0.9821215
vn 0.6010725 0.7360234 0.3114183
v -732.0186 -0.6095543 -738.1027
vn 0.6060191 0.7636762 0.222575
v -293.0436 -47.03146 -987.4205
vt -6.984723 0
vn 0.4466511 0.267203 -0.8538767
vt 5.996571 0
vt 6.454704 0.6000246
v -821.6688 53.18335 -734.369
vn -0.03241224 0.88629 0.461995
v -783.38 42.18877 -747.0132
vn 0.4474243 0.8942575 -0.01072652
v -794.4217 39.25682 -725.5668
vn 0.244431 0.7893078 0.5632465
v -816.7964 52.95562 -759.6469
vn 0.1175881 0.9773433 -0.1759918
v -778.4803 32.87863 -772.147
vn 0.4027867 0.8496261 -0.3404385
v -826.5379 35.18362 -797.2303
vn 0.06140704 0.8643776 -0.4990797
v -797.8761 26.09649 -714.2127
vt -0.5657063 -0.4307008
vn 0.05932666 0.6482509 0.7591121
v -838.8744 31.99463 -722.139
vt -0.8774853 -0.3525038
vn -0.188297 0.655611 0.7312444
v -852.6446 49.21248 -746.8709
vn -0.3779818 0.8951409 0.2363313
v -865.3198 34.94466 -736.1817
vt -1.146628 -0.3133925
vn -0.4390541 0.7059026 0.5558174
v -858.0195 37.04994 -780.2752
vt -1.621028 -0.285481
vn -0.40488 0.833269 -0.3764771
v -877.1748 35.06441 -750.8618
vt -1.314112 -0.311805
vn -0.5964836 0.7983918 0.0823276
v -841.8096 52.18558 -761.0746
vn -0.2355062 0.9445517 -0.2288208
vt 1.335274 -0.285481
v -773.718 24.68724 -718.7509
vt -0.4224248 -0.4493845
vn 0.3628165 0.7484053 0.5552059
v -759.4271 25.39424 -737.0282
vt -0.2834026 -0.440011
vn 0.5774262 0.8081792 0.1158679
v -736.454 6.604752 -761.1913
vt -0.1270054 -0.6891202
vn 0.5532982 0.83175 0.04530957
v -755.3459 13.84777 -776.3547
vn 0.465543 0.8768894 -0.1197279
vt -0.1090446 -0.9114518
vt 0.09533224 -0.7420855
v -801.4902 23.04048 -805.5014
vn 0.2051362 0.8742654 -0.4399763
v -781.9754 16.61286 -817.0258
vt 0.3059788 -0.5619776
vn 0.166242 0.9556423 -0.2431285
vt 0.2509838 -0.7046649
vt 2.431107 0.9268081
v -583.6143 37.93643 -783.885
vt 2.218529 0.5308166
vn 0.08399228 0.8102618 0.5800182
v -561.7058 -19.98689 -726.5682
vn -0.04231271 0.6762047 0.7354976
v -285.3183 -42.6658 -832.2134
vt 4.989629 0
vn 0.5897968 0.4105131 0.6954271
v -269.55 -45.42876 -866.0028
vt 5.212861 0
vn 0.7770033 0.4874028 0.3983771
vt -1.942161 0.08578974
v -698.8704 -21.3504 -749.2042
vt -0.1412572 -0.9821215
vn 0.3796633 0.8510671 0.3626851
v -651.99 -19.98829 -772.0703
vn -0.1165685 0.7211579 0.6828932
vt 0.0221414 0.0002981424
v -626.2831 -19.98801 -760.5212
vn -0.3813629 0.5150632 0.7676407
v -686.7 2.977757 -769.0499
vt 0.8595793 0.7875452
vn -0.03491095 0.6667722 -0.7444435
v -707.5078 4.747101 -739.4964
vt 0.5220758 0.7472481
vn -0.2491744 0.9005143 0.3563512
v -711.2147 5.312859 -758.2311
vt 0.5559703 0.8730115
vn -0.5902631 0.7455589 -0.3094052
v -672.4077 3.932571 -760.1491
vt 0.8768686 0.6585352
vn 0.2723766 0.9189321 -0.2852628
v -697.7665 4.505535 -737.4747
vt 0.4941563 0.5917061
vn 0.09863807 0.7348269 0.6710439
v -672.0893 3.127319 -750.6279
vt 0.8081137 0.5533651
vn 0.3625236 0.9059038 0.218895
v -714.3126 -28.69345 -723.1425
vt -0.009267926 -0.0003633499
vn -0.4520212 0.4772074 0.7536245
v -722.7791 -11.45754 -748.5316
vt 0.6734351 0.2413099
vn -0.915388 0.2386401 -0.3242157
v -714.5719 -10.83405 -733.3171
vt -0.1111179 0.2992405
vn -0.4832796 0.5137764 0.7088545
v -728.2393 -27.64347 -739.3304
vt 0.7101343 -0.000371933
vn -0.9720711 0.08341718 -0.2193612
v -679.2477 -12.99503 -775.2817
vt -0.03786013 0.2506555
vn -0.02089974 0.05988103 -0.9979867
v -673.39 -31.72787 -771.465
vt -0.06239991 -0.0003218651
vn 0.02590594 -0.1800946 -0.9833081
v -663.5479 -7.324749 -764.9064
vt -0.2565472 0.2529492
vn 0.627998 0.4290828 -0.6492352
v -657.4619 -26.58849 -761.21
vt -0.2530889 -0.0003182888
vn 0.7188879 0.1167735 -0.6852475
v -657.5457 -2.376125 -750.3982
vt -0.4333967 0.2522969
vn 0.6701515 0.6849132 0.2859909
v -644.1103 -26.10867 -739.6556
vt -0.4288851 -0.0003114939
vn 0.816092 0.5255036 0.2404988
v -697.5231 -10.25249 -731.2261
vt -0.9853893 0.3637958
vn 0.0964532 0.4833037 0.8701231
v -694.9462 -29.83744 -720.7654
vt -1.051454 -0.0003509521
vn 0.09095448 0.4981337 0.8623167
vt 0.5838485 0.6493387
vt -0.2149982 0.6808869
vt -0.05363594 0.6384357
vt -0.2725986 0.6306144
vt -0.4354605 0.6299323
vt -0.8730206 0.7068737
v -681.8027 67.32249 -1436.454
vt -2.771953 0.4514956
vn -0.649631 0.2979316 -0.6994399
v -760.5972 -35.56969 -1320.225
vt -2.06874 0.03207755
vn -0.8685408 0.1257624 -0.4793962
v -685.9087 -35.61576 -1448.675
vt -2.619513 0.03207755
vn -0.6681387 0.1423504 -0.7302924
v -740.2557 65.57372 -1323.617
vt -2.135845 0.4692189
vn -0.8449903 0.2824074 -0.4541337
v -792.6326 -35.56398 -1255.616
vt -1.790867 0.03207755
vn -0.9590153 0.1254927 -0.2540499
v -777.2643 70.56197 -1262.084
vt -1.841563 0.4690963
vn -0.9077352 0.3179399 -0.2737352
v -790.6711 -35.55828 -1191.007
vt -1.542572 0.03207755
vn -0.9369413 0.1479293 0.3166354
v -780.276 75.55022 -1200.551
vt -1.602671 0.488878
vn -0.900489 0.3335396 0.2790534
v -742.1358 -35.55517 -1122.569
vt -1.229277 0.03207755
vn -0.9085599 0.159027 0.3863023
v -728.944 78.77217 -1143.03
vt -1.311302 0.5636271
vn -0.8809528 0.2930615 0.3715335
v -737.3221 -35.55413 -1081.55
vt -1.047115 0.03207755
vn -0.9840633 0.09157711 -0.1524237
v -722.3172 80.02232 -1102.841
vt -1.166221 0.5599915
vn -0.9615533 0.2745938 -0.003669575
v -752.3937 -35.55025 -1047.511
vt -0.9461251 0.03207755
vn -0.9881713 0.1268813 -0.08613116
v -732.9333 84.04619 -1082.317
vt -1.063902 0.5643637
vn -0.9317322 0.357897 0.06152022
v -731.0438 -35.5497 -983.0942
vt -0.6937622 0.03207755
vn -0.8524469 0.2449036 0.4619053
v -718.0566 84.467 -1019.232
vt -0.7502875 0.5068238
vn -0.7995856 0.4276174 0.4216709
v -667.4819 -42.27818 -907.4274
vt -0.3371362 0.03207755
vn -0.5692847 0.2687424 0.7769765
v -642.1399 78.67352 -930.7463
vt -0.2949018 0.4773046
vn -0.561374 0.410368 0.7186497
v -576.2549 -37.39283 -868.345
vt 0.01623675 0.03207755
vn -0.1900843 0.2516623 0.9489647
v -570.6802 75.85826 -898.6093
vt 0.008869141 0.4733326
vn -0.1922962 0.3738175 0.9073492
v -512.6398 -35.55353 -872.4091
vt 0.2420453 0.03207755
vn 0.216791 0.2440753 0.9452137
v -508.9809 71.37427 -896.3279
vt 0.2531749 0.4652848
vn 0.2531251 0.3526583 0.9008662
v -420.0381 -35.56243 -908.1553
vt 0.6131611 0.03207755
vn 0.5651971 0.2337207 0.7911555
v -416.4622 55.27319 -941.4561
vt 0.6890721 0.285879
vn 0.5836886 0.3356657 0.7393484
v -362.2957 -35.56948 -968.5729
vt 0.9429343 0.03207755
vn 0.7081581 0.222889 0.6699496
v -385.8224 55.26944 -973.5155
vt 0.8817161 0.4453265
vn 0.6815367 0.3374475 0.6493358
v -323.7759 -35.57423 -1008.877
vt 1.196952 0.03207755
vn 0.7098808 0.2316802 0.6651268
v -343.869 60.54932 -1020.936
vt 1.175163 0.4694186
vn 0.681502 0.3411508 0.6474343
v -285.2561 -35.57898 -1049.182
vt 1.45417 0.03207755
vn 0.7910044 0.232862 0.5657626
v -301.9157 65.82921 -1068.357
vt 1.479208 0.4733118
vn 0.7641466 0.3563048 0.5377052
v -203.3856 -35.59172 -1203.669
vt 2.184152 0.03207755
vn 0.9438739 0.2857652 0.1656511
v -233.5866 69.30135 -1197.815
vt 2.158144 0.4479007
vn 0.8936937 0.4232397 0.148929
v -216.2286 -35.60192 -1318.76
vt 2.623514 0.03207755
vn 0.8968183 0.3458256 -0.2759014
v -254.5068 70.20811 -1302.948
vt 2.620302 0.46473
vn 0.8536746 0.4550039 -0.2533992
v -270.4202 -35.65189 -1431.794
vt 3.06616 0.03207755
vn 0.8386046 0.3655302 -0.4038936
v -299.4081 72.15619 -1393.943
vt 3.039526 0.4685299
vn 0.8110415 0.4525724 -0.3706614
v -569.6494 -35.64798 -1502.179
vt -3.078816 0.03207755
vn -0.2402818 0.1116516 -0.9642606
v -567.24 66.29277 -1484.451
vt -3.903565 0.4650627
vn -0.3084658 0.2513366 -0.9174305
v -655.1984 170.6087 -1396.083
vt -2.719329 0.8886065
vn -0.5866967 0.5381588 -0.6051214
v -555.5582 168.7004 -1433.033
vt -3.587796 0.8886066
vn -0.4240981 0.4702251 -0.7739698
v -543.418 253.9831 -1375.3
vt -13.09618 0.5254986
vn -0.4981336 0.5650616 -0.6576993
vt -12.39948 0.9099931
vt -13.44041 0.8705666
v -609.6873 252.6703 -1345.738
vt -12.36086 0.5484737
vn -0.5436575 0.627326 -0.5575828
v -690.6677 167.267 -1311.886
vt -11.76784 0.9001377
vn -0.7670651 0.5085384 -0.3911519
v -621.6267 268.2752 -1286.406
vt -11.91293 0.4885712
vn -0.6669321 0.6128477 -0.4238151
v -711.0128 176.6619 -1260.533
vt -11.42073 0.8882673
vn -0.7871998 0.5513201 -0.2763379
v -643.0073 264.4551 -1261.042
vt -11.63544 0.5023587
vn -0.7149121 0.6375211 -0.2871715
v -713.5002 186.0568 -1209.18
vt -11.10209 0.87339
vn -0.8298088 0.5494637 0.09750398
v -646.5302 260.635 -1235.678
vt -11.42519 0.5116981
vn -0.7619638 0.6278018 -0.1589845
v -685.5788 192.4894 -1169.853
vt -10.80793 0.8492432
vn -0.8417274 0.4715262 0.2629793
v -657.791 274.3701 -1198.106
vt -11.08365 0.506249
vn -0.7926522 0.5984799 0.1162938
v -654.5107 202.0599 -1111.341
vt -10.33236 0.8270895
vn -0.7862762 0.535788 0.3077352
v -615.2591 267.5251 -1123.753
vt -10.27198 0.4856181
vn -0.7254199 0.5478643 0.4166662
v -631.9977 203.0567 -1064.996
vt -9.978754 0.8301554
vn -0.7038326 0.5974327 0.3843096
v -579.1536 275.2037 -1078.72
vt -9.733552 0.4618152
vn -0.6691031 0.5744479 0.4714982
v -596.7857 204.6157 -992.5095
vt -9.464229 0.8468184
vn -0.5053554 0.6155289 0.6047645
v -541.4138 281.4206 -1042.26
vt -9.291739 0.4675028
vn -0.3959841 0.6360044 0.6623406
v -556.3101 191.504 -959.1732
vt -9.146329 0.8750947
vn -0.1498182 0.5835385 0.7981461
v -519.7928 274.4888 -1033.87
vt -9.003383 0.4708014
vn -0.06132755 0.6051549 0.7937421
v -493.9954 177.7337 -953.5447
vt -8.749012 0.8911166
vn 0.2849327 0.4917485 0.8227981
v -471.9995 266.35 -1025.93
vt -8.571063 0.4905679
vn 0.1868196 0.5347297 0.8241132
v -421.0205 147.8478 -1003.753
vt -8.157052 0.912329
vn 0.621774 0.3874319 0.6806568
v -429.7968 264.372 -1036.307
vt -8.193398 0.504252
vn 0.5914174 0.401515 0.6992933
v -380.477 157.8028 -1052.815
vt -7.740174 0.8898861
vn 0.7123019 0.3781534 0.5912919
v -400.7966 265.7139 -1074.841
vt -7.762484 0.4978809
vn 0.8223042 0.3751121 0.4279096
v -339.9335 167.7577 -1101.878
vt -7.293504 0.8827233
vn 0.7700903 0.4820782 0.4178055
v -387.4704 254.1693 -1113.374
vt -7.322267 0.5091311
vn 0.8666404 0.4480659 0.2194796
v -315.4196 179.5799 -1191.362
vt -6.592748 0.8918862
vn 0.7978292 0.5948511 0.09808546
v -392.6377 260.5313 -1181.973
vt -6.686882 0.5593262
vn 0.8775613 0.4772628 0.04589434
v -324.0203 181.3902 -1276.006
vt -5.995839 0.8761219
vn 0.7419732 0.637863 -0.2064136
v -395.3004 263.9657 -1250.919
vt -6.05386 0.5508051
vn 0.833827 0.5016519 -0.2303866
v -354.7648 185.0202 -1351.816
vt -5.454914 0.8789867
vn 0.6933789 0.6379788 -0.3349757
v -447.7291 259.8772 -1326.974
vt -5.271794 0.5367067
vn 0.7521998 0.5038031 -0.4247093
v -428.7576 335.3246 -1274.386
vt 2.084412 -0.1249133
vn 0.8182161 0.4868252 -0.3058164
v -435.7612 349.3875 -1226.704
vt 1.599127 -0.413365
vn 0.6669158 0.7440829 0.03954751
v -440.8542 353.1492 -1262.526
vt 2.061477 -0.3751423
vn 0.7066064 0.7073184 -0.02019773
v -411.1181 326.9354 -1230.481
vt 1.530705 -0.1081479
vn 0.8451651 0.5157869 -0.1402133
v -441.7982 346.2909 -1165.787
vt 0.6062725 -0.3307993
vn 0.6566039 0.7490028 0.08869088
v -407.486 318.9179 -1167.099
vt 0.7222146 -0.1624392
vn 0.8485596 0.5248851 0.06664976
v -428.6285 328.4628 -1098.707
vt 0.2429262 -0.1111128
vn 0.7853286 0.590109 0.1871637
v -414.9302 310.3463 -1131.121
vt 0.5558167 -0.0360713
vn 0.8587624 0.498992 0.1163359
v -503.3064 347.2589 -1080.83
vt -0.6272998 -0.1046575
vn -0.07553571 0.7319133 0.6771981
v -518.442 366.8026 -1127.644
vt -0.8529197 -0.833061
vn 0.002318447 0.9325163 0.3611206
v -456.0248 332.8346 -1072.331
vt -0.1933317 -0.1102302
vn 0.1382611 0.7740958 0.617786
vt 9.078993 0.3862069
v -517.2083 320.3907 -1061.336
vt 8.856713 0.8973122
vn -0.4232858 0.6382129 0.6430501
vt 9.110308 0.9107322
vt 8.85627 0.3885356
v -562.741 309.077 -1091.775
vt 8.439575 0.9176498
vn -0.6146978 0.5777701 0.536962
vt 8.475434 0.3727331
v -581.8235 318.3643 -1125.951
vt 8.107181 0.8973455
vn -0.6735008 0.6138296 0.4118372
vt 8.059554 0.3559277
v -599.0809 328.2504 -1209.579
vt 7.244567 0.9034726
vn -0.7574587 0.6521599 -0.03072158
vt 7.473256 0.3829554
v -585.9885 322.9034 -1253.874
vt 6.827575 0.9053501
vn -0.7070626 0.6214194 -0.3374912
vt 7.209451 0.3791083
v -574.2382 314.9954 -1291.153
vt 6.521292 0.8984922
vn -0.6661764 0.6523759 -0.3614065
vt 7.047058 0.3901004
v -562.4879 307.0873 -1328.432
vt 6.213656 0.8808693
vn -0.5864511 0.619993 -0.5212328
vt 6.832727 0.4072189
vt 5.918795 0.3693649
vt 6.486745 0.3531439
vt 0.7554957 0.6816538
v -460.4044 368.772 -1222.927
vt 0.07174525 0.8903168
vn 0.4869927 0.87319 0.01942781
v -476.1105 370.5963 -1164.476
vt 0.4556375 0.8785014
vn 0.4256466 0.8869877 0.1791026
v -509.162 393.7312 -1227.492
vt 0.1416663 0.5706497
vn 0.1306768 0.9886928 -0.0735532
v -452.9509 367.9063 -1250.666
vt -0.1104368 0.8959243
vn 0.5152216 0.8481348 -0.1233451
v -499.6738 369.5164 -1259.984
vt -0.05838215 0.5877235
vn 0.1696674 0.895994 -0.4103751
v -548.5913 396.1846 -1219.154
vt -3.072428 -0.8059585
vn -0.4670367 0.8808529 -0.07729703
vt -1.599717 -0.1819128
vt -2.50153 -0.2033803
v -548.9251 350.8182 -1128.149
vt -1.407534 -0.609637
vn -0.4902903 0.7582974 0.4296516
vt -1.292048 -0.1080539
vt -0.9271452 -0.1076493
vt 9.535728 0.9054126
vt 9.645244 0.3625901
vt 9.35354 0.3722512
v -434.9078 337.6838 -1078.394
vt 9.744904 0.8954958
vn 0.4953459 0.7348358 0.463302
vt 10.01766 0.4003086
vt 9.95812 0.896693
vt 10.35768 0.3855695
vt 10.32232 0.8830891
vt 10.80886 0.4387393
vt 10.64799 0.8767991
vt 11.4348 0.4880229
vt 11.34754 0.8958759
vt 11.90187 0.5387076
vt 11.72367 0.8954719
v -539.339 370.8834 -1267.895
vt -3.555612 -0.6224127
vn -0.5038219 0.7267779 -0.466859
vt -3.014752 -0.2575123
v -530.1439 356.9174 -1296.599
vt -3.775818 -0.5161989
vn -0.6511231 0.6342 -0.4169281
vt -3.361842 -0.1973706
v -520.9489 342.9514 -1325.304
vt -3.911495 -0.4099836
vn -0.5723578 0.5993432 -0.5596377
vt -3.6011 -0.1372291
v -518.3574 262.2526 -1394.951
vt 5.60973 0.3723509
vn -0.5737737 0.5063233 -0.643755
vt 5.819325 0.9258305
v -469.4063 -35.64774 -1499.594
vt 3.823062 0.03207755
vn -0.07580464 0.07495215 -0.9943017
vt 4.968716 0.4817806
vt 4.184984 0.03207755
v -492.9332 73.11328 -1499.829
vt 4.198449 0.4883804
vn -0.2476231 0.2068935 -0.9465082
vt 4.792793 0.8886066
v -515.766 181.5537 -1464.598
vt 4.418318 0.8886066
vn -0.5292912 0.4190389 -0.7377379
vt -0.01048166 -0.1105871
vt 0.1914152 -0.6202297
vt -2.192352 0.8886065
vt -1.902747 0.8886065
vt 2.6233 0.8688377
vt 3.074599 0.8688377
vt 2.125291 0.8688377
vt 1.540642 0.8688377
vt 1.16798 0.8688377
vt 0.8201744 0.8688377
vt 0.3262947 0.8688377
vt -0.005190462 0.8688376
vt -0.2704184 0.8688377
vt -0.6996927 0.8886067
vt -0.9947071 0.8886067
vt -1.391486 0.8886066
vt -1.636901 0.8886066
vt -13.66427 0.9037093
vt -13.49632 0.5212692
vt 0.2814941 0.289746
vt -0.01418965 0.2757295
vt 0.8743781 0.3556974
vt 1.751549 -0.6063552
vt 2.034345 -0.5997713
v -126.234 -79.35866 -1027.869
vn 0.7847947 -0.6123702 0.09539378
v -115.6475 -59.35905 -1005.481
vn 0.7388335 -0.5257709 0.4215328
v -114.2575 -61.0497 -1024.998
vn 0.8189408 -0.5738228 0.007957228
v -128.0671 -78.80169 -1011.9
vn 0.7412654 -0.5788563 0.3397809
v -161.148 -64.84605 -975.2731
vn 0.5578964 -0.4202431 0.7156447
v -178.3148 -93.20795 -974.4254
vn 0.5844999 -0.4111606 0.6995047
v -182.3706 -65.93864 -956.7042
vn 0.7605945 -0.5456408 0.3518125
v -193.6777 -79.49734 -959.6517
vn 0.7571537 -0.5093178 0.4090398
v -179.3737 -63.47406 -937.6505
vn 0.7614572 -0.5361749 -0.3642792
v -195.399 -88.78658 -936.3914
vn 0.7278989 -0.6200097 -0.292833
v -161.8891 -116.7177 -1043.227
vn 0.5301176 -0.8207093 0.2130996
v -173.2158 -132.8942 -1023.969
vn 0.5604169 -0.8230695 0.09213936
v -158.3928 -135.3401 -1058.138
vn 0.4143821 -0.6520565 0.6349093
v -129.3824 -79.00539 -1043.408
vn 0.8206554 -0.5652025 0.08408776
v -154.8964 -153.9626 -1073.049
vn 0.4648985 -0.6159125 0.6360198
v -132.5307 -78.65211 -1058.948
vn 0.8145381 -0.4601517 0.3532534
v -141.6249 -167.1374 -1098.943
vn 0.4890053 -0.6633365 0.5664437
v -108.5581 -71.02225 -1076.018
vn 0.7437044 -0.3190126 0.5874816
v -137.1217 -175.9331 -1117.543
vn 0.6982032 -0.6457508 0.3090603
v -90.40821 -78.67918 -1104.356
vn 0.9285609 -0.2751664 0.2491149
v -130.213 -152.0235 -1166.259
vn 0.8986607 -0.4031159 -0.1729348
v -91.38778 -79.96968 -1136.933
vn 0.9497197 -0.2371245 -0.2044612
v -204.9728 -106.1595 -917.191
vn 0.3259484 -0.7949477 -0.5116794
v -181.0904 -90.23837 -918.2271
vn 0.6665729 -0.5821888 -0.46555
v -210.1805 -101.8178 -933.4673
vn 0.5069928 -0.8491091 -0.1482298
v -231.6272 -113.9424 -917.3604
vn 0.1853979 -0.8682958 -0.4600977
v -230.5409 -108.0112 -934.123
vn 0.3000925 -0.9512877 -0.07068302
v -199.6292 -127.6646 -1056.912
vn 0.1924902 -0.954554 0.2275394
v -203.0243 -139.3663 -1036.943
vn 0.3201285 -0.9433323 -0.08741805
v -188.6601 -117.7056 -973.7766
vn 0.4480667 -0.6130058 0.6507382
v -210.7097 -126.4402 -972.6246
vn 0.2460718 -0.7845948 0.5690867
v -207.6975 -105.3736 -959.2887
vn 0.5406688 -0.6632317 0.5174948
v -218.292 -109.338 -958.7904
vn 0.2999111 -0.794901 0.5274332
v -178.4711 -159.5917 -1078.974
vn 0.04003574 -0.721283 0.6914824
v -189.0502 -143.6282 -1067.943
vn -0.08090848 -0.6189352 0.7812638
v -168.0916 -177.2729 -1102.123
vn 0.1897117 -0.8551182 0.4824753
v -159.8548 -181.4667 -1121.636
vn 0.2287911 -0.8955299 0.3816815
v -106.6128 -56.69032 -1074.833
vn 0.7615303 -0.251855 0.597194
v -87.67659 -53.65666 -1102.488
vn 0.962418 -0.09643441 0.2538742
v -92.05522 -53.26157 -1139.995
vn 0.9712235 -0.06284554 -0.229729
v -120.5982 -102.6027 -1198.817
vn 0.9146965 -0.2244945 -0.3360544
v -122.1379 -58.30447 -1216.654
vn 0.9220627 -0.08263066 -0.3781171
v -116.0402 -63.03876 -1041.565
vn 0.7932297 -0.5906346 -0.148113
v -118.7705 -60.05356 -1058.568
vn 0.8140388 -0.5301154 0.2373153
v -195.9787 -125.2672 -893.7294
vn 0.4529894 -0.7578999 -0.4694554
v -200.4113 -134.2928 -871.232
vn 0.5786264 -0.7449567 0.3320105
v -189.9204 -121.7004 -881.7939
vn 0.806706 -0.586054 0.07593477
v -210.615 -136.3761 -881.5541
vn 0.1347248 -0.9586159 -0.2508083
v -216.3779 -134.68 -860.6292
vn 0.1034429 -0.8041418 0.5853678
v -219.1472 -137.5572 -870.1717
vn -0.2728712 -0.958373 0.08403889
v -236.9146 -111.5473 -840.1019
vn -0.2755359 -0.6064239 0.7458753
v -253.9311 -115.1546 -865.2716
vn -0.6417724 -0.6841496 0.3465074
v -251.1446 -64.04451 -822.356
vn -0.3608033 -0.4480094 0.8179905
v -275.1404 -65.72299 -847.0929
vn -0.7598517 -0.4820147 0.4362192
v -233.5969 -128.0684 -889.3891
vn -0.2524231 -0.9017751 -0.3508336
v -207.4313 -120.8305 -904.3006
vn 0.06372546 -0.7904959 -0.609143
v -259.3351 -116.1076 -889.8485
vn -0.5798048 -0.8102744 -0.08533428
v -231.4186 -118.6189 -904.2598
vn -0.06868483 -0.8152028 -0.5750886
v -201.8257 -100.5628 -849.3687
vn 0.6567973 -0.2923528 0.6950878
v -183.063 -98.84608 -871.1805
vn 0.8502236 -0.2340803 0.4715149
v -220.4727 -106.8837 -839.1875
vn 0.2900383 -0.4306622 0.8546391
v -166.1186 -65.61598 -900.8038
vn 0.9658869 -0.2401734 0.09684633
v -172.3956 -93.19351 -896.5143
vn 0.9230334 -0.3827929 0.0384579
v -170.2457 -70.03928 -923.2101
vn 0.795307 -0.4291365 -0.4281688
v -182.3785 -63.22226 -870.0936
vn 0.8490935 -0.07459319 0.5229495
v -208.6833 -63.92599 -834.1368
vn 0.6483939 -0.1544694 0.7454693
v -234.776 -61.117 -819.8919
vn 0.2435019 -0.312003 0.9183468
v -283.9003 -73.01424 -882.0601
vn -0.8325013 -0.4863352 0.2653671
v -311.8064 -191.3473 -1015.787
vn -0.161285 -0.5859366 0.7941445
v -339.971 -215.0699 -1036.646
vn -0.265701 -0.604552 0.750946
v -338.4791 -163.2897 -996.8407
vn -0.1733774 -0.5239751 0.8339007
v -381.1874 -175.8867 -1034.287
vn -0.3278956 -0.5698092 0.7535263
v -284.8466 -196.0956 -1014.966
vn 0.02453791 -0.5568861 0.8302264
v -250.7784 -208.8909 -1028.649
vn 0.5171306 -0.5136331 0.6846583
v -277.6292 -220.3158 -1033.214
vn 0.1012015 -0.6180268 0.779616
v -258.4588 -200.5436 -1016.394
vn 0.3652651 -0.5061966 0.7812467
v -233.3157 -153.2244 -1027.085
vn 0.8334031 -0.1986174 0.5157426
v -246.2715 -150.6266 -1000.929
vn 0.5628766 -0.2620133 0.7839125
v -225.2012 -91.01582 -1020.008
vn 0.8527257 -0.1245193 0.5073006
v -249.992 -92.82888 -994.4628
vn 0.5960031 -0.1339921 0.7917237
v -211.8064 -99.21305 -1053.198
vn 0.9543248 -0.188649 0.2316801
v -224.6624 -159.666 -1072.06
vn 0.9583458 -0.28186 -0.04613303
v -222.6449 -155.364 -1048.628
vn 0.94186 -0.2405047 0.2346429
v -210.0593 -104.961 -1089.657
vn 0.9701195 -0.2385217 -0.04444693
v -226.6798 -163.9679 -1095.493
vn 0.8717375 -0.3629558 -0.3291455
v -217.6324 -111.0445 -1120.185
vn 0.8652458 -0.3516914 -0.3572996
v -252.0156 -171.5551 -1118.375
vn 0.7219421 -0.4051936 -0.5609079
v -244.1944 -116.4346 -1152.476
vn 0.7083766 -0.4194887 -0.5676546
v -294.9354 -155.6363 -988.9905
vn 0.08076426 -0.4015626 0.9122635
v -321.3052 -95.36835 -964.048
vn 0.1177245 -0.2949346 0.9482375
v -254.1374 -246.6616 -1051.21
vn 0.6870728 -0.3935367 0.6107862
v -242.0286 -218.4005 -1042.61
vn 0.6199476 -0.4449278 0.6463005
v -254.8583 -248.1989 -1059.584
vn 0.944678 -0.324509 -0.04772158
v -271.5837 -236.4175 -1047.455
vn 0.1023885 -0.4364365 0.8938903
v -368.7549 -103.9727 -974.1457
vn -0.1099366 -0.4094666 0.9056771
v -416.2046 -112.5771 -984.2433
v -262.4952 -259.6172 -1075.56
vn 0.7351944 -0.3907227 -0.5539178
v -255.5792 -249.7363 -1067.958
vn 0.8774218 -0.3739344 -0.3005063
v -270.5955 -264.5471 -1052.844
vn 0.002904547 -0.2267028 0.9739597
v -282.2818 -269.0709 -1054.76
vn -0.05443143 -0.2009856 0.9780807
v -537.2396 -86.58924 -723.4939
vn 0.2332135 -0.7762739 0.5856708
v -528.3085 -132.7887 -801.7331
vn 0.2479055 -0.8544746 0.456526
v -556.2052 -141.849 -790.9648
vn 0.2806786 -0.843557 0.4578549
v -507.593 -86.58951 -741.1436
vn 0.3571192 -0.7814609 0.511649
v -505.2938 -135.078 -815.6151
vn 0.1750342 -0.7989513 0.5753605
v -485.3763 -86.58978 -760.5239
vn 0.4065633 -0.7440294 0.5302137
v -482.2791 -137.3674 -829.497
vn -0.03089337 -0.6790187 0.7334707
v -463.2644 -79.64932 -779.8706
vn 0.1573439 -0.6671408 0.728125
v -421.0481 -137.0696 -808.8953
vn -0.05930529 -0.5343089 0.8432063
v -427.4998 -76.02126 -777.2687
vn -0.04434704 -0.5301254 0.8467587
v -375.0391 -136.6058 -818.4284
vn 0.3202246 -0.4795242 0.8170145
v -368.5104 -73.00598 -776.276
vn 0.3159389 -0.4776621 0.8197692
v -335.9877 -140.1786 -837.9832
vn 0.5565963 -0.424477 0.7141567
v -318.3546 -66.37619 -818.8614
vn 0.4548057 -0.3710054 0.8096337
v -481.6554 -194.1562 -879.1636
vn -0.0914021 -0.7205886 0.687312
v -506.0246 -170.3938 -862.8506
vn -0.06972817 -0.8068099 0.586682
v -431.462 -211.6157 -890.3519
vn -0.1761802 -0.7623757 0.6226908
v -418.676 -166.3925 -829.4588
vn -0.1274124 -0.6601861 0.7402165
v -400.3503 -222.0082 -905.2731
vn 0.06257002 -0.8775743 0.4753402
v -368.8518 -190.7002 -845.9672
vn 0.2023997 -0.7102634 0.6742108
v -374.1444 -221.1055 -917.8414
vn 0.4537791 -0.8678412 0.202327
v -336.3767 -194.9909 -882.6351
vn 0.6288997 -0.6620353 0.4076696
v -321.8354 -185.2863 -934.2695
vn 0.7333317 -0.6752714 0.07895023
v -326.867 -182.9377 -912.2032
vn 0.7633024 -0.6241016 0.166933
v -236.9638 -55.36527 -937.9648
vn 0.8226995 -0.5542874 0.1262176
v -239.6263 -56.72221 -905.5248
vn 0.8147077 -0.5314143 0.2320563
v -530.3937 -146.6314 -846.5376
vn 0.127413 -0.9126257 0.3884332
v -570.192 -167.9854 -849.6874
vn 0.3214075 -0.8910902 0.3203991
v -583.6143 -144.5124 -783.885
vn 0.0839928 -0.810262 0.5800179
v -597.3143 -173.4051 -844.1495
vn 0.2037034 -0.8963345 0.393814
v -612.0816 -146.8347 -781.3824
vn -0.2145644 -0.7180933 0.6620454
v -616.8732 -177.6321 -838.9711
vn -0.05794066 -0.8866243 0.4588466
v -657.7351 -150.5377 -817.1854
vn -0.4410907 -0.5770602 0.6873432
v -635.0747 -104.4635 -776.3603
vn -0.4366908 -0.4697 0.7672569
v -592.7462 -86.58842 -743.6497
vn -0.3634581 -0.4886244 0.7931862
v -661.149 -104.9106 -790.5182
vn -0.1749357 -0.6897721 0.7025753
v -679.1335 -140.8895 -826.7425
vn -0.2319568 -0.6554136 0.7187691
v -716.5783 -99.13613 -773.2985
vn 0.3266443 -0.8740418 0.3596589
v -735.9363 -114.3429 -799.6379
vn 0.2705929 -0.8947469 0.3552569
v -783.38 -148.7647 -747.0132
vn 0.4738512 -0.8720338 0.1225652
v -821.6688 -159.7593 -734.369
vn -0.03241248 -0.8862904 0.4619942
v -794.4217 -145.8327 -725.5668
vn 0.2444319 -0.7893085 0.5632452
v -816.7964 -159.5315 -759.6469
vn 0.1175962 -0.9879661 0.1004691
v -852.6446 -155.7884 -746.8709
vn -0.3779809 -0.8951415 0.2363304
v -841.8096 -158.7615 -761.0746
vn -0.2937617 -0.950334 -0.1028071
v -877.1748 -141.6403 -750.8618
vn -0.5964833 -0.7983921 0.08232696
v -858.0195 -143.6259 -780.2752
vn -0.566381 -0.7791027 -0.268722
v -899.3548 -119.1282 -748.3882
vn -0.7500724 -0.657223 0.07382008
v -879.6545 -118.8582 -798.3486
vn -0.7257992 -0.5784974 -0.3722316
v -936.4713 -57.78432 -731.8442
vn -0.8195547 -0.5675285 0.07900291
v -921.2999 -59.1064 -797.4376
vn -0.7583829 -0.511278 -0.4042897
v -838.8745 -138.5706 -722.139
vn -0.1882977 -0.6556114 0.731244
v -797.8761 -132.6724 -714.2126
vn 0.05932708 -0.6482519 0.7591112
v -865.3199 -141.5206 -736.1817
vn -0.4390548 -0.7059028 0.5558166
v -708.0731 -82.01321 -720.8304
vn 0.6010724 -0.7360235 0.3114184
v -752.163 -112.5988 -705.5321
vn 0.4030249 -0.6524488 0.6417799
v -736.129 -77.4711 -691.6334
vn 0.3943272 -0.5358064 0.746604
v -732.0185 -105.9664 -738.1025
vn 0.6060187 -0.7636764 0.222575
v -773.718 -131.2631 -718.7508
vn 0.3628177 -0.7484055 0.5552049
v -759.4271 -131.9701 -737.0281
vn 0.5774263 -0.8081791 0.115868
v -800.1746 -117.3172 -697.8721
vn 0.03175073 -0.5242761 0.8509562
v -796.3152 -69.86765 -684.0152
vn 0.01836501 -0.3314163 0.9433059
v -849.2078 -118.3732 -830.3283
vn -0.6654195 -0.5036625 -0.5509456
v -879.8156 -66.04905 -846.4312
v -884.1269 -117.613 -722.5555
vn -0.5170518 -0.6117564 0.5986747
v -923.7592 -58.29066 -705.1952
vn -0.5678592 -0.5385565 0.6224892
v -850.3717 -114.4187 -703.8593
vn -0.2192363 -0.5405312 0.8122571
v -874.297 -63.57158 -686.5983
vn -0.2322861 -0.3977883 0.8875853
v -736.454 -113.1807 -761.1912
vn 0.5532985 -0.8317498 0.0453092
v -755.3459 -120.4237 -776.3546
vn 0.5643673 -0.8230134 -0.06433127
v -778.4803 -139.4545 -772.147
vn 0.6099268 -0.7749284 -0.1657566
v -561.7058 -86.58906 -726.5682
vn -0.04231224 -0.6762052 0.7354973
v -269.55 -61.14714 -866.0028
vn 0.7770085 -0.4874069 0.3983619
v -285.3171 -63.90986 -832.2104
vn 0.589801 -0.410529 0.6954141
v -698.8704 -85.22552 -749.2042
vn 0.379664 -0.851067 0.3626847
v -651.99 -86.58765 -772.0702
vn -0.1165678 -0.7211587 0.6828924
v -626.2831 -86.58791 -760.5212
vn -0.3813626 -0.5150644 0.76764
v -728.2393 -78.93244 -739.3304
vn -0.7414186 -0.4138759 0.5282094
v -714.5719 -95.74187 -733.3171
vn -0.4832791 -0.5137762 0.708855
v -722.7792 -95.11839 -748.5317
vn -0.7654231 -0.5011235 0.4037361
v -714.3126 -77.88245 -723.1425
vn -0.4520202 -0.4772092 0.753624
v -697.5231 -96.32342 -731.2261
vn 0.09645444 -0.4833019 0.870124
v -694.9462 -76.73846 -720.7654
vn 0.09095562 -0.4981336 0.8623166
v -657.5457 -104.1998 -750.3983
vn 0.6701515 -0.6849129 0.2859916
v -644.1103 -80.46723 -739.6556
vn 0.8160914 -0.5255045 0.2404992
v -663.5479 -99.25117 -764.9064
vn 0.730686 -0.5477365 -0.4075325
v -657.4618 -79.98743 -761.21
vn 0.8452781 -0.2203041 -0.4867968
v -707.5078 -111.323 -739.4964
vn -0.5137103 -0.5496129 0.6588076
v -711.2148 -111.8888 -758.2313
vn -0.7713007 -0.5765035 0.2697017
v -697.7665 -111.0815 -737.4746
vn 0.1020029 -0.4680999 0.8777687
v -672.0893 -109.7032 -750.6279
vn 0.5235441 -0.7923142 0.3132726
v -672.4077 -110.5085 -760.1491
vn 0.5235701 -0.805811 -0.276664
v -690.6677 -273.8429 -1311.886
vn -0.7381611 -0.5135118 -0.4375201
v -643.0063 -371.0315 -1261.037
vn -0.7494726 -0.6048949 -0.2690596
v -621.6267 -374.8511 -1286.406
vn -0.705031 -0.5679487 -0.4246947
v -711.0128 -283.2378 -1260.533
vn -0.7871993 -0.5513248 -0.27633
v -646.5292 -367.2114 -1235.673
vn -0.8141862 -0.5797912 -0.03071062
v -713.5001 -292.6328 -1209.179
vn -0.829807 -0.5494666 0.09750289
v -657.791 -380.946 -1198.106
vn -0.8275985 -0.508756 0.2371669
v -685.5788 -299.0653 -1169.853
vn -0.841727 -0.4715271 0.2629788
v -615.2591 -374.101 -1123.753
vn -0.749579 -0.5153572 0.4153774
v -654.5107 -308.6359 -1111.341
vn -0.7862757 -0.5357887 0.3077351
v -579.1536 -381.7796 -1078.72
vn -0.6892621 -0.6029187 0.4017546
v -631.9977 -309.6326 -1064.996
vn -0.7038325 -0.597433 0.3843094
v -541.4138 -387.9965 -1042.26
vn -0.4659623 -0.684382 0.5608034
v -596.7857 -311.1917 -992.5095
vn -0.5053555 -0.6155288 0.6047645
v -519.7928 -381.0647 -1033.87
vn -0.1068331 -0.6687378 0.7357829
v -556.3101 -298.08 -959.1732
vn -0.1498193 -0.583538 0.7981463
v -471.9993 -372.9259 -1025.929
vn 0.2832027 -0.5249131 0.8026596
v -493.9953 -284.3097 -953.5446
vn 0.2849319 -0.4917472 0.8227992
v -429.7966 -370.9478 -1036.307
vn 0.6341392 -0.3100219 0.7083459
v -421.0205 -254.4238 -1003.753
vn 0.6217739 -0.3874305 0.6806576
v -400.7966 -372.2898 -1074.841
vn 0.7734254 -0.3059881 0.5551437
v -380.4771 -264.3787 -1052.815
vn 0.7123026 -0.3781527 0.5912915
v -387.4704 -360.7452 -1113.374
vn 0.8091913 -0.4857442 0.3305479
v -339.9335 -274.3336 -1101.878
vn 0.7700903 -0.482078 0.4178059
v -392.6377 -367.1072 -1181.973
vn 0.7898273 -0.590823 0.1646238
v -315.4196 -286.1559 -1191.362
vn 0.7942519 -0.5450884 0.2684075
v -233.5866 -175.8773 -1197.815
vn 0.8331558 -0.3624882 0.4176767
v -285.2561 -70.99695 -1049.182
vn 0.7910039 -0.2328622 0.5657633
v -203.3856 -70.98421 -1203.669
vn 0.860159 -0.2249402 0.4577428
v -301.9158 -172.4051 -1068.357
vn 0.7641463 -0.3563047 0.5377057
v -323.7759 -71.00169 -1008.878
vn 0.7098808 -0.2316803 0.6651266
v -343.8691 -167.1252 -1020.936
vn 0.6815022 -0.3411506 0.6474342
v -362.2957 -71.00644 -968.5729
vn 0.7081577 -0.22289 0.6699498
v -385.8224 -161.8454 -973.5155
vn 0.6815356 -0.3374478 0.6493368
v -420.0381 -71.0135 -908.1553
vn 0.5651956 -0.2337234 0.7911556
v -416.4623 -161.8492 -941.4564
vn 0.5836866 -0.3356664 0.7393498
v -512.6398 -71.0224 -872.409
vn 0.2167914 -0.2440778 0.945213
v -508.981 -177.9503 -896.3282
vn 0.2531254 -0.3526585 0.900866
v -576.2549 -69.18311 -868.345
vn -0.1900833 -0.251663 0.9489647
v -570.6802 -182.4342 -898.6093
vn -0.1922954 -0.3738174 0.9073494
v -667.4819 -64.29774 -907.4274
vn -0.5692846 -0.2687424 0.7769766
v -642.1399 -185.2495 -930.7462
vn -0.5613739 -0.410368 0.7186497
v -731.0438 -71.02621 -983.0941
vn -0.8524472 -0.2449034 0.461905
v -718.0566 -191.0429 -1019.232
vn -0.7995857 -0.4276173 0.4216707
v -752.3936 -71.02566 -1047.511
vn -0.9881713 -0.1268813 -0.08613062
v -732.9333 -190.6221 -1082.317
vn -0.9317321 -0.3578973 0.06152057
v -737.3221 -71.02179 -1081.55
vn -0.9840634 -0.09157751 -0.1524226
v -722.3172 -186.5983 -1102.841
vn -0.9615532 -0.2745941 -0.003669022
v -742.1359 -71.02075 -1122.569
vn -0.9085597 -0.1590272 0.3863025
v -728.944 -185.3481 -1143.03
vn -0.8809526 -0.2930616 0.3715339
v -790.6712 -71.01764 -1191.007
vn -0.9369414 -0.1479297 0.3166349
v -780.276 -182.1261 -1200.551
vn -0.9004889 -0.3335402 0.2790534
v -792.6326 -71.01193 -1255.616
vn -0.959015 -0.1254929 -0.2540507
v -777.2643 -177.1379 -1262.084
vn -0.907735 -0.3179402 -0.2737355
v -760.5972 -71.00623 -1320.225
vn -0.868004 -0.1267068 -0.4801192
v -740.2556 -172.1496 -1323.617
vn -0.8306423 -0.2962839 -0.4714332
o polySurface12_0
g polygon_0
usemtl i_s1
f 1008/665/953 1007/664/952 1006/663/951
f 1006/663/951 1007/664/952 1009/666/954
f 1007/664/952 1010/667/955 1009/666/954
f 1009/666/954 1010/667/955 1011/668/956
f 1010/667/955 1012/669/957 1011/668/956
f 1011/668/956 1012/669/957 1013/670/958
f 1012/669/957 1014/671/959 1013/670/958
f 1013/670/958 1014/671/959 1015/672/960
f 1014/671/959 1016/673/961 1015/672/960
f 1015/672/960 1016/673/961 1017/674/962
f 1016/673/961 1018/675/963 1017/674/962
f 1017/674/962 1018/675/963 1019/676/964
f 1022/434/967 1021/677/966 1020/435/965
f 1020/435/965 1021/677/966 1023/678/968
f 1021/677/966 1024/679/969 1023/678/968
f 1023/678/968 1024/679/969 1025/680/970
f 1024/679/969 1026/681/971 1025/680/970
f 1025/680/970 1026/681/971 1027/682/972
f 1030/685/975 1029/684/974 1028/683/973
f 1029/684/974 1030/685/975 1031/686/976
f 1031/686/976 1030/685/975 1032/687/977
f 1030/685/975 1033/688/978 1032/687/977
f 1032/687/977 1033/688/978 1034/689/979
f 1032/692/977 1035/691/980 1031/690/976
f 1031/690/976 1035/691/980 1036/693/981
f 1035/691/980 1008/665/953 1036/693/981
f 1036/693/981 1008/665/953 1006/663/951
f 1039/696/984 1038/695/983 1037/694/982
f 1037/694/982 1038/695/983 1040/697/985
f 1038/695/983 1041/698/986 1040/697/985
f 1040/697/985 1041/698/986 1042/699/987
f 1041/698/986 1043/700/988 1042/699/987
f 1042/699/987 1043/700/988 1044/701/989
f 1047/704/992 1046/703/991 1045/702/990
f 1045/702/990 1046/703/991 1048/705/993
f 1046/703/991 1049/706/994 1048/705/993
f 1048/705/993 1049/706/994 1050/707/995
f 1049/706/994 1051/708/996 1050/707/995
f 1050/707/995 1051/708/996 1052/709/997
f 1051/708/996 1053/710/998 1052/709/997
f 1052/709/997 1053/710/998 1054/711/999
f 1053/710/998 1055/712/1000 1054/711/999
f 1054/711/999 1055/712/1000 1056/713/1001
f 1055/712/1000 1026/681/971 1056/713/1001
f 1056/713/1001 1026/681/971 1024/679/969
f 1059/716/1004 1058/715/1003 1057/714/1002
f 1057/714/1002 1058/715/1003 1060/717/1005
f 1058/715/1003 1061/718/1006 1060/717/1005
f 1060/717/1005 1061/718/1006 1062/719/1007
f 1061/718/1006 1063/720/1008 1062/719/1007
f 1062/719/1007 1063/720/1008 1064/494/1009
f 1016/673/961 1014/671/959 1049/721/994
f 1049/721/994 1014/671/959 1051/722/996
f 1014/671/959 1012/669/957 1051/722/996
f 1051/722/996 1012/669/957 1053/723/998
f 1012/669/957 1010/667/955 1053/723/998
f 1053/723/998 1010/667/955 1055/724/1000
f 1010/667/955 1007/664/952 1055/724/1000
f 1055/724/1000 1007/664/952 1026/725/971
f 1007/664/952 1008/665/953 1026/725/971
f 1026/725/971 1008/665/953 1027/726/972
f 1008/665/953 1035/691/980 1027/726/972
f 1027/726/972 1035/691/980 1057/714/1002
f 1035/691/980 1032/692/977 1057/714/1002
f 1057/714/1002 1032/692/977 1059/716/1004
f 1052/709/997 1065/727/1010 1050/707/995
f 1050/707/995 1065/727/1010 1066/728/1011
f 1065/727/1010 1067/441/1012 1066/728/1011
f 1066/728/1011 1067/441/1012 1068/443/1013
f 1057/714/1002 1060/717/1005 1027/682/972
f 1027/682/972 1060/717/1005 1025/680/970
f 1060/717/1005 1062/719/1007 1025/680/970
f 1025/680/970 1062/719/1007 1023/678/968
f 1062/719/1007 1064/494/1009 1023/678/968
f 1023/678/968 1064/494/1009 1020/435/965
f 1059/716/1004 1032/692/977 1034/505/979
f 1030/685/975 1028/683/973 1033/688/978
f 1033/688/978 1028/683/973 1069/729/1014
f 1028/683/973 1070/730/1015 1069/729/1014
f 1019/733/964 1018/732/963 1047/731/992
f 1071/734/1016 1019/733/964 1047/731/992
f 1074/737/1019 1073/736/1018 1072/735/1017
f 1075/738/1020 1074/737/1019 1072/735/1017
f 1047/731/992 1018/732/963 1046/739/991
f 1078/742/1023 1077/741/1022 1076/740/1021
f 1076/740/1021 1077/741/1022 1079/743/1024
f 1077/741/1022 1054/711/999 1079/743/1024
f 1079/743/1024 1054/711/999 1056/713/1001
f 1047/704/992 1045/702/990 1071/744/1016
f 1071/744/1016 1045/702/990 1080/745/1025
f 1045/702/990 1081/746/1026 1080/745/1025
f 1080/745/1025 1081/746/1026 1082/445/1027
f 1081/746/1026 1066/728/1011 1082/445/1027
f 1082/445/1027 1066/728/1011 1068/443/1013
f 1044/701/989 1083/747/1028 1042/699/987
f 1042/699/987 1083/747/1028 1084/748/1029
f 1083/747/1028 1085/749/1030 1084/748/1029
f 1084/748/1029 1085/749/1030 1086/750/1031
f 1085/749/1030 1087/751/1032 1086/750/1031
f 1086/750/1031 1087/751/1032 1088/752/1033
f 1091/755/1036 1090/754/1035 1089/753/1034
f 1089/753/1034 1090/754/1035 1092/756/1037
f 1090/754/1035 1083/747/1028 1092/756/1037
f 1092/756/1037 1083/747/1028 1044/701/989
f 1090/754/1035 1091/755/1036 1093/757/1038
f 1092/759/1037 1044/701/989 1043/758/988
f 1096/762/1041 1095/761/1040 1094/760/1039
f 1094/760/1039 1095/761/1040 1040/697/985
f 1095/761/1040 1097/763/1042 1040/697/985
f 1040/697/985 1097/763/1042 1037/694/982
f 1086/750/1031 1088/752/1033 1096/762/1041
f 1094/760/1039 1086/750/1031 1096/762/1041
f 1090/754/1035 1093/757/1038 1083/747/1028
f 1083/747/1028 1093/757/1038 1085/749/1030
f 1093/757/1038 1098/764/1043 1085/749/1030
f 1085/749/1030 1098/764/1043 1087/751/1032
f 1028/683/973 1099/765/1044 1070/730/1015
f 1070/730/1015 1099/765/1044 1089/753/1034
f 1099/765/1044 1100/766/1045 1089/753/1034
f 1089/753/1034 1100/766/1045 1091/755/1036
f 1100/766/1045 1098/764/1043 1091/755/1036
f 1091/755/1036 1098/764/1043 1093/757/1038
f 1084/748/1029 1094/760/1039 1040/697/985
f 1042/699/987 1084/748/1029 1040/697/985
f 1084/748/1029 1086/750/1031 1094/760/1039
f 1041/698/986 1069/729/1014 1070/730/1015
f 1043/700/988 1041/698/986 1070/730/1015
f 1034/505/979 1039/541/984 1059/716/1004
f 1059/716/1004 1039/541/984 1058/715/1003
f 1039/541/984 1037/767/982 1058/715/1003
f 1058/715/1003 1037/767/982 1061/718/1006
f 1037/767/982 1097/542/1042 1061/718/1006
f 1061/718/1006 1097/542/1042 1063/720/1008
f 1034/769/979 1033/768/978 1039/696/984
f 1039/696/984 1033/768/978 1038/695/983
f 1033/768/978 1069/770/1014 1038/695/983
f 1038/695/983 1069/770/1014 1041/698/986
f 1081/746/1026 1048/705/993 1050/707/995
f 1066/728/1011 1081/746/1026 1050/707/995
f 1067/441/1012 1065/727/1010 1078/742/1023
f 1078/742/1023 1065/727/1010 1077/741/1022
f 1065/727/1010 1052/709/997 1077/741/1022
f 1077/741/1022 1052/709/997 1054/711/999
f 1081/746/1026 1045/702/990 1048/705/993
f 1049/721/994 1046/771/991 1018/675/963
f 1016/673/961 1049/721/994 1018/675/963
f 1024/679/969 1021/677/966 1056/713/1001
f 1056/713/1001 1021/677/966 1079/743/1024
f 1021/677/966 1022/434/967 1079/743/1024
f 1079/743/1024 1022/434/967 1076/740/1021
f 1043/758/988 1070/730/1015 1089/753/1034
f 1092/759/1037 1043/758/988 1089/753/1034
f 1103/774/1048 1102/773/1047 1101/772/1046
f 1101/772/1046 1102/773/1047 1104/775/1049
f 1102/773/1047 1105/776/1050 1104/775/1049
f 1104/775/1049 1105/776/1050 1106/777/1051
f 1105/776/1050 1107/778/1052 1106/777/1051
f 1106/777/1051 1107/778/1052 1108/779/1053
f 1107/778/1052 1109/780/1054 1108/779/1053
f 1108/779/1053 1109/780/1054 1110/781/1055
f 1109/780/1054 1111/782/1056 1110/781/1055
f 1110/781/1055 1111/782/1056 1112/783/1057
f 1111/782/1056 1113/784/1058 1112/783/1057
f 1112/783/1057 1113/784/1058 1114/785/1059
f 1117/788/1062 1116/787/1061 1115/786/1060
f 1115/786/1060 1116/787/1061 1118/789/1063
f 1116/787/1061 1119/737/1064 1118/789/1063
f 1118/789/1063 1119/737/1064 1120/736/1065
f 1119/737/1064 1121/738/1066 1120/736/1065
f 1120/736/1065 1121/738/1066 1122/735/1067
f 1121/792/1066 1123/791/1068 1122/790/1067
f 1122/790/1067 1123/791/1068 1124/793/1069
f 1123/791/1068 1125/794/1070 1124/793/1069
f 1124/793/1069 1125/794/1070 1126/795/1071
f 1125/794/1070 1127/796/1072 1126/795/1071
f 1126/795/1071 1127/796/1072 1128/797/1073
f 1131/800/1076 1130/799/1075 1129/798/1074
f 1129/798/1074 1130/799/1075 1132/801/1077
f 1130/799/1075 1133/802/1078 1132/801/1077
f 1132/801/1077 1133/802/1078 1134/803/1079
f 1133/802/1078 1112/783/1057 1134/803/1079
f 1134/803/1079 1112/783/1057 1114/785/1059
f 1137/806/1082 1136/805/1081 1135/804/1080
f 1135/804/1080 1136/805/1081 1138/807/1083
f 1136/805/1081 1131/800/1076 1138/807/1083
f 1138/807/1083 1131/800/1076 1129/798/1074
f 1141/810/1086 1140/809/1085 1139/808/1084
f 1139/808/1084 1140/809/1085 1142/811/1087
f 1140/809/1085 1137/806/1082 1142/811/1087
f 1142/811/1087 1137/806/1082 1135/804/1080
f 1144/813/1089 1143/812/1088 1139/808/1084
f 1139/808/1084 1143/812/1088 1141/810/1086
f 1143/812/1088 1117/788/1062 1141/810/1086
f 1141/810/1086 1117/788/1062 1145/814/1090
f 1117/788/1062 1115/786/1060 1145/814/1090
f 1145/814/1090 1115/786/1060 1146/815/1091
f 1115/786/1060 1103/774/1048 1146/815/1091
f 1146/815/1091 1103/774/1048 1147/816/1092
f 1103/774/1048 1101/772/1046 1147/816/1092
f 1147/816/1092 1101/772/1046 1148/817/1093
f 1101/772/1046 1131/800/1076 1148/817/1093
f 1148/817/1093 1131/800/1076 1136/805/1081
f 1127/796/1072 1125/794/1070 1149/818/1094
f 1149/818/1094 1125/794/1070 1150/819/1095
f 1125/794/1070 1123/791/1068 1150/819/1095
f 1150/819/1095 1123/791/1068 1121/792/1066
f 1106/777/1051 1130/799/1075 1104/775/1049
f 1104/775/1049 1130/799/1075 1101/772/1046
f 1130/799/1075 1131/800/1076 1101/772/1046
f 1112/783/1057 1133/802/1078 1110/781/1055
f 1110/781/1055 1133/802/1078 1108/779/1053
f 1133/802/1078 1130/799/1075 1108/779/1053
f 1108/779/1053 1130/799/1075 1106/777/1051
f 1119/821/1064 1151/820/1096 1121/792/1066
f 1121/792/1066 1151/820/1096 1150/819/1095
f 1151/820/1096 1152/822/1097 1150/819/1095
f 1150/819/1095 1152/822/1097 1149/818/1094
f 1115/786/1060 1118/789/1063 1103/774/1048
f 1103/774/1048 1118/789/1063 1102/773/1047
f 1118/789/1063 1120/736/1065 1102/773/1047
f 1102/773/1047 1120/736/1065 1105/776/1050
f 1120/736/1065 1122/790/1067 1105/776/1050
f 1105/776/1050 1122/790/1067 1107/778/1052
f 1122/790/1067 1124/793/1069 1107/778/1052
f 1107/778/1052 1124/793/1069 1109/780/1054
f 1124/793/1069 1126/795/1071 1109/780/1054
f 1109/780/1054 1126/795/1071 1111/782/1056
f 1128/797/1073 1153/823/1098 1126/795/1071
f 1126/795/1071 1153/823/1098 1111/782/1056
f 1153/823/1098 1113/784/1058 1111/782/1056
f 1136/805/1081 1137/806/1082 1148/817/1093
f 1148/817/1093 1137/806/1082 1147/816/1092
f 1137/806/1082 1140/809/1085 1147/816/1092
f 1147/816/1092 1140/809/1085 1146/815/1091
f 1140/809/1085 1141/810/1086 1146/815/1091
f 1146/815/1091 1141/810/1086 1145/814/1090
f 1152/822/1097 1151/820/1096 1143/824/1088
f 1144/825/1089 1152/822/1097 1143/824/1088
f 1143/812/1088 1151/826/1096 1117/788/1062
f 1117/788/1062 1151/826/1096 1116/787/1061
f 1151/826/1096 1119/737/1064 1116/787/1061
f 1156/828/1101 1155/827/1100 1154/676/1099
f 1154/676/1099 1155/827/1100 1157/829/1102
f 1155/827/1100 1158/830/1103 1157/829/1102
f 1157/829/1102 1158/830/1103 1159/831/1104
f 1162/833/1107 1161/832/1106 1160/663/1105
f 1160/663/1105 1161/832/1106 1163/666/1108
f 1161/832/1106 1164/834/1109 1163/666/1108
f 1163/666/1108 1164/834/1109 1165/668/1110
f 1164/834/1109 1166/835/1111 1165/668/1110
f 1165/668/1110 1166/835/1111 1167/670/1112
f 1166/835/1111 1168/836/1113 1167/670/1112
f 1167/670/1112 1168/836/1113 1169/672/1114
f 1168/836/1113 1170/837/1115 1169/672/1114
f 1169/672/1114 1170/837/1115 1171/674/1116
f 1170/837/1115 1155/827/1100 1171/674/1116
f 1171/674/1116 1155/827/1100 1156/828/1101
f 1174/435/1119 1173/434/1118 1172/838/1117
f 1172/838/1117 1173/434/1118 1175/839/1120
f 1173/434/1118 1176/740/1121 1175/839/1120
f 1175/839/1120 1176/740/1121 1177/840/1122
f 1176/740/1121 1178/742/1123 1177/840/1122
f 1177/840/1122 1178/742/1123 1179/841/1124
f 1178/742/1123 1180/441/1125 1179/841/1124
f 1179/841/1124 1180/441/1125 1181/842/1126
f 1180/441/1125 1182/843/1127 1181/842/1126
f 1181/842/1126 1182/843/1127 1183/844/1128
f 1182/843/1127 1184/445/1129 1183/844/1128
f 1183/844/1128 1184/445/1129 1185/845/1130
f 1188/848/1133 1187/847/1132 1186/846/1131
f 1186/846/1131 1187/847/1132 1189/849/1134
f 1187/847/1132 1190/850/1135 1189/849/1134
f 1189/849/1134 1190/850/1135 1191/851/1136
f 1190/850/1135 1162/833/1107 1191/851/1136
f 1191/851/1136 1162/833/1107 1160/663/1105
f 1193/744/1138 1159/852/1104 1192/745/1137
f 1192/745/1137 1159/852/1104 1194/853/1139
f 1159/852/1104 1158/854/1103 1194/853/1139
f 1194/853/1139 1158/854/1103 1195/855/1140
f 1198/858/1143 1197/857/1142 1196/856/1141
f 1196/856/1141 1197/857/1142 1199/859/1144
f 1197/857/1142 1200/860/1145 1199/859/1144
f 1199/859/1144 1200/860/1145 1201/861/1146
f 1200/860/1145 1202/862/1147 1201/861/1146
f 1201/861/1146 1202/862/1147 1203/863/1148
f 1202/862/1147 1204/864/1149 1203/863/1148
f 1203/863/1148 1204/864/1149 1205/865/1150
f 1204/864/1149 1206/866/1151 1205/865/1150
f 1205/865/1150 1206/866/1151 1207/867/1152
f 1206/866/1151 1195/868/1140 1207/867/1152
f 1207/867/1152 1195/868/1140 1158/869/1103
f 1210/872/1155 1209/871/1154 1208/870/1153
f 1208/870/1153 1209/871/1154 1211/873/1156
f 1209/871/1154 1212/874/1157 1211/873/1156
f 1211/873/1156 1212/874/1157 1213/875/1158
f 1177/840/1122 1179/841/1124 1200/876/1145
f 1200/876/1145 1179/841/1124 1202/877/1147
f 1179/841/1124 1214/878/1159 1202/877/1147
f 1202/877/1147 1214/878/1159 1204/879/1149
f 1214/878/1159 1215/880/1160 1204/879/1149
f 1204/879/1149 1215/880/1160 1206/881/1151
f 1215/880/1160 1216/882/1161 1206/881/1151
f 1206/881/1151 1216/882/1161 1195/855/1140
f 1216/882/1161 1217/883/1162 1195/855/1140
f 1195/855/1140 1217/883/1162 1194/853/1139
f 1217/883/1162 1218/884/1163 1194/853/1139
f 1194/853/1139 1218/884/1163 1192/745/1137
f 1172/838/1117 1175/839/1120 1198/885/1143
f 1198/885/1143 1175/839/1120 1197/886/1142
f 1175/839/1120 1177/840/1122 1197/886/1142
f 1197/886/1142 1177/840/1122 1200/876/1145
f 1196/888/1141 1199/887/1144 1162/833/1107
f 1162/833/1107 1199/887/1144 1161/832/1106
f 1199/887/1144 1201/889/1146 1161/832/1106
f 1161/832/1106 1201/889/1146 1164/834/1109
f 1201/889/1146 1203/890/1148 1164/834/1109
f 1164/834/1109 1203/890/1148 1166/835/1111
f 1203/890/1148 1205/722/1150 1166/835/1111
f 1166/835/1111 1205/722/1150 1168/836/1113
f 1205/722/1150 1207/721/1152 1168/836/1113
f 1168/836/1113 1207/721/1152 1170/837/1115
f 1207/721/1152 1158/830/1103 1170/837/1115
f 1170/837/1115 1158/830/1103 1155/827/1100
f 1213/875/1158 1219/891/1164 1187/847/1132
f 1187/847/1132 1219/891/1164 1190/850/1135
f 1219/891/1164 1196/888/1141 1190/850/1135
f 1190/850/1135 1196/888/1141 1162/833/1107
f 1212/894/1157 1220/893/1165 1213/892/1158
f 1213/892/1158 1220/893/1165 1219/895/1164
f 1220/893/1165 1198/858/1143 1219/895/1164
f 1219/895/1164 1198/858/1143 1196/856/1141
f 1212/874/1157 1209/871/1154 1221/896/1166
f 1221/896/1166 1209/871/1154 1222/493/1167
f 1222/493/1167 1209/871/1154 1223/897/1168
f 1209/871/1154 1210/872/1155 1223/897/1168
f 1223/897/1168 1210/872/1155 1224/898/1169
f 1210/872/1155 1225/899/1170 1224/898/1169
f 1224/898/1169 1225/899/1170 1226/900/1171
f 1213/875/1158 1187/847/1132 1211/873/1156
f 1187/847/1132 1188/848/1133 1211/873/1156
f 1211/873/1156 1188/848/1133 1208/870/1153
f 1188/848/1133 1227/901/1172 1208/870/1153
f 1208/870/1153 1227/901/1172 1228/505/1173
f 1230/904/1175 1229/903/1174 1227/902/1172
f 1227/902/1172 1229/903/1174 1231/905/1176
f 1229/903/1174 1232/906/1177 1231/905/1176
f 1231/905/1176 1232/906/1177 1233/730/1178
f 1232/906/1177 1234/907/1179 1233/730/1178
f 1233/730/1178 1234/907/1179 1235/753/1180
f 1234/907/1179 1236/908/1181 1235/753/1180
f 1235/753/1180 1236/908/1181 1237/755/1182
f 1236/908/1181 1238/909/1183 1237/755/1182
f 1237/755/1182 1238/909/1183 1239/757/1184
f 1238/909/1183 1240/910/1185 1239/757/1184
f 1239/757/1184 1240/910/1185 1241/749/1186
f 1240/910/1185 1242/911/1187 1241/749/1186
f 1241/749/1186 1242/911/1187 1243/750/1188
f 1242/911/1187 1244/912/1189 1243/750/1188
f 1243/750/1188 1244/912/1189 1245/760/1190
f 1244/912/1189 1246/913/1191 1245/760/1190
f 1245/760/1190 1246/913/1191 1247/697/1192
f 1157/829/1102 1248/914/1193 1154/676/1099
f 1159/852/1104 1193/744/1138 1248/915/1193
f 1157/916/1102 1159/852/1104 1248/915/1193
f 1251/748/1196 1250/699/1195 1249/747/1194
f 1249/747/1194 1250/699/1195 1252/701/1197
f 1250/699/1195 1253/698/1198 1252/701/1197
f 1252/701/1197 1253/698/1198 1254/700/1199
f 1251/748/1196 1249/747/1194 1255/917/1200
f 1255/917/1200 1249/747/1194 1256/918/1201
f 1249/747/1194 1257/754/1202 1256/918/1201
f 1256/918/1201 1257/754/1202 1258/919/1203
f 1260/921/1205 1257/754/1202 1259/920/1204
f 1259/920/1204 1257/754/1202 1261/756/1206
f 1257/754/1202 1249/747/1194 1261/756/1206
f 1261/756/1206 1249/747/1194 1252/701/1197
f 1258/919/1203 1257/754/1202 1260/921/1205
f 1254/700/1199 1259/922/1204 1261/759/1206
f 1252/701/1197 1254/700/1199 1261/759/1206
f 1235/753/1180 1237/755/1182 1259/920/1204
f 1259/920/1204 1237/755/1182 1260/921/1205
f 1237/755/1182 1239/757/1184 1260/921/1205
f 1260/921/1205 1239/757/1184 1258/919/1203
f 1239/757/1184 1241/749/1186 1258/919/1203
f 1258/919/1203 1241/749/1186 1256/918/1201
f 1241/749/1186 1243/750/1188 1256/918/1201
f 1256/918/1201 1243/750/1188 1255/917/1200
f 1243/750/1188 1245/760/1190 1255/917/1200
f 1255/917/1200 1245/760/1190 1262/923/1207
f 1245/760/1190 1247/697/1192 1262/923/1207
f 1262/923/1207 1247/697/1192 1263/924/1208
f 1247/697/1192 1264/925/1209 1263/924/1208
f 1263/924/1208 1264/925/1209 1265/695/1210
f 1264/925/1209 1226/926/1171 1265/695/1210
f 1265/695/1210 1226/926/1171 1225/927/1170
f 1235/753/1180 1259/920/1204 1254/758/1199
f 1233/730/1178 1235/753/1180 1254/758/1199
f 1266/729/1211 1233/730/1178 1254/758/1199
f 1262/923/1207 1263/924/1208 1251/748/1196
f 1251/748/1196 1263/924/1208 1250/699/1195
f 1263/924/1208 1265/695/1210 1250/699/1195
f 1250/699/1195 1265/695/1210 1253/698/1198
f 1265/695/1210 1267/928/1212 1253/698/1198
f 1253/698/1198 1267/928/1212 1266/770/1211
f 1251/748/1196 1255/917/1200 1262/923/1207
f 1254/700/1199 1253/698/1198 1266/770/1211
f 1225/899/1170 1210/872/1155 1208/870/1153
f 1228/505/1173 1225/899/1170 1208/870/1153
f 1225/927/1170 1228/929/1173 1267/928/1212
f 1265/695/1210 1225/927/1170 1267/928/1212
f 1212/874/1157 1221/896/1166 1220/930/1165
f 1220/930/1165 1221/896/1166 1268/931/1213
f 1221/896/1166 1222/493/1167 1268/931/1213
f 1268/931/1213 1222/493/1167 1269/545/1214
f 1179/841/1124 1181/842/1126 1214/878/1159
f 1271/933/1216 1216/882/1161 1270/932/1215
f 1270/932/1215 1216/882/1161 1185/845/1130
f 1216/882/1161 1215/880/1160 1185/845/1130
f 1185/845/1130 1215/880/1160 1183/844/1128
f 1215/880/1160 1214/878/1159 1183/844/1128
f 1183/844/1128 1214/878/1159 1181/842/1126
f 1185/845/1130 1184/445/1129 1270/932/1215
f 1217/883/1162 1216/882/1161 1271/933/1216
f 1218/884/1163 1217/883/1162 1271/933/1216
f 1227/902/1172 1231/905/1176 1228/689/1173
f 1228/689/1173 1231/905/1176 1267/688/1212
f 1231/905/1176 1233/730/1178 1267/688/1212
f 1267/688/1212 1233/730/1178 1266/729/1211
f 1220/930/1165 1268/931/1213 1198/885/1143
f 1198/885/1143 1268/931/1213 1172/838/1117
f 1268/931/1213 1269/545/1214 1172/838/1117
f 1172/838/1117 1269/545/1214 1174/435/1119
f 1230/934/1175 1227/901/1172 1188/848/1133
f 1186/846/1131 1230/934/1175 1188/848/1133
f 1247/697/1192 1246/913/1191 1264/925/1209
f 1264/925/1209 1246/913/1191 1226/926/1171
f 1246/913/1191 1272/935/1217 1226/926/1171
f 1272/936/1217 1273/495/1218 1226/900/1171
f 1226/900/1171 1273/495/1218 1224/898/1169
f 1273/495/1218 1274/494/1219 1224/898/1169
f 1224/898/1169 1274/494/1219 1223/897/1168
f 1222/493/1167 1223/897/1168 1274/494/1219
f 1277/939/1222 1276/938/1221 1275/937/1220
f 1275/937/1220 1276/938/1221 1278/940/1223
f 1276/938/1221 1279/941/1224 1278/940/1223
f 1278/940/1223 1279/941/1224 1280/942/1225
f 1283/945/1228 1282/944/1227 1281/943/1226
f 1281/943/1226 1282/944/1227 1284/946/1229
f 1282/944/1227 1285/947/1230 1284/946/1229
f 1284/946/1229 1285/947/1230 1286/948/1231
f 1285/947/1230 1287/949/1232 1286/948/1231
f 1286/948/1231 1287/949/1232 1288/950/1233
f 1287/949/1232 1289/951/1234 1288/950/1233
f 1288/950/1233 1289/951/1234 1290/952/1235
f 1289/951/1234 1291/953/1236 1290/952/1235
f 1290/952/1235 1291/953/1236 1292/954/1237
f 1291/953/1236 1283/945/1228 1292/954/1237
f 1292/954/1237 1283/945/1228 1281/943/1226
f 1276/956/1221 1277/955/1222 1283/945/1228
f 1283/945/1228 1277/955/1222 1282/944/1227
f 1277/955/1222 1275/957/1220 1282/944/1227
f 1282/944/1227 1275/957/1220 1285/947/1230
f 1275/957/1220 1278/958/1223 1285/947/1230
f 1285/947/1230 1278/958/1223 1287/949/1232
f 1278/958/1223 1280/959/1225 1287/949/1232
f 1287/949/1232 1280/959/1225 1289/951/1234
f 1280/959/1225 1279/960/1224 1289/951/1234
f 1289/951/1234 1279/960/1224 1291/953/1236
f 1279/960/1224 1276/956/1221 1291/953/1236
f 1291/953/1236 1276/956/1221 1283/945/1228
f 1295/963/1240 1294/962/1239 1293/961/1238
f 1293/961/1238 1294/962/1239 1296/964/1241
f 1294/962/1239 1297/965/1242 1296/964/1241
f 1296/964/1241 1297/965/1242 1298/966/1243
f 1297/965/1242 1299/967/1244 1298/966/1243
f 1298/966/1243 1299/967/1244 1300/968/1245
f 1299/967/1244 1301/969/1246 1300/968/1245
f 1300/968/1245 1301/969/1246 1302/970/1247
f 1301/969/1246 1303/971/1248 1302/970/1247
f 1302/970/1247 1303/971/1248 1304/972/1249
f 1303/971/1248 1305/973/1250 1304/972/1249
f 1304/972/1249 1305/973/1250 1306/974/1251
f 1305/973/1250 1307/975/1252 1306/974/1251
f 1306/974/1251 1307/975/1252 1308/976/1253
f 1307/975/1252 1309/977/1254 1308/976/1253
f 1308/976/1253 1309/977/1254 1310/978/1255
f 1309/977/1254 1311/979/1256 1310/978/1255
f 1310/978/1255 1311/979/1256 1312/980/1257
f 1311/979/1256 1313/981/1258 1312/980/1257
f 1312/980/1257 1313/981/1258 1314/982/1259
f 1313/981/1258 1315/983/1260 1314/982/1259
f 1314/982/1259 1315/983/1260 1316/984/1261
f 1315/983/1260 1317/985/1262 1316/984/1261
f 1316/984/1261 1317/985/1262 1318/986/1263
f 1317/985/1262 1319/987/1264 1318/986/1263
f 1318/986/1263 1319/987/1264 1320/988/1265
f 1319/987/1264 1321/989/1266 1320/988/1265
f 1320/988/1265 1321/989/1266 1322/990/1267
f 1321/989/1266 1323/991/1268 1322/990/1267
f 1322/990/1267 1323/991/1268 1324/992/1269
f 1323/991/1268 1325/993/1270 1324/992/1269
f 1324/992/1269 1325/993/1270 1326/994/1271
f 1325/993/1270 1327/995/1272 1326/994/1271
f 1326/994/1271 1327/995/1272 1328/996/1273
f 1295/963/1240 1293/961/1238 1329/997/1274
f 1329/997/1274 1293/961/1238 1330/998/1275
f 1293/961/1238 1331/999/1276 1330/998/1275
f 1330/998/1275 1331/999/1276 1332/1000/1277
f 1332/1003/1277 1331/1002/1276 1333/1001/1278
f 1333/1001/1278 1331/1002/1276 1334/1004/1279
f 1331/1002/1276 1335/1005/1280 1334/1004/1279
f 1334/1004/1279 1335/1005/1280 1336/1006/1281
f 1335/1005/1280 1337/1007/1282 1336/1006/1281
f 1336/1006/1281 1337/1007/1282 1338/1008/1283
f 1337/1007/1282 1339/1009/1284 1338/1008/1283
f 1338/1008/1283 1339/1009/1284 1340/1010/1285
f 1339/1009/1284 1341/1011/1286 1340/1010/1285
f 1340/1010/1285 1341/1011/1286 1342/1012/1287
f 1341/1011/1286 1343/1013/1288 1342/1012/1287
f 1342/1012/1287 1343/1013/1288 1344/1014/1289
f 1343/1013/1288 1345/1015/1290 1344/1014/1289
f 1344/1014/1289 1345/1015/1290 1346/1016/1291
f 1345/1015/1290 1347/1017/1292 1346/1016/1291
f 1346/1016/1291 1347/1017/1292 1348/1018/1293
f 1347/1017/1292 1349/1019/1294 1348/1018/1293
f 1348/1018/1293 1349/1019/1294 1350/1020/1295
f 1349/1019/1294 1351/1021/1296 1350/1020/1295
f 1350/1020/1295 1351/1021/1296 1352/1022/1297
f 1351/1021/1296 1353/1023/1298 1352/1022/1297
f 1352/1022/1297 1353/1023/1298 1354/1024/1299
f 1353/1023/1298 1355/1025/1300 1354/1024/1299
f 1354/1024/1299 1355/1025/1300 1356/1026/1301
f 1355/1025/1300 1357/1027/1302 1356/1026/1301
f 1356/1026/1301 1357/1027/1302 1358/1028/1303
f 1357/1027/1302 1359/1029/1304 1358/1028/1303
f 1358/1028/1303 1359/1029/1304 1360/1030/1305
f 1359/1029/1304 1361/1031/1306 1360/1030/1305
f 1360/1030/1305 1361/1031/1306 1362/1032/1307
f 1361/1031/1306 1363/1033/1308 1362/1032/1307
f 1362/1032/1307 1363/1033/1308 1364/1034/1309
f 1367/1037/1312 1366/1036/1311 1365/1035/1310
f 1365/1035/1310 1366/1036/1311 1368/1038/1313
f 1366/1036/1311 1369/1039/1314 1368/1038/1313
f 1368/1038/1313 1369/1039/1314 1370/1040/1315
f 1369/1039/1314 1371/1041/1316 1370/1040/1315
f 1370/1040/1315 1371/1041/1316 1372/1042/1317
f 1375/1045/1320 1374/1044/1319 1373/1043/1318
f 1373/1048/1318 1376/1047/1321 1350/1046/1295
f 1350/1046/1295 1376/1047/1321 1348/1049/1293
f 1376/1047/1321 1377/1050/1322 1348/1049/1293
f 1348/1049/1293 1377/1050/1322 1346/1051/1291
f 1377/1050/1322 1378/1052/1323 1346/1051/1291
f 1346/1051/1291 1378/1052/1323 1344/1053/1289
f 1378/1052/1323 1379/1054/1324 1344/1053/1289
f 1344/1053/1289 1379/1054/1324 1342/1055/1287
f 1379/1054/1324 1380/1056/1325 1342/1055/1287
f 1342/1055/1287 1380/1056/1325 1340/1057/1285
f 1380/1056/1325 1381/1058/1326 1340/1057/1285
f 1340/1057/1285 1381/1058/1326 1338/1059/1283
f 1381/1058/1326 1382/1060/1327 1338/1059/1283
f 1338/1059/1283 1382/1060/1327 1336/1061/1281
f 1382/1060/1327 1333/1062/1278 1336/1061/1281
f 1336/1061/1281 1333/1062/1278 1334/1063/1279
f 1384/1066/1329 1383/1065/1328 1374/1064/1319
f 1374/1064/1319 1383/1065/1328 1385/1067/1330
f 1383/1065/1328 1386/1068/1331 1385/1067/1330
f 1385/1067/1330 1386/1068/1331 1387/1069/1332
f 1379/1072/1324 1378/1071/1323 1388/1070/1333
f 1388/1070/1333 1378/1071/1323 1389/1073/1334
f 1378/1071/1323 1377/1074/1322 1389/1073/1334
f 1389/1073/1334 1377/1074/1322 1376/1075/1321
f 1352/1078/1297 1354/1077/1299 1375/1076/1320
f 1375/1076/1320 1354/1077/1299 1390/1079/1335
f 1354/1077/1299 1356/1080/1301 1390/1079/1335
f 1390/1079/1335 1356/1080/1301 1371/1081/1316
f 1356/1080/1301 1358/1082/1303 1371/1081/1316
f 1371/1081/1316 1358/1082/1303 1372/1083/1317
f 1358/1082/1303 1360/1084/1305 1372/1083/1317
f 1372/1083/1317 1360/1084/1305 1370/1085/1315
f 1360/1084/1305 1362/1086/1307 1370/1085/1315
f 1370/1085/1315 1362/1086/1307 1368/1087/1313
f 1362/1086/1307 1364/1088/1309 1368/1087/1313
f 1368/1087/1313 1364/1088/1309 1365/1089/1310
f 1388/1070/1333 1391/1090/1336 1379/1072/1324
f 1379/1072/1324 1391/1090/1336 1380/1091/1325
f 1391/1090/1336 1392/1092/1337 1380/1091/1325
f 1380/1091/1325 1392/1092/1337 1381/1093/1326
f 1392/1092/1337 1393/1094/1338 1381/1093/1326
f 1381/1093/1326 1393/1094/1338 1382/1095/1327
f 1394/1096/1339 1333/1062/1278 1382/1060/1327
f 1393/1097/1338 1394/1096/1339 1382/1060/1327
f 1329/1100/1274 1330/1099/1275 1395/1098/1340
f 1395/1098/1340 1330/1099/1275 1396/1101/1341
f 1330/1099/1275 1332/1102/1277 1396/1101/1341
f 1396/1101/1341 1332/1102/1277 1397/1103/1342
f 1375/1045/1320 1390/1104/1335 1374/1044/1319
f 1374/1044/1319 1390/1104/1335 1384/1105/1329
f 1390/1104/1335 1371/1041/1316 1384/1105/1329
f 1384/1105/1329 1371/1041/1316 1369/1039/1314
f 1337/1107/1282 1335/1106/1280 1298/966/1243
f 1298/966/1243 1335/1106/1280 1296/964/1241
f 1335/1106/1280 1331/999/1276 1296/964/1241
f 1296/964/1241 1331/999/1276 1293/961/1238
f 1363/1109/1308 1361/1108/1306 1328/996/1273
f 1328/996/1273 1361/1108/1306 1326/994/1271
f 1361/1108/1306 1359/1110/1304 1326/994/1271
f 1326/994/1271 1359/1110/1304 1324/992/1269
f 1359/1110/1304 1357/1111/1302 1324/992/1269
f 1324/992/1269 1357/1111/1302 1322/990/1267
f 1357/1111/1302 1355/1112/1300 1322/990/1267
f 1322/990/1267 1355/1112/1300 1320/988/1265
f 1355/1112/1300 1353/1113/1298 1320/988/1265
f 1320/988/1265 1353/1113/1298 1318/986/1263
f 1316/984/1261 1318/986/1263 1353/1113/1298
f 1353/1113/1298 1351/1114/1296 1316/984/1261
f 1316/984/1261 1351/1114/1296 1314/982/1259
f 1351/1114/1296 1349/1115/1294 1314/982/1259
f 1314/982/1259 1349/1115/1294 1312/980/1257
f 1349/1115/1294 1347/1116/1292 1312/980/1257
f 1312/980/1257 1347/1116/1292 1310/978/1255
f 1347/1116/1292 1345/1117/1290 1310/978/1255
f 1310/978/1255 1345/1117/1290 1308/976/1253
f 1345/1117/1290 1343/1118/1288 1308/976/1253
f 1308/976/1253 1343/1118/1288 1306/974/1251
f 1343/1118/1288 1341/1119/1286 1306/974/1251
f 1306/974/1251 1341/1119/1286 1304/972/1249
f 1304/972/1249 1341/1119/1286 1302/970/1247
f 1341/1119/1286 1339/1120/1284 1302/970/1247
f 1302/970/1247 1339/1120/1284 1300/968/1245
f 1339/1120/1284 1337/1107/1282 1300/968/1245
f 1300/968/1245 1337/1107/1282 1298/966/1243
f 1394/1122/1339 1397/1121/1342 1332/1003/1277
f 1333/1001/1278 1394/1122/1339 1332/1003/1277
f 1391/1124/1336 1388/1123/1333 1387/1069/1332
f 1387/1069/1332 1388/1123/1333 1385/1067/1330
f 1388/1123/1333 1389/1125/1334 1385/1067/1330
f 1385/1067/1330 1389/1125/1334 1374/1064/1319
f 1386/1127/1331 1383/1126/1328 1367/1037/1312
f 1367/1037/1312 1383/1126/1328 1366/1036/1311
f 1383/1126/1328 1384/1105/1329 1366/1036/1311
f 1366/1036/1311 1384/1105/1329 1369/1039/1314
f 1373/1048/1318 1350/1046/1295 1352/1078/1297
f 1375/1076/1320 1373/1048/1318 1352/1078/1297
f 1389/1073/1334 1376/1075/1321 1373/1043/1318
f 1374/1044/1319 1389/1073/1334 1373/1043/1318
f 1400/434/1345 1399/435/1344 1398/677/1343
f 1398/677/1343 1399/435/1344 1401/678/1346
f 1399/435/1344 1402/494/1347 1401/678/1346
f 1401/678/1346 1402/494/1347 1403/719/1348
f 1402/494/1347 1404/720/1349 1403/719/1348
f 1403/719/1348 1404/720/1349 1405/718/1350
f 1404/720/1349 1406/542/1351 1405/718/1350
f 1405/718/1350 1406/542/1351 1407/767/1352
f 1409/680/1354 1408/679/1353 1401/678/1346
f 1401/678/1346 1408/679/1353 1398/677/1343
f 1408/679/1353 1410/713/1355 1398/677/1343
f 1398/677/1343 1410/713/1355 1411/743/1356
f 1410/713/1355 1412/711/1357 1411/743/1356
f 1411/743/1356 1412/711/1357 1413/741/1358
f 1412/711/1357 1414/709/1359 1413/741/1358
f 1413/741/1358 1414/709/1359 1415/727/1360
f 1414/709/1359 1416/707/1361 1415/727/1360
f 1415/727/1360 1416/707/1361 1417/728/1362
f 1416/707/1361 1418/705/1363 1417/728/1362
f 1417/728/1362 1418/705/1363 1419/746/1364
f 1421/697/1366 1420/695/1365 1407/694/1352
f 1407/694/1352 1420/695/1365 1422/696/1367
f 1420/695/1365 1423/768/1368 1422/696/1367
f 1422/696/1367 1423/768/1368 1424/769/1369
f 1408/679/1353 1409/680/1354 1425/681/1370
f 1425/681/1370 1409/680/1354 1426/682/1371
f 1409/680/1354 1427/717/1372 1426/682/1371
f 1426/682/1371 1427/717/1372 1428/714/1373
f 1427/717/1372 1429/715/1374 1428/714/1373
f 1428/714/1373 1429/715/1374 1430/716/1375
f 1429/715/1374 1422/541/1367 1430/716/1375
f 1430/716/1375 1422/541/1367 1424/505/1369
f 1432/712/1377 1431/710/1376 1410/713/1355
f 1410/713/1355 1431/710/1376 1412/711/1357
f 1431/710/1376 1433/708/1378 1412/711/1357
f 1412/711/1357 1433/708/1378 1414/709/1359
f 1433/708/1378 1434/706/1379 1414/709/1359
f 1414/709/1359 1434/706/1379 1416/707/1361
f 1415/727/1360 1417/728/1362 1435/441/1380
f 1435/441/1380 1417/728/1362 1436/443/1381
f 1417/728/1362 1419/746/1364 1436/443/1381
f 1436/443/1381 1419/746/1364 1437/445/1382
f 1419/746/1364 1438/702/1383 1437/445/1382
f 1437/445/1382 1438/702/1383 1439/745/1384
f 1411/743/1356 1413/741/1358 1440/740/1385
f 1440/740/1385 1413/741/1358 1441/742/1386
f 1413/741/1358 1415/727/1360 1441/742/1386
f 1441/742/1386 1415/727/1360 1435/441/1380
f 1429/715/1374 1427/717/1372 1405/718/1350
f 1405/718/1350 1427/717/1372 1403/719/1348
f 1427/717/1372 1409/680/1354 1403/719/1348
f 1403/719/1348 1409/680/1354 1401/678/1346
f 1444/748/1389 1443/747/1388 1442/699/1387
f 1442/699/1387 1443/747/1388 1445/701/1390
f 1443/747/1388 1446/754/1391 1445/701/1390
f 1445/701/1390 1446/754/1391 1447/756/1392
f 1446/754/1391 1448/755/1393 1447/756/1392
f 1447/756/1392 1448/755/1393 1449/753/1394
f 1448/755/1393 1450/766/1395 1449/753/1394
f 1449/753/1394 1450/766/1395 1451/765/1396
f 1445/701/1390 1452/700/1397 1442/699/1387
f 1442/699/1387 1452/700/1397 1453/698/1398
f 1452/700/1397 1454/730/1399 1453/698/1398
f 1453/698/1398 1454/730/1399 1455/729/1400
f 1457/750/1402 1456/749/1401 1444/748/1389
f 1444/748/1389 1456/749/1401 1443/747/1388
f 1456/749/1401 1458/757/1403 1443/747/1388
f 1443/747/1388 1458/757/1403 1446/754/1391
f 1446/754/1391 1458/757/1403 1448/755/1393
f 1447/759/1392 1452/758/1397 1445/701/1390
f 1460/760/1405 1421/697/1366 1459/762/1404
f 1459/762/1404 1421/697/1366 1461/761/1406
f 1421/697/1366 1407/694/1352 1461/761/1406
f 1461/761/1406 1407/694/1352 1406/763/1351
f 1459/762/1404 1462/752/1407 1460/760/1405
f 1460/760/1405 1462/752/1407 1457/750/1402
f 1462/752/1407 1463/751/1408 1457/750/1402
f 1457/750/1402 1463/751/1408 1456/749/1401
f 1463/751/1408 1464/764/1409 1456/749/1401
f 1456/749/1401 1464/764/1409 1458/757/1403
f 1464/764/1409 1450/766/1395 1458/757/1403
f 1458/757/1403 1450/766/1395 1448/755/1393
f 1465/683/1410 1454/730/1399 1451/765/1396
f 1451/765/1396 1454/730/1399 1449/753/1394
f 1454/730/1399 1452/758/1397 1449/753/1394
f 1449/753/1394 1452/758/1397 1447/759/1392
f 1444/748/1389 1442/699/1387 1460/760/1405
f 1460/760/1405 1442/699/1387 1421/697/1366
f 1442/699/1387 1453/698/1398 1421/697/1366
f 1421/697/1366 1453/698/1398 1420/695/1365
f 1453/698/1398 1455/770/1400 1420/695/1365
f 1420/695/1365 1455/770/1400 1423/768/1368
f 1444/748/1389 1460/760/1405 1457/750/1402
f 1407/767/1352 1422/541/1367 1429/715/1374
f 1405/718/1350 1407/767/1352 1429/715/1374
f 1419/746/1364 1418/705/1363 1438/702/1383
f 1425/681/1370 1432/712/1377 1410/713/1355
f 1408/679/1353 1425/681/1370 1410/713/1355
f 1398/677/1343 1411/743/1356 1440/740/1385
f 1400/434/1345 1398/677/1343 1440/740/1385
f 1072/790/1017 1466/793/1411 1075/792/1020
f 1075/792/1020 1466/793/1411 1467/791/1412
f 1466/793/1411 1468/795/1413 1467/791/1412
f 1467/791/1412 1468/795/1413 1469/794/1414
f 1472/778/1417 1471/779/1416 1470/780/1415
f 1470/780/1415 1471/779/1416 1473/781/1418
f 1471/779/1416 1474/802/1419 1473/781/1418
f 1473/781/1418 1474/802/1419 1475/783/1420
f 1474/802/1419 1476/803/1421 1475/783/1420
f 1475/783/1420 1476/803/1421 1477/785/1422
f 1480/799/1425 1479/800/1424 1478/801/1423
f 1478/801/1423 1479/800/1424 1481/798/1426
f 1479/800/1424 1482/805/1427 1481/798/1426
f 1481/798/1426 1482/805/1427 1483/807/1428
f 1482/805/1427 1484/806/1429 1483/807/1428
f 1483/807/1428 1484/806/1429 1485/804/1430
f 1487/784/1432 1486/782/1431 1477/785/1422
f 1477/785/1422 1486/782/1431 1475/783/1420
f 1486/782/1431 1470/780/1415 1475/783/1420
f 1475/783/1420 1470/780/1415 1473/781/1418
f 1489/777/1434 1488/775/1433 1480/799/1425
f 1480/799/1425 1488/775/1433 1479/800/1424
f 1488/775/1433 1490/772/1435 1479/800/1424
f 1476/803/1421 1474/802/1419 1478/801/1423
f 1478/801/1423 1474/802/1419 1480/799/1425
f 1474/802/1419 1471/779/1416 1480/799/1425
f 1480/799/1425 1471/779/1416 1489/777/1434
f 1471/779/1416 1472/778/1417 1489/777/1434
f 1489/777/1434 1472/778/1417 1491/776/1436
f 1472/778/1417 1072/790/1017 1491/776/1436
f 1491/776/1436 1072/790/1017 1073/736/1018
f 1472/778/1417 1470/780/1415 1072/790/1017
f 1072/790/1017 1470/780/1415 1466/793/1411
f 1470/780/1415 1486/782/1431 1466/793/1411
f 1466/793/1411 1486/782/1431 1468/795/1413
f 1493/797/1437 1468/795/1413 1492/823/1437
f 1492/823/1437 1468/795/1413 1487/784/1432
f 1468/795/1413 1486/782/1431 1487/784/1432
f 1484/806/1429 1482/805/1427 1494/816/1438
f 1494/816/1438 1482/805/1427 1495/817/1439
f 1482/805/1427 1479/800/1424 1495/817/1439
f 1495/817/1439 1479/800/1424 1490/772/1435
f 1489/777/1434 1491/776/1436 1488/775/1433
f 1488/775/1433 1491/776/1436 1496/773/1440
f 1491/776/1436 1073/736/1018 1496/773/1440
f 1496/773/1440 1073/736/1018 1497/789/1441
f 1500/838/1444 1499/839/1443 1498/435/1442
f 1498/435/1442 1499/839/1443 1501/434/1445
f 1499/839/1443 1502/840/1446 1501/434/1445
f 1501/434/1445 1502/840/1446 1503/740/1447
f 1502/840/1446 1504/841/1448 1503/740/1447
f 1503/740/1447 1504/841/1448 1505/742/1449
f 1504/841/1448 1506/842/1450 1505/742/1449
f 1505/742/1449 1506/842/1450 1507/441/1451
f 1506/842/1450 1508/844/1452 1507/441/1451
f 1507/441/1451 1508/844/1452 1509/843/1453
f 1508/844/1452 1510/845/1454 1509/843/1453
f 1509/843/1453 1510/845/1454 1511/445/1455
f 1513/876/1457 1512/877/1456 1502/840/1446
f 1502/840/1446 1512/877/1456 1504/841/1448
f 1512/877/1456 1514/879/1458 1504/841/1448
f 1504/841/1448 1514/879/1458 1515/878/1459
f 1514/879/1458 1516/881/1460 1515/878/1459
f 1515/878/1459 1516/881/1460 1517/880/1461
f 1516/881/1460 1518/855/1462 1517/880/1461
f 1517/880/1461 1518/855/1462 1519/882/1463
f 1518/855/1462 1520/853/1464 1519/882/1463
f 1519/882/1463 1520/853/1464 1521/883/1465
f 1520/853/1464 1522/745/1466 1521/883/1465
f 1521/883/1465 1522/745/1466 1523/884/1467
f 1499/839/1443 1500/838/1444 1524/886/1468
f 1524/886/1468 1500/838/1444 1525/885/1469
f 1500/838/1444 1526/931/1470 1525/885/1469
f 1525/885/1469 1526/931/1470 1527/930/1471
f 1526/931/1470 1528/896/1472 1527/930/1471
f 1527/930/1471 1528/896/1472 1529/874/1473
f 1529/874/1473 1528/896/1472 1530/871/1474
f 1532/493/1476 1531/897/1475 1528/896/1472
f 1528/896/1472 1531/897/1475 1530/871/1474
f 1531/897/1475 1533/898/1477 1530/871/1474
f 1530/871/1474 1533/898/1477 1534/872/1478
f 1533/898/1477 1535/900/1479 1534/872/1478
f 1534/872/1478 1535/900/1479 1536/899/1480
f 1539/748/1483 1538/747/1482 1537/699/1481
f 1537/699/1481 1538/747/1482 1540/701/1484
f 1538/747/1482 1541/754/1485 1540/701/1484
f 1540/701/1484 1541/754/1485 1542/756/1486
f 1541/754/1485 1543/921/1487 1542/756/1486
f 1542/756/1486 1543/921/1487 1544/920/1488
f 1543/921/1487 1545/755/1489 1544/920/1488
f 1544/920/1488 1545/755/1489 1546/753/1490
f 1545/755/1489 1547/908/1491 1546/753/1490
f 1546/753/1490 1547/908/1491 1548/907/1492
f 1550/917/1494 1549/918/1493 1539/748/1483
f 1539/748/1483 1549/918/1493 1538/747/1482
f 1549/918/1493 1551/919/1495 1538/747/1482
f 1538/747/1482 1551/919/1495 1541/754/1485
f 1551/919/1495 1543/921/1487 1541/754/1485
f 1554/912/1498 1553/760/1497 1552/913/1496
f 1552/913/1496 1553/760/1497 1555/697/1499
f 1553/760/1497 1556/923/1500 1555/697/1499
f 1555/697/1499 1556/923/1500 1557/924/1501
f 1556/923/1500 1539/748/1483 1557/924/1501
f 1557/924/1501 1539/748/1483 1537/699/1481
f 1559/911/1503 1558/750/1502 1554/912/1498
f 1554/912/1498 1558/750/1502 1553/760/1497
f 1558/750/1502 1550/917/1494 1553/760/1497
f 1553/760/1497 1550/917/1494 1556/923/1500
f 1560/730/1504 1546/753/1490 1548/907/1492
f 1561/906/1504 1560/730/1504 1548/907/1492
f 1545/755/1489 1562/757/1505 1547/908/1491
f 1547/908/1491 1562/757/1505 1563/909/1506
f 1562/757/1505 1564/749/1507 1563/909/1506
f 1563/909/1506 1564/749/1507 1565/910/1508
f 1564/749/1507 1558/750/1502 1565/910/1508
f 1565/910/1508 1558/750/1502 1559/911/1503
f 1539/748/1483 1556/923/1500 1550/917/1494
f 1535/926/1479 1566/925/1509 1536/927/1480
f 1536/927/1480 1566/925/1509 1567/695/1510
f 1566/925/1509 1555/697/1499 1567/695/1510
f 1567/695/1510 1555/697/1499 1557/924/1501
f 1567/695/1510 1557/924/1501 1537/699/1481
f 1568/698/1511 1567/695/1510 1537/699/1481
f 1528/896/1472 1526/931/1470 1532/493/1476
f 1532/493/1476 1526/931/1470 1569/545/1512
f 1526/931/1470 1500/838/1444 1569/545/1512
f 1569/545/1512 1500/838/1444 1498/435/1442
f 1504/841/1448 1515/878/1459 1506/842/1450
f 1571/932/1514 1510/845/1454 1570/933/1513
f 1570/933/1513 1510/845/1454 1519/882/1463
f 1510/845/1454 1508/844/1452 1519/882/1463
f 1519/882/1463 1508/844/1452 1517/880/1461
f 1508/844/1452 1506/842/1450 1517/880/1461
f 1517/880/1461 1506/842/1450 1515/878/1459
f 1510/845/1454 1571/932/1514 1511/445/1455
f 1570/933/1513 1519/882/1463 1521/883/1465
f 1523/884/1467 1570/933/1513 1521/883/1465
f 1543/921/1487 1551/919/1495 1545/755/1489
f 1545/755/1489 1551/919/1495 1562/757/1505
f 1551/919/1495 1549/918/1493 1562/757/1505
f 1562/757/1505 1549/918/1493 1564/749/1507
f 1549/918/1493 1550/917/1494 1564/749/1507
f 1564/749/1507 1550/917/1494 1558/750/1502
f 1499/839/1443 1524/886/1468 1513/876/1457
f 1502/840/1446 1499/839/1443 1513/876/1457
f 1555/697/1499 1566/925/1509 1552/913/1496
f 1552/913/1496 1566/925/1509 1572/935/1515
f 1566/925/1509 1535/926/1479 1572/935/1515
f 1535/900/1479 1533/898/1477 1572/936/1515
f 1572/936/1515 1533/898/1477 1573/495/1516
f 1533/898/1477 1531/897/1475 1573/495/1516
f 1573/495/1516 1531/897/1475 1574/494/1517
f 1532/493/1476 1574/494/1517 1531/897/1475
f 1577/944/1520 1576/945/1519 1575/946/1518
f 1575/946/1518 1576/945/1519 1578/943/1521
f 1576/945/1519 1579/953/1522 1578/943/1521
f 1578/943/1521 1579/953/1522 1580/954/1523
f 1579/953/1522 1581/951/1524 1580/954/1523
f 1580/954/1523 1581/951/1524 1582/952/1525
f 1581/951/1524 1583/949/1526 1582/952/1525
f 1582/952/1525 1583/949/1526 1584/950/1527
f 1586/955/1529 1585/956/1528 1577/944/1520
f 1577/944/1520 1585/956/1528 1576/945/1519
f 1585/956/1528 1587/960/1530 1576/945/1519
f 1576/945/1519 1587/960/1530 1579/953/1522
f 1587/960/1530 1588/959/1531 1579/953/1522
f 1579/953/1522 1588/959/1531 1581/951/1524
f 1588/959/1531 1589/958/1532 1581/951/1524
f 1581/951/1524 1589/958/1532 1583/949/1526
f 1592/1006/1535 1591/1008/1534 1590/1005/1533
f 1590/1005/1533 1591/1008/1534 1593/1007/1536
f 1591/1008/1534 1594/1010/1537 1593/1007/1536
f 1593/1007/1536 1594/1010/1537 1595/1009/1538
f 1594/1010/1537 1596/1012/1539 1595/1009/1538
f 1595/1009/1538 1596/1012/1539 1597/1011/1540
f 1596/1012/1539 1598/1014/1541 1597/1011/1540
f 1597/1011/1540 1598/1014/1541 1599/1013/1542
f 1598/1014/1541 1600/1016/1543 1599/1013/1542
f 1599/1013/1542 1600/1016/1543 1601/1015/1544
f 1600/1016/1543 1602/1018/1545 1601/1015/1544
f 1601/1015/1544 1602/1018/1545 1603/1017/1546
f 1602/1018/1545 1604/1020/1547 1603/1017/1546
f 1603/1017/1546 1604/1020/1547 1605/1019/1548
f 1604/1020/1547 1606/1022/1549 1605/1019/1548
f 1605/1019/1548 1606/1022/1549 1607/1021/1550
f 1606/1022/1549 1608/1024/1551 1607/1021/1550
f 1607/1021/1550 1608/1024/1551 1609/1023/1552
f 1608/1024/1551 1610/1026/1553 1609/1023/1552
f 1609/1023/1552 1610/1026/1553 1611/1025/1554
f 1610/1026/1553 1612/1028/1555 1611/1025/1554
f 1611/1025/1554 1612/1028/1555 1613/1027/1556
f 1612/1028/1555 1614/1030/1557 1613/1027/1556
f 1613/1027/1556 1614/1030/1557 1615/1029/1558
f 1618/991/1561 1617/989/1560 1616/992/1559
f 1616/992/1559 1617/989/1560 1619/990/1562
f 1617/989/1560 1620/987/1563 1619/990/1562
f 1619/990/1562 1620/987/1563 1621/988/1564
f 1620/987/1563 1622/985/1565 1621/988/1564
f 1621/988/1564 1622/985/1565 1623/986/1566
f 1622/985/1565 1624/983/1567 1623/986/1566
f 1623/986/1566 1624/983/1567 1625/984/1568
f 1624/983/1567 1626/981/1569 1625/984/1568
f 1625/984/1568 1626/981/1569 1627/982/1570
f 1626/981/1569 1628/979/1571 1627/982/1570
f 1627/982/1570 1628/979/1571 1629/980/1572
f 1628/979/1571 1630/977/1573 1629/980/1572
f 1629/980/1572 1630/977/1573 1631/978/1574
f 1630/977/1573 1632/975/1575 1631/978/1574
f 1631/978/1574 1632/975/1575 1633/976/1576
f 1632/975/1575 1634/973/1577 1633/976/1576
f 1633/976/1576 1634/973/1577 1635/974/1578
f 1634/973/1577 1636/971/1579 1635/974/1578
f 1635/974/1578 1636/971/1579 1637/972/1580
f 1636/971/1579 1638/969/1581 1637/972/1580
f 1637/972/1580 1638/969/1581 1639/970/1582
f 1638/969/1581 1640/967/1583 1639/970/1582
f 1639/970/1582 1640/967/1583 1641/968/1584
f 1640/967/1583 1642/965/1585 1641/968/1584
f 1641/968/1584 1642/965/1585 1643/966/1586
f 1642/965/1585 1644/962/1587 1643/966/1586
f 1643/966/1586 1644/962/1587 1645/964/1588
f 1590/1106/1533 1593/1107/1536 1645/964/1588
f 1645/964/1588 1593/1107/1536 1643/966/1586
f 1593/1107/1536 1595/1120/1538 1643/966/1586
f 1643/966/1586 1595/1120/1538 1641/968/1584
f 1595/1120/1538 1597/1119/1540 1641/968/1584
f 1641/968/1584 1597/1119/1540 1639/970/1582
f 1616/992/1559 1619/990/1562 1615/1110/1558
f 1615/1110/1558 1619/990/1562 1613/1111/1556
f 1619/990/1562 1621/988/1564 1613/1111/1556
f 1613/1111/1556 1621/988/1564 1611/1112/1554
f 1621/988/1564 1623/986/1566 1611/1112/1554
f 1611/1112/1554 1623/986/1566 1609/1113/1552
f 1625/984/1568 1609/1113/1552 1623/986/1566
f 1625/984/1568 1627/982/1570 1609/1113/1552
f 1609/1113/1552 1627/982/1570 1607/1114/1550
f 1627/982/1570 1629/980/1572 1607/1114/1550
f 1607/1114/1550 1629/980/1572 1605/1115/1548
f 1629/980/1572 1631/978/1574 1605/1115/1548
f 1605/1115/1548 1631/978/1574 1603/1116/1546
f 1631/978/1574 1633/976/1576 1603/1116/1546
f 1603/1116/1546 1633/976/1576 1601/1117/1544
f 1633/976/1576 1635/974/1578 1601/1117/1544
f 1601/1117/1544 1635/974/1578 1599/1118/1542
f 1635/974/1578 1637/972/1580 1599/1118/1542
f 1599/1118/1542 1637/972/1580 1597/1119/1540
f 1637/972/1580 1639/970/1582 1597/1119/1540
v 1325.623 665.2955 1854.058
vt 0.9082147 0.7422123
vn -0.04962135 0.8456438 -0.5314361
v 1402.699 662.7335 1982.252
vt 0.2100556 0.8110874
vn 0.2017367 0.9733474 -0.1090736
v 1348.827 655.7629 1967.131
vt 0.4265043 0.950578
vn 0.1797769 0.9797174 -0.08850989
v 1447.251 621.6791 1789.773
vt 0.7783515 0.2606615
vn 0.1706561 0.8235286 -0.5409964
v 1532.616 614.1436 1880.866
vt 0.1906279 0.2329912
vn 0.503544 0.8433078 -0.1878174
v 1520.366 615.7023 1834.526
vt 0.4896092 0.2470673
vn 0.5199357 0.7383443 -0.4295516
v 1660.977 391.7716 1803.632
vt -0.7759402 -0.0003335476
vn 0.6591178 0.5329426 -0.5305996
v 1430.429 541.4084 1748.29
vt -0.4333967 0.1408212
vn 0.2434262 0.4961511 -0.8334133
v 1546.143 357.955 1664.349
vn 0.5001515 0.5124232 -0.6980479
v 1565.13 556.3019 1823.555
vt -0.7166066 0.2418705
vn 0.6448404 0.540843 -0.5400646
vt -0.6504291 0.63403
v 1607.632 546.2034 1921.067
vt -0.9853893 0.337772
vn 0.7612765 0.5837913 -0.282216
vt -0.8730206 0.6382731
v 1696.214 418.6174 1914.204
vn 0.7826694 0.5248269 -0.334642
v -1582.122 -27.82 1306.826
vt -12.93139 0.03420353
vn -0.6298796 0.7668946 0.1229815
v -1411.369 55.093 1457.877
vt -12.50972 0.3436277
vn -0.6103876 0.7537767 0.2434083
v -1518.317 -27.82 1557.081
vt -12.51009 0.03420353
vn -0.5292675 0.819443 0.2199753
v -1471.493 89.42101 1210.783
vt -13.09864 0.4137961
vn -0.6512561 0.748507 0.1249108
v -1352.105 130.8382 1429.197
vt -12.42701 0.4539
vn -0.676788 0.6891543 0.2588906
v -1386.824 169.1853 1171.703
vt -13.21544 0.5583889
vn -0.7370669 0.6618112 0.1368877
v -1272.552 232.3643 1382.007
vt -12.21008 0.6993881
vn -0.6672075 0.6881883 0.2850107
v -1308.651 244.588 1202.053
vt -13.13036 0.7557515
vn -0.7545589 0.634008 0.169336
v -965.1459 217.0372 1953.834
vt -25.05791 -0.4711051
vn -0.6280182 0.5391983 0.5611224
v -987.2679 -27.82 2134.18
vt -24.85292 -0.9870404
vn -0.8072656 0.4606219 0.3689847
v -1020.327 -27.82 2021.653
vt -25.07812 -0.9774241
vn -0.7159188 0.3865251 0.5814281
v -885.7848 156.5635 2091.327
vt -24.84601 -0.5925753
vn -0.7632639 0.528807 0.3712026
v -915.1317 -27.82 2342.364
vt -24.66127 -1.032168
vn -0.8135595 0.5099375 0.2794363
v -845.0204 114.2429 2289.076
vt -24.66391 -0.6594958
vn -0.8247306 0.4816329 0.2963937
v -1614.502 -27.82 583.9186
vt 18.79709 0.03420353
vn -0.549279 0.8058583 0.2210997
v -1558.775 34.15085 472.9797
vt 18.61081 0.2080483
vn -0.6191456 0.7737084 0.1342907
v -1528.064 37.03047 546.8062
vt 18.83136 0.2109813
vn -0.5190693 0.8116876 0.267825
v -1640.087 -27.82 474.2131
vt 18.56995 0.03420353
vn -0.5968216 0.799185 0.07146469
v -1554.208 35.91595 332.8468
vt 18.20825 0.2437161
vn -0.6226454 0.7634621 -0.1715761
v -1629.618 -27.82 225.1334
vt 18.11845 0.008750796
vn -0.4976153 0.8542541 -0.1504291
v -813.4165 214.2682 1200.119
vt -10.45245 0.5586039
vn 0.7438906 0.6671342 0.03947936
v -789.2698 118.6369 1012.084
vt -10.04464 0.2807164
vn 0.6449958 0.4553118 -0.6137357
v -732.0939 122.2982 1177.34
vt -10.41458 0.3306503
vn 0.8389685 0.5400516 -0.06690485
v -854.9933 225.6733 1026.983
vt -10.00955 0.511049
vn 0.5967566 0.6450465 -0.4772804
v -879.8396 110.9363 938.7277
vt -9.804712 0.3200725
vn 0.3608571 0.2901323 -0.8863438
v -974.2266 218.8733 964.4504
vt -9.70361 0.5428876
vn 0.2803379 0.4946284 -0.8226502
v -1066.26 115.6375 907.7526
vt -9.49896 0.421994
vn 0.2903923 0.3338697 -0.8967738
v -1156.178 206.0128 922.5341
vt -9.29456 0.6326914
vn 0.1108906 0.5480524 -0.8290609
v -1139.822 36.02041 823.3502
vt -9.251596 0.2557501
vn 0.4527778 0.6394487 -0.6213675
v -1251.316 126.512 841.9771
vt -9.085438 0.4741259
vn 0.1943565 0.7254305 -0.6602849
v -1173.941 24.26009 775.2517
vt -9.151229 0.2023102
vn 0.4810632 0.8573226 -0.183238
v -1274.915 82.06707 767.3635
vt -8.927682 0.3691114
vn 0.2205825 0.9107353 -0.3491483
v -1162.582 31.46322 696.521
vt -8.998538 0.1236731
vn 0.4415358 0.8578598 0.262912
v -1262.199 65.63779 693.6421
vt -8.846439 0.1562936
vn 0.1501352 0.9868117 0.06051587
v -1537.805 -27.82 780.2614
vt 19.14077 0.03420353
vn -0.5700827 0.8211097 -0.02801065
v -1480.518 39.9101 641.0499
vt 19.08885 0.2168931
vn -0.4545706 0.8577836 0.2399437
v -1444.359 32.67278 743.0463
vt 19.25457 0.158226
vn -0.5174574 0.855674 -0.007737985
v -1557.719 -27.82 677.9537
vt 19.00839 0.03420353
vn -0.5337251 0.8142123 0.2284641
v -1446.141 74.00037 951.2656
vt -8.292861 0.4399558
vn -0.6927254 0.6728457 -0.2596347
v -1601.098 -27.82 1114.51
vt -7.891322 0.03420353
vn -0.6951177 0.7136126 -0.0869966
v -1560.941 -27.82 914.1441
vt -8.294201 0.03420353
vn -0.6369878 0.7464952 -0.1923317
v -1471.949 96.39671 1025.877
vt -8.195241 0.5090201
vn -0.7168334 0.6818998 -0.145473
vt -7.448636 0.03420353
vt -7.883385 0.7647393
v -1366.965 140.6239 892.6974
vt -8.705209 0.5543714
vn -0.5602782 0.7080626 -0.4298089
v -1365.974 194.31 954.7859
vt -8.693824 0.6074795
vn -0.647495 0.6825527 -0.3389278
vt -8.298893 0.7374289
vt 19.77068 0.2128452
v -1094.179 58.64219 588.6549
vt 20.14935 0.2717901
vn 0.5166124 0.78088 0.3511952
vt 19.93999 0.1504724
v -1246.811 86.955 598.2968
vt 19.84078 0.4011656
vn 0.07276702 0.9105284 0.4069928
v -1162.533 136.2605 508.7208
vt 20.24902 0.4978002
vn 0.3506572 0.8500699 0.3929641
v -1268.898 116.7405 563.8397
vt 19.78038 0.5366548
vn 0.004371638 0.8290625 0.559139
v -1240.984 181.8806 468.5547
vt 20.11638 0.6274971
vn 0.1609949 0.9424258 0.2931113
v -1289.579 144.6301 531.576
vt 19.64251 0.6764863
vn -0.1047757 0.844806 0.5247142
v -1288.838 192.7151 433.0134
vt 20.06457 0.9394079
vn -0.008495928 0.9689851 0.2469732
v -1366.332 137.1124 490.445
vt 19.14608 0.7098193
vn -0.220401 0.8459644 0.485559
v -1343.43 203.5496 410.3333
vt 18.50346 0.8176918
vn -0.1387979 0.9792902 0.147397
v -1449.823 129.5946 462.1752
vt 18.66832 0.499135
vn -0.4622455 0.824146 0.3272803
v -1397.82 192.6686 350.9108
vt 18.01666 0.7778693
vn -0.3922569 0.916614 -0.07715748
v -1473.304 131.0883 349.61
vt 18.18937 0.4278651
vn -0.6648961 0.743438 -0.07220204
v -1384.354 183.6301 295.473
vt 17.72917 0.7447903
vn -0.1009722 0.8804179 -0.4633239
v -1439.973 127.3603 242.8468
vt 17.79331 0.4263288
vn -0.4170317 0.7365897 -0.5324661
v -1086.309 402.8907 1142.176
vt -2.935511 0.8066378
vn 0.1323603 0.9657412 -0.2232143
v -1167.968 377.9189 1319.311
vt -3.400138 0.9219064
vn -0.3415427 0.8888681 0.3053884
v -1187.807 394.0073 1170.077
vt -2.925954 0.9356293
vn -0.4382833 0.8974059 0.05070031
v -1031.974 388.4195 1248.139
vt -3.309776 0.7555443
vn 0.3193401 0.9313818 0.1747851
v -1103.967 301.2015 1486.069
vt -3.96905 0.7727051
vn -0.2747187 0.9107004 0.3084709
v -1013.903 308.5942 1456.824
vt -3.963829 0.6565862
vn 0.2822547 0.9494238 0.1375747
v -1288.09 209.5367 929.8875
vt -8.935502 0.657135
vn -0.200738 0.6857163 -0.6996409
v -1314.344 127.1791 845.6826
vt -8.843495 0.5011801
vn -0.1853449 0.8043037 -0.5645731
v -1359.313 85.01292 772.2087
vt -8.759303 0.4102271
vn -0.2184969 0.904814 -0.3654732
v -1380.359 60.26077 708.9312
vt -8.756207 0.1763072
vn -0.2235999 0.9741463 -0.03228173
v -937.4316 311.3028 1057.18
vt -2.81497 0.5396564
vn 0.4513486 0.8026046 -0.3900133
v -911.37 303.3135 1218.217
vt -3.330998 0.541743
vn 0.626769 0.775301 0.07790351
v -916.0399 235.8806 1412.809
vt -3.925119 0.455173
vn 0.5026233 0.8620127 -0.06560399
v -1151.482 292.5975 979.6359
vt -2.378385 0.8611227
vn 0.004405208 0.6952109 -0.7187923
v -1213.124 364.2527 1091.186
vt -2.661441 0.9033157
vn -0.3141101 0.8905662 -0.3289782
v -1255.241 292.9625 995.011
vt -2.082273 0.8185748
vn -0.1941002 0.736312 -0.6482051
v -1154.993 368.9181 1082.554
vt -2.689349 0.774231
vn -0.01504117 0.8545673 -0.5191227
vt -3.521851 0.5227081
vt -2.916982 0.5337132
v -1203.055 201.9032 1554.448
vt -4.113245 0.4404048
vn -0.5961831 0.7335073 0.3263937
v -909.9856 298.4471 1898.993
vt -27.40226 5.164122
vn -0.3772772 0.8329175 0.4048586
v -817.1488 328.703 1864.559
vt -27.27948 5.290969
vn -0.3168135 0.8763691 0.3627761
v -801.1546 266.3953 2058.393
vt -27.11026 5.142201
vn -0.5995494 0.7483756 0.2836804
vt -10.97697 0.729578
v -819.5006 167.9784 1385.285
vt -10.95528 0.5120889
vn 0.6182789 0.7530347 -0.2250998
vt -10.48012 0.7919939
vt -9.935679 0.7222946
v -1051.537 301.3495 999.5012
vt -9.615535 0.7526951
vn 0.1731941 0.7006309 -0.692185
vt -9.3616 0.782057
vt -9.10013 0.8320583
v -1320.402 305.8682 1045.462
vt -8.852298 0.8447241
vn -0.5949494 0.7655234 -0.2449677
vt -8.451455 0.9230024
v -995.7292 296.2596 1812.849
vt 0.7630791 0.2043225
vn -0.5067279 0.7784829 0.3703934
vt 0.9889738 0.4858101
vt 1.045203 0.2660118
v -1053.274 286.3935 1673.363
vt -25.4736 -0.2903223
vn -0.5897661 0.8069652 0.03135283
v -1035.059 223.1287 1879.238
vt -25.24741 -0.4689159
vn -0.6844895 0.5359359 0.4942132
v -1118.777 193.5084 1730.033
vt -25.44934 -0.4777195
vn -0.6503264 0.6138343 0.4475299
vt -25.24225 -0.2678509
vt -25.07961 -0.287291
vt -24.8492 -0.2846901
v -789.3106 260.4761 2251.518
vt -24.61869 -0.2705474
vn -0.7341788 0.6190203 0.2789181
v -1082.866 -27.82 1974.353
vt -25.23138 -0.9770339
vn -0.7253892 0.3682595 0.5815457
v -1195.285 -27.82 1797.752
vt -25.45217 -0.9573286
vn -0.6390992 0.4879609 0.5945135
v -831.5297 265.9664 1528.245
vt 0.3710695 0.7719136
vn 0.008754829 0.6752807 -0.7375089
vt 0.002852877 0.5318921
vt 0.02969249 0.7396749
v -908.6375 276.4683 1604.386
vt 0.4359013 0.5629202
vn -0.2657065 0.7660524 -0.5852895
vt -0.04520228 0.3463017
vt 0.3926322 0.2485129
vt -2.099173 0.9315161
vt -2.532339 0.600298
v -1401.789 78.00537 819.5583
vt -8.651038 0.4229223
vn -0.553526 0.7968543 -0.2421406
vt -8.640966 0.1618599
v -1442.723 48.37869 863.9292
vt -8.481759 0.312746
vn -0.6319111 0.761585 -0.1437941
vt -8.421154 0.03420353
v -1278.837 136.0361 1595.067
vt -25.26945 -0.547195
vn -0.6323814 0.6937622 0.3446562
vt -25.25151 -0.3959155
vt -25.06764 -0.220612
vt -25.04338 -0.4080092
v -644.4326 -27.82 1147.178
vt -10.37751 0.03420353
vn 0.8190156 0.5737686 0.001718947
v -625.4832 -27.82 1303.859
vt -10.89011 0.03420353
vn 0.6462624 0.7130094 -0.2719604
v -787.9397 108.667 1362.922
vt -10.89597 0.2954977
vn 0.6762767 0.6805993 -0.2818411
v -760.0168 115.4826 1270.131
vt -10.61389 0.316291
vn 0.8050762 0.5627255 0.1875962
v 567.1694 701.5005 1906.577
vt 9.452965 2.999645
vn -0.4747289 0.5671778 0.6730096
v 622.4134 740.2024 1905.359
vt 9.248013 3.117592
vn -0.5792564 0.7099774 0.4004924
v 609.1689 712.8602 2124.644
vt 9.339821 3.484865
vn -0.8148694 0.5369335 0.2183809
v 562.8443 622.5098 2216.401
vt 9.837358 3.454173
vn -0.5424679 0.8268835 0.1482977
v 2313.836 396.2268 1312.585
vt -15.7534 3.329474
vn 0.5172622 0.7698643 -0.3738299
v 2433.895 227.186 1301.872
vt -15.77418 3.594852
vn 0.6390725 0.6949309 -0.3296323
v 2473.839 272.0566 1491.852
vt -16.5552 3.70089
vn 0.6906328 0.6582004 -0.2996642
v 2347.104 426.9263 1460.285
vt -16.48364 3.317278
vn 0.5762956 0.7525341 -0.3187097
v -469.5385 581.2097 1961.328
vt 13.20509 2.784442
vn -0.273958 0.6646441 -0.6951224
v -504.4684 515.1639 1921.407
vt 13.40709 2.692291
vn -0.2884655 0.7533685 -0.5909514
v -446.8273 456.631 1797.007
vt 12.97653 2.449348
vn -0.161269 0.8080466 -0.5666153
v -362.3564 529.1744 1902.703
vt 12.74338 2.686156
vn -0.2254639 0.7464074 -0.6261327
v -445.9419 498.1917 2441.583
vt -21.82391 0.3721775
vn -0.5491757 0.4668095 0.6931775
v -421.6234 533.2321 2424.599
vt -22.12969 0.1459275
vn -0.5194385 0.5454684 0.6577597
v -360.4346 506.6917 2479.24
vt -22.19461 0.2359174
vn -0.4081001 0.4785812 0.7774408
v -399.4919 475.2452 2480.128
vt -22.04489 0.4101207
vn -0.459217 0.42632 0.7793401
v -380.6288 657.7444 2003.701
vt 13.02155 2.984263
vn -0.353422 0.5398757 -0.7639549
v -443.996 677.4274 2054.215
vt 13.31285 2.968805
vn -0.4160647 0.7097778 -0.5684238
v -501.5613 655.2148 2042.697
vt 13.47811 2.930275
vn -0.4911852 0.6715915 -0.554709
v -1417.296 -27.82 1729.595
vt -25.28987 0.03420353
vn -0.477858 0.7305607 0.4877835
v -1322.643 62.37998 1645.262
vt -25.25673 -0.6905129
vn -0.5732689 0.6966584 0.4313117
vt -25.04621 -0.8876183
v 1022.813 402.4363 1349.277
vt 0.9865227 -0.1644344
vn -0.05416409 0.5515971 -0.8323503
v 1115.859 449.1409 1380.145
vt 0.3324571 -0.07255781
vn 0.08808294 0.8187402 -0.5673674
v 1118.191 457.9864 1394.065
vt 0.3882743 0.2263478
vn 0.3258482 0.5878323 -0.7404567
v 1028.368 465.2071 1334.109
vt 1.02778 0.141591
vn 0.3391542 0.3453287 -0.8750557
vt -27.47177 0.3309426
vt -27.52539 0.564566
vt -27.13017 0.4656043
vt -11.91652 0.6160394
vt -12.12919 0.4716224
vt -12.16465 0.3430175
vt -12.23257 0.03420353
v -1053.358 -27.82 829.6151
vt -9.341633 0.03420353
vn 0.5070803 0.6623263 -0.5515373
v -965.5027 -27.82 896.549
vt -9.541757 0.03420353
vn 0.3867838 0.3660342 -0.8464144
v -1072.673 -27.82 760.5056
vt -9.161756 0.03420353
vn 0.497052 0.8630533 -0.08987957
v -1055.564 -27.82 686.1532
vt -9.01834 0.03420353
vn 0.4835976 0.8463253 0.2233089
v -1210.252 175.1167 398.0462
vt 20.70617 0.6483192
vn 0.4600824 0.8667212 -0.1926619
v -1247.596 180.9919 366.288
vt 20.96394 0.7351352
vn 0.3440423 0.8888388 -0.3026556
v -1185.582 133.4487 367.0594
vt 20.83911 0.479111
vn 0.5109997 0.7308198 -0.452528
v -1234.696 135.6609 317.4243
vt 21.01404 0.4867216
vn 0.4424144 0.7103404 -0.5474359
v -1145.696 86.3167 329.0044
vt 20.86003 0.2993592
vn 0.5946264 0.5812619 -0.5554764
v -1200.512 72.66015 266.1077
vt 21.11712 0.286467
vn 0.5097488 0.5981899 -0.6183243
v -1096.246 -27.82 311.5399
vt 20.86086 0.03420353
vn 0.6870691 0.4139357 -0.5971543
v -1175.95 -27.82 210.1185
vt 21.18866 0.03420353
vn 0.5734777 0.5247224 -0.6291182
v -1379.823 135.1531 242.8864
vt 17.60625 0.5673741
vn 0.07929003 0.7091933 -0.7005411
v -991.0781 -27.82 478.4077
vt 20.4421 0.03420353
vn 0.7923354 0.6100346 0.007902279
v -1095.752 84.81205 385.2658
vt 20.67785 0.2864694
vn 0.6689455 0.6155643 -0.4166443
v -1034.144 -27.82 383.6535
vt 20.64808 0.03420353
vn 0.7624459 0.4366142 -0.4775398
v -1064.844 83.3074 464.1679
vt 20.46292 0.2916603
vn 0.7190666 0.6949295 -0.004023304
v -1156.703 134.2019 390.4155
vt 20.70966 0.4752706
vn 0.5455496 0.7695845 -0.3318364
v -1146.862 134.9552 436.4122
vt 20.6172 0.4781266
vn 0.5501844 0.833706 -0.04723848
v -1472.455 45.81023 183.362
vt 17.78334 0.2602578
vn -0.4284022 0.7585191 -0.49104
v -1377.731 53.38614 169.4397
vt 17.52591 0.3125232
vn 0.1168119 0.751946 -0.6487929
v -1425.655 102.5285 537.8825
vt 19.01281 0.481192
vn -0.3057061 0.8575929 0.4136159
v -1401.487 75.46236 613.5898
vt 19.24369 0.3748724
vn -0.2218343 0.9279881 0.299379
vt 19.40332 0.1956489
v -1290.549 137.8731 280.6504
vt 21.32943 0.5215901
vn 0.3261295 0.7100548 -0.6240687
vt 21.84222 0.71637
vt 21.76971 0.5673741
v -1291.679 186.8671 347.3911
vt 21.40953 0.7282169
vn 0.2312374 0.8996488 -0.3703531
vt 22.03059 0.8253871
vt 21.60853 0.8435054
v -1500.483 -27.82 56.0807
vt 17.68336 0.03420353
vn -0.3782628 0.853485 -0.3584419
v -1409.403 -27.82 34.45245
vt 17.5197 0.03420353
vn 0.102323 0.8461608 -0.5230124
vt 21.7012 0.275468
v -1262.383 -27.82 124.2633
vt 21.46612 0.03420353
vn 0.378507 0.7078252 -0.5964192
v -1262.066 59.00359 216.0721
vt 21.307 0.2660117
vn 0.3882325 0.6406982 -0.6624057
vt -6.763001 0.5596598
v -674.2113 104.4207 1416.345
vt -6.373568 0.2826611
vn 0.4053285 0.5916882 -0.69686
v -749.9021 201.2 1455.959
vt -6.510826 0.7254927
vn 0.2871287 0.7328822 -0.6167988
vt -6.68968 0.2976004
v -607.0558 -27.82 1363.589
vt -6.248158 0.02467769
vn 0.4197843 0.5974727 -0.6832331
vt -6.486214 0.02467769
vt -6.775177 0.7928113
vt -7.022154 0.7091677
v 2215.165 492.2943 1472.145
vt 0.4956783 0.5770698
vn 0.131761 0.9779031 -0.1623098
v 1852.959 488.4699 1348.719
vt -0.1051204 0.8243873
vn 0.002641135 0.9892491 -0.1462164
v 2148.649 453.8301 1322.978
vt 0.4472195 0.764387
vn 0.2032554 0.9412309 -0.2697622
v 1921.212 495.1992 1461.904
vt -0.03589233 0.6769102
vn 0.01160478 0.9993016 -0.03552101
v 1700.317 484.2402 1361.901
vt -0.3901986 0.8554789
vn -0.2715272 0.9502751 -0.1524805
v 1712.437 493.0889 1482.149
vt -0.4268897 0.7169517
vn -0.1359955 0.9901733 -0.03258951
v 1528.785 422.0484 1486.162
vt -0.764089 0.7676492
vn -0.002836551 0.8873339 -0.4611188
v 1569.715 458.5663 1553.843
vt -0.7224798 0.6794275
vn -0.03509496 0.9881158 -0.1496513
v 1271.782 609.3924 1620.803
vt 6.585142 2.766548
vn 0.3173507 0.8154986 -0.4839944
v 1289.997 680.8498 1771.698
vt 6.524517 3.019706
vn 0.4319376 0.6948911 -0.5749401
v 1164.646 674.8724 1762.114
vt 7.039082 3.042504
vn 0.3118818 0.6937189 -0.6492178
v 1358.75 617.3984 1708.519
vt 6.355567 2.825392
vn 0.5000052 0.7951928 -0.3430206
v 1319.001 662.3184 1813.006
vt 6.398939 3.018254
vn 0.7128226 0.6466609 -0.2715026
v 1416.758 580.3355 1791.135
vt 6.064538 2.832979
vn 0.6205649 0.7557316 -0.2092103
v 1352.269 672.1105 1913.565
vt 6.239923 3.038516
vn 0.7336185 0.6344202 -0.2435466
v 1477.893 577.166 1940.17
vt 5.92307 2.953938
vn 0.6021432 0.7633638 -0.2338789
v 1109.329 670.4495 1661.448
vt 7.231307 2.990909
vn 0.4732625 0.7013508 -0.5330382
v 1163.797 594.5073 1553.188
vt 6.900621 2.668803
vn 0.2869345 0.7722468 -0.5668364
v 1350.857 501.225 1546.324
vt 6.179505 2.374882
vn 0.3193481 0.8092722 -0.493047
v 1230.186 448.0193 1401.477
vt 6.531607 2.171606
vn 0.1976893 0.8343801 -0.514518
v 569.8538 786.1104 1877.929
vt 0.9385813 0.3233973
vn -0.01817431 0.9260432 0.3769798
v 518.8012 784.5601 1814.316
vt 0.6169283 0.5321686
vn -0.3459805 0.9317725 -0.1099887
v 578.0539 784.6534 1837.899
vt 0.8876225 0.5217875
vn 0.09937435 0.9949555 0.01372406
v 514.3958 778.5827 1867.902
vt 0.7098235 0.2775167
vn -0.3946431 0.791351 0.4669266
v 464.2982 731.3453 1790.878
vt 0.3530819 0.5447808
vn -0.6217186 0.7626498 -0.1784132
v 457.5681 737.2393 1853.034
vt 0.4547477 0.246714
vn -0.6947715 0.6524331 0.3026938
v 957.8288 953.7819 1903.553
vt 0.4174041 -0.3558307
vn 0.1306624 0.9381545 -0.3206142
v 1099.203 928.4751 1936.674
vt 0.0646189 -0.1858989
vn 0.4148908 0.9036906 -0.105872
v 879.2669 966.966 2091.477
vt 0.9300117 -0.1430018
vn -0.1431909 0.9836002 0.1096679
v 609.8995 688.3898 1647.443
vt 8.962724 2.821647
vn -0.4530635 0.705487 -0.5449969
v 767.9976 742.5148 1641.365
vt 8.445678 3.13462
vn -0.2164839 0.720185 -0.6591421
v 663.1962 750.5596 1727.965
vt 8.893185 3.060276
vn -0.4991262 0.7804675 -0.3764884
v 750.8376 646.3631 1559.374
vt 8.434354 2.712246
vn -0.2612757 0.6012487 -0.7551391
v 903.6563 701.6726 1584.95
vt 7.861472 3.00168
vn -0.007943316 0.6705854 -0.7417898
v 839.8794 630.5006 1526.346
vt 8.058041 2.677459
vn -0.03334841 0.6593696 -0.7510789
vt -3.087196 -0.07941842
v 1041.491 942.7699 2103.936
vt -2.709713 -0.2504929
vn 0.347413 0.8779801 0.3293252
v 791.1124 880.322 2263.58
vt -3.534432 -0.3480264
vn -0.2260752 0.8437572 0.4867892
vt -2.236204 -0.1060301
v 1124.118 878.2266 2108.863
vt -2.512441 -0.3721899
vn 0.455467 0.8147737 0.3587388
v 1190.943 842.1708 2004.12
vt -2.162222 -0.3650241
vn 0.6240953 0.7809545 0.0248004
v 2028.569 363.383 983.6136
vt 1.118142 0.7952302
vn 0.1325245 0.7747897 -0.6181732
v 1793.567 482.6141 1250.227
vt 0.5436819 0.506853
vn -0.1231409 0.9454246 -0.3016763
v 1661.415 297.1122 1001.66
vt 0.2206405 0.7757112
vn -0.2695625 0.7548574 -0.5979351
v 2124.195 439.6894 1268.139
vt 1.351897 0.487479
vn 0.1892796 0.9167599 -0.3517449
vt 0.6888652 0.4003218
vt 1.411674 0.4281636
v 1016.376 211.4697 1188.31
vt -16.44679 0.03129482
vn 0.05335226 0.7900494 -0.6107172
v 890.5189 341.6465 1267.932
vt -16.76968 0.5075541
vn 0.01956214 0.7884794 -0.61475
v 848.9736 232.1517 1116.32
vt -16.76788 0.02336645
vn 0.09176406 0.8443804 -0.5278268
v 1024.518 346.6895 1267.178
vt -16.43093 0.5407591
vn -0.03905276 0.6849973 -0.7274982
v 914.7528 394.6968 1346.453
vt -16.79369 0.8005204
vn -0.1839892 0.4621851 -0.8674865
vt -16.45765 0.7924296
v 1336.229 286.3741 1096.398
vt -11.30789 0.1099143
vn -0.2662802 0.8704361 -0.414048
v 1480.187 352.8528 1405.8
vt -11.4509 0.6935465
vn -0.1675171 0.9001402 -0.4021017
v 1207.113 253.5291 1129.09
vt -11.0049 0.008943081
vn -0.2081651 0.9126514 -0.3517593
v 1131.35 812.8192 1802.26
vt -0.3113219 -0.5259649
vn 0.413813 0.6213007 -0.6653903
v 1066.603 841.0709 1769.707
vt -0.1395345 -0.5398265
vn 0.4344783 0.6913201 -0.5773259
vt -0.7301826 -0.8803537
vt -0.6265498 -0.9713091
v 2153.261 483.2458 1660.237
vt 0.2906806 0.3846895
vn 0.01027302 0.9994283 0.03220958
v 1966.23 489.5803 1659.682
vt -0.05045132 0.4415271
vn 0.01843513 0.9993647 0.03050249
v 347.4642 554.618 2319.009
vt 36.45887 0.4411498
vn -0.04399985 0.9914526 0.1228243
v 567.9883 571.1774 2532.889
vt 36.89291 0.9526967
vn -0.3086402 0.8902144 0.3350515
v 347.7718 539.1115 2426.994
vt 36.46021 0.953833
vn -0.06345885 0.9629788 0.2620017
v 461.2649 634.8845 2311.057
vt 36.68206 0.4145502
vn -0.3606678 0.9213825 0.1448206
v 661.9278 716.9551 2313.223
vt 37.07626 0.4147336
vn -0.4966944 0.7555174 0.4271864
vt 36.85849 0.2749324
v 1807.905 492.5018 1659.765
vt -0.3394982 0.4890209
vn -0.05007815 0.9974157 0.05151805
v 1633.613 471.9344 1717.953
vt -0.6861089 0.4761361
vn 0.01819958 0.9998028 -0.007941888
vt 5.592648 2.222355
v 1447.683 496.9813 1645.864
vt 5.948165 2.525311
vn 0.3991389 0.8545698 -0.332263
vt 5.460592 2.393409
v 1504.661 503.3981 1754.087
vt 5.797628 2.705967
vn 0.4008905 0.8998895 -0.1717142
vt 5.298311 2.601279
v 1569.086 480.0918 1855.781
vt 5.646395 2.841797
vn 0.3669202 0.922456 -0.1201853
v 1794.994 474.4035 1833.711
vt 5.182038 2.834791
vn 0.01899108 0.9988508 0.04400566
v 1595.218 257.8821 1015.688
vt 0.05882088 0.7605379
vn -0.2404445 0.7752523 -0.5840978
v 1684.571 455.6783 1286.474
vt 0.2772434 0.467648
vn -0.3504101 0.891086 -0.2884068
vt -0.574273 0.6732396
vt -0.2223696 0.3385809
v 2236.14 271.6384 1021.274
vt 1.282938 0.6718736
vn 0.539845 0.6150316 -0.5747203
v 1975.076 164.2636 829.3049
vt 0.7659802 0.4464023
vn 0.0385549 0.7563731 -0.6530033
v 2183.389 133.7024 873.5898
vt 1.19498 0.358189
vn 0.3978372 0.6962246 -0.5974922
vt 0.8673655 0.8682826
v 1674.666 130.4148 861.9632
vt 0.09588379 0.4524535
vn -0.2452264 0.7573556 -0.6052078
vt 0.1107735 0.8039945
v 1598.641 113.0518 889.8704
vt -0.05019695 0.4309586
vn -0.1678539 0.7330139 -0.659178
vt -0.02514416 0.7611117
vt 0.7538347 0.7263958
vt 0.7423197 0.5507172
v 812.5658 346.0954 1281.73
vt -17.04867 0.5045867
vn -0.1179713 0.7956231 -0.5941942
v 656.9945 208.461 1212.159
vt -17.31605 0.03534317
vn -0.6415066 0.6492635 -0.4085661
v 755.4651 233.6837 1128.172
vt -17.04491 0.05241203
vn -0.25828 0.8285555 -0.4967768
v 713.9836 364.9074 1316.415
vt -17.2972 0.568943
vn -0.4602643 0.6796128 -0.5712121
v 602.3661 194.9844 1373.814
vt -17.59718 0.03415918
vn -0.5937244 0.6271617 -0.5041424
v 647.9958 359.3539 1383.618
vt -17.57948 0.6005216
vn -0.575715 0.4735759 -0.6665419
v 514.9332 193.0636 1397.943
vt -17.84971 0.03310299
vn -0.1449117 0.7122626 -0.6867914
v 529.0817 351.5424 1462.199
vt -17.92485 0.6728191
vn -0.2586888 0.3972271 -0.880506
v 419.7734 208.4272 1415.514
vt -18.17065 0.05491447
vn 0.1510816 0.7124977 -0.6852164
v 439.6406 325.9189 1454.014
vt -18.16219 0.646996
vn 0.03197172 0.4478632 -0.8935302
v 274.6502 234.3692 1368.89
vt -18.58042 0.07486629
vn 0.3053114 0.6935212 -0.6525437
v 323.9896 354.2441 1447.802
vt -18.51627 0.6707673
vn 0.2063598 0.6056666 -0.7684944
v 89.80789 267.0809 1306.845
vt -19.04974 0.03958178
vn 0.09735674 0.7432402 -0.661903
v 129.5741 376.8642 1383.284
vt -18.9979 0.6281781
vn 0.08782905 0.7815017 -0.6176901
v -72.54008 264.171 1347.359
vt -19.55052 0.06364346
vn -0.2831551 0.7379634 -0.6125629
v -36.89214 369.8914 1392.293
vt -19.50074 0.6265359
vn -0.2400931 0.8015946 -0.5475412
v -202.423 284.7984 1464.623
vt -20.1529 0.03336
vn -0.4987192 0.6797175 -0.537832
v -144.4791 380.8897 1497.135
vt -19.94725 0.6870041
vn -0.4546518 0.7199514 -0.524368
v -269.479 273.579 1524.032
vt -20.35351 0.03492594
vn -0.5364354 0.6289688 -0.5627035
v -203.7406 373.7674 1554.139
vt -20.14245 0.6642718
vn -0.4925078 0.6487904 -0.5800924
v -337.5097 266.505 1578.437
vt -20.60698 0.07462645
vn -0.3048444 0.6498974 -0.6962063
v -285.833 366.4089 1597.301
vt -20.51411 0.6422462
vn -0.367083 0.6244462 -0.6894324
v -416.0641 258.0446 1568.301
vt -20.8514 0.0896492
vn -0.1179331 0.7090836 -0.6951923
v -367.918 348.4215 1626.481
vt -20.7349 0.6033053
vn -0.2194303 0.6227967 -0.7509825
v -549.285 249.6039 1596.122
vt -21.31202 0.03830338
vn -0.002998834 0.7598767 -0.6500603
v -475.8895 336.8657 1631.504
vt -21.01649 0.5480795
vn -0.04581109 0.6167517 -0.7858236
v -680.3036 234.4216 1526.634
vt -21.80719 0.05553102
vn 0.2294602 0.6290851 -0.7426978
v -591.5957 352.422 1649.667
vt -21.33825 0.5627847
vn -0.1090363 0.723534 -0.6816228
v 820.5823 458.8243 1412.056
vt -17.04935 0.9966197
vn -0.4384287 0.503696 -0.7443592
v 729.627 433.1066 1391.465
vt -17.31844 0.9204969
vn -0.2331329 0.8256338 -0.5137877
v 818.0406 418.8416 1384.369
vt -17.04451 0.9048685
vn -0.187639 0.6865552 -0.7024482
v 728.3787 441.7311 1438.667
vt -17.3384 0.983139
vn -0.3154233 0.7131721 -0.6260142
v 665.4927 422.8073 1433.128
vt -17.57731 0.9138956
vn -0.3529461 0.7625632 -0.5421497
v 678.1503 443.3335 1471.389
vt -17.56645 0.9758191
vn -0.3039268 0.7226986 -0.6207537
v 526.4868 431.6783 1496.52
vt -17.98507 0.9361334
vn -0.2059178 0.6808121 -0.7029173
v 525.2055 445.8684 1515.91
vt -18.00052 0.979248
vn -0.2998906 0.6971546 -0.6511844
v 444.3822 426.7373 1506.887
vt -18.2144 0.9253635
vn -0.1240345 0.7403542 -0.6606747
v 446.3068 441.1659 1530.793
vt -18.22384 0.971868
vn -0.246702 0.8111216 -0.5303017
v 319.2896 397.1018 1504.786
vt -18.55313 0.9170671
vn -0.02882897 0.9150742 -0.4022537
v 317.3454 396.5934 1530.803
vt -18.57371 0.9661674
vn -0.04848822 0.8966261 -0.4401257
v 148.2246 388.0533 1452.354
vt -18.98692 0.9319925
vn 0.007834077 0.9860453 -0.1662927
v 158.2389 392.2118 1491.886
vt -18.98328 0.9802251
vn 0.05920341 0.8971717 -0.4376962
v -9.180367 379.8695 1436.808
vt -19.46016 0.9291172
vn -0.03636101 0.981735 -0.1867465
v 8.253041 379.6931 1467.257
vt -19.43068 0.9698572
vn -0.03087063 0.8736407 -0.4855913
v -111.1201 401.3073 1508.636
vt -19.86269 0.928257
vn -0.1301434 0.9454062 -0.2987805
v -91.87843 405.4011 1517.714
vt -19.81933 0.9584222
vn -0.1615392 0.878176 -0.4502356
v -175.6135 416.445 1590.012
vt -20.0911 0.9675117
vn -0.2270923 0.9171809 -0.3274267
v -157.2099 418.9916 1615.929
vt -20.05465 0.9931757
vn -0.2540611 0.9016894 -0.3498703
vt -0.622781 0.9276273
v 1250.104 109.6163 956.6483
vt -0.7139804 0.380324
vn -0.4567267 0.6676528 -0.5879119
v 1378.493 126.2163 888.4846
vt -0.4313788 0.3967044
vn -0.2547669 0.7407073 -0.6216483
v 1211.131 242.7083 1096.54
vt -0.9756079 0.9484487
vn -0.4519437 0.7330432 -0.5083252
v 1136.524 94.36678 1061.95
vt -1.102217 0.4516701
vn -0.384492 0.6683646 -0.6367532
v 1128.255 215.2084 1150.133
vt -1.169569 0.9163942
vn -0.384113 0.7204854 -0.5773715
v 1027.71 88.11738 1087.76
vt -1.393726 0.4439085
vn 0.0042677 0.652946 -0.7573925
v 1017.674 199.9139 1160.745
vt -1.457671 0.9224195
vn 0.06664886 0.7641942 -0.6415335
v 825.8476 89.38418 1020.162
vt -1.937934 0.42471
vn 0.01484773 0.5271176 -0.8496626
v 848.3302 223.1859 1090.922
vt -1.985968 0.9223688
vn 0.1083332 0.7424892 -0.6610399
v 750.6801 88.85607 1036.092
vt -2.182273 0.446102
vn -0.4176727 0.4237619 -0.8037259
v 754.8141 219.3146 1099.982
vt -2.204557 0.9147211
vn -0.3674284 0.6841413 -0.6300374
v 650.2917 86.48566 1125.818
vt -2.470403 0.4364299
vn -0.7240767 0.3721101 -0.5807297
v 656.1086 194.8574 1185.016
vt -2.486244 0.9208951
vn -0.7077436 0.5628817 -0.4269229
v 577.4296 83.74503 1230.075
vt -2.699299 0.4642999
vn -0.5317279 0.5365529 -0.6552683
v 598.8355 180.6132 1337.902
vt -2.702007 0.9664221
vn -0.4953758 0.755958 -0.4279372
v 485.5061 83.1615 1240.708
vt -2.930356 0.4292749
vn -0.1983422 0.6038103 -0.772058
v 511.9481 183.3439 1365.704
vt -2.926198 0.9736831
vn -0.06053456 0.8697569 -0.4897534
v 403.9798 85.9717 1270.794
vt -3.173959 0.4840838
vn 0.1047144 0.6339976 -0.7662128
v 417.9283 196.6825 1382.597
vt -3.162121 0.9300096
vn 0.1617886 0.8466099 -0.5070268
v 244.7267 137.061 1223.65
vt -3.730614 0.5318534
vn 0.2114457 0.5983657 -0.772819
v 270.266 222.5883 1332.139
vt -3.672357 0.94347
vn 0.2887528 0.7906454 -0.5399089
v 64.73226 133.8424 1197.927
vt -4.319189 0.4356483
vn -0.0472059 0.5395962 -0.8405995
v 86.6543 252.8605 1277.3
vt -4.244706 0.9663841
vn 0.03468363 0.7878582 -0.6148793
v -119.8158 117.2199 1247.503
vt -4.860273 0.3170261
vn -0.4624807 0.4687298 -0.7525982
v -76.83221 253.467 1321.812
vt -4.700217 0.9387299
vn -0.3216001 0.7337748 -0.5984545
v -207.1879 115.622 1341.413
vt -5.119421 0.3357807
vn -0.6611669 0.444247 -0.6045684
v -203.0401 265.4124 1432.886
vt -5.039091 0.9430277
vn -0.5702516 0.6138743 -0.5458676
v -274.4462 114.0242 1456.879
vt -5.292546 0.3930533
vn -0.6705325 0.4898643 -0.5571527
v -270.0418 258.0743 1500.35
vt -5.32438 0.958427
vn -0.6331366 0.5102715 -0.5820318
v -355.3179 94.42986 1524.207
vt -5.542676 0.3355918
vn -0.2706667 0.4640771 -0.8434287
v -339.6188 248.6827 1556.034
vt -5.520789 0.9675413
vn -0.2606266 0.5675952 -0.780967
v -477.1011 101.9459 1494.329
vt -5.819453 0.351675
vn 0.1807174 0.4352305 -0.8819953
v -422.3741 244.5085 1544.4
vt -5.715056 0.9352759
vn 0.03557252 0.6567129 -0.7533012
v -593.9339 101.4233 1454.055
vt -6.173327 0.3132215
vn 0.2772392 0.5393887 -0.7951089
v -553.8341 237.1117 1565.367
vt -6.003544 0.9201198
vn 0.06602963 0.760835 -0.6455774
v 1439.699 125.2068 883.6951
vt -0.326408 0.3966853
vn -0.04194583 0.7437004 -0.6671957
vt -15.86813 0.04157925
v 1144.169 337.1348 1251.232
vt -16.12583 0.5263414
vn 0.04002779 0.6670197 -0.743964
v 1127.218 227.4629 1179.32
vt -16.11256 0.007466316
vn -0.1953747 0.805433 -0.5595591
v 1264.09 338.8514 1344.65
vt -15.81749 0.5674281
vn 0.2041938 0.7361404 -0.6452923
v 1123.36 443.5307 1328.495
vt -16.1763 0.8909221
vn -0.008528206 0.8589044 -0.512065
v 1239.964 434.5931 1383.348
vt -15.91002 0.887116
vn 0.2793889 0.7535049 -0.5951236
vt -16.2303 0.9127541
vt -15.9478 0.9272618
v 1067.658 570.744 1487.546
vt 7.189148 2.556009
vn 0.2488495 0.7740746 -0.582136
v 1024.522 690.975 1592.146
vt 7.497226 2.996992
vn 0.2604584 0.690405 -0.6749092
v 928.9211 585.5483 1493.318
vt 7.681727 2.642673
vn 0.07254348 0.7976884 -0.5986907
v 819.0486 904.2064 1811.485
vt 0.5799415 -0.6182468
vn -0.3135143 0.8389158 -0.4448922
v 981.3849 811.2061 1696.746
vt -0.01894644 -0.7098324
vn 0.1674649 0.7366642 -0.6551957
vt -0.3715588 -0.998188
v 709.1298 881.1953 2127.765
vt 1.41093 -0.2451974
vn -0.612501 0.7245321 0.3160628
v 735.4924 930.3779 1968.22
vt 1.021803 -0.4837277
vn -0.5558283 0.8199338 -0.1369801
v 666.7932 868.3357 2069.526
vt 1.322998 -0.5034764
vn -0.7925146 0.5990851 0.1140956
v 632.788 744.4723 1885.315
vt 1.170972 -0.9254737
vn 0.09358567 0.9954383 -0.01855778
vt 1.249596 -0.9099137
v 638.7776 749.7391 1795.661
vt 0.9142373 -0.9559337
vn -0.1087618 0.9213815 -0.3731314
vt 8.608681 2.099252
v 552.9468 592.9379 1605.765
vt 9.138319 2.580924
vn -0.4183779 0.5746314 -0.7033908
vt 9.202525 2.06706
v 690.585 513.8062 1504.13
vt 8.575148 2.343398
vn -0.3561839 0.4914977 -0.7947094
v -256.36 753.2605 2055.89
vt -0.8210115 0.3355879
vn 0.120324 0.8213959 -0.5575221
v -232.6521 811.4694 2185.103
vt -0.9011748 0.6047307
vn 0.08418282 0.9831975 -0.1619756
v -314.1597 786.239 2130.866
vt -0.6387666 0.479813
vn -0.09108219 0.973486 -0.2098308
v -150.0582 759.2208 2092.282
vt -1.164681 0.4317032
vn 0.2277368 0.8307045 -0.508002
v -108.0989 780.3199 2267.682
vt -1.356062 0.7181349
vn 0.4654498 0.8844848 -0.03229751
v -63.50826 732.812 2184.245
vt -1.538917 0.5561711
vn 0.4898964 0.8604749 -0.1399446
v -287.5483 803.1472 2280.446
vt -4.910566 0.9315856
vn -0.183794 0.9472638 0.2625089
v -353.532 733.0124 2380.727
vt -4.850556 0.4913623
vn -0.5437162 0.6527002 0.5275937
v -360.7891 777.8832 2230.366
vt -4.640523 0.6694111
vn -0.4300363 0.8924555 0.1363525
v -641.4412 373.8274 2269.948
vt 29.26949 5.370953
vn -0.692104 0.6469693 0.3200356
v -590.2711 534.5586 2164.918
vt 29.10787 5.772654
vn -0.8560318 0.5122421 0.06940935
v -591.8108 447.1812 2293.793
vt 29.04982 5.583713
vn -0.7751415 0.4689178 0.4234049
v -679.8644 385.2647 2090.205
vt 29.42172 5.540355
vn -0.7596039 0.6285344 0.1671723
v -607.0586 514.411 1975.925
vt 29.2855 5.867794
vn -0.6072655 0.7640336 -0.2179022
v -726.1276 383.0166 1856.312
vt 29.55607 5.732613
vn -0.6240769 0.7787016 -0.06443492
v -112.7926 484.0275 1633.203
vt 11.61412 2.220368
vn -0.2267312 0.9064119 -0.3563852
v -96.69967 531.7673 1735.829
vt 11.64562 2.518501
vn -0.1339427 0.9243674 -0.3572173
v -201.1713 485.0593 1696.076
vt 12.02753 2.236303
vn -0.2846782 0.8764004 -0.3884337
v -18.04516 520.6373 1670.052
vt 11.30954 2.421831
vn -0.1183169 0.9500729 -0.2887259
v 66.35387 551.599 1810.096
vt 11.10055 2.660943
vn 0.07822483 0.9553202 -0.2850338
v 133.8595 529.6218 1739.379
vt 10.80243 2.533529
vn 0.006075639 0.982488 -0.186227
v 318.9232 565.0171 1991.645
vt 10.32669 2.846675
vn -0.08053397 0.9911363 -0.1056554
v 297.7639 544.6941 1854.082
vt 10.19351 2.62792
vn -0.1848157 0.9747343 -0.125444
v 422.2151 609.3238 2035.955
vt 10.0154 2.993856
vn -0.3983803 0.9172069 0.004966924
v 394.112 588.9837 1886.02
vt 9.890198 2.749058
vn -0.4920138 0.8680257 -0.06673721
v 511.9254 662.7986 1907.795
vt 9.657915 2.881697
vn -0.4740838 0.7224908 0.5032411
v 417.6573 606.6124 1860.806
vt 9.774056 2.815378
vn -0.5954138 0.8022557 -0.04322325
vt 12.50042 0.1692181
v -249.8766 414.9738 1674.645
vt 13.00075 0.01159382
vn -0.2002177 0.9497812 -0.2404756
v -197.4675 417.3321 1608.419
vt 12.51007 0.004452825
vn -0.2093072 0.9367566 -0.2804952
v -233.4133 421.7242 1683.807
vt 12.9589 0.1610634
vn -0.4518374 0.6821691 -0.5748811
v -329.6841 418.4055 1752.595
vt 13.53982 0.03648418
vn -0.1487643 0.8474243 -0.5096482
v -312.1931 461.4821 1769.526
vt 13.53679 0.2217299
vn -0.3378987 0.7102558 -0.6175444
v -462.7357 445.9263 1778.64
vt 14.36353 0.06840748
vn -0.09846721 0.8704031 -0.4823926
vt 14.34193 0.2749392
vt 12.48137 2.355319
v -231.2727 613.5742 1918.32
vt 12.2705 2.780918
vn -0.119939 0.7534627 -0.6464585
v -149.1661 556.3483 1805.515
vt 11.88847 2.622315
vn -0.1682471 0.8699167 -0.4636138
v -56.88928 652.2045 1999.411
vt 11.70112 2.984226
vn 0.2128541 0.8511661 -0.4798015
v 29.18744 587.1056 1868.818
vt 11.27873 2.770263
vn 0.1400722 0.927784 -0.3458275
v 187.6022 603.7205 2040.693
vt -2.276554 0.007760048
vn 0.2868232 0.9378211 -0.1955092
vt -1.463624 0.05381924
v 75.06709 620.5884 2021.691
vt -1.885902 0.07434607
vn 0.2335738 0.9179236 -0.3207171
v 84.90229 666.5336 2124.954
vt -1.932419 0.2970693
vn 0.4129005 0.8933788 -0.1771653
v 228.9433 576.4295 2287.694
vt -2.549508 0.425332
vn 0.3684583 0.9292487 0.02711673
v 15.90335 678.1761 2393.517
vt -1.985567 0.8051289
vn 0.4619115 0.8206157 0.3364931
v -150.9635 761.7176 2424.658
vt -5.450482 0.7157695
vn 0.08543589 0.7813631 0.618201
v -324.4127 641.3558 2433.266
vt -4.998482 0.2915657
vn -0.3963272 0.4614436 0.793722
v -426.5334 664.0894 2337.37
vt -4.683008 0.2602432
vn -0.7219725 0.5028971 0.475237
v -390.3387 623.1336 2385.331
vt -4.854055 0.1777214
vn -0.6779904 0.3773288 0.6308344
v -467.8509 591.4605 2289.21
vt -4.437282 0.08259702
vn -0.7003636 0.5494223 0.4556599
v -455.875 605.0192 2337.678
vt -4.710483 0.06455016
vn -0.6749816 0.499611 0.5429444
v 149.9452 505.053 1574.398
vt 10.62283 2.329593
vn 0.06745757 0.8669158 -0.4938689
v 303.4128 523.9452 1662.521
vt 10.06715 2.433663
vn -0.07814036 0.9014632 -0.4257444
v 389.8761 566.8885 1726.895
vt 9.753113 2.589287
vn -0.4231683 0.8180998 -0.3894115
vt 10.53252 2.14647
vt 9.977427 2.083708
vt 9.503269 2.066603
v 455.4732 590.2223 1672.475
vt 9.520614 2.667331
vn -0.4552334 0.5981348 -0.6595433
v 530.713 637.5361 1670.417
vt 9.288115 2.745376
vn -0.528825 0.6236912 -0.575633
v 596.9546 694.0478 1699.191
vt 9.070674 2.831575
vn -0.2420124 0.7661262 -0.5953828
v -624.5882 361.8907 1677.571
vt -21.45977 0.5816163
vn 0.300685 0.8053082 -0.5109473
vt 10.18351 3.600797
vt 10.57802 3.362515
v 231.5459 574.5029 2411.125
vt -2.820138 0.8354398
vn 0.2588035 0.9442391 0.2035514
vt -4.33 -0.7454364
v 924.5519 840.7311 2305.417
vt -3.287407 -0.4758414
vn 0.01395692 0.703447 0.7106107
v 814.6981 693.1546 2398.772
vt -3.901222 -0.7602309
vn -0.1964476 0.7179193 0.6678324
vt -0.4010026 0.04686546
v -391.6153 761.0086 2079.508
vt -0.3763585 0.3548954
vn -0.4296934 0.7973167 -0.4238509
vt -0.2201891 0.03956234
v -361.5969 747.8239 2038.406
vt -0.4773424 0.2394726
vn -0.2808011 0.6253421 -0.7280783
v -354.9135 781.7725 2103.747
vt -0.5075626 0.4173542
vn -0.163542 0.9626017 -0.2159907
v -309.511 750.2803 2037.693
vt -0.649177 0.2875302
vn 0.01973638 0.8011545 -0.5981321
vt -22.36761 0.5659781
v -705.5275 381.1123 1792.457
vt -21.77637 0.7298214
vn -0.1437991 0.9342077 0.3264625
vt -21.87072 0.843586
vt 29.4688 5.219811
vt 29.64734 5.376486
vt 29.77571 5.557748
v 1897.546 485.744 1751.681
vt -0.2208248 0.3589733
vn -0.02307454 0.9967601 0.07705079
vt -0.4481454 0.2977814
vt 8.400349 2.091807
vt 8.016407 2.085006
vt 6.914042 2.100507
vt 6.92435 2.135806
vt 10.87863 3.341096
vt 10.81295 3.026703
vt -20.44312 3.531708
vt -20.22514 3.290287
v 2344.348 147.7643 1053.432
vt -20.40246 3.272803
vn 0.5143222 0.743619 -0.4272042
vt -20.294 3.580613
vt -19.84562 3.33321
vt -19.92703 3.597497
vt -20.19003 0.9769374
v -565.5761 465.3594 1866.973
vt 29.3966 5.930779
vn -0.2614098 0.8663296 -0.4256031
vt 29.60507 5.805011
v -649.1923 405.0027 1770.032
vt 29.57698 5.893389
vn -0.08876481 0.9777169 -0.1902376
vt 2.541323 7.708059
v -554.3099 571.1753 2009.311
vt 2.110676 7.455126
vn -0.6391371 0.6493925 -0.4120595
vt 2.534558 7.455173
vt 2.027945 7.708823
vt 1.575226 7.202938
v -544.0247 665.9035 2092.701
vt 1.53821 7.707764
vn -0.7152159 0.6988301 0.0101425
vt 1.096716 7.203612
v -526.8702 563.5062 2296.823
vt 1.172089 7.707389
vn -0.6531658 0.5727522 0.4953073
v -485.8186 365.7405 2461.889
vt 0.7449627 7.204031
vn -0.6331608 0.4167388 0.6522546
vt 0.7381439 7.706695
v -434.0298 752.6193 2180.285
vt -0.1921459 0.45498
vn -0.6461651 0.7575929 0.09232421
v -499.5835 694.0799 2117.327
vt -0.04569551 0.1046609
vn -0.6240755 0.7813473 -0.005116084
v -397.4094 765.2513 2205.325
vt -0.3343455 0.5396348
vn -0.4806165 0.8578893 0.1817516
vt -0.476545 0.6242896
vt -0.760944 0.7935994
v -126.5043 787.3861 2335.085
vt -1.321582 0.9139181
vn 0.3099519 0.9288982 0.2026769
v -682.9669 251.6742 2459.633
vt -24.39433 -0.2796218
vn -0.695254 0.5952654 0.4028412
vt 29.00456 5.492599
v -597.9279 310.5468 2443.478
vt 29.1353 5.281596
vn -0.5875344 0.6771844 0.4429725
vt 29.30932 5.151495
vt -21.89276 0.2124168
v -120.3307 -27.82 1169.13
vt -4.902904 0.02467769
vn -0.4740191 0.4723595 -0.7430897
v 55.61732 -27.82 1112.125
vt -4.373127 0.003179491
vn -0.06545223 0.5117689 -0.8566263
v -406.6016 -27.82 1419.735
vt -5.613923 0.02467769
vn -0.2791477 0.651421 -0.7054979
v -361.8099 -27.82 1351.467
vt -5.471099 0.02467769
vn -0.5405749 0.6828645 -0.491401
v -466.9855 -27.82 1437.5
vt -5.768938 0.02467769
vn 0.2329216 0.50881 -0.8287701
v -549.5033 -27.82 1381.248
vt -6.016687 0.02467769
vn 0.3554075 0.4981766 -0.7908891
vt 36.23213 0.5935841
v 233.7293 553.585 2514.678
vt 36.23713 0.9526716
vn 0.197329 0.897376 0.3946866
v 2046.322 -27.82 569.3414
vt 0.9841955 0.003179491
vn 0.08717878 0.8210441 -0.5641687
v 2323.435 -27.82 649.8653
vt 1.380144 0.01439756
vn 0.292586 0.8505971 -0.4368958
v 1502.134 -27.82 704.6152
vt -0.09158665 0.003179491
vn -0.1496849 0.8169647 -0.5569229
v 1614.935 -27.82 618.2315
vt 0.1603296 0.003179491
vn -0.2329323 0.8411305 -0.4881004
v 1382.003 -27.82 701.2731
vt -0.3436167 0.003179491
vn -0.07464082 0.7678386 -0.6362804
v 1296.004 -27.82 745.6179
vt -0.4809219 0.003179491
vn -0.2897486 0.7491909 -0.5956162
v 1181.596 -27.82 817.1963
vt -0.7934756 0.003179491
vn -0.4231071 0.7467383 -0.5131884
v 1101.588 -27.82 884.1493
vt -1.096225 0.008452833
vn -0.3415991 0.7920907 -0.505868
v 998.1198 -27.82 929.9388
vt -1.381213 0.01161188
vn -0.06562427 0.7596645 -0.6469956
v 822.0107 -27.82 958.9349
vt -1.943705 0.003179491
vn -0.06884245 0.5724618 -0.8170362
v 747.1055 -27.82 979.315
vt -2.162232 0.003179491
vn -0.4288168 0.4143024 -0.8027887
v 642.2308 -27.82 1072.74
vt -2.463079 0.003179491
vn -0.705553 0.339284 -0.6221586
v 585.4166 -27.82 1153.02
vt -2.707562 0.003179491
vn -0.5340617 0.4120311 -0.7382469
v 491.8547 -27.82 1192.291
vt -2.924344 0.003179491
vn -0.1295668 0.5070547 -0.8521197
v 263.977 -27.82 1101.835
vt -3.718304 0.003179491
vn 0.1717556 0.6063932 -0.7763938
v 413.3439 -27.82 1174.903
vt -3.141989 0.003179491
vn 0.2721089 0.6225649 -0.7337368
v 1214.517 788.6469 1790.825
vt -0.6150953 -0.5761983
vn 0.4310101 0.5722146 -0.6977111
v 1288.33 744.3012 1834.878
vt -0.8026372 -0.4877495
vn 0.6763046 0.664719 -0.3174283
vt -1.02859 -0.8924634
vt -1.603755 -0.9234247
vt -1.546723 -0.5590812
vt -1.358122 -0.9251294
v 1286.182 778.063 1940.512
vt -1.858751 -0.5585468
vn 0.746205 0.6455739 -0.1625194
vt 0.7786435 -0.9720209
vt 0.3957745 -0.948529
v 819.9542 824.8798 1721.224
vt 0.4178753 -0.787894
vn -0.1661981 0.7417679 -0.6497372
v 902.3416 786.5292 1669.017
vt 0.1217496 -0.8041832
vn -0.01482934 0.7210897 -0.6926831
vt -0.04260882 -0.986495
v 15.68309 486.3707 1552.448
vt 11.10001 2.271596
vn -0.1871033 0.8070487 -0.5600578
vt 11.0621 2.080246
vt -6.291588 0.9734218
v -1262.393 -27.82 121.5583
vt 21.46802 0.03420353
vn 0.4472477 0.7019476 -0.5542915
vt 21.76401 0.03420353
vt 21.22214 0.835022
vt 21.44046 0.9445585
vt 11.48024 2.092631
vt -5.002889 0.06195247
v -214.0778 513.0181 2545.009
vt -5.392631 0.04292274
vn -0.2795619 0.4064193 0.869867
vt -4.894398 0.06887007
vt 15.22983 0.2234927
vt 0.3157354 0.3860633
vt -0.1035719 0.2516592
vt -15.36516 0.8888378
vt -19.97629 3.671112
v 2279.415 493.4247 1611.011
vt 0.5450389 0.4019899
vn -0.01324131 0.998957 0.0436982
v -124.2752 663.6166 1989.692
vt 12.0512 2.981149
vn 0.139704 0.7335306 -0.6651434
v -171.6812 662.8444 1983.81
vt 12.26308 2.979287
vn 0.1311744 0.7093858 -0.6925064
v -304.5547 675.4974 1977.285
vt 12.59348 2.976383
vn -0.08360179 0.6094005 -0.7884426
vt -21.20496 -0.006377339
vt -21.44486 0.3218734
vt -21.18714 0.3282992
vt -21.50998 0.06380689
vt -21.93413 0.03338766
vt -22.11939 0.01639032
v -57.30095 531.2294 2518.2
vt -5.870225 0.08938301
vn 0.07854941 0.4857182 0.870579
v -108.5838 665.1828 2490.077
vt -5.665802 0.4822685
vn 0.08293947 0.534871 0.8408532
v 84.51286 500.4778 2535.684
vt -6.321572 0.06317413
vn 0.1967533 0.6747226 0.7113632
vt -6.244152 0.6315042
vt -6.778835 0.09624672
vt -6.782199 0.3958554
vt -23.72931 0.6565982
vt -23.48769 0.69574
vt -23.72312 0.8225487
vt 0.5856209 7.705405
vt -4.062517 0.07294106
vt -4.370481 0.4072366
vt 37.15257 0.2385428
vt 37.37648 0.5225657
vt -4.455367 -0.4301009
vt -3.590902 -0.1788545
vt -1.105328 -0.9002484
vt -15.29925 0.6200709
v -287.1748 409.4321 1659.427
vt -20.52508 0.8566769
vn -0.2651056 0.7324618 -0.6270717
v -402.7868 407.5472 1692.05
vt -20.83029 0.7662673
vn -0.09972471 0.6903061 -0.7166118
v -527.1656 420.8274 1714.154
vt -21.16734 0.7765911
vn -0.1739374 0.7631891 -0.6223248
vt -21.59408 0.7041608
vn -0.0922488 0.9914157 -0.09265602
vt -20.42816 0.9737186
vn 0.009412201 0.9700928 -0.2425521
vt -20.64408 0.9844551
vn -0.05469401 0.9386179 -0.3405952
vt -20.99643 0.9903975
vt -21.38833 0.9103141
vt -5.702712 0.9735817
vt -5.992079 0.9669006
vt -5.517847 1.002917
vt -5.325823 0.991354
vt -5.044475 0.9755539
vt -4.693585 0.9613006
vt -4.242846 0.9956695
vt -3.671163 0.97107
vt -3.165131 0.9796753
vt -2.926109 0.9949186
vt -2.702455 0.9951918
vt -2.488655 0.9946461
vt -2.208067 0.9950044
vt -1.988085 0.9929617
vt -1.465579 0.9932044
vt -1.177664 0.9901244
vt -0.9898162 0.9965178
vt -0.6833662 0.02306592
vt -0.9722555 0.03445226
vt -4.505502 0.5383238
vt 13.60909 2.600139
vt 2.527794 7.202287
vt 2.193407 7.201429
v 855.3829 537.5515 1444.47
vt 7.849067 2.363839
vn -0.450334 0.6454038 -0.616971
v 1095.154 523.8785 1448.943
vt 7.056749 2.371005
vn 0.3518878 0.7277481 -0.5886915
vt -1.447507 -0.3565351
vt -0.7772726 0.09599394
vt -0.9101524 -0.2119441
v 894.3156 476.7155 1340.097
vt -1.405087 0.2014549
vn -0.3366055 0.2665606 -0.9031291
vt -0.7239666 0.6316788
v 906.4755 552.029 1382.709
vt -1.302921 0.6396926
vn -0.3416886 0.7802913 -0.5238267
vt 0.6678693 0.326216
vt 0.8317294 0.5924438
v 886.8536 564.5042 1468.894
vt 0.9158649 0.4380453
vn -0.1670769 0.8303168 -0.5316571
v 1012.616 553.8564 1399.627
vt 0.1329408 0.3947777
vn 0.2174949 0.8032771 -0.5544744
vt 0.4780807 0.9281607
vt 1.607636E-07 0.8932619
vt -1.792562 0.1316565
vt -1.700686 0.6525996
vt -1.838032 -0.1761272
vt 1.000001 0.2836467
vt 7.765397 2.503256
v 483.1092 719.8853 1723.534
vt 0.2974776 0.8918636
vn -0.4678046 0.7103357 -0.5259107
v 542.001 776.2825 1747.856
vt 0.5683253 0.877473
vn -0.1225964 0.86793 -0.4813187
v 589.0729 781.6262 1786.578
vt 0.8241912 0.7769756
vn 0.2035282 0.9506599 -0.2341413
v 622.187 774.7715 1866.827
vt 1.112451 0.4616072
vn 0.5989196 0.7832207 0.166915
v 627.241 772.4856 1795.352
vt 0.9854571 0.7999032
vn 0.5934137 0.7415981 -0.3128777
v 541.5473 747.0411 1894.218
vt 9.481077 2.987748
vn -0.234781 0.3485676 0.9074021
vt 9.30424 3.093799
v 611.3606 768.9691 1897.362
vn 0.2112409 0.6583369 0.7224748
vt 9.1439 3.091124
vt 8.979836 3.070937
vt 4.488411 -0.0785625
vn -0.4460939 0.1470561 -0.8828221
v 504.5216 682.0041 1682.022
vt 4.781584 0.07247698
vn -0.1817931 0.4533552 -0.8725941
v 443.044 641.7983 1685.013
vt 4.475298 0.09498245
vn -0.5430399 0.3225469 -0.7752877
vt 4.785176 -0.08679104
vn -0.01451558 0.2768455 -0.9608048
v 570.2159 736.2587 1714.564
vt 5.246076 0.1518919
vn 0.2394891 0.5970729 -0.7656037
vt 5.231517 -0.1104748
vt 5.684988 0.2645168
vt 5.674913 0.03562254
vt 3.477031 -0.07188463
v 416.9972 665.4909 1848.224
vt 3.679456 0.1239814
vn -0.866293 0.2330326 0.4418509
v 485.1092 709.5034 1890.942
vt 3.417021 0.1433014
vn -0.4960752 0.303049 0.8136773
vt 3.752344 -0.0739094
vn -0.8162381 0.05546783 0.5750466
v 391.209 625.5726 1740.365
vt 4.169012 0.1174879
vn -0.9312366 0.231089 -0.2817732
vt 4.191646 -0.07033396
vn -0.9572581 0.05800274 -0.2833595
vt 3.059239 0.1465668
vt 3.124169 -0.06325603
vt 3.118458 0.627445
vt 3.386604 0.6002928
vt 1.134153 0.30268
vt 4.820154 0.4715829
v 416.6162 682.708 1744.422
vt 4.311526 0.6150662
vn -0.7157812 0.6109667 -0.3381968
vt 5.233817 0.5808281
vt 5.614313 0.5313972
v 423.7708 697.816 1807.987
vt 3.749101 0.6021168
vn -0.8007074 0.5927287 0.08683498
vt -0.6460509 -0.06261623
v -819.0063 322.5051 1523.478
vt -0.8499197 0.152529
vn -0.3642011 0.3056762 -0.879727
v -880.4427 322.3618 1598.839
vt -0.6652825 0.1595165
vn -0.5147679 0.2950135 -0.8049727
vt -0.8264806 -0.06929243
v -752.2173 315.0122 1523.28
vt -1.071078 0.1321375
vn 0.03924159 0.2582285 -0.9652866
v -755.9167 250.194 1527.439
vt -1.074477 -0.06930554
vn 0.08556474 0.4379447 -0.8949208
v -685.4283 307.5193 1523.083
vt -1.326513 0.1279318
vn 0.4359084 0.4264275 -0.792555
vt -1.351989 -0.02171314
v -805.0612 381.3971 1559.161
vt 0.8092808 0.4418204
vn -0.2109899 0.6989495 -0.6833395
v -855.9129 444.1966 1684.961
vt 0.5542708 0.6806172
vn -0.5596855 0.8098876 -0.1755968
v -866.4708 382.8711 1613.117
vt 0.7348179 0.6594279
vn -0.5888926 0.6106647 -0.5294282
v -798.7323 455.8121 1681.917
vt 0.5111132 0.5120904
vn -0.1343031 0.9866239 -0.0923903
v -935.2402 364.3457 1764.544
vt 0.4431308 0.8798892
vn -0.5396722 0.8350528 0.1069613
v -807.2618 419.3215 1791.284
vt 0.2579582 0.6159084
vn -0.0263375 0.8071374 0.5897759
v -678.9428 424.4186 1728.249
vt 0.4115658 0.171423
vn 0.3668813 0.9179142 0.1511019
vt 0.5574259 -0.1326137
vt 0.3404824 -0.0570178
v -662.7915 397.4668 1671.107
vt 0.5524819 0.1206945
vn 0.6381681 0.6758499 -0.3687389
vt 1.149975 -0.002329469
vt 0.9606142 0.1175691
vt -0.1147466 0.06687737
v -991.6268 331.1218 1644.473
vt -0.4168538 0.1607913
vn -0.4962148 0.6835582 -0.5352747
vt -0.1182049 0.1887349
vt -0.3999255 -0.02071202
v -706.8808 421.1259 1664.154
vt 0.4724723 0.2320789
vn 0.4502373 0.8095759 -0.3766607
vt 0.295071 0.1971152
v -740.2681 452.8159 1687.289
vt 0.446767 0.3459088
vn 0.2802168 0.924401 -0.2587687
vt -0.9349868 0.6196728
vt -0.5889533 0.610023
v -763.9548 378.112 1564.112
vt -1.084336 0.6238376
vn 0.1421592 0.7107662 -0.6889138
v -722.8485 374.8269 1569.062
vt -1.233685 0.6280025
vn 0.3653036 0.7264886 -0.5820374
vt -0.06239991 0.06687427
vt -0.03786013 0.1867636
vt 0.7612415 0.3258254
vt 0.7052829 0.277145
vt 11.75691 2.125924
vn -0.5090149 0.5889534 -0.6277242
vt 12.14539 2.149211
vn -0.549956 0.4523177 -0.702109
v -824.8192 -27.82 939.7677
vt -9.858676 0.03420353
vn 0.3666577 0.2278028 -0.9020355
v -709.3924 -27.82 991.7085
vt -10.07406 0.03420353
vn 0.7056255 0.475794 -0.5250835
v -1004.556 -27.82 607.809
vt 20.19668 0.008653998
vn 0.5812811 0.7542309 0.3053654
vt 20.05196 0.008653998
vt -5.404411 0.9026573
vt -1.157521 0.04175442
v -251.1272 -27.82 1249.52
vt -5.151897 0.02467769
vn -0.5656101 0.6032441 -0.5623004
v 1810.732 -27.82 574.8427
vt 0.5551281 0.003179491
vn -0.09390235 0.8292553 -0.5509247
vt 1.65636 0.3667869
v 2589.672 -27.82 872.3249
vt 1.867176 0.03122473
vn 0.3900996 0.8664451 -0.3116012
v 2726.585 -27.82 1141.227
vt 2.22525 0.04708385
vn 0.5016401 0.819263 -0.2777865
vt 2.210874 0.4036235
v 2823.958 -27.82 1455.173
vt 2.720019 0.1116098
vn 0.5957959 0.7657503 -0.2421852
vt 2.564712 0.4036454
vt 1.669797 -0.6413405
vt 11.22717 2.992725
vt 0.4633283 0.7261822
vt 0.9688515 0.55718
vt 0.07912812 0.6799638
vt 0.2358187 0.3984644
vt -6.533382 0.8831165
vt 0.2187029 0.0604127
vt 0.4942922 0.3112452
vt 0.6825505 0.3674364
v -923.5007 348.8796 1628.795
vt -0.4914558 0.2972149
vn -0.4322485 0.7109315 -0.554741
o polySurface11_0
g polygon_0
usemtl i_s1
f 1648/1130/1591 1647/1129/1590 1646/1128/1589
f 1646/1128/1589 1647/1129/1590 1649/1131/1592
f 1647/1129/1590 1650/1132/1593 1649/1131/1592
f 1649/1131/1592 1650/1132/1593 1651/1133/1594
f 1654/952/1597 1653/1135/1596 1652/1134/1595
f 1652/1134/1595 1653/1135/1596 1655/1136/1598
f 1653/1135/1596 1649/959/1592 1655/1136/1598
f 1655/1136/1598 1649/959/1592 1651/1137/1594
f 1649/959/1592 1653/1135/1596 1646/957/1589
f 1650/1139/1593 1656/1138/1599 1651/1137/1594
f 1651/1137/1594 1656/1138/1599 1655/1136/1598
f 1656/1138/1599 1657/954/1600 1655/1136/1598
f 1655/1136/1598 1657/954/1600 1652/1134/1595
f 1660/1142/1603 1659/1141/1602 1658/1140/1601
f 1658/1140/1601 1659/1141/1602 1661/1143/1604
f 1659/1141/1602 1662/1144/1605 1661/1143/1604
f 1661/1143/1604 1662/1144/1605 1663/1145/1606
f 1662/1144/1605 1664/1146/1607 1663/1145/1606
f 1663/1145/1606 1664/1146/1607 1665/1147/1608
f 1668/1150/1611 1667/1149/1610 1666/1148/1609
f 1666/1148/1609 1667/1149/1610 1669/1151/1612
f 1667/1149/1610 1670/1152/1613 1669/1151/1612
f 1669/1151/1612 1670/1152/1613 1671/1153/1614
f 1674/1156/1617 1673/1155/1616 1672/1154/1615
f 1672/1154/1615 1673/1155/1616 1675/1157/1618
f 1673/1155/1616 1676/1158/1619 1675/1157/1618
f 1675/1157/1618 1676/1158/1619 1677/1159/1620
f 1680/1162/1623 1679/1161/1622 1678/1160/1621
f 1678/1160/1621 1679/1161/1622 1681/1163/1624
f 1679/1161/1622 1682/1164/1625 1681/1163/1624
f 1681/1163/1624 1682/1164/1625 1683/1165/1626
f 1682/1164/1625 1684/1166/1627 1683/1165/1626
f 1683/1165/1626 1684/1166/1627 1685/1167/1628
f 1684/1166/1627 1686/1168/1629 1685/1167/1628
f 1685/1167/1628 1686/1168/1629 1687/1169/1630
f 1686/1168/1629 1688/1170/1631 1687/1169/1630
f 1687/1169/1630 1688/1170/1631 1689/1171/1632
f 1688/1170/1631 1690/1172/1633 1689/1171/1632
f 1689/1171/1632 1690/1172/1633 1691/1173/1634
f 1694/1176/1637 1693/1175/1636 1692/1174/1635
f 1692/1174/1635 1693/1175/1636 1695/1177/1638
f 1693/1175/1636 1674/1156/1617 1695/1177/1638
f 1695/1177/1638 1674/1156/1617 1672/1154/1615
f 1698/1180/1641 1697/1179/1640 1696/1178/1639
f 1696/1178/1639 1697/1179/1640 1699/1181/1642
f 1697/1179/1640 1658/1182/1601 1699/1181/1642
f 1699/1181/1642 1658/1182/1601 1661/1183/1604
f 1696/1178/1639 1699/1181/1642 1700/1184/1643
f 1700/1184/1643 1699/1181/1642 1701/1185/1644
f 1699/1181/1642 1661/1183/1604 1701/1185/1644
f 1701/1185/1644 1661/1183/1604 1663/1186/1606
f 1690/1189/1633 1702/1188/1645 1691/1187/1634
f 1691/1187/1634 1702/1188/1645 1703/1190/1646
f 1702/1188/1645 1704/1191/1647 1703/1190/1646
f 1703/1190/1646 1704/1191/1647 1705/1192/1648
f 1704/1191/1647 1706/1193/1649 1705/1192/1648
f 1705/1192/1648 1706/1193/1649 1707/1194/1650
f 1706/1193/1649 1708/1195/1651 1707/1194/1650
f 1707/1194/1650 1708/1195/1651 1709/1196/1652
f 1708/1195/1651 1710/1197/1653 1709/1196/1652
f 1709/1196/1652 1710/1197/1653 1711/1198/1654
f 1710/1197/1653 1712/1199/1655 1711/1198/1654
f 1711/1198/1654 1712/1199/1655 1713/1200/1656
f 1712/1199/1655 1714/1201/1657 1713/1200/1656
f 1713/1200/1656 1714/1201/1657 1715/1202/1658
f 1718/1205/1661 1717/1204/1660 1716/1203/1659
f 1716/1203/1659 1717/1204/1660 1719/1206/1662
f 1717/1204/1660 1720/1207/1663 1719/1206/1662
f 1719/1206/1662 1720/1207/1663 1721/1208/1664
f 1685/1167/1628 1687/1169/1630 1722/1209/1665
f 1722/1209/1665 1687/1169/1630 1723/1210/1666
f 1687/1169/1630 1689/1171/1632 1723/1210/1666
f 1723/1210/1666 1689/1171/1632 1724/1211/1667
f 1689/1171/1632 1691/1173/1634 1724/1211/1667
f 1724/1211/1667 1691/1173/1634 1725/1212/1668
f 1716/1203/1659 1719/1206/1662 1726/1213/1669
f 1726/1213/1669 1719/1206/1662 1727/1214/1670
f 1719/1206/1662 1721/1208/1664 1727/1214/1670
f 1727/1214/1670 1721/1208/1664 1728/1215/1671
f 1731/1218/1674 1730/1217/1673 1729/1216/1672
f 1729/1216/1672 1730/1217/1673 1732/1219/1675
f 1730/1217/1673 1718/1205/1661 1732/1219/1675
f 1732/1219/1675 1718/1205/1661 1716/1203/1659
f 1665/1221/1608 1664/1220/1607 1718/1205/1661
f 1718/1205/1661 1664/1220/1607 1717/1204/1660
f 1664/1220/1607 1733/1222/1676 1717/1204/1660
f 1717/1204/1660 1733/1222/1676 1720/1207/1663
f 1736/1225/1679 1735/1224/1678 1734/1223/1677
f 1737/1227/1680 1678/1160/1621 1728/1226/1671
f 1728/1226/1671 1678/1160/1621 1727/1228/1670
f 1678/1160/1621 1681/1163/1624 1727/1228/1670
f 1727/1228/1670 1681/1163/1624 1726/1229/1669
f 1681/1163/1624 1683/1165/1626 1726/1229/1669
f 1726/1229/1669 1683/1165/1626 1738/1230/1681
f 1683/1165/1626 1685/1167/1628 1738/1230/1681
f 1738/1230/1681 1685/1167/1628 1729/1231/1672
f 1685/1167/1628 1722/1209/1665 1729/1231/1672
f 1729/1231/1672 1722/1209/1665 1731/1232/1674
f 1722/1209/1665 1701/1185/1644 1731/1232/1674
f 1731/1232/1674 1701/1185/1644 1739/1233/1682
f 1701/1185/1644 1663/1186/1606 1739/1233/1682
f 1739/1233/1682 1663/1186/1606 1665/1234/1608
f 1734/1237/1677 1735/1236/1678 1740/1235/1683
f 1743/1240/1686 1742/1239/1685 1741/1238/1684
f 1741/1238/1684 1742/1239/1685 1740/1241/1683
f 1742/1239/1685 1666/1148/1609 1740/1241/1683
f 1740/1241/1683 1666/1148/1609 1734/1242/1677
f 1666/1148/1609 1669/1151/1612 1734/1242/1677
f 1734/1242/1677 1669/1151/1612 1736/1243/1679
f 1669/1151/1612 1671/1153/1614 1736/1243/1679
f 1736/1243/1679 1671/1153/1614 1744/1244/1687
f 1746/1246/1689 1745/1245/1688 1743/1240/1686
f 1743/1240/1686 1745/1245/1688 1742/1239/1685
f 1745/1245/1688 1668/1150/1611 1742/1239/1685
f 1742/1239/1685 1668/1150/1611 1666/1148/1609
f 1728/1249/1671 1721/1248/1664 1747/1247/1690
f 1747/1247/1690 1721/1248/1664 1748/1250/1691
f 1721/1248/1664 1720/1251/1663 1748/1250/1691
f 1748/1250/1691 1720/1251/1663 1741/1252/1684
f 1718/1205/1661 1730/1217/1673 1739/1253/1682
f 1665/1221/1608 1718/1205/1661 1739/1253/1682
f 1729/1216/1672 1732/1219/1675 1738/1254/1681
f 1739/1253/1682 1730/1217/1673 1731/1218/1674
f 1722/1209/1665 1723/1210/1666 1701/1185/1644
f 1701/1185/1644 1723/1210/1666 1700/1184/1643
f 1723/1210/1666 1724/1211/1667 1700/1184/1643
f 1700/1184/1643 1724/1211/1667 1749/1255/1692
f 1724/1211/1667 1725/1212/1668 1749/1255/1692
f 1749/1255/1692 1725/1212/1668 1694/1256/1637
f 1749/1255/1692 1750/1257/1693 1700/1184/1643
f 1700/1184/1643 1750/1257/1693 1696/1178/1639
f 1750/1257/1693 1692/1258/1635 1696/1178/1639
f 1696/1178/1639 1692/1258/1635 1698/1180/1641
f 1741/1261/1684 1733/1260/1676 1751/1259/1694
f 1743/1262/1686 1741/1261/1684 1751/1259/1694
f 1754/1265/1697 1753/1264/1696 1752/1263/1695
f 1755/1266/1698 1754/1265/1697 1752/1263/1695
f 1758/1269/1701 1757/1268/1700 1756/1267/1699
f 1759/1270/1702 1758/1269/1701 1756/1267/1699
f 1762/1273/1705 1761/1272/1704 1760/1271/1703
f 1763/1274/1706 1762/1273/1705 1760/1271/1703
f 1766/1277/1709 1765/1276/1708 1764/1275/1707
f 1767/1278/1710 1766/1277/1709 1764/1275/1707
f 1770/1281/1713 1769/1280/1712 1768/1279/1711
f 1771/1282/1714 1770/1281/1713 1768/1279/1711
f 1773/1284/1716 1772/1283/1715 1764/1275/1707
f 1774/1285/1717 1773/1284/1716 1764/1275/1707
f 1743/1262/1686 1776/1287/1719 1775/1286/1718
f 1746/1288/1689 1743/1262/1686 1775/1286/1718
f 1779/1291/1722 1778/1290/1721 1777/1289/1720
f 1780/1292/1723 1779/1291/1722 1777/1289/1720
f 1743/1262/1686 1751/1259/1694 1776/1287/1719
f 1741/1295/1684 1720/1294/1663 1733/1293/1676
f 1737/1227/1680 1754/1265/1697 1678/1160/1621
f 1678/1160/1621 1754/1265/1697 1680/1162/1623
f 1754/1265/1697 1755/1266/1698 1680/1162/1623
f 1664/1146/1607 1662/1144/1605 1733/1296/1676
f 1733/1296/1676 1662/1144/1605 1751/1297/1694
f 1662/1144/1605 1659/1141/1602 1751/1297/1694
f 1751/1297/1694 1659/1141/1602 1776/1298/1719
f 1659/1141/1602 1660/1142/1603 1776/1298/1719
f 1776/1298/1719 1660/1142/1603 1775/1299/1718
f 1782/1301/1725 1781/1300/1724 1684/1166/1627
f 1684/1166/1627 1781/1300/1724 1686/1168/1629
f 1781/1300/1724 1783/1302/1726 1686/1168/1629
f 1686/1168/1629 1783/1302/1726 1688/1170/1631
f 1783/1302/1726 1784/1303/1727 1688/1170/1631
f 1688/1170/1631 1784/1303/1727 1690/1172/1633
f 1706/1193/1649 1785/1304/1728 1708/1195/1651
f 1708/1195/1651 1785/1304/1728 1786/1305/1729
f 1785/1304/1728 1787/1306/1730 1786/1305/1729
f 1786/1305/1729 1787/1306/1730 1788/1307/1731
f 1787/1306/1730 1789/1308/1732 1788/1307/1731
f 1788/1307/1731 1789/1308/1732 1790/1309/1733
f 1789/1308/1732 1791/1310/1734 1790/1309/1733
f 1790/1309/1733 1791/1310/1734 1792/1311/1735
f 1793/1312/1736 1715/1202/1658 1714/1201/1657
f 1796/1315/1739 1795/1314/1738 1794/1313/1737
f 1794/1313/1737 1795/1314/1738 1797/1316/1740
f 1795/1314/1738 1798/1317/1741 1797/1316/1740
f 1797/1316/1740 1798/1317/1741 1799/1318/1742
f 1798/1317/1741 1787/1306/1730 1799/1318/1742
f 1799/1318/1742 1787/1306/1730 1785/1304/1728
f 1713/1200/1656 1715/1202/1658 1676/1158/1619
f 1676/1158/1619 1715/1202/1658 1800/1319/1743
f 1715/1202/1658 1793/1312/1736 1800/1319/1743
f 1800/1319/1743 1793/1312/1736 1801/1320/1744
f 1676/1158/1619 1673/1155/1616 1713/1200/1656
f 1713/1200/1656 1673/1155/1616 1711/1198/1654
f 1673/1155/1616 1674/1156/1617 1711/1198/1654
f 1711/1198/1654 1674/1156/1617 1802/1321/1745
f 1674/1156/1617 1693/1175/1636 1802/1321/1745
f 1802/1321/1745 1693/1175/1636 1803/1322/1746
f 1693/1175/1636 1694/1176/1637 1803/1322/1746
f 1803/1322/1746 1694/1176/1637 1725/1323/1668
f 1793/1326/1736 1714/1325/1657 1804/1324/1747
f 1804/1324/1747 1714/1325/1657 1805/1327/1748
f 1714/1325/1657 1712/1328/1655 1805/1327/1748
f 1805/1327/1748 1712/1328/1655 1710/1329/1653
f 1806/1330/1749 1800/1319/1743 1801/1320/1744
f 1807/1331/1750 1806/1330/1749 1801/1320/1744
f 1809/1334/1752 1808/1333/1751 1801/1332/1744
f 1706/1193/1649 1704/1191/1647 1785/1304/1728
f 1785/1304/1728 1704/1191/1647 1799/1318/1742
f 1704/1191/1647 1702/1188/1645 1799/1318/1742
f 1799/1318/1742 1702/1188/1645 1797/1316/1740
f 1691/1187/1634 1703/1190/1646 1725/1323/1668
f 1725/1323/1668 1703/1190/1646 1803/1322/1746
f 1703/1190/1646 1705/1192/1648 1803/1322/1746
f 1803/1322/1746 1705/1192/1648 1802/1321/1745
f 1705/1192/1648 1707/1194/1650 1802/1321/1745
f 1802/1321/1745 1707/1194/1650 1709/1196/1652
f 1732/1219/1675 1716/1203/1659 1726/1213/1669
f 1738/1254/1681 1732/1219/1675 1726/1213/1669
f 1811/1337/1754 1810/1336/1753 1737/1335/1680
f 1737/1335/1680 1810/1336/1753 1754/1338/1697
f 1810/1336/1753 1812/1339/1755 1754/1338/1697
f 1754/1338/1697 1812/1339/1755 1753/1340/1696
f 1728/1342/1671 1747/1341/1690 1811/1337/1754
f 1737/1335/1680 1728/1342/1671 1811/1337/1754
f 1793/1326/1736 1804/1324/1747 1801/1332/1744
f 1801/1332/1744 1804/1324/1747 1809/1334/1752
f 1804/1324/1747 1788/1307/1731 1809/1334/1752
f 1809/1334/1752 1788/1307/1731 1790/1309/1733
f 1815/1345/1758 1814/1344/1757 1813/1343/1756
f 1813/1343/1756 1814/1344/1757 1816/1346/1759
f 1814/1344/1757 1817/1347/1760 1816/1346/1759
f 1816/1346/1759 1817/1347/1760 1818/1348/1761
f 1817/1347/1760 1819/1349/1762 1818/1348/1761
f 1818/1348/1761 1819/1349/1762 1820/1350/1763
f 1823/1353/1766 1822/1352/1765 1821/1351/1764
f 1821/1351/1764 1822/1352/1765 1824/1354/1767
f 1822/1352/1765 1825/1355/1768 1824/1354/1767
f 1824/1354/1767 1825/1355/1768 1826/1356/1769
f 1825/1355/1768 1827/1357/1770 1826/1356/1769
f 1826/1356/1769 1827/1357/1770 1828/1358/1771
f 1823/1353/1766 1821/1351/1764 1829/1359/1772
f 1829/1359/1772 1821/1351/1764 1830/1360/1773
f 1821/1351/1764 1831/1361/1774 1830/1360/1773
f 1830/1360/1773 1831/1361/1774 1832/1362/1775
f 1835/1365/1778 1834/1364/1777 1833/1363/1776
f 1833/1363/1776 1834/1364/1777 1836/1366/1779
f 1834/1364/1777 1837/1367/1780 1836/1366/1779
f 1836/1366/1779 1837/1367/1780 1838/1368/1781
f 1841/1371/1784 1840/1370/1783 1839/1369/1782
f 1844/1374/1787 1843/1373/1786 1842/1372/1785
f 1842/1372/1785 1843/1373/1786 1845/1375/1788
f 1843/1373/1786 1846/1376/1789 1845/1375/1788
f 1845/1375/1788 1846/1376/1789 1847/1377/1790
f 1849/1380/1792 1848/1379/1791 1841/1378/1784
f 1841/1378/1784 1848/1379/1791 1840/1381/1783
f 1848/1379/1791 1850/1382/1793 1840/1381/1783
f 1840/1381/1783 1850/1382/1793 1851/1383/1794
f 1854/1386/1797 1853/1385/1796 1852/1384/1795
f 1852/1384/1795 1853/1385/1796 1855/1387/1798
f 1853/1385/1796 1814/1388/1757 1855/1387/1798
f 1855/1387/1798 1814/1388/1757 1815/1389/1758
f 1858/1392/1801 1857/1391/1800 1856/1390/1799
f 1856/1390/1799 1857/1391/1800 1859/1393/1802
f 1857/1391/1800 1860/1394/1803 1859/1393/1802
f 1859/1393/1802 1860/1394/1803 1777/1395/1720
f 1863/1398/1806 1862/1397/1805 1861/1396/1804
f 1840/1370/1783 1864/1399/1807 1839/1369/1782
f 1839/1369/1782 1864/1399/1807 1865/1400/1808
f 1864/1399/1807 1823/1401/1766 1865/1400/1808
f 1865/1400/1808 1823/1401/1766 1829/1402/1772
f 1816/1346/1759 1867/1404/1810 1866/1403/1809
f 1870/1407/1813 1869/1406/1812 1868/1405/1811
f 1868/1405/1811 1869/1406/1812 1871/1408/1814
f 1869/1406/1812 1872/1409/1815 1871/1408/1814
f 1871/1408/1814 1872/1409/1815 1759/1410/1702
f 1874/1412/1817 1873/1411/1816 1820/1350/1763
f 1820/1350/1763 1873/1411/1816 1818/1348/1761
f 1873/1411/1816 1867/1404/1810 1818/1348/1761
f 1818/1348/1761 1867/1404/1810 1816/1346/1759
f 1831/1361/1774 1875/1414/1818 1819/1413/1762
f 1819/1413/1762 1875/1414/1818 1820/1415/1763
f 1875/1414/1818 1876/1416/1819 1820/1415/1763
f 1820/1415/1763 1876/1416/1819 1874/1417/1817
f 1876/1416/1819 1877/1418/1820 1874/1417/1817
f 1874/1417/1817 1877/1418/1820 1878/1419/1821
f 1819/1413/1762 1832/1362/1775 1831/1361/1774
f 1854/1386/1797 1879/1420/1822 1853/1385/1796
f 1853/1385/1796 1879/1420/1822 1880/1421/1823
f 1879/1420/1822 1861/1422/1804 1880/1421/1823
f 1880/1421/1823 1861/1422/1804 1862/1423/1805
f 1883/1426/1826 1882/1425/1825 1881/1424/1824
f 1881/1424/1824 1882/1425/1825 1852/1427/1795
f 1882/1425/1825 1884/1428/1827 1852/1427/1795
f 1852/1427/1795 1884/1428/1827 1854/1429/1797
f 1884/1428/1827 1885/1430/1828 1854/1429/1797
f 1854/1429/1797 1885/1430/1828 1879/1431/1822
f 1760/1432/1703 1815/1345/1758 1813/1343/1756
f 1763/1433/1706 1760/1432/1703 1813/1343/1756
f 1888/1436/1831 1887/1435/1830 1886/1434/1829
f 1886/1434/1829 1887/1435/1830 1889/1437/1832
f 1887/1435/1830 1890/1438/1833 1889/1437/1832
f 1889/1437/1832 1890/1438/1833 1891/1439/1834
f 1890/1438/1833 1892/1440/1835 1891/1439/1834
f 1891/1439/1834 1892/1440/1835 1893/1441/1836
f 1892/1440/1835 1894/1442/1837 1893/1441/1836
f 1893/1441/1836 1894/1442/1837 1895/1443/1838
f 1894/1442/1837 1896/1444/1839 1895/1443/1838
f 1895/1443/1838 1896/1444/1839 1897/1445/1840
f 1896/1444/1839 1898/1446/1841 1897/1445/1840
f 1897/1445/1840 1898/1446/1841 1899/1447/1842
f 1898/1446/1841 1900/1448/1843 1899/1447/1842
f 1899/1447/1842 1900/1448/1843 1901/1449/1844
f 1900/1448/1843 1902/1450/1845 1901/1449/1844
f 1901/1449/1844 1902/1450/1845 1903/1451/1846
f 1902/1450/1845 1904/1452/1847 1903/1451/1846
f 1903/1451/1846 1904/1452/1847 1905/1453/1848
f 1904/1452/1847 1906/1454/1849 1905/1453/1848
f 1905/1453/1848 1906/1454/1849 1907/1455/1850
f 1906/1454/1849 1908/1456/1851 1907/1455/1850
f 1907/1455/1850 1908/1456/1851 1909/1457/1852
f 1908/1456/1851 1910/1458/1853 1909/1457/1852
f 1909/1457/1852 1910/1458/1853 1911/1459/1854
f 1910/1458/1853 1912/1460/1855 1911/1459/1854
f 1911/1459/1854 1912/1460/1855 1913/1461/1856
f 1916/1464/1859 1915/1463/1858 1914/1462/1857
f 1914/1462/1857 1915/1463/1858 1917/1465/1860
f 1915/1463/1858 1918/1466/1861 1917/1465/1860
f 1917/1465/1860 1918/1466/1861 1919/1467/1862
f 1918/1466/1861 1920/1468/1863 1919/1467/1862
f 1919/1467/1862 1920/1468/1863 1921/1469/1864
f 1920/1468/1863 1922/1470/1865 1921/1469/1864
f 1921/1469/1864 1922/1470/1865 1923/1471/1866
f 1922/1470/1865 1924/1472/1867 1923/1471/1866
f 1923/1471/1866 1924/1472/1867 1925/1473/1868
f 1924/1472/1867 1926/1474/1869 1925/1473/1868
f 1925/1473/1868 1926/1474/1869 1927/1475/1870
f 1926/1474/1869 1928/1476/1871 1927/1475/1870
f 1927/1475/1870 1928/1476/1871 1929/1477/1872
f 1928/1476/1871 1930/1478/1873 1929/1477/1872
f 1929/1477/1872 1930/1478/1873 1931/1479/1874
f 1930/1478/1873 1932/1480/1875 1931/1479/1874
f 1931/1479/1874 1932/1480/1875 1933/1481/1876
f 1935/1484/1878 1934/1483/1877 1861/1482/1804
f 1861/1482/1804 1934/1483/1877 1936/1485/1879
f 1934/1483/1877 1937/1486/1880 1936/1485/1879
f 1936/1485/1879 1937/1486/1880 1938/1487/1881
f 1937/1486/1880 1939/1488/1882 1938/1487/1881
f 1938/1487/1881 1939/1488/1882 1940/1489/1883
f 1939/1488/1882 1941/1490/1884 1940/1489/1883
f 1940/1489/1883 1941/1490/1884 1942/1491/1885
f 1941/1490/1884 1943/1492/1886 1942/1491/1885
f 1942/1491/1885 1943/1492/1886 1944/1493/1887
f 1943/1492/1886 1945/1494/1888 1944/1493/1887
f 1944/1493/1887 1945/1494/1888 1946/1495/1889
f 1945/1494/1888 1947/1496/1890 1946/1495/1889
f 1946/1495/1889 1947/1496/1890 1948/1497/1891
f 1947/1496/1890 1949/1498/1892 1948/1497/1891
f 1948/1497/1891 1949/1498/1892 1950/1499/1893
f 1949/1498/1892 1951/1500/1894 1950/1499/1893
f 1950/1499/1893 1951/1500/1894 1952/1501/1895
f 1951/1500/1894 1953/1502/1896 1952/1501/1895
f 1952/1501/1895 1953/1502/1896 1954/1503/1897
f 1953/1502/1896 1955/1504/1898 1954/1503/1897
f 1954/1503/1897 1955/1504/1898 1956/1505/1899
f 1955/1504/1898 1957/1506/1900 1956/1505/1899
f 1956/1505/1899 1957/1506/1900 1958/1507/1901
f 1957/1506/1900 1959/1508/1902 1958/1507/1901
f 1958/1507/1901 1959/1508/1902 1960/1509/1903
f 1959/1508/1902 1961/1510/1904 1960/1509/1903
f 1960/1509/1903 1961/1510/1904 1962/1511/1905
f 1961/1510/1904 1963/1512/1906 1962/1511/1905
f 1962/1511/1905 1963/1512/1906 1964/1513/1907
f 1963/1512/1906 1965/1514/1908 1964/1513/1907
f 1964/1513/1907 1965/1514/1908 1966/1515/1909
f 1965/1514/1908 1967/1516/1910 1966/1515/1909
f 1966/1515/1909 1967/1516/1910 1968/1517/1911
f 1969/1518/1912 1879/1431/1822 1885/1430/1828
f 1971/1521/1914 1970/1520/1913 1863/1519/1806
f 1863/1519/1806 1970/1520/1913 1972/1522/1915
f 1970/1520/1913 1973/1523/1916 1972/1522/1915
f 1972/1522/1915 1973/1523/1916 1974/1524/1917
f 1973/1523/1916 1778/1525/1721 1974/1524/1917
f 1974/1524/1917 1778/1525/1721 1832/1526/1775
f 1830/1360/1773 1975/1527/1918 1829/1359/1772
f 1829/1359/1772 1975/1527/1918 1976/1528/1919
f 1975/1527/1918 1977/1529/1920 1976/1528/1919
f 1976/1528/1919 1977/1529/1920 1846/1376/1789
f 1839/1369/1782 1865/1400/1808 1978/1530/1921
f 1978/1530/1921 1865/1400/1808 1979/1531/1922
f 1865/1400/1808 1829/1402/1772 1979/1531/1922
f 1979/1531/1922 1829/1402/1772 1976/1532/1919
f 1841/1371/1784 1981/1534/1924 1980/1533/1923
f 1980/1533/1923 1981/1534/1924 1982/1535/1925
f 1981/1534/1924 1983/1536/1926 1982/1535/1925
f 1982/1535/1925 1983/1536/1926 1757/1537/1700
f 1839/1369/1782 1978/1530/1921 1841/1371/1784
f 1841/1371/1784 1978/1530/1921 1981/1534/1924
f 1978/1530/1921 1984/1538/1927 1981/1534/1924
f 1981/1534/1924 1984/1538/1927 1983/1536/1926
f 1921/1541/1864 1985/1540/1928 1919/1539/1862
f 1919/1539/1862 1985/1540/1928 1986/1542/1929
f 1985/1540/1928 1842/1372/1785 1986/1542/1929
f 1986/1542/1929 1842/1372/1785 1845/1375/1788
f 1989/1545/1932 1988/1544/1931 1987/1543/1930
f 1987/1543/1930 1988/1544/1931 1990/1546/1933
f 1988/1544/1931 1991/1547/1934 1990/1546/1933
f 1990/1546/1933 1991/1547/1934 1992/1548/1935
f 1995/1551/1938 1994/1550/1937 1993/1549/1936
f 1998/1554/1941 1997/1553/1940 1996/1552/1939
f 1996/1552/1939 1997/1553/1940 1999/1555/1942
f 1997/1553/1940 2000/1556/1943 1999/1555/1942
f 1999/1555/1942 2000/1556/1943 2001/1557/1944
f 2004/1560/1947 2003/1559/1946 2002/1558/1945
f 2002/1558/1945 2003/1559/1946 2005/1561/1948
f 2003/1559/1946 2006/1562/1949 2005/1561/1948
f 2005/1561/1948 2006/1562/1949 2007/1563/1950
f 2006/1562/1949 2008/1564/1951 2007/1563/1950
f 2007/1563/1950 2008/1564/1951 2009/1565/1952
f 2008/1564/1951 2010/1566/1953 2009/1565/1952
f 2009/1565/1952 2010/1566/1953 2011/1567/1954
f 2010/1566/1953 2012/1568/1955 2011/1567/1954
f 2011/1567/1954 2012/1568/1955 2013/1569/1956
f 2015/1572/1958 2014/1571/1957 1933/1570/1876
f 1933/1570/1876 2014/1571/1957 2016/1573/1959
f 2014/1571/1957 2017/1574/1960 2016/1573/1959
f 2016/1573/1959 2017/1574/1960 2018/1575/1961
f 2017/1574/1960 2019/1576/1962 2018/1575/1961
f 2018/1575/1961 2019/1576/1962 1766/1577/1709
f 1766/1277/1709 1767/1278/1710 2018/1578/1961
f 1767/1278/1710 2020/1579/1963 2018/1578/1961
f 2018/1578/1961 2020/1579/1963 2021/1580/1964
f 2020/1579/1963 2022/1581/1965 2021/1580/1964
f 2021/1580/1964 2022/1581/1965 2023/1582/1966
f 2025/1585/1968 2022/1584/1965 2024/1583/1967
f 2024/1583/1967 2022/1584/1965 2026/1586/1969
f 2022/1584/1965 1990/1546/1933 2026/1586/1969
f 2026/1586/1969 1990/1546/1933 1992/1548/1935
f 2027/1587/1970 2024/1583/1967 2026/1586/1969
f 2026/1586/1969 1992/1548/1935 2028/1588/1971
f 2027/1587/1970 2026/1586/1969 2028/1588/1971
f 1993/1549/1936 1994/1550/1937 2029/1589/1972
f 2029/1589/1972 1994/1550/1937 2030/1590/1973
f 1994/1550/1937 2031/1591/1974 2030/1590/1973
f 2030/1590/1973 2031/1591/1974 2032/1592/1975
f 2031/1591/1974 2033/1593/1976 2032/1592/1975
f 2032/1592/1975 2033/1593/1976 2034/1594/1977
f 2007/1563/1950 2009/1565/1952 2035/1595/1978
f 2035/1595/1978 2009/1565/1952 2036/1596/1979
f 2009/1565/1952 2011/1567/1954 2036/1596/1979
f 2036/1596/1979 2011/1567/1954 2037/1597/1980
f 2035/1595/1978 2036/1596/1979 1927/1598/1870
f 1927/1598/1870 2036/1596/1979 1925/1599/1868
f 2036/1596/1979 2037/1597/1980 1925/1599/1868
f 1925/1599/1868 2037/1597/1980 1923/1600/1866
f 2037/1597/1980 2038/1601/1981 1923/1600/1866
f 1923/1600/1866 2038/1601/1981 1921/1541/1864
f 2038/1601/1981 2039/1602/1982 1921/1541/1864
f 1921/1541/1864 2039/1602/1982 1985/1540/1928
f 2039/1602/1982 2040/1603/1983 1985/1540/1928
f 1985/1540/1928 2040/1603/1983 1842/1372/1785
f 1913/1461/1856 1912/1460/1855 2041/1604/1984
f 1868/1606/1811 1871/1605/1814 2008/1564/1951
f 2008/1564/1951 1871/1605/1814 2010/1566/1953
f 1871/1605/1814 1759/1270/1702 2010/1566/1953
f 2010/1566/1953 1759/1270/1702 2012/1568/1955
f 2042/1607/1985 2027/1587/1970 2028/1588/1971
f 2044/1610/1987 2043/1609/1986 1872/1608/1815
f 1872/1608/1815 2043/1609/1986 1849/1380/1792
f 2043/1609/1986 1850/1382/1793 1849/1380/1792
f 1849/1380/1792 1850/1382/1793 1848/1379/1791
f 1773/1613/1716 2045/1612/1988 1772/1611/1715
f 1772/1611/1715 2045/1612/1988 2046/1614/1989
f 2045/1612/1988 2047/1615/1990 2046/1614/1989
f 2046/1614/1989 2047/1615/1990 2048/1616/1991
f 2047/1615/1990 1989/1545/1932 2048/1616/1991
f 2048/1616/1991 1989/1545/1932 1987/1543/1930
f 2001/1619/1944 2049/1618/1992 1735/1617/1678
f 1996/1552/1939 1999/1555/1942 1744/1620/1687
f 1744/1620/1687 1999/1555/1942 1736/1621/1679
f 1999/1555/1942 2001/1557/1944 1736/1621/1679
f 1736/1621/1679 2001/1557/1944 1735/1622/1678
f 1873/1411/1816 2050/1623/1993 1867/1404/1810
f 2050/1623/1993 1873/1411/1816 1874/1412/1817
f 1878/1624/1821 2050/1623/1993 1874/1412/1817
f 1845/1375/1788 1914/1626/1857 1917/1625/1860
f 1986/1542/1929 1845/1375/1788 1917/1625/1860
f 1779/1628/1722 1832/1362/1775 1778/1627/1721
f 1821/1351/1764 1824/1354/1767 1831/1361/1774
f 1831/1361/1774 1824/1354/1767 1875/1414/1818
f 1824/1354/1767 1826/1356/1769 1875/1414/1818
f 1875/1414/1818 1826/1356/1769 1876/1416/1819
f 1826/1356/1769 1828/1358/1771 1876/1416/1819
f 1876/1416/1819 1828/1358/1771 1877/1418/1820
f 1868/1606/1811 2008/1564/1951 2027/1629/1970
f 2027/1629/1970 2008/1564/1951 2024/1630/1967
f 2008/1564/1951 2006/1562/1949 2024/1630/1967
f 2024/1630/1967 2006/1562/1949 2023/1582/1966
f 2006/1562/1949 2003/1559/1946 2023/1582/1966
f 2023/1582/1966 2003/1559/1946 2021/1580/1964
f 2003/1559/1946 2004/1560/1947 2021/1580/1964
f 2021/1580/1964 2004/1560/1947 2018/1578/1961
f 2051/1633/1994 1881/1632/1824 1761/1631/1704
f 1761/1631/1704 1881/1632/1824 1760/1634/1703
f 1881/1632/1824 1852/1635/1795 1760/1634/1703
f 1760/1634/1703 1852/1635/1795 1855/1636/1798
f 1933/1481/1876 1932/1480/1875 2015/1637/1958
f 2000/1556/1943 2052/1638/1995 2001/1557/1944
f 2001/1557/1944 2052/1638/1995 2049/1639/1992
f 2052/1638/1995 2053/1640/1996 2049/1639/1992
f 1765/1643/1708 2054/1642/1997 1764/1641/1707
f 1764/1641/1707 2054/1642/1997 1774/1644/1717
f 2054/1642/1997 1997/1645/1940 1774/1644/1717
f 1774/1644/1717 1997/1645/1940 2055/1646/1998
f 1997/1645/1940 1998/1647/1941 2055/1646/1998
f 2055/1646/1998 1998/1647/1941 2056/1648/1999
f 1998/1647/1941 2057/1649/2000 2056/1648/1999
f 2056/1648/1999 2057/1649/2000 1768/1650/1711
f 2059/1652/2002 2058/1651/2001 1773/1613/1716
f 1773/1613/1716 2058/1651/2001 2045/1612/1988
f 2058/1651/2001 2060/1653/2003 2045/1612/1988
f 2045/1612/1988 2060/1653/2003 2047/1615/1990
f 2060/1653/2003 1995/1654/1938 2047/1615/1990
f 2047/1615/1990 1995/1654/1938 1989/1545/1932
f 1995/1654/1938 1993/1655/1936 1989/1545/1932
f 1989/1545/1932 1993/1655/1936 1988/1544/1931
f 1993/1655/1936 2061/1656/2004 1988/1544/1931
f 1988/1544/1931 2061/1656/2004 1991/1547/1934
f 1671/1153/1614 2062/1657/2005 1744/1244/1687
f 1998/1554/1941 1996/1552/1939 2057/1658/2000
f 2057/1658/2000 1996/1552/1939 2063/1659/2006
f 1996/1552/1939 1744/1620/1687 2063/1659/2006
f 2063/1659/2006 1744/1620/1687 2062/1660/2005
f 1769/1280/1712 2056/1661/1999 1768/1279/1711
f 1955/1504/1898 2065/1663/2008 2064/1662/2007
f 1957/1506/1900 1955/1504/1898 2064/1662/2007
f 2067/1665/2010 2066/1664/2009 1961/1510/1904
f 1961/1510/1904 2066/1664/2009 1963/1512/1906
f 2066/1664/2009 2068/1666/2011 1963/1512/1906
f 1963/1512/1906 2068/1666/2011 1965/1514/1908
f 2068/1666/2011 2069/1667/2012 1965/1514/1908
f 1965/1514/1908 2069/1667/2012 1967/1516/1910
f 2069/1667/2012 1812/1339/1755 1967/1516/1910
f 1967/1516/1910 1812/1339/1755 1810/1336/1753
f 1870/1407/1813 1868/1405/1811 2042/1668/1985
f 2070/1669/2013 1870/1407/1813 2042/1668/1985
f 1883/1426/1826 2072/1671/2015 2071/1670/2014
f 1882/1425/1825 1883/1426/1826 2071/1670/2014
f 2074/1673/2017 2073/1672/2016 1884/1428/1827
f 1884/1428/1827 2073/1672/2016 1885/1430/1828
f 2073/1672/2016 2075/1674/2018 1885/1430/1828
f 1885/1430/1828 2075/1674/2018 1969/1518/1912
f 2075/1674/2018 2076/1675/2019 1969/1518/1912
f 1969/1518/1912 2076/1675/2019 1935/1484/1878
f 2076/1675/2019 2077/1676/2020 1935/1484/1878
f 1935/1484/1878 2077/1676/2020 1934/1483/1877
f 2077/1676/2020 2078/1677/2021 1934/1483/1877
f 1934/1483/1877 2078/1677/2021 1937/1486/1880
f 2078/1677/2021 2079/1678/2022 1937/1486/1880
f 1937/1486/1880 2079/1678/2022 1939/1488/1882
f 2079/1678/2022 2080/1679/2023 1939/1488/1882
f 1939/1488/1882 2080/1679/2023 1941/1490/1884
f 2080/1679/2023 2081/1680/2024 1941/1490/1884
f 1941/1490/1884 2081/1680/2024 1943/1492/1886
f 2081/1680/2024 2082/1681/2025 1943/1492/1886
f 1943/1492/1886 2082/1681/2025 1945/1494/1888
f 2082/1681/2025 2083/1682/2026 1945/1494/1888
f 1945/1494/1888 2083/1682/2026 1947/1496/1890
f 2083/1682/2026 2084/1683/2027 1947/1496/1890
f 1947/1496/1890 2084/1683/2027 1949/1498/1892
f 1951/1500/1894 2086/1685/2029 2085/1684/2028
f 1953/1502/1896 1951/1500/1894 2085/1684/2028
f 1986/1542/1929 1917/1625/1860 1919/1539/1862
f 1856/1390/1799 1859/1393/1802 1971/1521/1914
f 1971/1521/1914 1859/1393/1802 1970/1520/1913
f 1859/1393/1802 1777/1395/1720 1970/1520/1913
f 1970/1520/1913 1777/1395/1720 1973/1523/1916
f 1888/1436/1831 1886/1434/1829 1858/1392/1801
f 1858/1392/1801 1886/1434/1829 1857/1391/1800
f 1886/1434/1829 1916/1464/1859 1857/1391/1800
f 1857/1391/1800 1916/1464/1859 1860/1394/1803
f 2088/1687/2031 2087/1686/2030 1840/1370/1783
f 1840/1370/1783 2087/1686/2030 1864/1399/1807
f 2087/1686/2030 1822/1688/1765 1864/1399/1807
f 1864/1399/1807 1822/1688/1765 1823/1401/1766
f 1825/1691/1768 2088/1690/2031 1827/1689/1770
f 1827/1689/1770 2088/1690/2031 2089/1692/2032
f 2088/1690/2031 1840/1381/1783 2089/1692/2032
f 2089/1692/2032 1840/1381/1783 1851/1383/1794
f 1844/1693/1787 1984/1538/1927 1978/1530/1921
f 1844/1693/1787 1978/1530/1921 1843/1694/1786
f 1843/1694/1786 1978/1530/1921 2090/1695/2033
f 1978/1530/1921 1979/1531/1922 2090/1695/2033
f 2090/1695/2033 1979/1531/1922 2091/1696/2034
f 1979/1531/1922 1976/1532/1919 2091/1696/2034
f 2091/1696/2034 1976/1532/1919 1846/1697/1789
f 2090/1695/2033 2091/1696/2034 1846/1697/1789
f 1843/1694/1786 2090/1695/2033 1846/1697/1789
f 2005/1561/1948 2092/1698/2035 2002/1558/1945
f 1929/1699/1872 2092/1698/2035 1927/1598/1870
f 1927/1598/1870 2092/1698/2035 2035/1595/1978
f 2092/1698/2035 2005/1561/1948 2035/1595/1978
f 2035/1595/1978 2005/1561/1948 2007/1563/1950
f 1811/1337/1754 1912/1700/1855 1967/1516/1910
f 1810/1336/1753 1811/1337/1754 1967/1516/1910
f 1791/1310/1734 1789/1308/1732 1796/1315/1739
f 1796/1315/1739 1789/1308/1732 1795/1314/1738
f 1789/1308/1732 1787/1306/1730 1795/1314/1738
f 1795/1314/1738 1787/1306/1730 1798/1317/1741
f 1792/1311/1735 2093/1701/2036 1809/1334/1752
f 1809/1334/1752 2093/1701/2036 1808/1333/1751
f 2093/1701/2036 1807/1702/1750 1808/1333/1751
f 1808/1333/1751 1807/1702/1750 1801/1332/1744
f 1788/1307/1731 1804/1324/1747 1805/1327/1748
f 1786/1305/1729 1788/1307/1731 1805/1327/1748
f 1708/1704/1651 1786/1703/1729 1805/1327/1748
f 1710/1329/1653 1708/1704/1651 1805/1327/1748
f 1711/1198/1654 1802/1321/1745 1709/1196/1652
f 2092/1698/2035 1929/1699/1872 1931/1705/1874
f 1790/1309/1733 1792/1311/1735 1809/1334/1752
f 2094/1707/2037 2030/1590/1973 1770/1706/1713
f 1770/1706/1713 2030/1590/1973 1769/1708/1712
f 2030/1590/1973 2032/1592/1975 1769/1708/1712
f 1769/1708/1712 2032/1592/1975 2034/1594/1977
f 2052/1709/1995 1766/1577/1709 2019/1576/1962
f 1853/1385/1796 1880/1421/1823 1814/1388/1757
f 1814/1388/1757 1880/1421/1823 1817/1710/1760
f 1880/1421/1823 1862/1423/1805 1817/1710/1760
f 1817/1710/1760 1862/1423/1805 1819/1711/1762
f 1974/1524/1917 1832/1526/1775 1819/1712/1762
f 1815/1713/1758 1760/1634/1703 1855/1636/1798
f 1866/1403/1809 2095/1714/2038 1813/1343/1756
f 1816/1346/1759 1866/1403/1809 1813/1343/1756
f 2022/1581/1965 2020/1579/1963 2096/1715/2039
f 2096/1715/2039 2020/1579/1963 2097/1716/2040
f 2020/1579/1963 2098/1717/2041 2097/1716/2040
f 2020/1579/1963 1767/1278/1710 2098/1717/2041
f 2098/1717/2041 1767/1278/1710 1772/1283/1715
f 1767/1278/1710 1764/1275/1707 1772/1283/1715
f 1774/1720/1717 2055/1719/1998 1773/1718/1716
f 1773/1718/1716 2055/1719/1998 2059/1721/2002
f 2055/1719/1998 2056/1661/1999 2059/1721/2002
f 2059/1721/2002 2056/1661/1999 2033/1722/1976
f 2056/1661/1999 1769/1280/1712 2033/1722/1976
f 2033/1722/1976 1769/1280/1712 2034/1723/1977
f 2094/1707/2037 2099/1724/2042 2030/1590/1973
f 2030/1590/1973 2099/1724/2042 2100/1725/2043
f 2099/1724/2042 2101/1726/2044 2100/1725/2043
f 2100/1725/2043 2101/1726/2044 2028/1727/1971
f 2101/1726/2044 2070/1728/2013 2028/1727/1971
f 2028/1727/1971 2070/1728/2013 2042/1729/1985
f 2042/1732/1985 1868/1731/1811 2027/1730/1970
f 2057/1649/2000 1771/1733/1714 1768/1650/1711
f 2058/1735/2001 2059/1734/2002 2033/1593/1976
f 2031/1591/1974 2058/1735/2001 2033/1593/1976
f 1759/1410/1702 1872/1409/1815 1758/1736/1701
f 1869/1406/1812 2044/1737/1987 1872/1409/1815
f 1980/1739/1923 1758/1738/1701 1872/1608/1815
f 1849/1380/1792 1980/1739/1923 1872/1608/1815
f 1841/1378/1784 1980/1739/1923 1849/1380/1792
f 1825/1740/1768 1822/1688/1765 2087/1686/2030
f 2088/1687/2031 1825/1740/1768 2087/1686/2030
f 1972/1522/1915 1974/1524/1917 1819/1712/1762
f 1862/1741/1805 1972/1522/1915 1819/1712/1762
f 1886/1434/1829 1889/1437/1832 1916/1464/1859
f 1916/1464/1859 1889/1437/1832 1915/1463/1858
f 1889/1437/1832 1891/1439/1834 1915/1463/1858
f 1915/1463/1858 1891/1439/1834 1918/1466/1861
f 1891/1439/1834 1893/1441/1836 1918/1466/1861
f 1918/1466/1861 1893/1441/1836 1920/1468/1863
f 1893/1441/1836 1895/1443/1838 1920/1468/1863
f 1920/1468/1863 1895/1443/1838 1922/1470/1865
f 1895/1443/1838 1897/1445/1840 1922/1470/1865
f 1922/1470/1865 1897/1445/1840 1924/1472/1867
f 1897/1445/1840 1899/1447/1842 1924/1472/1867
f 1924/1472/1867 1899/1447/1842 1926/1474/1869
f 1899/1447/1842 1901/1449/1844 1926/1474/1869
f 1926/1474/1869 1901/1449/1844 1928/1476/1871
f 1901/1449/1844 1903/1451/1846 1928/1476/1871
f 1928/1476/1871 1903/1451/1846 1930/1478/1873
f 1903/1451/1846 1905/1453/1848 1930/1478/1873
f 1930/1478/1873 1905/1453/1848 1932/1480/1875
f 1905/1453/1848 1907/1455/1850 1932/1480/1875
f 1932/1480/1875 1907/1455/1850 2015/1637/1958
f 1907/1455/1850 1909/1457/1852 2015/1637/1958
f 2015/1637/1958 1909/1457/1852 2102/1742/2045
f 1909/1457/1852 1911/1459/1854 2102/1742/2045
f 2102/1742/2045 1911/1459/1854 2103/1743/2046
f 1911/1459/1854 1913/1461/1856 2103/1743/2046
f 2103/1743/2046 1913/1461/1856 2104/1744/2047
f 1913/1461/1856 2041/1604/1984 2104/1744/2047
f 2104/1744/2047 2041/1604/1984 2053/1745/1996
f 2014/1746/1957 2015/1637/1958 2102/1742/2048
f 2102/1742/2048 2103/1743/2049 2014/1746/1957
f 2014/1746/1957 2103/1743/2049 2017/1747/1960
f 2103/1743/2049 2104/1744/2050 2017/1747/1960
f 2017/1747/1960 2104/1744/2050 2019/1748/1962
f 2104/1744/2050 2053/1745/1996 2019/1748/1962
f 2019/1748/1962 2053/1745/1996 2052/1749/1995
f 1910/1751/1853 1908/1750/1851 1968/1517/1911
f 1968/1517/1911 1908/1750/1851 1966/1515/1909
f 1908/1750/1851 1906/1752/1849 1966/1515/1909
f 1966/1515/1909 1906/1752/1849 1964/1513/1907
f 1906/1752/1849 1904/1753/1847 1964/1513/1907
f 1964/1513/1907 1904/1753/1847 1962/1511/1905
f 1904/1753/1847 1902/1754/1845 1962/1511/1905
f 1962/1511/1905 1902/1754/1845 1960/1509/1903
f 1902/1754/1845 1900/1755/1843 1960/1509/1903
f 1960/1509/1903 1900/1755/1843 1958/1507/1901
f 1900/1755/1843 1898/1756/1841 1958/1507/1901
f 1958/1507/1901 1898/1756/1841 1956/1505/1899
f 1898/1756/1841 1896/1757/1839 1956/1505/1899
f 1956/1505/1899 1896/1757/1839 1954/1503/1897
f 1896/1757/1839 1894/1758/1837 1954/1503/1897
f 1954/1503/1897 1894/1758/1837 1952/1501/1895
f 1894/1758/1837 1892/1759/1835 1952/1501/1895
f 1952/1501/1895 1892/1759/1835 1950/1499/1893
f 1892/1759/1835 1890/1760/1833 1950/1499/1893
f 1950/1499/1893 1890/1760/1833 1948/1497/1891
f 1890/1760/1833 1887/1761/1830 1948/1497/1891
f 1948/1497/1891 1887/1761/1830 1946/1495/1889
f 1887/1761/1830 1888/1762/1831 1946/1495/1889
f 1946/1495/1889 1888/1762/1831 1944/1493/1887
f 1888/1762/1831 1858/1763/1801 1944/1493/1887
f 1944/1493/1887 1858/1763/1801 1942/1491/1885
f 1858/1763/1801 1856/1764/1799 1942/1491/1885
f 1942/1491/1885 1856/1764/1799 1940/1489/1883
f 1856/1764/1799 1971/1765/1914 1940/1489/1883
f 1940/1489/1883 1971/1765/1914 1938/1487/1881
f 1971/1765/1914 1863/1766/1806 1938/1487/1881
f 1938/1487/1881 1863/1766/1806 1936/1485/1879
f 1969/1518/1912 1935/1484/1878 1861/1482/1804
f 1879/1431/1822 1969/1518/1912 1861/1482/1804
f 1861/1482/1804 1936/1485/1879 1863/1766/1806
f 1863/1519/1806 1972/1522/1915 1862/1741/1805
f 2098/1767/2041 2048/1616/1991 1987/1543/1930
f 2097/1768/2040 2098/1767/2041 1987/1543/1930
f 1994/1550/1937 1995/1551/1938 2060/1769/2003
f 2031/1591/1974 1994/1550/1937 2060/1769/2003
f 2031/1591/1974 2060/1769/2003 2058/1735/2001
f 1765/1276/1708 1766/1277/1709 2052/1770/1995
f 2054/1642/1997 1765/1643/1708 2052/1771/1995
f 2000/1772/1943 2054/1642/1997 2052/1771/1995
f 1997/1645/1940 2054/1642/1997 2000/1772/1943
f 1845/1375/1788 2105/1773/2051 1914/1626/1857
f 1973/1523/1916 1777/1395/1720 1778/1525/1721
f 1975/1527/1918 1830/1360/1773 2106/1774/2052
f 1830/1360/1773 1832/1362/1775 1779/1628/1722
f 2106/1774/2052 1830/1360/1773 1779/1628/1722
f 1916/1777/1859 1914/1776/1857 1860/1775/1803
f 1860/1775/1803 1914/1776/1857 2107/1778/2053
f 1914/1776/1857 2105/1779/2051 2107/1778/2053
f 2107/1778/2053 2105/1779/2051 2108/1780/2054
f 2109/1783/2055 1977/1782/1920 2108/1781/2054
f 2108/1781/2054 1977/1782/1920 2110/1784/2056
f 1977/1782/1920 1975/1785/1918 2110/1784/2056
f 2110/1784/2056 1975/1785/1918 2106/1786/2052
f 2110/1788/2056 1780/1787/1723 2108/1780/2054
f 2108/1780/2054 1780/1787/1723 2107/1778/2053
f 1780/1787/1723 1777/1789/1720 2107/1778/2053
f 2107/1778/2053 1777/1789/1720 1860/1775/1803
f 2109/1783/2055 2108/1781/2054 2105/1790/2051
f 1847/1377/1790 2109/1791/2055 2105/1773/2051
f 1845/1375/1788 1847/1377/1790 2105/1773/2051
f 2013/1569/1956 2037/1597/1980 2011/1567/1954
f 1837/1367/1780 1834/1364/1777 2111/1792/2057
f 2111/1792/2057 1834/1364/1777 2112/1793/2058
f 1834/1364/1777 1835/1365/1778 2112/1793/2058
f 2112/1793/2058 1835/1365/1778 2113/1794/2059
f 1835/1365/1778 2114/1795/2060 2113/1794/2059
f 2113/1794/2059 2114/1795/2060 2115/1796/2061
f 1759/1270/1702 1756/1267/1699 2012/1568/1955
f 1756/1797/1699 1757/1798/1700 2116/1797/2062
f 2116/1797/2062 1757/1798/1700 2117/1798/2063
f 1757/1798/1700 1983/1799/1926 2117/1798/2063
f 2117/1798/2063 1983/1799/1926 2114/1799/2060
f 1983/1799/1926 1984/1800/1927 2114/1799/2060
f 2114/1799/2060 1984/1800/1927 2115/1800/2061
f 2119/1803/2066 2118/1802/2065 2038/1801/2064
f 2038/1801/2064 2118/1802/2065 2039/1804/2067
f 2118/1802/2065 2120/1805/2068 2039/1804/2067
f 2039/1804/2067 2120/1805/2068 2040/1806/1983
f 2120/1805/2068 2115/1807/2061 2040/1806/1983
f 2040/1806/1983 2115/1807/2061 1984/1808/1927
f 2122/1811/2070 2121/1810/2069 2012/1809/1955
f 2012/1809/1955 2121/1810/2069 2013/1812/2071
f 2121/1810/2069 2123/1813/2072 2013/1812/2071
f 2013/1812/2071 2123/1813/2072 2037/1814/2073
f 2123/1813/2072 2119/1803/2066 2037/1814/2073
f 2037/1814/2073 2119/1803/2066 2038/1801/2064
f 1756/1816/1699 2116/1815/2062 2012/1809/1955
f 2012/1809/1955 2116/1815/2062 2122/1811/2070
f 2116/1815/2062 1836/1817/1779 2122/1811/2070
f 2122/1811/2070 1836/1817/1779 1838/1818/1781
f 2117/1798/2063 1833/1798/1776 1836/1797/1779
f 2116/1797/2062 2117/1798/2063 1836/1797/1779
f 2114/1795/2060 1835/1365/1778 1833/1363/1776
f 2117/1819/2063 2114/1795/2060 1833/1363/1776
f 2124/1821/2074 2111/1820/2057 2119/1803/2066
f 2119/1803/2066 2111/1820/2057 2118/1802/2065
f 2111/1820/2057 2112/1822/2058 2118/1802/2065
f 2118/1802/2065 2112/1822/2058 2120/1805/2068
f 2112/1822/2058 2113/1823/2059 2120/1805/2068
f 2120/1805/2068 2113/1823/2059 2115/1807/2061
f 1838/1818/1781 2125/1824/2075 2122/1811/2070
f 2122/1811/2070 2125/1824/2075 2121/1810/2069
f 2125/1824/2075 2124/1821/2074 2121/1810/2069
f 2121/1810/2069 2124/1821/2074 2123/1813/2072
f 2124/1821/2074 2119/1803/2066 2123/1813/2072
f 2127/1827/2077 2126/1826/2076 1748/1825/1691
f 1748/1825/1691 2126/1826/2076 1747/1828/1690
f 2126/1826/2076 2128/1829/2078 1747/1828/1690
f 1747/1828/1690 2128/1829/2078 2129/1830/2079
f 2128/1829/2078 2130/1831/2080 2129/1830/2079
f 2129/1830/2079 2130/1831/2080 1912/1832/1855
f 2133/1835/2083 2132/1834/2082 2131/1833/2081
f 2131/1833/2081 2132/1834/2082 2134/1836/2084
f 2132/1834/2082 2135/1837/2085 2134/1836/2084
f 2134/1836/2084 2135/1837/2085 2136/1838/2086
f 2053/1841/1996 2041/1840/1984 2137/1839/2087
f 2137/1839/2087 2041/1840/1984 2138/1842/2088
f 2041/1840/1984 1912/1843/1855 2138/1842/2088
f 2138/1842/2088 1912/1843/1855 2130/1844/2080
f 2135/1847/2085 2139/1846/2089 1740/1845/1683
f 1740/1845/1683 2139/1846/2089 1741/1848/1684
f 2139/1846/2089 2127/1827/2077 1741/1848/1684
f 1741/1848/1684 2127/1827/2077 1748/1825/1691
f 2141/1851/2091 2137/1850/2087 2140/1849/2090
f 2133/1835/2083 2135/1837/2085 2132/1834/2082
f 2133/1853/2083 2131/1852/2081 2127/1827/2077
f 2127/1827/2077 2131/1852/2081 2126/1826/2076
f 2131/1852/2081 2142/1854/2092 2126/1826/2076
f 2126/1826/2076 2142/1854/2092 2128/1829/2078
f 2142/1854/2092 2143/1855/2093 2128/1829/2078
f 2128/1829/2078 2143/1855/2093 2130/1831/2080
f 2135/1847/2085 1740/1845/1683 1735/1856/1678
f 2136/1857/2086 2135/1847/2085 1735/1856/1678
f 2143/1859/2093 2142/1858/2092 2140/1849/2090
f 2140/1849/2090 2142/1858/2092 2141/1851/2091
f 2142/1858/2092 2131/1833/2081 2141/1851/2091
f 2141/1851/2091 2131/1833/2081 2134/1836/2084
f 2137/1850/2087 2141/1851/2091 2134/1836/2084
f 2136/1838/2086 2137/1850/2087 2134/1836/2084
f 1931/1705/1874 1933/1860/1876 2092/1698/2035
f 2092/1698/2035 1933/1860/1876 2002/1558/2094
f 1933/1860/1876 2016/1861/1959 2002/1558/2094
f 2002/1558/2094 2016/1861/1959 2004/1560/2095
f 2018/1578/1961 2004/1560/2095 2016/1861/1959
f 1782/1301/1725 1684/1166/1627 2144/1862/2096
f 2144/1862/2096 1684/1166/1627 1682/1164/1625
f 1682/1164/1625 1679/1161/1622 2144/1862/2096
f 2144/1862/2096 1679/1161/1622 2145/1863/2097
f 1679/1161/1622 1680/1162/1623 2145/1863/2097
f 2145/1863/2097 1680/1162/1623 1752/1263/1695
f 1680/1162/1623 1755/1266/1698 1752/1263/1695
f 1797/1316/1740 1702/1188/1645 1794/1313/1737
f 1794/1313/1737 1702/1188/1645 2146/1864/2098
f 1702/1188/1645 1690/1189/1633 2146/1864/2098
f 2146/1864/2098 1690/1189/1633 1784/1865/1727
f 1677/1159/1620 1676/1158/1619 1806/1330/1749
f 1806/1330/1749 1676/1158/1619 1800/1319/1743
f 1984/1800/1927 1844/1374/1787 2040/1603/1983
f 2040/1603/1983 1844/1374/1787 1842/1372/1785
f 2030/1590/1973 2100/1725/2043 2029/1589/1972
f 2029/1589/1972 2100/1725/2043 2028/1727/1971
f 2028/1727/1971 2061/1866/2004 2029/1589/1972
f 2029/1589/1972 2061/1866/2004 1993/1549/1936
f 2022/1584/1965 2096/1867/2039 1990/1546/1933
f 1990/1546/1933 2096/1867/2039 2097/1768/2040
f 2097/1768/2040 1987/1543/1930 1990/1546/1933
f 1772/1611/1715 2046/1614/1989 2098/1767/2041
f 2098/1767/2041 2046/1614/1989 2048/1616/1991
f 1992/1548/1935 1991/1547/1934 2028/1588/1971
f 2028/1588/1971 1991/1547/1934 2061/1656/2004
f 1955/1504/1898 1953/1502/1896 2065/1663/2008
f 2065/1663/2008 1953/1502/1896 2085/1684/2028
f 2067/1665/2010 1961/1510/1904 2147/1868/2099
f 2147/1868/2099 1961/1510/1904 1959/1508/1902
f 1959/1508/1902 2064/1662/2007 2147/1868/2099
f 2064/1662/2007 1959/1508/1902 1957/1506/1900
f 2074/1673/2017 1884/1428/1827 2148/1869/2100
f 2148/1869/2100 1884/1428/1827 1882/1425/1825
f 1882/1425/1825 2071/1670/2014 2148/1869/2100
f 2086/1685/2029 1951/1500/1894 2084/1683/2027
f 2084/1683/2027 1951/1500/1894 1949/1498/1892
f 1881/1424/1824 2051/1870/1994 1883/1426/1826
f 1883/1426/1826 2051/1870/1994 2072/1671/2015
f 2051/1870/1994 2149/1871/2101 2072/1671/2015
f 2149/1871/2101 2051/1870/1994 2150/1872/2102
f 2051/1870/1994 1761/1873/1704 2150/1872/2102
f 2150/1872/2102 1761/1873/1704 2151/1874/2103
f 1761/1873/1704 1762/1875/1705 2151/1874/2103
f 1846/1376/1789 1977/1529/1920 1847/1377/1790
f 1847/1377/1790 1977/1529/1920 2109/1791/2055
f 1980/1533/1923 1982/1535/1925 1758/1876/1701
f 1758/1876/1701 1982/1535/1925 1757/1537/1700
f 1967/1516/1910 1912/1700/1855 1968/1517/1911
f 1968/1517/1911 1912/1700/1855 1910/1751/1853
f 1749/1255/1692 1694/1256/1637 1750/1257/1693
f 1750/1257/1693 1694/1256/1637 1692/1258/1635
f 2024/1630/1967 2023/1582/1966 2025/1877/1968
f 2025/1877/1968 2023/1582/1966 2022/1581/1965
f 2110/1879/2056 2106/1878/2052 1780/1292/1723
f 1780/1292/1723 2106/1878/2052 1779/1291/1722
f 2111/1792/2057 2124/1880/2074 1837/1367/1780
f 1837/1367/1780 2124/1880/2074 2125/1881/2075
f 2125/1881/2075 1838/1368/1781 1837/1367/1780
f 1912/1700/1855 1811/1337/1754 2129/1882/2079
f 2129/1882/2079 1811/1337/1754 1747/1341/1690
f 1735/1856/1678 2049/1883/1992 2136/1857/2086
f 2136/1857/2086 2049/1883/1992 2137/1839/2087
f 2049/1883/1992 2053/1841/1996 2137/1839/2087
f 2137/1839/2087 2138/1842/2088 2140/1884/2090
f 2140/1884/2090 2138/1842/2088 2143/1885/2093
f 2138/1842/2088 2130/1844/2080 2143/1885/2093
f 2127/1827/2077 2152/1886/2104 2133/1853/2083
f 2133/1853/2083 2152/1886/2104 2135/1847/2085
f 2152/1886/2104 2139/1846/2089 2135/1847/2085
f 2139/1846/2089 2152/1886/2104 2127/1827/2077
v -732.0944 -177.9379 1177.34
vn 0.8389693 -0.5400501 -0.06690587
v -854.9933 -281.3133 1026.983
vn 0.5967571 -0.6450462 -0.4772802
v -813.4165 -269.9083 1200.119
vn 0.7438912 -0.6671336 0.0394792
v -789.2698 -174.2768 1012.084
vn 0.6449984 -0.4553101 -0.6137342
v -974.2266 -274.5132 964.4504
vn 0.280338 -0.4946285 -0.8226501
v -879.8395 -166.5762 938.7276
vn 0.3608576 -0.2901325 -0.8863435
v -1156.178 -261.6527 922.5341
vn 0.2130419 -0.4602837 -0.8618307
v -1066.26 -171.2775 907.7525
vn 0.2903922 -0.3338698 -0.8967739
v -1251.316 -182.152 841.9771
vn 0.3962476 -0.6120312 -0.6844017
v -1139.822 -91.6604 823.3502
vn 0.4527775 -0.6394488 -0.6213678
v -1274.915 -137.7071 767.3635
vn 0.4602678 -0.8435056 -0.2768606
v -1173.941 -79.90009 775.2517
vn 0.481063 -0.8573227 -0.1832381
v -1262.199 -121.2778 693.642
vn 0.3314647 -0.9286957 0.1662993
v -1162.582 -87.10323 696.521
vn 0.4415358 -0.8578598 0.262912
v -1246.811 -142.595 598.2968
vn 0.208529 -0.8618318 0.4623435
v -1094.179 -114.2822 588.6549
vn 0.5166124 -0.78088 0.3511951
v -1268.898 -172.3805 563.8397
vn 0.1669166 -0.7881243 0.5924517
v -1162.533 -191.9005 508.7208
vn 0.3506573 -0.8500698 0.392964
v -1289.579 -200.2701 531.576
vn 0.1580915 -0.7929591 0.5884072
v -1240.984 -237.5206 468.5547
vn 0.293858 -0.9265846 0.2347093
v -1086.309 -458.5307 1142.175
vn 0.3530187 -0.8749875 -0.3313224
v -911.37 -358.9535 1218.217
vn 0.6267691 -0.775301 0.07790352
v -937.4316 -366.9428 1057.18
vn 0.4513487 -0.8026044 -0.3900135
v -1031.974 -444.0594 1248.139
vn 0.5807431 -0.8097395 0.08402054
v -916.0399 -291.5206 1412.809
vn 0.5026234 -0.8620127 -0.06560401
v -1013.903 -364.2342 1456.824
vn 0.4818542 -0.8759797 0.02182114
v -819.5007 -223.6184 1385.285
vn 0.6182789 -0.7530345 -0.2251004
v -1051.537 -356.9895 999.5012
vn 0.1731942 -0.7006308 -0.6921851
v -1151.482 -348.2375 979.6359
vn 0.09796551 -0.6747072 -0.7315551
v -908.6375 -332.1083 1604.386
vn -0.2755336 -0.7641433 -0.5832377
v -831.5298 -321.6064 1528.245
vn 0.008754666 -0.6752807 -0.7375088
v -787.9398 -164.307 1362.922
vn 0.6762766 -0.6805989 -0.2818424
v -625.4833 -27.81998 1303.859
vn 0.6462625 -0.7130089 -0.2719617
v -644.4331 -27.81947 1147.178
vn 0.8190158 -0.5737684 0.001715822
v -760.0167 -171.1226 1270.131
vn 0.805077 -0.5627253 0.1875933
v -1154.993 -424.5581 1082.554
vn 0.1009839 -0.8141329 -0.5718304
v -965.5027 -27.82003 896.549
vn 0.3867834 -0.3660341 -0.8464146
v -1053.358 -27.82001 829.615
vn 0.5070797 -0.6623264 -0.5515378
v -1072.673 -27.81999 760.5056
vn 0.4970517 -0.8630534 -0.08987975
vn 0.4835975 -0.8463254 0.2233089
v -1288.838 -248.3551 433.0134
vn 0.2028684 -0.9780447 -0.04767551
v -1210.252 -230.7567 398.0462
vn 0.4600823 -0.8667213 -0.1926616
v -1247.596 -236.6319 366.288
vn 0.344042 -0.8888389 -0.3026556
v -1146.862 -190.5952 436.4122
vn 0.5501844 -0.833706 -0.0472384
v -1064.844 -138.9474 464.1679
vn 0.7190666 -0.6949295 -0.00402341
v -1185.582 -189.0887 367.0594
vn 0.5109997 -0.7308198 -0.4525282
v -1234.696 -191.3009 317.4243
vn 0.4424143 -0.7103403 -0.547436
v -1156.703 -189.8419 390.4155
vn 0.5455496 -0.7695845 -0.3318363
v -1095.752 -140.452 385.2658
vn 0.6689455 -0.6155642 -0.4166445
vn 0.7624459 -0.4366141 -0.4775399
vn 0.7923354 -0.6100345 0.007902224
v -1379.823 -190.793 242.8864
vn 0.2685333 -0.7060801 -0.6552411
v -1291.679 -242.5071 347.3911
vn 0.2312372 -0.8996488 -0.3703531
v -1290.549 -193.5131 280.6504
vn 0.3261296 -0.7100549 -0.6240686
v -1384.354 -239.2701 295.473
vn 0.1653108 -0.8977478 -0.4083151
v -1343.43 -259.1896 410.3333
vn 0.1224837 -0.9838192 -0.1307574
v -1397.82 -248.3085 350.9108
vn 0.04742747 -0.9812025 -0.1870622
vn 0.3785069 -0.7078254 -0.5964192
v -1377.731 -109.0261 169.4397
vn 0.2765983 -0.7174007 -0.6393978
v -1262.066 -114.6436 216.0721
vn 0.3882326 -0.6406986 -0.6624053
v -1200.512 -128.3001 266.1077
vn 0.5097488 -0.5981904 -0.6183239
v -1096.246 -27.82 311.54
vn 0.6870689 -0.4139358 -0.5971544
v -1175.95 -27.82001 210.1185
vn 0.5734777 -0.5247231 -0.6291177
v -1145.696 -141.9567 329.0045
vn 0.5946263 -0.5812617 -0.5554768
v -749.9021 -256.84 1455.959
vn 0.2871288 -0.7328821 -0.6167989
v -674.2114 -160.0607 1416.345
vn 0.4053276 -0.591688 -0.6968607
v -607.0559 -27.82001 1363.589
vn 0.4197826 -0.5974727 -0.6832342
v 2028.569 -419.0229 983.6135
vn 0.1325245 -0.7747896 -0.6181734
v 1793.567 -538.2541 1250.227
vn -0.1231409 -0.9454246 -0.3016763
v 2124.195 -495.3293 1268.139
vn 0.1892797 -0.91676 -0.3517446
v 1661.415 -352.7521 1001.659
vn -0.2695623 -0.7548574 -0.5979352
v 1684.571 -511.3183 1286.474
vn -0.3504101 -0.891086 -0.2884068
v 1595.217 -313.5221 1015.688
vn -0.2404443 -0.7752522 -0.584098
v 1480.187 -408.4929 1405.8
vn -0.1675172 -0.9001402 -0.4021015
v 1336.229 -342.0141 1096.398
vn -0.26628 -0.8704363 -0.4140479
v 890.5189 -397.2865 1267.932
vn 0.01956251 -0.7884772 -0.6147528
v 1016.376 -267.1097 1188.31
vn 0.05335185 -0.7900495 -0.6107171
v 848.9736 -287.7917 1116.32
vn 0.09176385 -0.8443798 -0.5278277
v 1024.518 -402.3295 1267.178
vn -0.03905232 -0.6849961 -0.7274993
v 1127.218 -283.1028 1179.32
vn -0.1953752 -0.8054334 -0.5595584
v 1144.169 -392.7748 1251.232
vn 0.04002715 -0.6670198 -0.743964
v 1207.113 -309.1691 1129.09
vn -0.2081652 -0.9126516 -0.3517589
v 1264.09 -394.4914 1344.65
vn 0.2041937 -0.7361406 -0.6452921
v 2236.14 -327.2784 1021.274
vn 0.5398452 -0.6150313 -0.5747204
v 1975.077 -219.9036 829.3049
vn 0.03855491 -0.7563732 -0.6530032
v 2183.389 -189.3424 873.5898
vn 0.3978373 -0.6962245 -0.5974922
v 2046.322 -27.82001 569.3414
vn 0.08717866 -0.8210443 -0.5641686
vn 0.2925859 -0.8505972 -0.4368956
v 713.9836 -420.5474 1316.415
vn -0.4602646 -0.6796123 -0.5712124
v 755.4651 -289.3237 1128.172
vn -0.2582813 -0.8285537 -0.4967792
v 656.9945 -264.101 1212.159
vn -0.641508 -0.6492604 -0.4085688
v 812.5658 -401.7354 1281.73
vn -0.1179733 -0.7956213 -0.5941961
v 1674.666 -186.0548 861.9633
vn -0.2452263 -0.7573555 -0.6052079
v 1598.641 -168.6918 889.8705
vn -0.1678537 -0.7330136 -0.6591784
v 1211.131 -298.3483 1096.54
vn -0.4519436 -0.7330436 -0.5083247
v 1378.493 -181.8563 888.4846
vn -0.2547668 -0.7407072 -0.6216484
v 1250.104 -165.2563 956.6483
vn -0.4567267 -0.6676528 -0.587912
v 1439.698 -180.8468 883.6951
vn -0.04194577 -0.7437003 -0.667196
v 1027.71 -143.7574 1087.76
vn 0.00426756 -0.652946 -0.7573925
v 848.3302 -278.8259 1090.922
vn 0.1083312 -0.7424886 -0.6610408
v 1017.674 -255.5539 1160.745
vn 0.06664893 -0.7641943 -0.6415334
v 825.8476 -145.0242 1020.162
vn 0.01484368 -0.5271175 -0.8496628
v 754.8142 -274.9547 1099.983
vn -0.3674315 -0.684138 -0.6300392
v 750.6805 -144.496 1036.093
vn -0.4176764 -0.4237603 -0.8037248
v 656.1089 -250.4973 1185.016
vn -0.7077448 -0.562878 -0.426926
v 650.2921 -142.1256 1125.819
vn -0.7240748 -0.3721105 -0.5807317
v 598.8354 -236.2532 1337.902
vn -0.4953764 -0.7559561 -0.42794
v 577.4296 -139.385 1230.075
vn -0.5317262 -0.5365533 -0.6552693
v 511.9481 -238.984 1365.704
vn -0.06053481 -0.8697563 -0.4897544
v 485.5061 -138.8015 1240.708
vn -0.1983425 -0.6038101 -0.772058
v 417.9283 -252.3225 1382.597
vn 0.1617884 -0.84661 -0.5070268
v 403.9799 -141.6117 1270.794
vn 0.1047149 -0.6339976 -0.7662127
v 270.266 -278.2283 1332.139
vn 0.2887526 -0.7906458 -0.5399084
v 244.7267 -192.701 1223.65
vn 0.2114457 -0.5983657 -0.772819
v 86.6543 -308.5005 1277.3
vn 0.03468362 -0.7878584 -0.614879
v 64.73226 -189.4823 1197.927
vn -0.04720596 -0.5395962 -0.8405995
v -76.8322 -309.107 1321.812
vn -0.3216001 -0.7337748 -0.5984546
v -119.8158 -172.8599 1247.503
vn -0.4624807 -0.4687298 -0.7525982
v -203.0401 -321.0524 1432.886
vn -0.5702516 -0.6138741 -0.5458679
v -207.1879 -171.262 1341.413
vn -0.6611668 -0.4442471 -0.6045684
v -270.0417 -313.7143 1500.35
vn -0.6331366 -0.5102715 -0.5820318
v -274.4462 -169.6642 1456.879
vn -0.6705323 -0.4898645 -0.5571527
v -339.6188 -304.3227 1556.034
vn -0.2606265 -0.5675954 -0.7809669
v -355.3179 -150.0699 1524.207
vn -0.2706662 -0.4640772 -0.8434289
v -422.3741 -300.1485 1544.401
vn 0.03557232 -0.656713 -0.7533011
v -477.1011 -157.5863 1494.329
vn 0.1807176 -0.4352311 -0.8819949
v -553.8341 -292.7517 1565.367
vn 0.06602985 -0.760835 -0.6455774
v -593.9339 -157.0636 1454.055
vn 0.2772384 -0.5393893 -0.7951089
v 1128.255 -270.8483 1150.133
vn -0.3841131 -0.7204859 -0.5773709
v 1136.523 -150.0068 1061.95
vn -0.3844921 -0.6683646 -0.6367531
v 602.366 -250.6244 1373.814
vn -0.5937251 -0.6271593 -0.5041446
v 529.0816 -407.1824 1462.199
vn -0.2586894 -0.3972285 -0.8805051
v 647.9956 -414.994 1383.618
vn -0.5757139 -0.4735774 -0.6665418
v 514.933 -248.7036 1397.943
vn -0.144913 -0.7122617 -0.6867921
v 439.6405 -381.5589 1454.014
vn 0.03197097 -0.4478638 -0.89353
v 419.7734 -264.0672 1415.514
vn 0.1510804 -0.7124977 -0.6852165
v 323.9896 -409.8841 1447.802
vn 0.2063598 -0.6056666 -0.7684943
v 274.6502 -290.0092 1368.89
vn 0.3053111 -0.6935215 -0.6525435
v 129.5741 -432.5042 1383.284
vn 0.08782895 -0.7815017 -0.6176903
v 89.80789 -322.7209 1306.845
vn 0.09735655 -0.7432403 -0.661903
v -36.89214 -425.5314 1392.293
vn -0.240093 -0.8015946 -0.5475413
v -72.54008 -319.811 1347.359
vn -0.2831551 -0.7379632 -0.6125631
v -144.4791 -436.5297 1497.135
vn -0.4546519 -0.7199515 -0.5243678
v -202.423 -340.4384 1464.623
vn -0.4987195 -0.6797172 -0.5378321
v -203.7406 -429.4074 1554.139
vn -0.4925073 -0.6487907 -0.5800924
v -269.479 -329.219 1524.032
vn -0.5364353 -0.628969 -0.5627034
v -285.833 -422.049 1597.301
vn -0.3670825 -0.6244462 -0.6894327
v -337.5097 -322.145 1578.437
vn -0.3048439 -0.6498977 -0.6962063
v -367.918 -404.0615 1626.481
vn -0.2194305 -0.6227965 -0.7509826
v -416.0641 -313.6846 1568.301
vn -0.1179332 -0.7090833 -0.6951925
v -475.8895 -392.5057 1631.504
vn -0.04581103 -0.6167516 -0.7858236
v -549.285 -305.2438 1596.122
vn -0.002998696 -0.7598764 -0.6500607
v -591.5957 -408.062 1649.667
vn -0.1090365 -0.7235337 -0.681623
v -680.3036 -290.0616 1526.634
vn 0.2294601 -0.6290849 -0.742698
v -624.5882 -417.5308 1677.571
vn 0.3006844 -0.8053082 -0.5109478
v 2344.348 -203.4043 1053.432
vn 0.5143223 -0.7436189 -0.4272043
v 2313.836 -451.8668 1312.585
vn 0.4761531 -0.778464 -0.4089891
v 2433.895 -282.826 1301.872
vn 0.6024878 -0.7178029 -0.3489518
v 55.61732 -27.81999 1112.125
vn -0.06545249 -0.5117689 -0.8566263
vn -0.4740193 -0.4723595 -0.7430896
v -361.8099 -27.82002 1351.467
vn -0.5405746 -0.6828645 -0.4914011
v -406.6017 -27.82001 1419.735
vn -0.2791463 -0.6514213 -0.7054982
v -466.9853 -27.82054 1437.5
vn 0.2329223 -0.5088107 -0.8287695
v -549.5032 -27.82063 1381.248
vn 0.3554053 -0.4981775 -0.7908896
v 1614.935 -27.82001 618.2316
vn -0.2329323 -0.8411304 -0.4881005
v 1502.134 -27.82001 704.6153
vn -0.1496848 -0.8169644 -0.5569232
v 1382.003 -27.82001 701.2731
vn -0.07464071 -0.7678384 -0.6362805
v 1296.004 -27.82001 745.6179
vn -0.2897485 -0.7491908 -0.5956165
v 1181.596 -27.82001 817.1963
vn -0.4231071 -0.7467379 -0.5131889
v 1101.588 -27.82 884.1492
vn -0.3415996 -0.7920902 -0.5058684
v 998.1198 -27.82001 929.9387
vn -0.06562473 -0.7596643 -0.6469958
vn -0.06884742 -0.5724616 -0.817036
v 747.106 -27.81987 979.3157
vn -0.4288206 -0.4143015 -0.8027871
v 642.2311 -27.81992 1072.741
vn -0.7055502 -0.3392857 -0.6221609
v 585.4166 -27.82004 1153.02
vn -0.5340598 -0.412032 -0.7382478
v 491.8547 -27.81996 1192.291
vn -0.1295671 -0.5070549 -0.8521195
v 413.3439 -27.82001 1174.903
vn 0.2721093 -0.622565 -0.7337365
v 263.977 -27.82003 1101.835
vn 0.1717555 -0.6063933 -0.7763938
v 729.627 -488.7466 1391.465
vn -0.2778131 -0.7452089 -0.6062042
v 665.4927 -478.4473 1433.128
vn -0.4814517 -0.5753773 -0.6611696
vn 0.4472477 -0.7019476 -0.5542914
vn 0.3266775 -0.7792979 -0.5347679
v 1700.317 -539.8802 1361.901
vn -0.3463688 -0.9137124 -0.2125049
v 1852.959 -544.1099 1348.719
vn -0.01194284 -0.9864329 -0.1637302
v 1528.785 -477.6884 1486.162
vn -0.1572262 -0.7679368 -0.6209291
v 2148.649 -509.47 1322.978
vn 0.2044613 -0.9389467 -0.2767214
v 1239.964 -490.2331 1383.348
vn 0.3647179 -0.5312566 -0.7646877
v 1123.36 -499.1707 1328.495
vn 0.1343076 -0.6323702 -0.7629347
v 1022.813 -458.0764 1349.277
vn -0.1280814 -0.7572454 -0.6404487
v 914.7519 -450.3369 1346.452
vn -0.03597837 -0.8266698 -0.561536
v 818.0399 -474.4816 1384.367
vn -0.01659427 -0.8040365 -0.5943483
v 526.4868 -487.3182 1496.52
vn -0.2579496 -0.4692222 -0.8445665
v 444.3821 -482.3773 1506.887
vn -0.03245924 -0.5237479 -0.8512547
v 319.2896 -452.7418 1504.786
vn 0.09656318 -0.7791829 -0.6193138
v 148.2246 -443.6933 1452.354
vn 0.06078199 -0.9554252 -0.2889087
v -9.18036 -435.5095 1436.808
vn -0.09507223 -0.9618719 -0.2564446
v -111.1201 -456.9473 1508.636
vn -0.3027211 -0.8642912 -0.4016972
v -175.6135 -472.085 1590.012
vn -0.4128257 -0.7603797 -0.5013957
v -197.4675 -472.9721 1608.419
vn -0.3695369 -0.7528736 -0.5446318
v -287.1748 -465.0721 1659.427
vn -0.2651058 -0.7324613 -0.627072
v -402.7868 -463.1873 1692.05
vn -0.0997245 -0.690306 -0.7166119
v -527.1656 -476.4673 1714.154
vn -0.173937 -0.7631891 -0.6223249
v -649.1923 -460.6427 1770.032
vn 0.2236144 -0.8971406 -0.3809664
v -819.0063 -378.1451 1523.478
vn -0.3642017 -0.305676 -0.8797268
v -880.4428 -378.0019 1598.839
vn -0.6888902 -0.3182118 -0.6512846
v -805.0612 -437.0371 1559.161
vn -0.2109901 -0.6989497 -0.6833392
v -866.4708 -438.5111 1613.117
vn -0.5050486 -0.6243151 -0.5959501
v -855.9129 -499.8366 1684.961
vn -0.3191333 -0.7900637 -0.5234056
v -798.7323 -511.452 1681.917
vn -0.1082601 -0.8367419 -0.5367892
v -763.9548 -433.752 1564.112
vn 0.1421591 -0.7107664 -0.6889136
v -740.268 -508.4559 1687.289
vn 0.3148239 -0.8372682 -0.4470659
v -722.8485 -430.467 1569.062
vn 0.3653046 -0.7264884 -0.5820372
v -706.8808 -476.766 1664.154
vn 0.4502379 -0.8095758 -0.3766602
v -662.7915 -453.1068 1671.107
vn 0.6381687 -0.6758496 -0.3687385
v -678.9428 -480.0586 1728.249
vn 0.5779291 -0.7831061 -0.2296575
v -685.4283 -363.1593 1523.083
vn 0.4359083 -0.4264275 -0.792555
v -752.2173 -370.6522 1523.28
vn 0.03924112 -0.2582282 -0.9652867
v -755.9167 -305.834 1527.439
vn 0.08556449 -0.4379448 -0.8949207
v -824.8191 -27.81999 939.7676
vn 0.3666597 -0.2278024 -0.9020348
v -709.3931 -27.8195 991.7089
vn 0.7056282 -0.4757914 -0.5250822
vn 0.581281 -0.754231 0.3053653
v 2726.585 -27.81999 1141.227
vn 0.5016403 -0.8192628 -0.2777867
v 2823.958 -27.81999 1455.173
vn 0.58719 -0.7886948 -0.1821219
v 2589.672 -27.81999 872.3249
vn 0.3900997 -0.8664449 -0.3116013
vn -0.5656097 -0.6032443 -0.5623006
vn -0.09390242 -0.8292554 -0.5509245
o polySurface13_0
g polygon_0
usemtl i_s1
f 2155/1160/2107 2154/1163/2106 2153/1162/2105
f 2153/1162/2105 2154/1163/2106 2156/1161/2108
f 2154/1163/2106 2157/1165/2109 2156/1161/2108
f 2156/1161/2108 2157/1165/2109 2158/1164/2110
f 2157/1165/2109 2159/1167/2111 2158/1164/2110
f 2158/1164/2110 2159/1167/2111 2160/1166/2112
f 2159/1167/2111 2161/1169/2113 2160/1166/2112
f 2160/1166/2112 2161/1169/2113 2162/1168/2114
f 2161/1169/2113 2163/1171/2115 2162/1168/2114
f 2162/1168/2114 2163/1171/2115 2164/1170/2116
f 2163/1171/2115 2165/1173/2117 2164/1170/2116
f 2164/1170/2116 2165/1173/2117 2166/1172/2118
f 2165/1187/2117 2167/1190/2119 2166/1189/2118
f 2166/1189/2118 2167/1190/2119 2168/1188/2120
f 2167/1190/2119 2169/1192/2121 2168/1188/2120
f 2168/1188/2120 2169/1192/2121 2170/1191/2122
f 2169/1192/2121 2171/1194/2123 2170/1191/2122
f 2170/1191/2122 2171/1194/2123 2172/1193/2124
f 2175/1213/2127 2174/1214/2126 2173/1203/2125
f 2173/1203/2125 2174/1214/2126 2176/1206/2128
f 2174/1214/2126 2177/1215/2129 2176/1206/2128
f 2176/1206/2128 2177/1215/2129 2178/1208/2130
f 2177/1226/2129 2174/1228/2126 2179/1227/2131
f 2179/1227/2131 2174/1228/2126 2155/1160/2107
f 2174/1228/2126 2175/1229/2127 2155/1160/2107
f 2155/1160/2107 2175/1229/2127 2154/1163/2106
f 2175/1229/2127 2180/1230/2132 2154/1163/2106
f 2154/1163/2106 2180/1230/2132 2157/1165/2109
f 2180/1230/2132 2181/1231/2133 2157/1165/2109
f 2157/1165/2109 2181/1231/2133 2159/1167/2111
f 2183/1247/2135 2182/1250/2134 2178/1248/2130
f 2177/1249/2129 2183/1247/2135 2178/1248/2130
f 2186/1263/2138 2185/1264/2137 2184/1265/2136
f 2187/1266/2139 2186/1263/2138 2184/1265/2136
f 2181/1216/2133 2180/1254/2132 2188/1219/2140
f 2179/1227/2131 2155/1160/2107 2184/1265/2136
f 2184/1265/2136 2155/1160/2107 2187/1266/2139
f 2155/1160/2107 2153/1162/2105 2187/1266/2139
f 2160/1166/2112 2162/1168/2114 2189/1301/2141
f 2189/1301/2141 2162/1168/2114 2190/1300/2142
f 2162/1168/2114 2164/1170/2116 2190/1300/2142
f 2190/1300/2142 2164/1170/2116 2191/1302/2143
f 2164/1170/2116 2166/1172/2118 2191/1302/2143
f 2191/1302/2143 2166/1172/2118 1784/1303/2144
f 2194/1305/2147 2193/1304/2146 2192/1195/2145
f 2192/1195/2145 2193/1304/2146 2172/1193/2124
f 2193/1304/2146 2195/1318/2148 2172/1193/2124
f 2172/1193/2124 2195/1318/2148 2170/1191/2122
f 2195/1318/2148 2196/1316/2149 2170/1191/2122
f 2170/1191/2122 2196/1316/2149 2168/1188/2120
f 2198/1307/2151 2197/1306/2150 2194/1305/2147
f 2194/1305/2147 2197/1306/2150 2193/1304/2146
f 2197/1306/2150 2199/1317/2152 2193/1304/2146
f 2193/1304/2146 2199/1317/2152 2195/1318/2148
f 2199/1317/2152 2200/1314/2153 2195/1318/2148
f 2195/1318/2148 2200/1314/2153 2196/1316/2149
f 2200/1314/2153 1796/1315/2154 2196/1316/2149
f 2196/1316/2149 1796/1315/2154 1794/1313/2155
f 2203/1324/2158 2202/1327/2157 2201/1326/2156
f 2201/1326/2156 2202/1327/2157 2204/1325/2159
f 2202/1327/2157 2205/1329/2160 2204/1325/2159
f 2204/1325/2159 2205/1329/2160 2206/1328/2161
f 2208/1334/2164 2207/1332/2163 1808/1333/2162
f 2211/1311/2167 2210/1310/2166 2209/1309/2165
f 2209/1309/2165 2210/1310/2166 2212/1308/2168
f 2210/1310/2166 1796/1315/2154 2212/1308/2168
f 2212/1308/2168 1796/1315/2154 2200/1314/2153
f 2175/1213/2127 2173/1203/2125 2188/1219/2140
f 2180/1254/2132 2175/1213/2127 2188/1219/2140
f 2179/1335/2131 2184/1338/2136 2213/1337/2169
f 2213/1337/2169 2184/1338/2136 2214/1336/2170
f 2184/1338/2136 2185/1340/2137 2214/1336/2170
f 2214/1336/2170 2185/1340/2137 2215/1339/2171
f 2213/1337/2169 2183/1341/2135 2177/1342/2129
f 2179/1335/2131 2213/1337/2169 2177/1342/2129
f 2207/1332/2163 2208/1334/2164 2201/1326/2156
f 2201/1326/2156 2208/1334/2164 2203/1324/2158
f 2208/1334/2164 2209/1309/2165 2203/1324/2158
f 2203/1324/2158 2209/1309/2165 2198/1307/2151
f 2209/1309/2165 2212/1308/2168 2198/1307/2151
f 2198/1307/2151 2212/1308/2168 2197/1306/2150
f 2212/1308/2168 2200/1314/2153 2197/1306/2150
f 2197/1306/2150 2200/1314/2153 2199/1317/2152
f 2218/1387/2174 2217/1385/2173 2216/1384/2172
f 2216/1384/2172 2217/1385/2173 2219/1386/2175
f 2217/1385/2173 2220/1421/2176 2219/1386/2175
f 2219/1386/2175 2220/1421/2176 2221/1420/2177
f 2220/1421/2176 2222/1423/2178 2221/1420/2177
f 2221/1420/2177 2222/1423/2178 2223/1422/2179
f 2226/1392/2182 2225/1390/2181 2224/1391/2180
f 2224/1391/2180 2225/1390/2181 2227/1393/2183
f 2225/1390/2181 2228/1521/2184 2227/1393/2183
f 2227/1393/2183 2228/1521/2184 2229/1520/2185
f 2228/1521/2184 2230/1519/2186 2229/1520/2185
f 2229/1520/2185 2230/1519/2186 2231/1522/2187
f 2230/1398/2186 2223/1396/2179 2222/1397/2178
f 2216/1427/2172 2233/1425/2189 2232/1424/2188
f 2232/1424/2188 2233/1425/2189 2234/1426/2190
f 2233/1425/2189 2235/1670/2191 2234/1426/2190
f 2234/1426/2190 2235/1670/2191 2072/1671/2192
f 2238/1435/2195 2237/1436/2194 2236/1437/2193
f 2236/1437/2193 2237/1436/2194 2239/1434/2196
f 2237/1436/2194 2226/1392/2182 2239/1434/2196
f 2239/1434/2196 2226/1392/2182 2224/1391/2180
f 2216/1427/2172 2219/1429/2175 2233/1425/2189
f 2233/1425/2189 2219/1429/2175 2240/1428/2197
f 2219/1429/2175 2221/1431/2177 2240/1428/2197
f 2240/1428/2197 2221/1431/2177 2241/1430/2198
f 2244/1483/2201 2243/1484/2200 2242/1485/2199
f 2242/1485/2199 2243/1484/2200 2223/1482/2179
f 2243/1484/2200 2245/1518/2202 2223/1482/2179
f 2223/1482/2179 2245/1518/2202 2221/1431/2177
f 2248/1489/2205 2247/1491/2204 2246/1488/2203
f 2246/1488/2203 2247/1491/2204 2249/1490/2206
f 2247/1491/2204 2250/1493/2207 2249/1490/2206
f 2249/1490/2206 2250/1493/2207 2251/1492/2208
f 2250/1493/2207 2252/1495/2209 2251/1492/2208
f 2251/1492/2208 2252/1495/2209 2253/1494/2210
f 2252/1495/2209 2254/1497/2211 2253/1494/2210
f 2253/1494/2210 2254/1497/2211 2255/1496/2212
f 2254/1497/2211 2256/1499/2213 2255/1496/2212
f 2255/1496/2212 2256/1499/2213 2257/1498/2214
f 2256/1499/2213 2258/1501/2215 2257/1498/2214
f 2257/1498/2214 2258/1501/2215 2259/1500/2216
f 2258/1501/2215 2260/1503/2217 2259/1500/2216
f 2259/1500/2216 2260/1503/2217 2261/1502/2218
f 2260/1503/2217 2262/1505/2219 2261/1502/2218
f 2261/1502/2218 2262/1505/2219 2263/1504/2220
f 2262/1505/2219 2264/1507/2221 2263/1504/2220
f 2263/1504/2220 2264/1507/2221 2265/1506/2222
f 2264/1507/2221 2266/1509/2223 2265/1506/2222
f 2265/1506/2222 2266/1509/2223 2267/1508/2224
f 2266/1509/2223 2268/1511/2225 2267/1508/2224
f 2267/1508/2224 2268/1511/2225 2269/1510/2226
f 2268/1511/2225 2270/1513/2227 2269/1510/2226
f 2269/1510/2226 2270/1513/2227 2271/1512/2228
f 2270/1513/2227 2272/1515/2229 2271/1512/2228
f 2271/1512/2228 2272/1515/2229 2273/1514/2230
f 2272/1515/2229 2274/1517/2231 2273/1514/2230
f 2273/1514/2230 2274/1517/2231 2275/1516/2232
f 2245/1518/2202 2241/1430/2198 2221/1431/2177
f 2242/1485/2199 2276/1487/2233 2244/1483/2201
f 2244/1483/2201 2276/1487/2233 2277/1486/2234
f 2276/1487/2233 2248/1489/2205 2277/1486/2234
f 2277/1486/2234 2248/1489/2205 2246/1488/2203
f 2280/1439/2237 2279/1441/2236 2278/1438/2235
f 2278/1438/2235 2279/1441/2236 2281/1440/2238
f 2279/1441/2236 2282/1443/2239 2281/1440/2238
f 2281/1440/2238 2282/1443/2239 2283/1442/2240
f 2282/1443/2239 2284/1445/2241 2283/1442/2240
f 2283/1442/2240 2284/1445/2241 2285/1444/2242
f 2284/1445/2241 2286/1447/2243 2285/1444/2242
f 2285/1444/2242 2286/1447/2243 2287/1446/2244
f 2286/1447/2243 2288/1449/2245 2287/1446/2244
f 2287/1446/2244 2288/1449/2245 2289/1448/2246
f 2288/1449/2245 2290/1451/2247 2289/1448/2246
f 2289/1448/2246 2290/1451/2247 2291/1450/2248
f 2290/1451/2247 2292/1453/2249 2291/1450/2248
f 2291/1450/2248 2292/1453/2249 2293/1452/2250
f 2292/1453/2249 2294/1455/2251 2293/1452/2250
f 2293/1452/2250 2294/1455/2251 2295/1454/2252
f 2294/1455/2251 2296/1457/2253 2295/1454/2252
f 2295/1454/2252 2296/1457/2253 2297/1456/2254
f 2296/1457/2253 2298/1459/2255 2297/1456/2254
f 2297/1456/2254 2298/1459/2255 2299/1458/2256
f 2298/1459/2255 2300/1461/2257 2299/1458/2256
f 2299/1458/2256 2300/1461/2257 2301/1460/2258
f 2300/1461/2257 2302/1604/2259 2301/1460/2258
f 2305/1631/2262 2304/1634/2261 2303/1633/2260
f 2303/1633/2260 2304/1634/2261 2232/1632/2188
f 2304/1634/2261 2218/1636/2174 2232/1632/2188
f 2232/1632/2188 2218/1636/2174 2216/1635/2172
f 2064/1662/2264 2306/1663/2263 2263/1504/2220
f 2265/1506/2222 2064/1662/2264 2263/1504/2220
f 2269/1510/2226 2271/1512/2228 2307/1665/2265
f 2307/1665/2265 2271/1512/2228 2308/1664/2266
f 2271/1512/2228 2273/1514/2230 2308/1664/2266
f 2308/1664/2266 2273/1514/2230 2309/1666/2267
f 2273/1514/2230 2275/1516/2232 2309/1666/2267
f 2309/1666/2267 2275/1516/2232 2310/1667/2268
f 2275/1516/2232 2214/1336/2170 2310/1667/2268
f 2310/1667/2268 2214/1336/2170 2215/1339/2171
f 2240/1428/2197 2241/1430/2198 2311/1673/2269
f 2311/1673/2269 2241/1430/2198 2312/1672/2270
f 2241/1430/2198 2245/1518/2202 2312/1672/2270
f 2312/1672/2270 2245/1518/2202 2313/1674/2271
f 2245/1518/2202 2243/1484/2200 2313/1674/2271
f 2313/1674/2271 2243/1484/2200 2314/1675/2272
f 2243/1484/2200 2244/1483/2201 2314/1675/2272
f 2314/1675/2272 2244/1483/2201 2315/1676/2273
f 2244/1483/2201 2277/1486/2234 2315/1676/2273
f 2315/1676/2273 2277/1486/2234 2316/1677/2274
f 2277/1486/2234 2246/1488/2203 2316/1677/2274
f 2316/1677/2274 2246/1488/2203 2317/1678/2275
f 2246/1488/2203 2249/1490/2206 2317/1678/2275
f 2317/1678/2275 2249/1490/2206 2080/1679/2276
f 2249/1490/2206 2251/1492/2208 2080/1679/2276
f 2080/1679/2276 2251/1492/2208 2318/1680/2277
f 2251/1492/2208 2253/1494/2210 2318/1680/2277
f 2318/1680/2277 2253/1494/2210 2319/1681/2278
f 2253/1494/2210 2255/1496/2212 2319/1681/2278
f 2319/1681/2278 2255/1496/2212 2320/1682/2279
f 2255/1496/2212 2257/1498/2214 2320/1682/2279
f 2320/1682/2279 2257/1498/2214 2321/1683/2280
f 2323/1684/2282 2322/1685/2281 2259/1500/2216
f 2261/1502/2218 2323/1684/2282 2259/1500/2216
f 2238/1435/2195 2236/1437/2193 2278/1438/2235
f 2278/1438/2235 2236/1437/2193 2280/1439/2237
f 2236/1437/2193 2324/1463/2283 2280/1439/2237
f 2280/1439/2237 2324/1463/2283 2325/1466/2284
f 2275/1516/2232 2301/1700/2258 2213/1337/2169
f 2214/1336/2170 2275/1516/2232 2213/1337/2169
f 2208/1334/2164 1808/1333/2162 2211/1311/2167
f 2211/1311/2167 1808/1333/2162 2093/1701/2285
f 1808/1333/2162 2207/1332/2163 2093/1701/2285
f 2093/1701/2285 2207/1332/2163 1807/1702/2286
f 2202/1327/2157 2203/1324/2158 2198/1307/2151
f 2194/1305/2147 2202/1327/2157 2198/1307/2151
f 2202/1327/2157 2194/1703/2147 2192/1704/2145
f 2205/1329/2160 2202/1327/2157 2192/1704/2145
f 2209/1309/2165 2208/1334/2164 2211/1311/2167
f 2327/1388/2288 2326/1710/2287 2217/1385/2173
f 2217/1385/2173 2326/1710/2287 2220/1421/2176
f 2326/1710/2287 2328/1711/2289 2220/1421/2176
f 2220/1421/2176 2328/1711/2289 2222/1423/2178
f 2329/1713/2290 2218/1636/2174 2304/1634/2261
f 2218/1387/2174 2329/1389/2290 2327/1388/2288
f 2217/1385/2173 2218/1387/2174 2327/1388/2288
f 2328/1712/2289 2330/1524/2291 2222/1741/2178
f 2222/1741/2178 2330/1524/2291 2231/1522/2187
f 2330/1524/2291 2331/1523/2292 2231/1522/2187
f 2231/1522/2187 2331/1523/2292 2229/1520/2185
f 2331/1523/2292 2332/1395/2293 2229/1520/2185
f 2229/1520/2185 2332/1395/2293 2227/1393/2183
f 2332/1395/2293 2333/1394/2294 2227/1393/2183
f 2227/1393/2183 2333/1394/2294 2224/1391/2180
f 2333/1394/2294 2334/1464/2295 2224/1391/2180
f 2224/1391/2180 2334/1464/2295 2239/1434/2196
f 2334/1464/2295 2324/1463/2283 2239/1434/2196
f 2239/1434/2196 2324/1463/2283 2236/1437/2193
f 2325/1466/2284 2335/1468/2296 2280/1439/2237
f 2280/1439/2237 2335/1468/2296 2279/1441/2236
f 2335/1468/2296 2336/1470/2297 2279/1441/2236
f 2279/1441/2236 2336/1470/2297 2282/1443/2239
f 2336/1470/2297 2337/1472/2298 2282/1443/2239
f 2282/1443/2239 2337/1472/2298 2284/1445/2241
f 2337/1472/2298 2338/1474/2299 2284/1445/2241
f 2284/1445/2241 2338/1474/2299 2286/1447/2243
f 2338/1474/2299 2339/1476/2300 2286/1447/2243
f 2286/1447/2243 2339/1476/2300 2288/1449/2245
f 2339/1476/2300 2340/1478/2301 2288/1449/2245
f 2288/1449/2245 2340/1478/2301 2290/1451/2247
f 2340/1478/2301 2341/1480/2302 2290/1451/2247
f 2290/1451/2247 2341/1480/2302 2292/1453/2249
f 2341/1480/2302 2342/1637/2303 2292/1453/2249
f 2292/1453/2249 2342/1637/2303 2294/1455/2251
f 2342/1637/2303 2343/1742/2304 2294/1455/2251
f 2294/1455/2251 2343/1742/2304 2296/1457/2253
f 2343/1742/2304 2344/1743/2305 2296/1457/2253
f 2296/1457/2253 2344/1743/2305 2298/1459/2255
f 2344/1743/2305 2345/1744/2306 2298/1459/2255
f 2298/1459/2255 2345/1744/2306 2300/1461/2257
f 2345/1744/2306 2346/1745/2307 2300/1461/2257
f 2300/1461/2257 2346/1745/2307 2302/1604/2259
f 2274/1517/2231 2272/1515/2229 2299/1751/2256
f 2299/1751/2256 2272/1515/2229 2297/1750/2254
f 2272/1515/2229 2270/1513/2227 2297/1750/2254
f 2297/1750/2254 2270/1513/2227 2295/1752/2252
f 2270/1513/2227 2268/1511/2225 2295/1752/2252
f 2295/1752/2252 2268/1511/2225 2293/1753/2250
f 2268/1511/2225 2266/1509/2223 2293/1753/2250
f 2293/1753/2250 2266/1509/2223 2291/1754/2248
f 2266/1509/2223 2264/1507/2221 2291/1754/2248
f 2291/1754/2248 2264/1507/2221 2289/1755/2246
f 2264/1507/2221 2262/1505/2219 2289/1755/2246
f 2289/1755/2246 2262/1505/2219 2287/1756/2244
f 2262/1505/2219 2260/1503/2217 2287/1756/2244
f 2287/1756/2244 2260/1503/2217 2285/1757/2242
f 2260/1503/2217 2258/1501/2215 2285/1757/2242
f 2285/1757/2242 2258/1501/2215 2283/1758/2240
f 2258/1501/2215 2256/1499/2213 2283/1758/2240
f 2283/1758/2240 2256/1499/2213 2281/1759/2238
f 2256/1499/2213 2254/1497/2211 2281/1759/2238
f 2281/1759/2238 2254/1497/2211 2278/1760/2235
f 2254/1497/2211 2252/1495/2209 2278/1760/2235
f 2278/1760/2235 2252/1495/2209 2238/1761/2195
f 2252/1495/2209 2250/1493/2207 2238/1761/2195
f 2238/1761/2195 2250/1493/2207 2237/1762/2194
f 2250/1493/2207 2247/1491/2204 2237/1762/2194
f 2237/1762/2194 2247/1491/2204 2226/1763/2182
f 2247/1491/2204 2248/1489/2205 2226/1763/2182
f 2226/1763/2182 2248/1489/2205 2225/1764/2181
f 2248/1489/2205 2276/1487/2233 2225/1764/2181
f 2225/1764/2181 2276/1487/2233 2228/1765/2184
f 2276/1487/2233 2242/1485/2199 2228/1765/2184
f 2228/1765/2184 2242/1485/2199 2230/1766/2186
f 2223/1482/2179 2230/1766/2186 2242/1485/2199
f 2230/1519/2186 2222/1741/2178 2231/1522/2187
f 2183/1828/2135 2347/1826/2308 2182/1825/2134
f 2182/1825/2134 2347/1826/2308 2348/1827/2309
f 2347/1826/2308 2349/1852/2310 2348/1827/2309
f 2348/1827/2309 2349/1852/2310 2350/1853/2311
f 2350/1835/2311 2349/1833/2310 2351/1834/2312
f 2351/1834/2312 2349/1833/2310 2352/1836/2313
f 2349/1833/2310 2353/1858/2314 2352/1836/2313
f 2352/1836/2313 2353/1858/2314 2354/1851/2315
f 2353/1858/2314 2355/1859/2316 2354/1851/2315
f 2354/1851/2315 2355/1859/2316 2356/1849/2317
f 2358/1839/2319 2357/1842/2318 2346/1841/2307
f 2346/1841/2307 2357/1842/2318 2302/1840/2259
f 2357/1842/2318 2359/1844/2320 2302/1840/2259
f 2302/1840/2259 2359/1844/2320 2301/1843/2258
f 2354/1851/2315 2356/1849/2317 2358/1850/2319
f 2353/1854/2314 2360/1829/2321 2355/1855/2316
f 2355/1855/2316 2360/1829/2321 2359/1831/2320
f 2360/1829/2321 2361/1830/2322 2359/1831/2320
f 2359/1831/2320 2361/1830/2322 2301/1832/2258
f 2361/1830/2322 2360/1829/2321 2183/1828/2135
f 2183/1828/2135 2360/1829/2321 2347/1826/2308
f 2360/1829/2321 2353/1854/2314 2347/1826/2308
f 2347/1826/2308 2353/1854/2314 2349/1852/2310
f 2189/1301/2141 2362/1862/2323 2160/1166/2112
f 2160/1166/2112 2362/1862/2323 2158/1164/2110
f 2362/1862/2323 2156/1161/2108 2158/1164/2110
f 2156/1161/2108 2362/1862/2323 2363/1863/2324
f 2363/1863/2324 2153/1162/2105 2156/1161/2108
f 2153/1162/2105 2363/1863/2324 2186/1263/2138
f 2186/1263/2138 2187/1266/2139 2153/1162/2105
f 2196/1316/2149 1794/1313/2155 2168/1188/2120
f 2168/1188/2120 1794/1313/2155 2146/1864/2325
f 2146/1864/2325 2166/1189/2118 2168/1188/2120
f 2166/1189/2118 2146/1864/2325 1784/1865/2144
f 2365/1874/2327 2305/1873/2262 2364/1872/2326
f 2364/1872/2326 2305/1873/2262 2303/1870/2260
f 2303/1870/2260 2366/1871/2328 2364/1872/2326
f 2366/1871/2328 2303/1870/2260 2072/1671/2192
f 2303/1870/2260 2234/1426/2190 2072/1671/2192
f 2234/1426/2190 2303/1870/2260 2232/1424/2188
f 2263/1504/2220 2306/1663/2263 2261/1502/2218
f 2261/1502/2218 2306/1663/2263 2323/1684/2282
f 2307/1665/2265 2147/1868/2329 2269/1510/2226
f 2269/1510/2226 2147/1868/2329 2267/1508/2224
f 2147/1868/2329 2064/1662/2264 2267/1508/2224
f 2267/1508/2224 2064/1662/2264 2265/1506/2222
f 2311/1673/2269 2148/1869/2330 2240/1428/2197
f 2240/1428/2197 2148/1869/2330 2233/1425/2189
f 2148/1869/2330 2235/1670/2191 2233/1425/2189
f 2322/1685/2281 2321/1683/2280 2259/1500/2216
f 2259/1500/2216 2321/1683/2280 2257/1498/2214
f 2275/1516/2232 2274/1517/2231 2301/1700/2258
f 2301/1700/2258 2274/1517/2231 2299/1751/2256
f 2301/1700/2258 2361/1882/2322 2213/1337/2169
f 2213/1337/2169 2361/1882/2322 2183/1341/2135
f 2358/1839/2319 2356/1884/2317 2357/1842/2318
f 2357/1842/2318 2356/1884/2317 2355/1885/2316
f 2355/1885/2316 2359/1844/2320 2357/1842/2318
v 659.7161 663.9119 -4086.914
vn -0.2006354 0.8575115 0.4737291
v 616.7799 641.5195 -4234.977
vn -0.2233188 0.9747416 0.002726524
v 682.2379 654.3792 -4200.125
vn -0.2606396 0.9628921 -0.07004085
v 522.6696 620.2955 -4074.9
vn -0.3615302 0.8365629 0.4116532
v 485.4439 622.3062 -4191.992
vn -0.3634298 0.9263307 0.09914643
v 478.7396 608.5672 -4144.531
vn -0.5157139 0.8151653 0.2637132
v 382.8362 356.5714 -3997.715
vn -0.7534275 0.5000468 0.4269662
v 427.1574 554.9182 -4151.802
vn -0.8361741 0.4895386 0.2473152
v 522.0645 540.0248 -4030.14
vn -0.7328584 0.4451244 0.5145704
v 331.0949 372.2702 -4170.658
vn -0.8458316 0.4963793 0.1953878
v 425.8529 544.8198 -4258.166
vn -0.869208 0.492885 -0.03926712
v 341.5565 376.6983 -4286.236
vn -0.8856415 0.4618466 -0.04833995
vn -0.4267931 0.4981268 0.7547961
v 453.1384 595.6069 -4147.411
vt -0.6766452 0.4786767
vn -0.823799 0.4810759 0.2998686
v 461.588 607.4437 -4212.745
vt -0.9082615 0.5440303
vn -0.8516307 0.5232747 -0.03014258
v 2377.004 212.8846 -2653.718
vn -0.6701938 0.6671342 -0.3252263
v 2281.74 117.2532 -2489.813
vn -0.8398403 0.4408665 0.3167097
v 2293.217 120.9146 -2664.303
vn -0.809861 0.5226888 -0.2663108
v 2348.092 224.2897 -2478.023
vn -0.7352564 0.6450465 0.2081177
v 2336.72 109.5526 -2387.045
vn -0.678307 0.2844274 0.6774958
v 2433.689 217.4896 -2374.1
vn -0.577768 0.4946284 0.6492509
v 2496.487 114.2539 -2286.115
vn -0.6211912 0.3223274 0.7143014
v 2585.088 204.6291 -2264.823
vn -0.4241051 0.5480523 0.7209531
v 2531.503 34.63676 -2179.772
vn -0.6815463 0.6162161 0.3946799
v 2641.482 125.1284 -2153.645
vn -0.4354882 0.7254305 0.5330108
v 2544.269 22.87644 -2122.199
vn -0.5516635 0.833558 -0.0291287
v 2634.258 80.68342 -2075.723
vn -0.3388456 0.9107352 0.2361035
v 2503.232 30.07958 -2054.056
vn -0.3348475 0.8317882 -0.4427251
v 2593.915 64.25414 -2012.723
vn -0.1148576 0.9868116 -0.1140635
v 2398.312 57.25854 -1981.214
vn -0.3593612 0.762296 -0.5382976
v 2542.713 85.57135 -1930.834
vn 0.09097331 0.9105283 -0.4033138
v 2430.265 134.8768 -1881.011
vn -0.1705601 0.8500698 -0.4982876
v 2549.687 115.3568 -1890.505
vn 0.2130789 0.8290624 -0.516965
v 2486.965 180.4969 -1813.535
vn -0.03455091 0.9424257 -0.3326256
v 2556.218 143.2464 -1852.742
vn 0.3002956 0.8448059 -0.4428606
v 2517.264 191.3314 -1762.201
vn 0.1037263 0.968985 -0.2242962
v 2610.977 135.7287 -1785.036
vn 0.3916451 0.8459644 -0.3618816
v 2558.766 202.166 -1720.103
vn 0.1851401 0.9792901 -0.0819382
v 2676.941 128.211 -1726.566
vn 0.4603769 0.8529698 -0.2459584
v 2585.815 191.2849 -1644.224
vn 0.3315201 0.9166139 0.2234126
v 2654.872 129.7046 -1613.715
vn 0.534523 0.8100339 0.2411018
v 2551.881 182.2464 -1598.364
vn -0.0868539 0.8804178 0.4661768
v 2582.701 125.9766 -1528.271
vn 0.03836907 0.7544703 0.6552116
v 2605.986 391.2395 -2494.36
vn -0.1973243 0.9740248 0.1110803
v 2750.017 365.2696 -2625.89
vn 0.06237871 0.988605 -0.1369998
v 2710.354 386.3662 -2480.661
vn 0.03484536 0.9966593 0.07386473
v 2597.059 375.7701 -2613.107
vn -0.2094334 0.9622012 -0.1740875
v 2752.017 354.6704 -2687.759
vt -3.597299 0.8701994
vn 0.06516169 0.9874537 -0.1438369
v 2617.16 366.8326 -2675.347
vt -3.514004 0.7246447
vn -0.2081346 0.9538997 -0.2162293
v 2709.506 208.1531 -2220.379
vn -0.08667532 0.6857162 0.7226898
v 2701.004 125.7954 -2132.587
vn -0.04841529 0.8043036 0.5922427
v 2713.916 83.62927 -2047.417
vn 0.05944387 0.9048139 0.4216373
v 2708.74 58.87712 -1980.932
vn 0.1935211 0.9741462 0.1165702
v 2435.787 309.9192 -2473.841
vn -0.5521572 0.815927 0.1714216
v 2474.299 301.9299 -2632.362
vn -0.5245903 0.7930136 -0.3097327
v 2518.543 299.9659 -2376.382
vn -0.427908 0.7092361 0.5602489
v 2646.131 367.5344 -2412.747
vn -0.1884769 0.871562 0.4526101
v 2602.933 291.2139 -2319.268
vn -0.2831588 0.6952109 0.6606836
v 2703.052 362.869 -2398.13
vn -0.03442551 0.8781509 0.4771433
v 2704.521 291.5788 -2293.148
vn -0.07282037 0.7363119 0.6727123
v 2554.16 234.4969 -2809.873
vn -0.4884961 0.8647252 -0.116712
vn -0.2185399 0.8588398 -0.4632866
v 2661.435 307.2105 -2812.435
vn -0.2525003 0.9190779 -0.3025545
vn 0.07034763 0.9141983 -0.3991147
v 2755.788 299.8179 -2804.414
vn 0.05076045 0.9563069 -0.2879241
v 2454.509 166.5947 -2821.993
vn -0.657171 0.7530347 -0.03263308
v 2790.946 192.9264 -2213.083
vn 0.07750654 0.6931763 0.7165886
v 2784.158 304.4845 -2314.339
vn 0.04482953 0.7527417 0.6567878
v 2521.104 264.5828 -2949.065
vn -0.2662469 0.6789214 0.6842354
v 2644.76 288.8279 -2886.704
vt 0.1847057 0.5449219
vn -0.1448154 0.9892152 0.02194876
v 2621.726 275.0847 -2989.292
vn 0.04421142 0.7544854 0.6548259
v 2770.014 286.8265 -2909.587
vt 0.1942819 0.2928137
vn -0.03611111 0.996175 -0.07956912
v 2781.797 285.0098 -2996.696
vn 0.280336 0.8362286 0.4713102
v 2767.751 139.2402 -2155.481
vn 0.1232717 0.7854601 0.6065117
v 2771.444 76.62172 -2074.559
vn 0.2481059 0.8568084 0.4520206
v 2780.965 31.28913 -1987.521
vn 0.3615058 0.9172114 0.1674418
v 2200.722 -41.751 -2670.546
vn -0.7736372 0.5433287 -0.326005
v 2244.097 -41.751 -2822.291
vn -0.7315292 0.6818093 0.0009366695
v 2416.741 107.2833 -2813.64
vn -0.7480572 0.6636305 -0.002211676
v 2354.979 114.099 -2738.972
vn -0.6812381 0.5427642 -0.4912449
v 1379.052 700.1168 -3840.812
vn 0.6988028 0.5671777 -0.4358716
v 1327.67 738.8187 -3861.141
vn 0.6027789 0.7815585 -0.1606977
v 1425.021 711.4766 -4058.078
vn 0.8034495 0.5767832 0.1476141
v 1503.339 621.1261 -4124.648
vn 0.5938751 0.7992846 0.0919585
v -364.816 402.4742 -4090.547
vt 0.5579838 0.5704128
vn -0.5743324 0.8176035 0.04082642
v -359.0712 402.936 -3928.716
vt 0.5126334 0.7562819
vn -0.5881525 0.7993535 0.1229246
v -558.6474 260.378 -3971.638
vn -0.6557494 0.7357024 0.1695131
v -531.9547 291.0775 -4120.667
vn -0.6389466 0.7684787 0.03446175
v -724.7058 97.97562 -4008.383
vn -0.6848658 0.7161436 0.1345255
v -687.7485 142.8462 -4198.967
vn -0.7036307 0.709999 0.02837278
v 2355.677 579.826 -3488.726
vn 0.02488238 0.6780976 0.7345504
v 2372.365 513.7802 -3438.374
vn 0.06402341 0.7722239 0.6321164
v 2270.943 455.2474 -3346.116
vn -0.07139514 0.8080466 0.5847763
v 2234.141 527.7908 -3476.317
vn -0.03534707 0.7464073 0.6645499
v -303.7042 412.6964 -3857.044
vn -0.3301133 0.9105967 0.248674
v -304.946 426.8371 -3917.075
vn -0.2840415 0.9540563 0.09537721
v -151.4462 444.5665 -3865.596
vt 1.00319 0.4124293
vn -0.1626885 0.9827451 0.08800177
v -156.7564 432.5515 -3782.825
vt 0.9378834 0.4974034
vn -0.2389935 0.9392582 0.2463251
v 2290.196 656.3607 -3562.296
vn 0.06000972 0.5704924 0.8191075
v 2368.205 676.0437 -3594.96
vn 0.3177693 0.700686 0.638797
v 2400.797 645.654 -3551.276
vn 0.3497851 0.7136636 0.6069056
v 2481.435 590.0768 -3791.536
vn 0.8158526 0.578239 0.004897656
v 2427.084 679.9771 -3655.103
vn 0.6768441 0.6903397 0.2555641
v 2407.973 741.4199 -3704.29
vn 0.7044646 0.6634468 0.2521268
v 2462.059 662.7057 -3851.96
vn 0.8160372 0.5778044 0.01500483
v 1449.625 715.5715 -4252.346
vn 0.7971298 0.5988293 0.07737793
v 1319.977 879.8116 -4099.768
vn 0.6197635 0.7787419 0.09723228
v 1311.3 878.9384 -4256.758
vn 0.4314233 0.9019487 -0.01903391
v 2383.948 763.8676 -3741.585
vn 0.5469701 0.8323997 0.08907504
v 2359.924 776.4996 -3778.88
vn 0.4247846 0.9037549 0.05277406
v 2411.62 731.6287 -3920.261
vn 0.6487238 0.7601392 -0.03668485
v 742.7653 401.0527 -3504.161
vn -0.2732783 0.551597 0.7880734
v 669.0065 447.7572 -3568.735
vn -0.3014743 0.8187402 0.4886488
v 672.2621 456.6028 -3582.469
vn -0.5877926 0.5878323 0.5558354
v 731.7565 463.8235 -3492.34
vn -0.6523179 0.3453286 0.6747069
v -347.995 397.846 -3876.952
vt -19.99079 3.594564
vn -0.4179719 0.8737391 0.2487557
vt -20.04407 3.651805
vn -0.4010735 0.9104309 0.1012694
vn -0.2788209 0.9512495 -0.1318455
vn 0.03043622 0.9845299 -0.1725528
v 2454.256 -41.751 -2219.118
vn -0.7267472 0.6145487 0.3068686
v 2399.284 -41.751 -2314.914
vn -0.6978536 0.3396425 0.6305896
v 2445.221 -41.751 -2147.932
vn -0.5650805 0.8143047 -0.1326339
v 2400.584 -41.751 -2086.056
vn -0.4125433 0.7950033 -0.444722
v 2431.267 173.733 -1760.491
vn -0.4987918 0.8667211 -0.001099805
v 2453.349 179.6083 -1716.724
vn -0.4345658 0.8888388 0.1453207
v 2396.5 132.065 -1741.515
vn -0.6466172 0.7308198 0.2186059
v 2422.488 134.2772 -1676.704
vn -0.6202649 0.7103403 0.3326981
v 2344.968 84.93304 -1721.933
vn -0.7745429 0.565186 0.2839858
v 2371.06 71.2765 -1642.687
vn -0.7236449 0.5792277 0.3752774
v 2292.617 -41.751 -1725.04
vn -0.8802055 0.3779033 0.2871015
v 2326.686 -41.751 -1600.628
vn -0.7986104 0.4790695 0.3642989
v 2527.286 133.7694 -1551.663
vn -0.3450812 0.7091933 0.6147875
v 2260.493 -41.751 -1919.65
vn -0.757297 0.5658943 -0.3259827
v 2320.788 83.4284 -1793.173
vn -0.7902616 0.5996602 0.126072
v 2263.387 -41.751 -1815.609
vn -0.9046251 0.4002175 0.1465584
v 2322.942 81.92374 -1877.885
vn -0.6799575 0.6779301 -0.2794074
v 2378.957 132.8183 -1774.251
vn -0.6315929 0.7695845 0.09396874
v 2387.748 133.5715 -1820.46
vn -0.5253578 0.833706 -0.1700986
v 2459.68 136.4894 -1621.128
vn -0.5428597 0.7100547 0.4484703
v 2486.636 185.4835 -1682.193
vn -0.356898 0.8996487 0.2515074
v 2473.612 -41.751 -1348.098
vn -0.3282147 0.8079641 0.4893557
v 2589.537 44.42658 -1460.841
vn -0.1292514 0.743572 0.6560447
v 2565.944 -41.751 -1332.664
vn -0.08302101 0.831094 0.5499002
v 2496.839 52.00249 -1484.792
vn -0.3781379 0.7242802 0.5765673
v 2373.001 -41.751 -1487.948
vn -0.6188023 0.6580963 0.4289438
v 2408.356 57.61995 -1572.676
vn -0.6353766 0.612067 0.470819
v 2691.19 74.0787 -1884.868
vn 0.3206742 0.927988 -0.1897531
v 2774.682 38.52645 -1879.487
vn 0.4392176 0.8942912 -0.08562084
v 2332.679 103.037 -2907.031
vn -0.6540278 0.5745929 0.492027
v 2417.813 199.8164 -2914.146
vn -0.5040962 0.7328821 0.4569144
v 2250.308 -41.751 -2884.489
vn -0.6720074 0.5629846 0.481097
v 2684.065 101.1448 -1805.717
vn 0.3878227 0.8702429 -0.303761
v 2781.905 35.64682 -1774.176
vn 0.5011033 0.8580089 -0.1127662
v -187.5963 442.801 -4022.099
vt 0.2450388 0.6241453
vn -0.1134541 0.9916507 -0.06129391
vt 0.1350731 0.7982953
v -308.3233 424.5899 -4080.366
vn -0.2058706 0.9777545 -0.04016625
v -178.2421 418.0292 -4229.663
vn -0.09494322 0.9874616 -0.1261164
v -313.6122 403.7126 -4233.283
v 618.7619 608.0087 -3851.054
vn -0.4803804 0.8154985 0.3227952
v 660.5673 679.4661 -3997.183
vn -0.6060694 0.7056091 0.3671449
v 772.3613 673.4888 -3939.678
vn -0.5222617 0.7053266 0.4793298
v 572.677 616.0147 -3965.656
vn -0.5939648 0.7951928 0.1219598
v 649.8786 660.9347 -4046.511
vn -0.7526227 0.6583772 -0.009922868
v 551.2996 578.9518 -4064.314
vn -0.6531079 0.7557315 -0.04816345
v 658.2669 670.7268 -4152.098
vn -0.7706235 0.6344202 -0.06041875
v 552.8293 575.7823 -4225.394
vn -0.6457102 0.7633637 -0.01827748
v 784.2501 669.0659 -3825.431
vn -0.6297823 0.7169129 0.2990153
v 692.0198 593.1237 -3746.815
vn -0.4845173 0.7722468 0.4109475
v 516.9716 499.8414 -3813.123
vn -0.5150009 0.8053287 0.2936318
v 571.9321 446.6357 -3632.786
vn -0.3819599 0.83438 0.3973871
v 1365.455 784.7267 -3815.455
vn 0.2029293 0.9279748 -0.3125419
v 1387.801 777.0941 -3737.01
vn 0.2903914 0.9245729 0.2466526
v 1342.354 783.2698 -3781.749
vn -0.04495058 0.9987358 -0.02249642
v 1412.668 771.1166 -3784.681
vn 0.5477728 0.7974417 -0.2530447
v 1428.927 729.9616 -3694.248
vn 0.4869269 0.7785834 0.395866
v 1459.263 735.8557 -3748.913
vn 0.7404175 0.6720393 -0.01204852
v 1017.871 912.8554 -3989.715
vn -0.1735873 0.9480562 0.2665648
v 900.4493 897.4075 -4075.131
vn -0.3578235 0.9324151 0.05063778
v 1163.237 944.3867 -4132.389
vn 0.1536713 0.9818672 0.111004
v 1239.056 687.0062 -3618.602
vn 0.2058987 0.705487 0.6781547
v 1091.002 741.1312 -3674.389
vn -0.04230088 0.7370107 0.674556
v 1221.207 749.1759 -3713.501
vn 0.311407 0.8014818 0.5105414
v 1074.979 644.9794 -3592.168
vn -0.05243693 0.6012486 0.7973396
v 944.0825 700.2889 -3675.076
vn -0.2807088 0.6705853 0.6866715
v 980.0998 629.1169 -3596.305
vn -0.2609039 0.6593696 0.7050962
v 1018.579 941.3862 -4206.86
vn -0.2615606 0.9520677 -0.1585972
v 944.3479 876.8429 -4243.483
vn -0.51508 0.8242984 -0.2349992
v 842.0963 840.7871 -4172.907
vn -0.5059649 0.8423737 -0.1854881
v -311.0721 304.7776 -3557.713
vn -0.3532805 0.882808 0.309585
v 686.1956 210.0861 -3353.324
vn -0.286301 0.7900493 0.5420828
v 833.0943 340.2629 -3377.83
vn -0.256728 0.7884794 0.5589194
v 812.5106 230.768 -3221.982
vn -0.2895134 0.8443803 0.4507812
v 709.316 345.3059 -3429.166
vn -0.246491 0.6849972 0.6855807
v 841.2507 393.3131 -3459.6
vn -0.1672826 0.462185 0.8708624
v 355.7512 284.9904 -3392.819
vn 0.07814208 0.8734416 0.4806178
v 343.2258 351.4692 -3733.842
vn -0.01507095 0.8954432 0.4449204
v 487.4299 252.1454 -3372.813
vn 0.05524767 0.9126514 0.4049877
v 818.6332 811.4355 -3963.745
vn -0.568599 0.6544853 0.4983414
v 865.6602 807.9368 -3908.606
vn -0.5771047 0.7429407 0.3391005
v 225.4881 461.8625 -3898.835
vt -0.550504 0.7012593
vn 0.1179 0.9920201 0.04467265
v 139.8332 473.0004 -4095.13
vn 0.06762954 0.9929178 -0.09767431
v 243.2496 465.5573 -4087.197
vt -0.5351493 0.4817478
vn 0.126255 0.9855027 -0.1133315
v 158.8438 473.5874 -3894.381
vn 0.05388775 0.9979669 0.03402871
v -16.97001 468.0094 -4156.529
vn -0.08298573 0.9933531 -0.07976786
v -52.27865 473.6284 -3956.789
vn -0.136613 0.9904549 -0.01832579
v 329.6443 420.6648 -3826.769
vn -0.1941625 0.9048896 0.3787816
v 466.3932 495.5977 -3942.449
vn -0.5694354 0.8136184 0.1173387
v 318.2057 416.6473 -3905.032
vn -0.03268664 0.9964482 0.0776049
v 455.9076 502.0144 -4064.305
vn -0.5461159 0.8376964 0.004685203
v 323.0433 438.401 -4081.076
vn -0.0277964 0.9993192 -0.02425728
v 436.0246 478.7082 -4183.036
vn -0.510578 0.8589729 -0.03841171
v 266.6062 417.2097 -4250.415
vn -0.02252832 0.9892503 -0.1444861
v 123.3219 464.7387 -3778.862
vn 0.05587918 0.9780766 0.2006079
v -33.32957 466.899 -3825.983
vn -0.1186805 0.9815875 0.1496688
vn -0.1969364 0.9798974 -0.03189125
vn -0.2144726 0.9682744 0.1282421
v 85.74435 256.4984 -3419.004
vn -0.02975116 0.7880639 0.6148739
v -16.84053 441.2744 -3712.158
vn -0.06798799 0.9322262 0.3554318
v 108.5451 436.1769 -3703.239
vn 0.1441564 0.8989354 0.4136834
v 19.29352 295.7285 -3431.781
vn -0.02547622 0.7781429 0.6275702
vn -0.1915849 0.9287142 0.3174665
vn -0.3901248 0.7822687 0.4856524
v -514.524 219.3851 -3673.015
vn -0.7317076 0.5864035 0.3474691
v -336.6804 162.88 -3394.74
vn -0.3056292 0.7760366 0.5516865
v -511.4525 90.30919 -3516.436
vn -0.6265675 0.7092592 0.3230549
v -47.15987 129.0312 -3308.19
vn -0.01812715 0.7568386 0.6533504
v 33.73646 111.6682 -3304.388
vn -0.1034005 0.7196091 0.6866374
v 910.2886 344.7117 -3360.277
vn -0.1220042 0.795623 0.5933792
v 1026.64 207.0774 -3235.758
vn 0.4325306 0.6492634 0.625599
v 903.2841 232.3 -3196.596
vn 0.04512174 0.8285555 0.5580859
v 1014.604 363.5238 -3353.962
vn 0.2023554 0.6796128 0.705109
v 1139.751 193.6007 -3363.518
vn 0.3513864 0.6271616 0.6951229
v 1101.508 357.9703 -3390.27
vn 0.2717321 0.4735758 0.8377873
v 1229.692 191.6799 -3351.804
vn -0.133132 0.7122626 0.6891717
v 1241.604 350.1588 -3416.512
vn -0.1034994 0.397227 0.9118654
v 1324.209 207.0435 -3331.047
vn -0.4052894 0.7124976 0.5727893
v 1320.849 324.5352 -3374.24
vn -0.3764112 0.4478632 0.8110074
v 1439.842 232.9855 -3231.732
vn -0.5347316 0.6935211 0.4827944
v 1425.014 352.8605 -3323.61
vn -0.4885663 0.6056666 0.6280692
v 1586.089 265.6972 -3102.783
vn -0.3467276 0.7432402 0.572166
v 1579.123 375.4806 -3188.664
vn -0.3207801 0.7815017 0.5351216
v 1751.43 262.7874 -3077.08
vn 0.02308653 0.7379633 0.6744457
v 1736.026 368.5078 -3132.33
vn 0.008650562 0.8015946 0.5978053
v 1916.654 283.4147 -3134.711
vn 0.2507542 0.6797174 0.6892797
v 1875.881 379.5061 -3187.171
vn 0.2153723 0.7199513 0.6597611
v 2001.517 272.1953 -3163.421
vn 0.2758537 0.6289688 0.7268445
v 1952.627 372.3838 -3216.692
vn 0.2286209 0.6487903 0.7258123
v 2085.335 265.1213 -3187.142
vn 0.01059623 0.6498973 0.759948
v 2045.037 365.0253 -3224.591
vn 0.07058172 0.6244461 0.7778723
v 2153.79 256.661 -3147.299
vn -0.1612558 0.7090835 0.686438
v 2132.012 347.0379 -3219.609
vn -0.0893851 0.6227966 0.777261
v 2287.36 248.2202 -3121.209
vn -0.2496478 0.7598767 0.6002194
v 2233.462 335.4821 -3182.314
vn -0.2629101 0.6167516 0.741954
v 2381.117 233.038 -3006.3
vn -0.4998376 0.629085 0.595327
v 2347.143 351.0383 -3154.125
vn -0.1641856 0.7235339 0.6704786
v 953.5054 457.4406 -3483.49
vn 0.1150019 0.503696 0.8561921
v 1029.329 431.7229 -3429.198
vn 0.01534251 0.8256338 0.5639977
v 945.0969 417.4579 -3456.988
vn -0.09983658 0.6865551 0.7201906
v 1048.807 440.3475 -3472.211
vn 0.04759988 0.713172 0.699371
v 1104.608 421.4237 -3442.689
vn 0.1147422 0.7625632 0.6366565
v 1107.8 441.9499 -3482.863
vn 0.03904807 0.7226986 0.6900593
v 1257.322 430.2946 -3447.133
vn -0.08317418 0.680812 0.7277204
v 1266.032 444.4848 -3464.504
vn 0.02351267 0.6971545 0.7165352
v 1337.01 425.3537 -3424.806
vn -0.1422303 0.7403541 0.6569978
v 1344.519 439.7823 -3447.584
vn 0.02143484 0.8111215 0.5844846
v 1451.472 395.7182 -3374.298
vn -0.1296238 0.9150742 0.3818859
v 1463.365 395.2097 -3397.519
vn -0.1262123 0.896626 0.4244198
v 1588.755 386.6696 -3259.557
vn -0.07178903 0.9860452 0.150203
v 1594.877 390.8282 -3299.875
vn -0.2245108 0.8971716 0.3803655
v 1727.774 378.4859 -3184.112
vn -0.0390036 0.9817349 0.1862125
v 1723.531 378.3095 -3218.941
vn -0.1601014 0.8736407 0.4594774
v 1849.605 399.9237 -3210.722
vn 0.003918866 0.9454061 0.3258707
v 1835.398 404.0174 -3226.56
vn -0.02595711 0.8781759 0.4776329
v 1940.636 415.0614 -3260.672
vn 0.08213785 0.9171808 0.3899135
v 1933.739 417.6079 -3291.7
vn 0.09827605 0.9016894 0.4210677
v 380.8553 108.2326 -3230.593
vn 0.1949818 0.6514516 0.7332072
v 236.0723 124.8326 -3217.63
vn -0.006610814 0.7270086 0.6865965
v 471.0883 241.3246 -3344.376
vn 0.219106 0.7330431 0.6439256
v 526.4111 92.98312 -3283.531
vn 0.1080762 0.6508334 0.7514887
v 568.2717 213.8247 -3361.584
vn 0.1297875 0.7204854 0.6812165
v 636.7092 86.73373 -3265.065
vn -0.3022663 0.633877 0.7119234
v 674.2964 198.5303 -3328.426
vn -0.3105199 0.7641941 0.5653182
v 796.4849 88.00053 -3124.389
vn -0.3480308 0.5075829 0.788184
v 803.2419 221.8022 -3198.328
vn -0.3565077 0.7424892 0.5671085
v 871.9401 87.47242 -3109.883
vn 0.07304219 0.406767 0.9106072
v 892.9385 217.931 -3170.365
vn 0.09396246 0.6841412 0.7232715
v 999.2916 85.10201 -3153.589
vn 0.4441083 0.3572469 0.8216705
v 1016.917 193.4737 -3210.401
vn 0.4864428 0.5628816 0.6682346
v 1106.919 82.36137 -3221.375
vn 0.2368896 0.5202679 0.8204904
v 1129.06 179.2296 -3329.053
vn 0.2903441 0.755958 0.5867093
v 1195.758 81.77785 -3195.48
vn -0.1180908 0.5881667 0.8000715
v 1219.926 181.9603 -3320.936
vn -0.134381 0.8697569 0.474831
v 1282.57 84.58805 -3191.55
vn -0.4016164 0.6137587 0.6797091
v 1313.128 195.2988 -3299.996
vn -0.3459673 0.8466098 0.4044235
v 1411.022 135.6774 -3086.268
vn -0.5010116 0.5813853 0.641076
v 1429.612 221.2046 -3196.162
vn -0.4757373 0.7906454 0.3854268
v 1566.905 132.4587 -2992.673
vn -0.2859533 0.5263926 0.8007131
v 1577.523 251.4769 -3074.331
vn -0.2707132 0.7878581 0.5531671
v 1756.224 115.8363 -2966.702
vn 0.1342695 0.4558541 0.8798685
v 1745.466 252.0834 -3051.871
vn 0.06399327 0.7337748 0.6763721
v 1873.204 114.2384 -3019.318
vn 0.3776565 0.4260279 0.8221166
v 1904.9 264.0287 -3105.224
vn 0.3135539 0.6138742 0.7244599
v 1980.02 112.6405 -3099.608
vn 0.4058332 0.4683666 0.7848134
v 1992.84 256.6907 -3141.379
vn 0.3574625 0.5102714 0.7822043
v 2080.688 93.0462 -3130.252
vn -0.0776814 0.4433688 0.8929667
v 2078.579 247.2991 -3165.677
vn -0.0630638 0.5675952 0.8208889
v 2181.315 100.5623 -3055.432
vn -0.5138267 0.4171734 0.7496322
v 2150.324 243.1248 -3122.824
vn -0.3252801 0.6567128 0.680383
v 2273.343 100.0397 -2972.952
vn -0.5701588 0.5261306 0.6309559
v 2279.611 235.7281 -3091.101
vn -0.3115195 0.7608349 0.5692853
v 177.8096 123.8232 -3236.982
vn -0.2237978 0.7304291 0.6452811
v 592.8619 335.7512 -3460.93
vn -0.3257602 0.6670197 0.6700484
v 580.5604 226.0792 -3388.078
vn -0.03722557 0.8054329 0.5915166
v 518.6232 337.4678 -3593.582
vn -0.4387323 0.7361404 0.5153748
v 642.0384 442.147 -3524.051
vn -0.1909702 0.8589043 0.4751985
v 555.882 433.2094 -3619.876
vn -0.4885474 0.7535049 0.4399451
v 755.1272 569.3603 -3648.994
vn -0.4553613 0.7740746 0.4398347
v 835.4944 689.5914 -3728.637
vn -0.5091048 0.7007768 0.4997241
v 885.2202 584.1646 -3600.443
vn -0.2993166 0.7976884 0.5235482
v 1110.013 872.4786 -3850.984
vn 0.1367698 0.890906 0.4331054
v 915.8616 809.8224 -3808.281
vn -0.409049 0.7918686 0.4534566
v 1247.871 858.8408 -3962.977
vn 0.3759978 0.8502552 0.3683635
v 1336.378 847.8986 -4029.659
vn 0.6492065 0.6937355 0.3118684
v 1310.326 743.0886 -3846.698
vn -0.160827 0.9821834 -0.0972129
v 1269.995 748.3555 -3766.404
vn -0.06629048 0.9482121 0.3106433
v 1275.357 591.5543 -3558.081
vn 0.112432 0.5746313 0.8106527
v 1109.054 512.4225 -3517.863
vn 0.01965988 0.4914977 0.8706569
v 2195.942 751.8768 -3658.642
vn -0.3615634 0.8411446 0.4021785
v 2224.266 799.9623 -3786.923
vn -0.2035443 0.9719444 0.1178715
v 2278.319 779.9041 -3705.292
vn -0.03766621 0.9774675 0.2076977
v 2112.112 734.7372 -3733.455
vn -0.4029336 0.8601346 0.3127504
v 2141.55 768.3036 -3911.385
vn -0.4578359 0.8821419 -0.1105072
v 2068.061 719.9528 -3851.809
vn -0.4827397 0.8750898 -0.03435259
v 2311.876 801.7635 -3853.469
vn 0.1434889 0.9883122 -0.05147702
v 1899.515 482.6438 -3324.866
vn 0.07056079 0.9064118 0.4164596
v 1924.533 530.3836 -3425.688
vn -0.01527034 0.9243674 0.3811977
v 2005.372 483.6756 -3348.49
vn 0.1115171 0.8764004 0.4684936
v 1826.509 519.2536 -3395.614
vn -0.003075643 0.9500728 0.3120129
v 1803.11 550.2153 -3557.44
vn -0.1827626 0.9553201 0.2322955
v 1713.442 528.2382 -3518.483
vn -0.07790884 0.9824879 0.1692561
v 1640.851 563.6334 -3822.814
vn 0.03319024 0.9911363 0.1286359
v 1606.936 543.3104 -3687.829
vn 0.121606 0.9747342 0.1873633
v 1562.869 607.9401 -3903.755
vn 0.369051 0.9172068 0.1501095
v 1530.549 587.6 -3754.672
vn 0.4274958 0.8680256 0.2525444
v 1430.434 661.415 -3820.484
vn 0.6322891 0.7224907 -0.279674
v 1499.061 605.2287 -3740.579
vn 0.5319131 0.8022556 0.2710245
v 2041.934 413.5901 -3309.829
vn 0.09113407 0.9497812 0.2993496
v 1967.922 415.9485 -3269.148
vn 0.08397125 0.9367566 0.3397585
v 2030.32 420.3406 -3324.664
vn 0.193165 0.6821691 0.705218
v 2145.747 417.0219 -3350.674
vn -0.06079892 0.8474242 0.5274236
v 2136.202 460.0984 -3373.068
vn 0.07160059 0.7102557 0.7002928
v 2278.472 444.5427 -3323.013
vn -0.09656654 0.8704031 0.4827766
v 2119.406 612.1906 -3541.608
vn -0.1404845 0.7534627 0.6423068
v 1999.941 554.9646 -3469.535
vn -0.02497016 0.8699167 0.492566
v 1990.192 650.8209 -3684.047
vn -0.3593701 0.8687349 0.3408118
v 1860.161 585.7219 -3597.123
vn -0.2633628 0.9277839 0.2643045
v 1780.913 602.3369 -3817.023
vn -0.3402325 0.9378211 0.06879875
v 1877.24 619.2048 -3755.817
vn -0.3397779 0.9179236 0.2048587
v 1908.273 665.15 -3854.796
vn -0.4219449 0.9065964 0.006731591
v 1838.724 575.0458 -4060.697
vn -0.3530954 0.9162865 -0.1890567
v 2076.138 676.7924 -4075.495
vn -0.4623296 0.84135 -0.2799668
v 1634.558 503.6693 -3372.693
vn -0.2539286 0.8669158 0.4289257
v 1527.349 522.5615 -3513.491
vn -0.09330263 0.9014631 0.4226805
v 1472.666 565.5048 -3606.388
vn 0.2387613 0.8180997 0.523169
v 1391.085 588.8386 -3581.708
vn 0.1634212 0.5981347 0.7845561
v 1320.95 636.1524 -3609.027
vn 0.2638201 0.6236911 0.7358044
v 1271.078 692.6641 -3661.264
vn -0.008157106 0.7661261 0.6426384
v 2388.381 360.5071 -3167.028
vn -0.4754879 0.8053082 0.3541045
v 1633.702 633.5008 -4172.435
vn 0.3243938 0.941566 0.0906752
v 1741.661 553.2344 -4135.575
vn 0.1457215 0.9891059 0.02084704
v 2329.755 745.9571 -3627.889
vn 0.3434994 0.7211546 0.6016179
v 2286.133 732.7723 -3601.668
vn 0.06836087 0.6089496 0.7902576
v 2305.345 775.4376 -3664.477
vn 0.1222055 0.9367656 0.3279269
v 2237.857 748.8967 -3621.235
vn -0.1687313 0.792183 0.5864943
v 2638.438 327.3194 -3264.575
vn 0.4304776 0.8315492 -0.3510196
v 2507.579 379.7287 -3241.472
vn 0.2592781 0.9342076 -0.2450118
v 2551.356 381.633 -3292.318
vn 0.3233334 0.8431826 0.429533
v 92.91528 456.4431 -4214.641
vn 0.08270135 0.9782167 -0.1904009
vn 0.1387823 0.9626312 -0.2325522
v -589.9517 72.09554 -3744.667
vn -0.5972109 0.7720701 0.2173633
vn -0.5756169 0.7862025 0.2248348
v 2407.542 463.9757 -3364.483
vn 0.07415237 0.8756983 0.4771307
v 2488.074 513.0273 -3448.779
vn 0.2740891 0.8558846 0.4385621
v 2446.956 403.619 -3242.681
vn 0.007932906 0.9777169 0.2097775
v 2452.428 550.5076 -3500.027
vn 0.3992379 0.7364276 0.5461532
v 2545.988 533.1749 -3629.462
vn 0.6981999 0.657281 0.2837226
v 2459.344 639.9663 -3604.434
vn 0.6738113 0.7062255 0.2173102
v 2597.448 445.7976 -3747.628
vn 0.8356745 0.5451541 0.06674491
v 2538.779 562.1225 -3775.635
vn 0.7558621 0.6541454 -0.02768084
v 2184.684 777.398 -3966.353
vn -0.2525708 0.9315744 -0.2614899
v 1726.266 -41.751 -2894.278
vn 0.1496022 0.4434854 0.883708
v 1541.989 -41.751 -2910.065
vn -0.2780883 0.4837992 0.8298224
v 2087.383 -41.751 -3014.064
vn -0.0164741 0.6164797 0.7871984
v 2019.598 -41.751 -2968.545
vn 0.3165646 0.6507873 0.6901179
v 2149.927 -41.751 -3006.989
vn -0.5475797 0.4741781 0.6894284
v 2204.128 -41.751 -2923.11
vn -0.6479785 0.4641299 0.60391
v -503.277 -41.751 -3182.838
vn -0.325074 0.8227794 0.4662196
v -727.3801 -41.751 -3364.644
vn -0.4050904 0.8917376 0.2017567
v 50.73846 -41.751 -3096.196
vn -0.08297205 0.7940931 0.602106
v -86.75424 -41.751 -3060.39
vn 0.02387059 0.8211064 0.5702756
v 160.1461 -41.751 -3046.47
vn -0.1852428 0.7420443 0.6442478
v 256.6159 -41.751 -3053.943
vn 0.03573292 0.7219757 0.690995
v 389.8402 -41.751 -3075.482
vn 0.1961788 0.7176428 0.6682085
v 489.5677 -41.751 -3106.116
vn 0.1211838 0.7632211 0.6346715
v 602.697 -41.751 -3108.137
vn -0.20091 0.7267624 0.6568497
v 776.2471 -41.751 -3066.477
vn -0.2632929 0.5347877 0.802919
v 853.1884 -41.751 -3056.173
vn 0.0838467 0.3802093 0.921092
v 986.1104 -41.751 -3101.546
vn 0.412636 0.3092265 0.8568025
v 1069.638 -41.751 -3153.466
vn 0.2066515 0.377202 0.9027811
v 1171.108 -41.751 -3153.327
vn -0.21865 0.4691235 0.8556374
v 1345.983 -41.751 -2981.486
vn -0.4699345 0.5758853 0.6689675
v 1236.707 -41.751 -3106.818
vn -0.5511951 0.5863823 0.5935822
v 200.7736 460.2809 -3796.846
vt 0.1583308 0.3356091
vn 0.3696302 0.8846304 0.2842576
v 746.8409 803.5349 -4060.495
vt -0.5584353 -0.4027544
vn -0.6758524 0.7306612 0.09673505
v 737.5511 763.5031 -3985.5
vn -0.6384946 0.6222779 0.4528739
v 686.6352 742.9175 -4054.758
vn -0.7685643 0.6346735 0.08061138
v 729.6313 776.6794 -4151.27
vn -0.7718437 0.6269535 -0.1057653
vt -1.740867 -0.4315112
v 787.2615 818.2877 -4162.357
vt -2.014258 -0.4593804
vn -0.6600459 0.745154 -0.09531491
v 1074.131 823.4961 -3768.156
vn -0.07264032 0.7966223 0.6000968
v 977.9363 785.1455 -3752.036
vn -0.2488412 0.7552716 0.6063355
vn -0.5100111 0.8557998 0.08657531
v 1749.763 484.9871 -3300.333
vn -0.04504162 0.8070487 0.5887644
v 2371.959 -41.751 -1485.451
vn -0.6669096 0.6523015 0.3601862
vt -0.5305541 0.8225083
vn 0.133176 0.9639679 0.2302823
v 2048.517 662.2329 -3648.926
vn -0.355738 0.7913939 0.4971378
v 2089.919 661.4608 -3625.098
vn -0.3991525 0.7458818 0.5332331
v 2209.833 674.1138 -3567.491
vn -0.194915 0.6165584 0.7627999
v 2070.396 408.0484 -3281.321
vn 0.0008196559 0.7324617 0.6808077
v 2189.604 406.1636 -3266.494
vn -0.1863525 0.690306 0.6991067
v 2312.807 419.4437 -3238.569
vn -0.08135208 0.763189 0.6410337
vn 0.04903341 0.9914156 0.1212052
vn -0.102854 0.9700927 0.2198662
vn -0.08184681 0.9386178 0.3351083
v 934.0214 536.1678 -3526.874
vn 0.1754366 0.6454037 0.7434217
v 714.7995 522.4948 -3624.096
vn -0.5528603 0.727748 0.4058671
v 857.6163 475.3318 -3445.807
vn -0.04048052 0.2665605 0.9629677
v 862.9565 550.6453 -3489.798
vn 0.1114827 0.7802913 0.6153999
v 914.5035 563.1205 -3561.601
vn -0.05246897 0.8303168 0.5548161
v 771.7131 552.4728 -3546.601
vn -0.4157261 0.8032771 0.4265181
v 1385.443 718.5016 -3639.492
vn 0.219393 0.7249922 0.6528805
v 1340.616 768.8164 -3684.772
vn -0.04450602 0.8701272 0.4908133
v 1312.273 780.2425 -3738.733
vn -0.2340895 0.9578713 0.1663867
v 1312.917 773.3878 -3825.544
vn -0.4871156 0.7832206 -0.3863724
v 1280.506 771.1019 -3761.64
vn -0.6570558 0.7511097 0.06412331
v 1397.865 745.6575 -3819.474
vn 0.5716557 0.3613145 -0.7366557
v 1334.75 767.5854 -3849.479
vn 0.09177636 0.6638571 -0.7422067
vn 0.06830206 0.1470561 0.9867671
v 1349.592 680.6204 -3609.551
vn -0.1686644 0.4611459 0.8711467
v 1407.407 640.4147 -3588.436
vn 0.1993959 0.3225469 0.9253133
vn -0.3596934 0.2768455 0.891054
v 1301.688 734.875 -3665.048
vn -0.5017274 0.6103376 0.6129907
v 1494.784 664.1072 -3728.728
vn 0.9698874 0.2330325 -0.07081008
v 1448.602 708.1197 -3794.541
vn 0.7713996 0.312568 -0.5542958
vn 0.9754784 0.05546782 -0.2129907
v 1476.668 624.1889 -3619.319
vn 0.74876 0.231089 0.6212537
vn 0.7721239 0.05800273 0.6328193
v 1454.829 681.3243 -3632.922
vn 0.5283011 0.6109666 0.589591
v 1472.918 696.4324 -3694.278
vn 0.7715991 0.5927287 0.2308843
v 2507.712 321.1215 -2949.535
vn -0.005963376 0.3056762 0.9521168
v 2593.59 320.9782 -2995.128
vn 0.1618158 0.2950135 0.9416913
v 2446.086 313.6286 -2975.287
vn -0.4109728 0.2582285 0.8743107
v 2451.111 248.8104 -2977.683
vn -0.4263391 0.4379447 0.7914793
v 2384.461 306.1357 -3001.038
vn -0.7094464 0.4264274 0.5611108
v 2508.717 380.0135 -2987.834
vn -0.05597954 0.7027692 0.7092119
v 2604.425 433.5193 -3084.017
vn 0.4521113 0.8094369 0.3747095
v 2586.258 381.4874 -3013.711
vn 0.343816 0.6216021 0.7038475
v 2550.549 454.4284 -3103.415
vn 0.106992 0.98281 0.1504562
v 2708.429 362.9621 -3126.555
vn 0.5326891 0.8382263 0.1167006
v 2600.875 417.9379 -3200.889
vn 0.2575771 0.8131101 -0.5220211
v 2458.149 423.035 -3192.625
vn -0.2794237 0.9179141 -0.281702
v 2421.077 396.0831 -3146.238
vn -0.7312732 0.6758498 0.09201306
v 2782.928 294.876 -3147.582
vn 0.6344022 0.7497333 -0.1882383
v 2713.769 329.7382 -2994.01
vn 0.2494393 0.6835582 0.6859505
v 2459.007 419.7423 -3122.711
vn -0.5611638 0.8095759 0.1722848
v 2498.758 451.4323 -3131.066
vn -0.3587074 0.924401 0.12966
v 2472.758 376.7284 -3008.357
vn -0.3985027 0.7107661 0.5796611
v 2436.799 373.4433 -3028.88
vn -0.5626398 0.7264885 0.394526
vn 0.2253379 0.5889534 0.7761164
vn 0.2341838 0.4523177 0.8605618
vn -0.3846076 0.9230749 0.003099815
vn 0.3727229 0.9265402 0.05099738
vn 0.3619586 0.929628 -0.06912094
vn -0.6543599 0.6731493 0.3445041
vn -0.5294995 0.8398793 0.1193019
vn -0.4954024 0.8580388 -0.1354464
v 2286.42 -41.751 -2409.367
vn -0.6912214 0.210638 0.691263
v 2200.218 -41.751 -2502.052
vn -0.8693674 0.4466382 0.2114584
v 2323.158 -41.751 -2033.665
vn -0.4562532 0.7030227 -0.54552
vn -0.2141412 0.9717577 -0.09914819
v 1878.015 -41.751 -2917.574
vn 0.3109153 0.5714658 0.7594461
v -284.0355 -41.751 -3096.431
vn -0.1352597 0.8107524 0.5695482
v -886.3494 -41.751 -3673.026
vn -0.3368017 0.9367524 0.09518075
v -908.1083 -41.751 -3973.991
vn -0.5095165 0.8538907 0.1061298
v -875.9394 -41.751 -4301.113
vn -0.6619617 0.7493731 -0.01570292
v 2242.004 760.3339 -4039.401
vn -0.1604206 0.9258457 -0.342162
v 2644.901 347.496 -3006.015
vn 0.1829333 0.7109315 0.6790521
o polySurface14_0
g polygon_0
usemtl i_s1
f 2369/1130/2333 2368/1129/2332 2367/1128/2331
f 2367/1128/2331 2368/1129/2332 2370/1131/2334
f 2368/1129/2332 2371/1132/2335 2370/1131/2334
f 2370/1131/2334 2371/1132/2335 2372/1133/2336
f 2375/1135/2339 2374/1136/2338 2373/952/2337
f 2373/952/2337 2374/1136/2338 2376/1134/2340
f 2374/1136/2338 2377/1138/2341 2376/1134/2340
f 2376/1134/2340 2377/1138/2341 2378/954/2342
f 2370/959/2334 2375/1135/2343 2367/957/2331
f 2375/1135/2339 2379/1887/2344 2374/1136/2338
f 2379/1887/2344 2380/1888/2345 2377/1138/2341
f 2374/1136/2338 2379/1887/2344 2377/1138/2341
f 2383/1162/2348 2382/1161/2347 2381/1160/2346
f 2381/1160/2346 2382/1161/2347 2384/1163/2349
f 2382/1161/2347 2385/1164/2350 2384/1163/2349
f 2384/1163/2349 2385/1164/2350 2386/1165/2351
f 2385/1164/2350 2387/1166/2352 2386/1165/2351
f 2386/1165/2351 2387/1166/2352 2388/1167/2353
f 2387/1166/2352 2389/1168/2354 2388/1167/2353
f 2388/1167/2353 2389/1168/2354 2390/1169/2355
f 2389/1168/2354 2391/1170/2356 2390/1169/2355
f 2390/1169/2355 2391/1170/2356 2392/1171/2357
f 2391/1170/2356 2393/1172/2358 2392/1171/2357
f 2392/1171/2357 2393/1172/2358 2394/1173/2359
f 2393/1189/2358 2395/1188/2360 2394/1187/2359
f 2394/1187/2359 2395/1188/2360 2396/1190/2361
f 2395/1188/2360 2397/1191/2362 2396/1190/2361
f 2396/1190/2361 2397/1191/2362 2398/1192/2363
f 2397/1191/2362 2399/1193/2364 2398/1192/2363
f 2398/1192/2363 2399/1193/2364 2400/1194/2365
f 2399/1193/2364 2401/1195/2366 2400/1194/2365
f 2400/1194/2365 2401/1195/2366 2402/1196/2367
f 2401/1195/2366 2403/1197/2368 2402/1196/2367
f 2402/1196/2367 2403/1197/2368 2404/1198/2369
f 2403/1197/2368 2405/1199/2370 2404/1198/2369
f 2404/1198/2369 2405/1199/2370 2406/1200/2371
f 2405/1199/2370 2407/1201/2372 2406/1200/2371
f 2406/1200/2371 2407/1201/2372 2408/1202/2373
f 2411/1205/2376 2410/1204/2375 2409/1203/2374
f 2409/1203/2374 2410/1204/2375 2412/1206/2377
f 2410/1204/2375 2413/1889/2378 2412/1206/2377
f 2412/1206/2377 2413/1889/2378 2414/1890/2379
f 2388/1167/2353 2390/1169/2355 2415/1209/2380
f 2415/1209/2380 2390/1169/2355 2416/1210/2381
f 2390/1169/2355 2392/1171/2357 2416/1210/2381
f 2416/1210/2381 2392/1171/2357 2417/1211/2382
f 2392/1171/2357 2394/1173/2359 2417/1211/2382
f 2417/1211/2382 2394/1173/2359 2418/1212/2383
f 2420/1214/2385 2419/1213/2384 2412/1206/2377
f 2412/1206/2377 2419/1213/2384 2409/1203/2374
f 2419/1213/2384 2421/1254/2386 2409/1203/2374
f 2409/1203/2374 2421/1254/2386 2422/1219/2387
f 2425/1218/2390 2424/1217/2389 2423/1216/2388
f 2423/1216/2388 2424/1217/2389 2422/1219/2387
f 2424/1217/2389 2411/1205/2376 2422/1219/2387
f 2422/1219/2387 2411/1205/2376 2409/1203/2374
f 2420/1214/2385 2414/1890/2392 2426/1215/2391
f 2426/1215/2391 2414/1890/2392 2427/1208/2393
f 2414/1890/2392 2413/1889/2394 2427/1208/2393
f 2427/1208/2393 2413/1889/2394 2428/1207/2395
f 2429/1227/2396 2381/1160/2346 2426/1226/2391
f 2426/1226/2391 2381/1160/2346 2420/1228/2385
f 2381/1160/2346 2384/1163/2349 2420/1228/2385
f 2420/1228/2385 2384/1163/2349 2419/1229/2384
f 2384/1163/2349 2386/1165/2351 2419/1229/2384
f 2419/1229/2384 2386/1165/2351 2421/1230/2386
f 2386/1165/2351 2388/1167/2353 2421/1230/2386
f 2421/1230/2386 2388/1167/2353 2423/1231/2388
f 2388/1167/2353 2415/1209/2380 2423/1231/2388
f 2423/1231/2388 2415/1209/2380 2425/1232/2390
f 2415/1209/2380 2430/1185/2397 2425/1232/2390
f 2425/1232/2390 2430/1185/2397 2431/1233/2398
f 2426/1249/2391 2433/1891/2400 2432/1247/2399
f 2432/1247/2399 2433/1891/2400 2434/1250/2401
f 2433/1891/2400 2435/1892/2402 2434/1250/2401
f 2434/1250/2401 2435/1892/2402 2436/1252/2403
f 2423/1216/2388 2422/1219/2387 2421/1254/2386
f 2431/1253/2398 2424/1217/2389 2425/1218/2390
f 2415/1209/2380 2416/1210/2381 2430/1185/2397
f 2430/1185/2397 2416/1210/2381 2437/1184/2404
f 2416/1210/2381 2417/1211/2382 2437/1184/2404
f 2437/1184/2404 2417/1211/2382 2438/1255/2405
f 2417/1211/2382 2418/1212/2383 2438/1255/2405
f 2438/1255/2405 2418/1212/2383 2439/1256/2406
f 2442/1265/2409 2441/1264/2408 2440/1263/2407
f 2443/1266/2410 2442/1265/2409 2440/1263/2407
f 2446/1269/2413 2445/1268/2412 2444/1267/2411
f 2447/1270/2414 2446/1269/2413 2444/1267/2411
f 2450/1432/2417 2449/1894/2416 2448/1893/2415
f 2451/1433/2418 2450/1432/2417 2448/1893/2415
f 2453/1273/2420 2452/1272/2419 2450/1271/2417
f 2451/1274/2418 2453/1273/2420 2450/1271/2417
f 2456/1277/2423 2455/1276/2422 2454/1275/2421
f 2457/1278/2424 2456/1277/2423 2454/1275/2421
f 2460/1895/2427 2459/1389/2426 2458/1387/2425
f 2461/1896/2428 2460/1895/2427 2458/1387/2425
f 2463/1284/2430 2462/1283/2429 2454/1275/2421
f 2464/1285/2431 2463/1284/2430 2454/1275/2421
f 2467/1735/2434 2466/1734/2433 2465/1593/2432
f 2468/1591/2435 2467/1735/2434 2465/1593/2432
f 2470/1739/2437 2446/1738/2413 2469/1608/2436
f 2471/1380/2438 2470/1739/2437 2469/1608/2436
f 2474/1550/2441 2473/1551/2440 2472/1769/2439
f 2468/1591/2435 2474/1550/2441 2472/1769/2439
f 2477/1291/2444 2476/1290/2443 2475/1289/2442
f 2478/1292/2445 2477/1291/2444 2475/1289/2442
f 2449/1898/2447 2479/1897/2446 2458/1636/2425
f 2459/1713/2426 2449/1898/2447 2458/1636/2425
f 2433/1891/2448 2427/1248/2393 2428/1251/2395
f 2435/1892/2449 2433/1891/2448 2428/1251/2395
f 2429/1227/2396 2442/1265/2409 2381/1160/2346
f 2381/1160/2346 2442/1265/2409 2383/1162/2348
f 2442/1265/2409 2443/1266/2410 2383/1162/2348
f 2481/1301/2451 2480/1300/2450 2387/1166/2352
f 2387/1166/2352 2480/1300/2450 2389/1168/2354
f 2480/1300/2450 2482/1302/2452 2389/1168/2354
f 2389/1168/2354 2482/1302/2452 2391/1170/2356
f 2482/1302/2452 2483/1303/2453 2391/1170/2356
f 2391/1170/2356 2483/1303/2453 2393/1172/2358
f 2399/1193/2364 2484/1304/2454 2401/1195/2366
f 2401/1195/2366 2484/1304/2454 2485/1305/2455
f 2484/1304/2454 2486/1306/2456 2485/1305/2455
f 2485/1305/2455 2486/1306/2456 2487/1307/2457
f 2486/1306/2456 2488/1308/2458 2487/1307/2457
f 2487/1307/2457 2488/1308/2458 2489/1309/2459
f 2488/1308/2458 2490/1310/2460 2489/1309/2459
f 2489/1309/2459 2490/1310/2460 2491/1311/2461
f 2492/1312/2462 2408/1202/2373 2407/1201/2372
f 2495/1315/2465 2494/1314/2464 2493/1313/2463
f 2493/1313/2463 2494/1314/2464 2496/1316/2466
f 2494/1314/2464 2497/1317/2467 2496/1316/2466
f 2496/1316/2466 2497/1317/2467 2498/1318/2468
f 2497/1317/2467 2486/1306/2456 2498/1318/2468
f 2498/1318/2468 2486/1306/2456 2484/1304/2454
f 2492/1326/2462 2407/1325/2372 2499/1324/2469
f 2499/1324/2469 2407/1325/2372 2500/1327/2470
f 2407/1325/2372 2405/1328/2370 2500/1327/2470
f 2500/1327/2470 2405/1328/2370 2403/1329/2368
f 2503/1330/2473 2502/1319/2472 2501/1331/2471
f 2501/1331/2471 2502/1319/2472 2504/1320/2474
f 2502/1319/2472 2408/1202/2373 2504/1320/2474
f 2504/1320/2474 2408/1202/2373 2492/1312/2462
f 2506/1334/2476 2505/1333/2475 2504/1332/2474
f 2399/1193/2364 2397/1191/2362 2484/1304/2454
f 2484/1304/2454 2397/1191/2362 2498/1318/2468
f 2397/1191/2362 2395/1188/2360 2498/1318/2468
f 2498/1318/2468 2395/1188/2360 2496/1316/2466
f 2396/1190/2361 2507/1322/2477 2394/1187/2359
f 2394/1187/2359 2507/1322/2477 2418/1323/2383
f 2507/1322/2477 2508/1175/2478 2418/1323/2383
f 2418/1323/2383 2508/1175/2478 2439/1176/2406
f 2510/1337/2480 2509/1336/2479 2429/1335/2396
f 2429/1335/2396 2509/1336/2479 2442/1338/2409
f 2509/1336/2479 2511/1339/2481 2442/1338/2409
f 2442/1338/2409 2511/1339/2481 2441/1340/2408
f 2426/1342/2391 2432/1341/2399 2510/1337/2480
f 2429/1335/2396 2426/1342/2391 2510/1337/2480
f 2492/1326/2462 2499/1324/2469 2504/1332/2474
f 2504/1332/2474 2499/1324/2469 2506/1334/2476
f 2499/1324/2469 2487/1307/2457 2506/1334/2476
f 2506/1334/2476 2487/1307/2457 2489/1309/2459
f 2398/1192/2363 2512/1321/2482 2396/1190/2361
f 2396/1190/2361 2512/1321/2482 2507/1322/2477
f 2512/1321/2482 2513/1156/2483 2507/1322/2477
f 2507/1322/2477 2513/1156/2483 2508/1175/2478
f 2460/1900/2427 2514/1899/2484 2459/1345/2426
f 2459/1345/2426 2514/1899/2484 2515/1343/2485
f 2514/1899/2484 2516/1403/2486 2515/1343/2485
f 2515/1343/2485 2516/1403/2486 2517/1714/2486
f 2520/1353/2489 2519/1352/2488 2518/1351/2487
f 2518/1351/2487 2519/1352/2488 2521/1354/2490
f 2519/1352/2488 2522/1355/2491 2521/1354/2490
f 2521/1354/2490 2522/1355/2491 2523/1356/2492
f 2522/1355/2491 2524/1357/2493 2523/1356/2492
f 2523/1356/2492 2524/1357/2493 2525/1358/2494
f 2520/1353/2489 2518/1351/2487 2526/1359/2495
f 2526/1359/2495 2518/1351/2487 2527/1360/2496
f 2518/1351/2487 2528/1361/2497 2527/1360/2496
f 2527/1360/2496 2528/1361/2497 2529/1362/2498
f 2532/1365/2501 2531/1364/2500 2530/1363/2499
f 2530/1363/2499 2531/1364/2500 2533/1366/2502
f 2531/1364/2500 2534/1367/2503 2533/1366/2502
f 2533/1366/2502 2534/1367/2503 2535/1368/2504
f 2538/1371/2507 2537/1370/2506 2536/1369/2505
f 2541/1374/2510 2540/1373/2509 2539/1372/2508
f 2539/1372/2508 2540/1373/2509 2542/1375/2511
f 2540/1373/2509 2543/1376/2512 2542/1375/2511
f 2542/1375/2511 2543/1376/2512 2544/1377/2513
f 2471/1380/2438 2545/1379/2514 2538/1378/2507
f 2538/1378/2507 2545/1379/2514 2537/1381/2506
f 2545/1379/2514 2546/1382/2515 2537/1381/2506
f 2537/1381/2506 2546/1382/2515 2547/1383/2516
f 2548/1384/2517 2461/1896/2428 2458/1387/2425
f 2551/1392/2520 2550/1391/2519 2549/1390/2518
f 2549/1390/2518 2550/1391/2519 2552/1393/2521
f 2550/1391/2519 2553/1394/2522 2552/1393/2521
f 2552/1393/2521 2553/1394/2522 2475/1395/2442
f 2556/1398/2525 2555/1397/2524 2554/1396/2523
f 2537/1370/2506 2557/1399/2526 2536/1369/2505
f 2536/1369/2505 2557/1399/2526 2558/1400/2527
f 2557/1399/2526 2520/1401/2489 2558/1400/2527
f 2558/1400/2527 2520/1401/2489 2526/1402/2495
f 2561/1902/2530 2560/1411/2529 2559/1901/2528
f 2559/1901/2528 2560/1411/2529 2562/1348/2531
f 2560/1411/2529 2563/1404/2532 2562/1348/2531
f 2562/1348/2531 2563/1404/2532 2564/1346/2533
f 2528/1361/2497 2566/1414/2535 2565/1413/2534
f 2565/1413/2534 2566/1414/2535 2567/1415/2536
f 2566/1414/2535 2568/1416/2537 2567/1415/2536
f 2567/1415/2536 2568/1416/2537 2569/1417/2538
f 2568/1416/2537 2570/1418/2539 2569/1417/2538
f 2569/1417/2538 2570/1418/2539 2571/1419/2540
f 2565/1413/2534 2529/1362/2498 2528/1361/2497
f 2562/1348/2531 2564/1346/2533 2572/1347/2541
f 2572/1347/2541 2564/1346/2533 2573/1344/2542
f 2564/1346/2533 2514/1899/2543 2573/1344/2542
f 2573/1344/2542 2514/1899/2543 2460/1900/2544
f 2576/1421/2547 2575/1385/2546 2574/1420/2545
f 2574/1420/2545 2575/1385/2546 2577/1386/2548
f 2575/1385/2546 2461/1896/2549 2577/1386/2548
f 2577/1386/2548 2461/1896/2549 2548/1384/2550
f 2580/1426/2553 2579/1425/2552 2578/1424/2551
f 2578/1424/2551 2579/1425/2552 2548/1427/2550
f 2579/1425/2552 2581/1428/2554 2548/1427/2550
f 2548/1427/2550 2581/1428/2554 2577/1429/2548
f 2581/1428/2554 2582/1430/2555 2577/1429/2548
f 2577/1429/2548 2582/1430/2555 2574/1431/2545
f 2585/1436/2558 2584/1435/2557 2583/1434/2556
f 2583/1434/2556 2584/1435/2557 2586/1437/2559
f 2584/1435/2557 2587/1438/2560 2586/1437/2559
f 2586/1437/2559 2587/1438/2560 2588/1439/2561
f 2587/1438/2560 2589/1440/2562 2588/1439/2561
f 2588/1439/2561 2589/1440/2562 2590/1441/2563
f 2589/1440/2562 2591/1442/2564 2590/1441/2563
f 2590/1441/2563 2591/1442/2564 2592/1443/2565
f 2591/1442/2564 2593/1444/2566 2592/1443/2565
f 2592/1443/2565 2593/1444/2566 2594/1445/2567
f 2593/1444/2566 2595/1446/2568 2594/1445/2567
f 2594/1445/2567 2595/1446/2568 2596/1447/2569
f 2595/1446/2568 2597/1448/2570 2596/1447/2569
f 2596/1447/2569 2597/1448/2570 2598/1449/2571
f 2597/1448/2570 2599/1450/2572 2598/1449/2571
f 2598/1449/2571 2599/1450/2572 2600/1451/2573
f 2599/1450/2572 2601/1452/2574 2600/1451/2573
f 2600/1451/2573 2601/1452/2574 2602/1453/2575
f 2601/1452/2574 2603/1454/2576 2602/1453/2575
f 2602/1453/2575 2603/1454/2576 2604/1455/2577
f 2603/1454/2576 2605/1456/2578 2604/1455/2577
f 2604/1455/2577 2605/1456/2578 2606/1457/2579
f 2605/1456/2578 2607/1458/2580 2606/1457/2579
f 2606/1457/2579 2607/1458/2580 2608/1459/2581
f 2607/1458/2580 2609/1460/2582 2608/1459/2581
f 2608/1459/2581 2609/1460/2582 2610/1461/2583
f 2613/1464/2586 2612/1463/2585 2611/1462/2584
f 2611/1462/2584 2612/1463/2585 2614/1465/2587
f 2612/1463/2585 2615/1466/2588 2614/1465/2587
f 2614/1465/2587 2615/1466/2588 2616/1467/2589
f 2615/1466/2588 2617/1468/2590 2616/1467/2589
f 2616/1467/2589 2617/1468/2590 2618/1469/2591
f 2617/1468/2590 2619/1470/2592 2618/1469/2591
f 2618/1469/2591 2619/1470/2592 2620/1471/2593
f 2619/1470/2592 2621/1472/2594 2620/1471/2593
f 2620/1471/2593 2621/1472/2594 2622/1473/2595
f 2621/1472/2594 2623/1474/2596 2622/1473/2595
f 2622/1473/2595 2623/1474/2596 2624/1475/2597
f 2623/1474/2596 2625/1476/2598 2624/1475/2597
f 2624/1475/2597 2625/1476/2598 2626/1477/2599
f 2625/1476/2598 2627/1478/2600 2626/1477/2599
f 2626/1477/2599 2627/1478/2600 2628/1479/2601
f 2627/1478/2600 2629/1480/2602 2628/1479/2601
f 2628/1479/2601 2629/1480/2602 2630/1481/2603
f 2632/1484/2605 2631/1483/2604 2554/1482/2523
f 2554/1482/2523 2631/1483/2604 2633/1485/2606
f 2631/1483/2604 2634/1486/2607 2633/1485/2606
f 2633/1485/2606 2634/1486/2607 2635/1487/2608
f 2634/1486/2607 2636/1488/2609 2635/1487/2608
f 2635/1487/2608 2636/1488/2609 2637/1489/2610
f 2636/1488/2609 2638/1490/2611 2637/1489/2610
f 2637/1489/2610 2638/1490/2611 2639/1491/2612
f 2638/1490/2611 2640/1492/2613 2639/1491/2612
f 2639/1491/2612 2640/1492/2613 2641/1493/2614
f 2640/1492/2613 2642/1494/2615 2641/1493/2614
f 2641/1493/2614 2642/1494/2615 2643/1495/2616
f 2642/1494/2615 2644/1496/2617 2643/1495/2616
f 2643/1495/2616 2644/1496/2617 2645/1497/2618
f 2644/1496/2617 2646/1498/2619 2645/1497/2618
f 2645/1497/2618 2646/1498/2619 2647/1499/2620
f 2646/1498/2619 2648/1500/2621 2647/1499/2620
f 2647/1499/2620 2648/1500/2621 2649/1501/2622
f 2648/1500/2621 2650/1502/2623 2649/1501/2622
f 2649/1501/2622 2650/1502/2623 2651/1503/2624
f 2650/1502/2623 2652/1504/2625 2651/1503/2624
f 2651/1503/2624 2652/1504/2625 2653/1505/2626
f 2652/1504/2625 2654/1506/2627 2653/1505/2626
f 2653/1505/2626 2654/1506/2627 2655/1507/2628
f 2654/1506/2627 2656/1508/2629 2655/1507/2628
f 2655/1507/2628 2656/1508/2629 2657/1509/2630
f 2656/1508/2629 2658/1510/2631 2657/1509/2630
f 2657/1509/2630 2658/1510/2631 2659/1511/2632
f 2658/1510/2631 2660/1512/2633 2659/1511/2632
f 2659/1511/2632 2660/1512/2633 2661/1513/2634
f 2660/1512/2633 2662/1514/2635 2661/1513/2634
f 2661/1513/2634 2662/1514/2635 2663/1515/2636
f 2662/1514/2635 2664/1516/2637 2663/1515/2636
f 2663/1515/2636 2664/1516/2637 2665/1517/2638
f 2666/1518/2639 2574/1431/2545 2582/1430/2555
f 2668/1521/2641 2667/1520/2640 2556/1519/2525
f 2556/1519/2525 2667/1520/2640 2669/1522/2642
f 2667/1520/2640 2670/1523/2643 2669/1522/2642
f 2669/1522/2642 2670/1523/2643 2671/1524/2644
f 2670/1523/2643 2476/1525/2443 2671/1524/2644
f 2671/1524/2644 2476/1525/2443 2529/1526/2498
f 2527/1360/2496 2672/1527/2645 2526/1359/2495
f 2526/1359/2495 2672/1527/2645 2673/1528/2646
f 2672/1527/2645 2674/1529/2647 2673/1528/2646
f 2673/1528/2646 2674/1529/2647 2543/1376/2512
f 2536/1369/2505 2558/1400/2527 2675/1530/2648
f 2675/1530/2648 2558/1400/2527 2676/1531/2649
f 2558/1400/2527 2526/1402/2495 2676/1531/2649
f 2676/1531/2649 2526/1402/2495 2673/1532/2646
f 2538/1371/2507 2677/1534/2650 2470/1533/2437
f 2470/1533/2437 2677/1534/2650 2678/1535/2651
f 2677/1534/2650 2679/1536/2652 2678/1535/2651
f 2678/1535/2651 2679/1536/2652 2445/1537/2412
f 2536/1369/2505 2675/1530/2648 2538/1371/2507
f 2538/1371/2507 2675/1530/2648 2677/1534/2650
f 2675/1530/2648 2680/1538/2653 2677/1534/2650
f 2677/1534/2650 2680/1538/2653 2679/1536/2652
f 2618/1541/2591 2681/1540/2654 2616/1539/2589
f 2616/1539/2589 2681/1540/2654 2682/1542/2655
f 2681/1540/2654 2539/1372/2508 2682/1542/2655
f 2682/1542/2655 2539/1372/2508 2542/1375/2511
f 2685/1545/2658 2684/1544/2657 2683/1543/2656
f 2683/1543/2656 2684/1544/2657 2686/1546/2659
f 2684/1544/2657 2687/1547/2660 2686/1546/2659
f 2686/1546/2659 2687/1547/2660 2688/1548/2661
f 2473/1551/2440 2474/1550/2441 2689/1549/2662
f 2692/1560/2665 2691/1559/2664 2690/1558/2663
f 2690/1558/2663 2691/1559/2664 2693/1561/2666
f 2691/1559/2664 2694/1562/2667 2693/1561/2666
f 2693/1561/2666 2694/1562/2667 2695/1563/2668
f 2694/1562/2667 2696/1564/2669 2695/1563/2668
f 2695/1563/2668 2696/1564/2669 2697/1565/2670
f 2696/1564/2669 2698/1566/2671 2697/1565/2670
f 2697/1565/2670 2698/1566/2671 2699/1567/2672
f 2698/1566/2671 2700/1568/2673 2699/1567/2672
f 2699/1567/2672 2700/1568/2673 2701/1569/2674
f 2703/1572/2676 2702/1571/2675 2630/1570/2603
f 2630/1570/2603 2702/1571/2675 2704/1573/2677
f 2702/1571/2675 2705/1574/2678 2704/1573/2677
f 2704/1573/2677 2705/1574/2678 2706/1575/2679
f 2705/1574/2678 2707/1576/2680 2706/1575/2679
f 2706/1575/2679 2707/1576/2680 2456/1577/2423
f 2456/1277/2423 2457/1278/2424 2706/1578/2679
f 2457/1278/2424 2708/1579/2681 2706/1578/2679
f 2706/1578/2679 2708/1579/2681 2709/1580/2682
f 2708/1579/2681 2710/1581/2683 2709/1580/2682
f 2709/1580/2682 2710/1581/2683 2711/1582/2684
f 2713/1585/2686 2710/1584/2683 2712/1583/2685
f 2712/1583/2685 2710/1584/2683 2714/1586/2687
f 2710/1584/2683 2686/1546/2659 2714/1586/2687
f 2714/1586/2687 2686/1546/2659 2688/1548/2661
f 2715/1587/2688 2712/1583/2685 2714/1586/2687
f 2714/1586/2687 2688/1548/2661 2716/1588/2689
f 2715/1587/2688 2714/1586/2687 2716/1588/2689
f 2695/1563/2668 2697/1565/2670 2717/1595/2690
f 2717/1595/2690 2697/1565/2670 2718/1596/2691
f 2697/1565/2670 2699/1567/2672 2718/1596/2691
f 2718/1596/2691 2699/1567/2672 2719/1597/2692
f 2717/1595/2690 2718/1596/2691 2624/1598/2597
f 2624/1598/2597 2718/1596/2691 2622/1599/2595
f 2718/1596/2691 2719/1597/2692 2622/1599/2595
f 2622/1599/2595 2719/1597/2692 2620/1600/2593
f 2719/1597/2692 2720/1601/2693 2620/1600/2593
f 2620/1600/2593 2720/1601/2693 2618/1541/2591
f 2720/1601/2693 2721/1602/2694 2618/1541/2591
f 2618/1541/2591 2721/1602/2694 2681/1540/2654
f 2721/1602/2694 2722/1603/2695 2681/1540/2654
f 2681/1540/2654 2722/1603/2695 2539/1372/2508
f 2610/1461/2583 2609/1460/2582 2723/1604/2696
f 2725/1606/2698 2724/1605/2697 2696/1564/2669
f 2696/1564/2669 2724/1605/2697 2698/1566/2671
f 2724/1605/2697 2447/1270/2414 2698/1566/2671
f 2698/1566/2671 2447/1270/2414 2700/1568/2673
f 2463/1613/2430 2726/1612/2699 2462/1611/2429
f 2462/1611/2429 2726/1612/2699 2727/1614/2700
f 2726/1612/2699 2728/1615/2701 2727/1614/2700
f 2727/1614/2700 2728/1615/2701 2729/1616/2702
f 2728/1615/2701 2685/1545/2658 2729/1616/2702
f 2729/1616/2702 2685/1545/2658 2683/1543/2656
f 2732/1619/2705 2731/1618/2704 2730/1617/2703
f 2560/1411/2529 2733/1623/2706 2563/1404/2532
f 2733/1623/2706 2560/1411/2529 2561/1902/2530
f 2571/1624/2707 2733/1623/2706 2561/1902/2530
f 2542/1375/2511 2611/1626/2584 2614/1625/2587
f 2682/1542/2655 2542/1375/2511 2614/1625/2587
f 2477/1628/2444 2529/1362/2498 2476/1627/2443
f 2518/1351/2487 2521/1354/2490 2528/1361/2497
f 2528/1361/2497 2521/1354/2490 2566/1414/2535
f 2521/1354/2490 2523/1356/2492 2566/1414/2535
f 2566/1414/2535 2523/1356/2492 2568/1416/2537
f 2523/1356/2492 2525/1358/2494 2568/1416/2537
f 2568/1416/2537 2525/1358/2494 2570/1418/2539
f 2725/1606/2698 2696/1564/2669 2715/1629/2688
f 2715/1629/2688 2696/1564/2669 2712/1630/2685
f 2696/1564/2669 2694/1562/2667 2712/1630/2685
f 2712/1630/2685 2694/1562/2667 2711/1582/2684
f 2694/1562/2667 2691/1559/2664 2711/1582/2684
f 2711/1582/2684 2691/1559/2664 2709/1580/2682
f 2691/1559/2664 2692/1560/2665 2709/1580/2682
f 2709/1580/2682 2692/1560/2665 2706/1578/2679
f 2734/1633/2708 2578/1632/2551 2452/1631/2419
f 2452/1631/2419 2578/1632/2551 2450/1634/2417
f 2578/1632/2551 2548/1635/2550 2450/1634/2417
f 2450/1634/2417 2548/1635/2550 2479/1897/2709
f 2630/1481/2603 2629/1480/2602 2703/1637/2676
f 2736/1556/2711 2735/1638/2710 2732/1557/2705
f 2732/1557/2705 2735/1638/2710 2731/1639/2704
f 2735/1638/2710 2737/1640/2712 2731/1639/2704
f 2455/1643/2422 2738/1642/2713 2454/1641/2421
f 2454/1641/2421 2738/1642/2713 2464/1644/2431
f 2738/1642/2713 2739/1645/2714 2464/1644/2431
f 2464/1644/2431 2739/1645/2714 2740/1646/2715
f 2739/1645/2714 2741/1647/2716 2740/1646/2715
f 2740/1646/2715 2741/1647/2716 2742/1648/2717
f 2466/1652/2433 2467/1651/2434 2463/1613/2430
f 2463/1613/2430 2467/1651/2434 2726/1612/2699
f 2467/1651/2434 2472/1653/2439 2726/1612/2699
f 2726/1612/2699 2472/1653/2439 2728/1615/2701
f 2472/1653/2439 2473/1654/2440 2728/1615/2701
f 2728/1615/2701 2473/1654/2440 2685/1545/2658
f 2473/1654/2440 2689/1655/2662 2685/1545/2658
f 2685/1545/2658 2689/1655/2662 2684/1544/2657
f 2689/1655/2662 2743/1656/2718 2684/1544/2657
f 2684/1544/2657 2743/1656/2718 2687/1547/2660
f 2652/1504/2625 2745/1663/2720 2744/1662/2719
f 2654/1506/2627 2652/1504/2625 2744/1662/2719
f 2747/1665/2722 2746/1664/2721 2658/1510/2631
f 2658/1510/2631 2746/1664/2721 2660/1512/2633
f 2746/1664/2721 2748/1666/2723 2660/1512/2633
f 2660/1512/2633 2748/1666/2723 2662/1514/2635
f 2748/1666/2723 2749/1667/2724 2662/1514/2635
f 2662/1514/2635 2749/1667/2724 2664/1516/2637
f 2749/1667/2724 2511/1339/2481 2664/1516/2637
f 2664/1516/2637 2511/1339/2481 2509/1336/2479
f 2580/1426/2553 2751/1671/2726 2750/1670/2725
f 2579/1425/2552 2580/1426/2553 2750/1670/2725
f 2753/1673/2728 2752/1672/2727 2581/1428/2554
f 2581/1428/2554 2752/1672/2727 2582/1430/2555
f 2752/1672/2727 2754/1674/2729 2582/1430/2555
f 2582/1430/2555 2754/1674/2729 2666/1518/2639
f 2754/1674/2729 2755/1675/2730 2666/1518/2639
f 2666/1518/2639 2755/1675/2730 2632/1484/2605
f 2755/1675/2730 2756/1676/2731 2632/1484/2605
f 2632/1484/2605 2756/1676/2731 2631/1483/2604
f 2756/1676/2731 2757/1677/2732 2631/1483/2604
f 2631/1483/2604 2757/1677/2732 2634/1486/2607
f 2757/1677/2732 2758/1678/2733 2634/1486/2607
f 2634/1486/2607 2758/1678/2733 2636/1488/2609
f 2758/1678/2733 2759/1679/2734 2636/1488/2609
f 2636/1488/2609 2759/1679/2734 2638/1490/2611
f 2759/1679/2734 2760/1680/2735 2638/1490/2611
f 2638/1490/2611 2760/1680/2735 2640/1492/2613
f 2760/1680/2735 2761/1681/2736 2640/1492/2613
f 2640/1492/2613 2761/1681/2736 2642/1494/2615
f 2761/1681/2736 2762/1682/2737 2642/1494/2615
f 2642/1494/2615 2762/1682/2737 2644/1496/2617
f 2762/1682/2737 2763/1683/2738 2644/1496/2617
f 2644/1496/2617 2763/1683/2738 2646/1498/2619
f 2648/1500/2621 2765/1685/2740 2764/1684/2739
f 2650/1502/2623 2648/1500/2621 2764/1684/2739
f 2682/1542/2655 2614/1625/2587 2616/1539/2589
f 2554/1422/2523 2555/1423/2524 2574/1420/2545
f 2574/1420/2545 2555/1423/2524 2576/1421/2547
f 2555/1423/2524 2565/1711/2534 2576/1421/2547
f 2576/1421/2547 2565/1711/2534 2766/1903/2741
f 2549/1390/2518 2552/1393/2521 2668/1521/2641
f 2668/1521/2641 2552/1393/2521 2667/1520/2640
f 2552/1393/2521 2475/1395/2442 2667/1520/2640
f 2667/1520/2640 2475/1395/2442 2670/1523/2643
f 2585/1436/2558 2583/1434/2556 2551/1392/2520
f 2551/1392/2520 2583/1434/2556 2550/1391/2519
f 2583/1434/2556 2613/1464/2586 2550/1391/2519
f 2550/1391/2519 2613/1464/2586 2553/1394/2522
f 2769/1687/2744 2768/1686/2743 2767/1904/2742
f 2522/1691/2491 2769/1690/2744 2524/1689/2493
f 2524/1689/2493 2769/1690/2744 2770/1692/2745
f 2769/1690/2744 2767/1905/2742 2770/1692/2745
f 2770/1692/2745 2767/1905/2742 2771/1906/2746
f 2541/1693/2510 2680/1538/2653 2675/1530/2648
f 2541/1693/2510 2675/1530/2648 2540/1694/2509
f 2540/1694/2509 2675/1530/2648 2772/1695/2747
f 2675/1530/2648 2676/1531/2649 2772/1695/2747
f 2772/1695/2747 2676/1531/2649 2773/1696/2748
f 2676/1531/2649 2673/1532/2646 2773/1696/2748
f 2773/1696/2748 2673/1532/2646 2543/1697/2512
f 2772/1695/2747 2773/1696/2748 2543/1697/2512
f 2540/1694/2509 2772/1695/2747 2543/1697/2512
f 2520/1401/2489 2557/1399/2526 2519/1688/2488
f 2519/1688/2488 2557/1399/2526 2768/1686/2743
f 2557/1399/2526 2537/1370/2506 2768/1686/2743
f 2768/1686/2743 2537/1370/2506 2767/1904/2749
f 2693/1561/2666 2774/1698/2750 2690/1558/2663
f 2626/1699/2599 2774/1698/2750 2624/1598/2597
f 2624/1598/2597 2774/1698/2750 2717/1595/2690
f 2774/1698/2750 2693/1561/2666 2717/1595/2690
f 2717/1595/2690 2693/1561/2666 2695/1563/2668
f 2510/1337/2480 2609/1700/2582 2664/1516/2637
f 2509/1336/2479 2510/1337/2480 2664/1516/2637
f 2490/1310/2460 2488/1308/2458 2495/1315/2465
f 2495/1315/2465 2488/1308/2458 2494/1314/2464
f 2488/1308/2458 2486/1306/2456 2494/1314/2464
f 2494/1314/2464 2486/1306/2456 2497/1317/2467
f 2491/1311/2461 2775/1701/2751 2506/1334/2476
f 2506/1334/2476 2775/1701/2751 2505/1333/2475
f 2775/1701/2751 2501/1702/2471 2505/1333/2475
f 2505/1333/2475 2501/1702/2471 2504/1332/2474
f 2487/1307/2457 2499/1324/2469 2500/1327/2470
f 2485/1305/2455 2487/1307/2457 2500/1327/2470
f 2401/1704/2366 2485/1703/2455 2500/1327/2470
f 2403/1329/2368 2401/1704/2366 2500/1327/2470
f 2512/1321/2482 2398/1192/2363 2400/1194/2365
f 2402/1196/2367 2512/1321/2482 2400/1194/2365
f 2404/1198/2369 2512/1321/2482 2402/1196/2367
f 2774/1698/2750 2626/1699/2599 2628/1705/2601
f 2489/1309/2459 2491/1311/2461 2506/1334/2476
f 2735/1709/2710 2456/1577/2423 2707/1576/2680
f 2562/1348/2531 2572/1347/2541 2766/1907/2752
f 2559/1901/2528 2562/1348/2531 2766/1907/2752
f 2572/1710/2541 2573/1388/2542 2576/1421/2547
f 2576/1421/2547 2573/1388/2542 2575/1385/2546
f 2573/1388/2542 2460/1895/2544 2575/1385/2546
f 2575/1385/2546 2460/1895/2544 2461/1896/2549
f 2572/1710/2541 2576/1421/2547 2766/1903/2752
f 2671/1524/2644 2529/1526/2498 2565/1712/2534
f 2449/1898/2416 2450/1634/2417 2479/1897/2709
f 2710/1581/2683 2708/1579/2681 2776/1715/2753
f 2776/1715/2753 2708/1579/2681 2777/1716/2754
f 2708/1579/2681 2778/1717/2755 2777/1716/2754
f 2708/1579/2681 2457/1278/2424 2778/1717/2755
f 2778/1717/2755 2457/1278/2424 2462/1283/2429
f 2457/1278/2424 2454/1275/2421 2462/1283/2429
f 2464/1720/2431 2740/1719/2715 2463/1718/2430
f 2463/1718/2430 2740/1719/2715 2466/1721/2433
f 2740/1719/2715 2742/1661/2717 2466/1721/2433
f 2466/1721/2433 2742/1661/2717 2465/1722/2432
f 2447/1410/2414 2469/1409/2436 2446/1736/2413
f 2538/1378/2507 2470/1739/2437 2471/1380/2438
f 2522/1740/2491 2519/1688/2488 2768/1686/2743
f 2769/1687/2744 2522/1740/2491 2768/1686/2743
f 2669/1522/2642 2671/1524/2644 2565/1712/2534
f 2555/1741/2524 2669/1522/2642 2565/1712/2534
f 2583/1434/2556 2586/1437/2559 2613/1464/2586
f 2613/1464/2586 2586/1437/2559 2612/1463/2585
f 2586/1437/2559 2588/1439/2561 2612/1463/2585
f 2612/1463/2585 2588/1439/2561 2615/1466/2588
f 2588/1439/2561 2590/1441/2563 2615/1466/2588
f 2615/1466/2588 2590/1441/2563 2617/1468/2590
f 2590/1441/2563 2592/1443/2565 2617/1468/2590
f 2617/1468/2590 2592/1443/2565 2619/1470/2592
f 2592/1443/2565 2594/1445/2567 2619/1470/2592
f 2619/1470/2592 2594/1445/2567 2621/1472/2594
f 2594/1445/2567 2596/1447/2569 2621/1472/2594
f 2621/1472/2594 2596/1447/2569 2623/1474/2596
f 2596/1447/2569 2598/1449/2571 2623/1474/2596
f 2623/1474/2596 2598/1449/2571 2625/1476/2598
f 2598/1449/2571 2600/1451/2573 2625/1476/2598
f 2625/1476/2598 2600/1451/2573 2627/1478/2600
f 2600/1451/2573 2602/1453/2575 2627/1478/2600
f 2627/1478/2600 2602/1453/2575 2629/1480/2602
f 2602/1453/2575 2604/1455/2577 2629/1480/2602
f 2629/1480/2602 2604/1455/2577 2703/1637/2676
f 2604/1455/2577 2606/1457/2579 2703/1637/2676
f 2703/1637/2676 2606/1457/2579 2779/1742/2756
f 2606/1457/2579 2608/1459/2581 2779/1742/2756
f 2779/1742/2756 2608/1459/2581 2780/1743/2757
f 2608/1459/2581 2610/1461/2583 2780/1743/2757
f 2780/1743/2757 2610/1461/2583 2781/1744/2758
f 2610/1461/2583 2723/1604/2696 2781/1744/2758
f 2781/1744/2758 2723/1604/2696 2737/1745/2712
f 2702/1746/2675 2703/1637/2676 2779/1742/2759
f 2779/1742/2759 2780/1743/2760 2702/1746/2675
f 2702/1746/2675 2780/1743/2760 2705/1747/2678
f 2780/1743/2760 2781/1744/2761 2705/1747/2678
f 2705/1747/2678 2781/1744/2761 2707/1748/2680
f 2781/1744/2761 2737/1745/2712 2707/1748/2680
f 2707/1748/2680 2737/1745/2712 2735/1749/2710
f 2607/1751/2580 2605/1750/2578 2665/1517/2638
f 2665/1517/2638 2605/1750/2578 2663/1515/2636
f 2605/1750/2578 2603/1752/2576 2663/1515/2636
f 2663/1515/2636 2603/1752/2576 2661/1513/2634
f 2603/1752/2576 2601/1753/2574 2661/1513/2634
f 2661/1513/2634 2601/1753/2574 2659/1511/2632
f 2601/1753/2574 2599/1754/2572 2659/1511/2632
f 2659/1511/2632 2599/1754/2572 2657/1509/2630
f 2599/1754/2572 2597/1755/2570 2657/1509/2630
f 2657/1509/2630 2597/1755/2570 2655/1507/2628
f 2597/1755/2570 2595/1756/2568 2655/1507/2628
f 2655/1507/2628 2595/1756/2568 2653/1505/2626
f 2595/1756/2568 2593/1757/2566 2653/1505/2626
f 2653/1505/2626 2593/1757/2566 2651/1503/2624
f 2593/1757/2566 2591/1758/2564 2651/1503/2624
f 2651/1503/2624 2591/1758/2564 2649/1501/2622
f 2591/1758/2564 2589/1759/2562 2649/1501/2622
f 2649/1501/2622 2589/1759/2562 2647/1499/2620
f 2589/1759/2562 2587/1760/2560 2647/1499/2620
f 2647/1499/2620 2587/1760/2560 2645/1497/2618
f 2587/1760/2560 2584/1761/2557 2645/1497/2618
f 2645/1497/2618 2584/1761/2557 2643/1495/2616
f 2584/1761/2557 2585/1762/2558 2643/1495/2616
f 2643/1495/2616 2585/1762/2558 2641/1493/2614
f 2585/1762/2558 2551/1763/2520 2641/1493/2614
f 2641/1493/2614 2551/1763/2520 2639/1491/2612
f 2551/1763/2520 2549/1764/2518 2639/1491/2612
f 2639/1491/2612 2549/1764/2518 2637/1489/2610
f 2549/1764/2518 2668/1765/2641 2637/1489/2610
f 2637/1489/2610 2668/1765/2641 2635/1487/2608
f 2668/1765/2641 2556/1766/2525 2635/1487/2608
f 2635/1487/2608 2556/1766/2525 2633/1485/2606
f 2666/1518/2639 2632/1484/2605 2554/1482/2523
f 2574/1431/2545 2666/1518/2639 2554/1482/2523
f 2554/1482/2523 2633/1485/2606 2556/1766/2525
f 2556/1519/2525 2669/1522/2642 2555/1741/2524
f 2778/1767/2755 2729/1616/2702 2683/1543/2656
f 2777/1768/2754 2778/1767/2755 2683/1543/2656
f 2468/1591/2435 2472/1769/2439 2467/1735/2434
f 2455/1276/2422 2456/1277/2423 2735/1770/2710
f 2738/1642/2713 2455/1643/2422 2735/1771/2710
f 2736/1772/2711 2738/1642/2713 2735/1771/2710
f 2739/1645/2714 2738/1642/2713 2736/1772/2711
f 2542/1375/2511 2782/1773/2762 2611/1626/2584
f 2670/1523/2643 2475/1395/2442 2476/1525/2443
f 2672/1527/2645 2527/1360/2496 2783/1774/2763
f 2527/1360/2496 2529/1362/2498 2477/1628/2444
f 2783/1774/2763 2527/1360/2496 2477/1628/2444
f 2613/1777/2586 2611/1776/2584 2553/1775/2522
f 2553/1775/2522 2611/1776/2584 2784/1778/2764
f 2611/1776/2584 2782/1779/2762 2784/1778/2764
f 2784/1778/2764 2782/1779/2762 2785/1780/2765
f 2786/1783/2766 2674/1782/2647 2785/1781/2765
f 2785/1781/2765 2674/1782/2647 2787/1784/2767
f 2674/1782/2647 2672/1785/2645 2787/1784/2767
f 2787/1784/2767 2672/1785/2645 2783/1786/2763
f 2787/1788/2767 2478/1787/2445 2785/1780/2765
f 2785/1780/2765 2478/1787/2445 2784/1778/2764
f 2478/1787/2445 2475/1789/2442 2784/1778/2764
f 2784/1778/2764 2475/1789/2442 2553/1775/2522
f 2786/1783/2766 2785/1781/2765 2782/1790/2762
f 2544/1377/2513 2786/1791/2766 2782/1773/2762
f 2542/1375/2511 2544/1377/2513 2782/1773/2762
f 2701/1569/2674 2719/1597/2692 2699/1567/2672
f 2534/1367/2503 2531/1364/2500 2788/1792/2768
f 2788/1792/2768 2531/1364/2500 2789/1793/2769
f 2531/1364/2500 2532/1365/2501 2789/1793/2769
f 2789/1793/2769 2532/1365/2501 2790/1794/2770
f 2532/1365/2501 2791/1795/2771 2790/1794/2770
f 2790/1794/2770 2791/1795/2771 2792/1796/2772
f 2447/1270/2414 2444/1267/2411 2700/1568/2673
f 2444/1797/2411 2445/1798/2412 2793/1797/2773
f 2793/1797/2773 2445/1798/2412 2794/1798/2774
f 2445/1798/2412 2679/1799/2652 2794/1798/2774
f 2794/1798/2774 2679/1799/2652 2791/1799/2771
f 2679/1799/2652 2680/1800/2653 2791/1799/2771
f 2791/1799/2771 2680/1800/2653 2792/1800/2772
f 2796/1803/2777 2795/1802/2776 2720/1801/2775
f 2720/1801/2775 2795/1802/2776 2721/1804/2778
f 2795/1802/2776 2797/1805/2779 2721/1804/2778
f 2721/1804/2778 2797/1805/2779 2722/1806/2695
f 2797/1805/2779 2792/1807/2772 2722/1806/2695
f 2722/1806/2695 2792/1807/2772 2680/1808/2653
f 2799/1811/2781 2798/1810/2780 2700/1809/2673
f 2700/1809/2673 2798/1810/2780 2701/1812/2782
f 2798/1810/2780 2800/1813/2783 2701/1812/2782
f 2701/1812/2782 2800/1813/2783 2719/1814/2784
f 2800/1813/2783 2796/1803/2777 2719/1814/2784
f 2719/1814/2784 2796/1803/2777 2720/1801/2775
f 2444/1816/2411 2793/1815/2773 2700/1809/2673
f 2700/1809/2673 2793/1815/2773 2799/1811/2781
f 2793/1815/2773 2533/1817/2502 2799/1811/2781
f 2799/1811/2781 2533/1817/2502 2535/1818/2504
f 2794/1798/2774 2530/1798/2499 2533/1797/2502
f 2793/1797/2773 2794/1798/2774 2533/1797/2502
f 2791/1795/2771 2532/1365/2501 2530/1363/2499
f 2794/1819/2774 2791/1795/2771 2530/1363/2499
f 2801/1821/2785 2788/1820/2768 2796/1803/2777
f 2796/1803/2777 2788/1820/2768 2795/1802/2776
f 2788/1820/2768 2789/1822/2769 2795/1802/2776
f 2795/1802/2776 2789/1822/2769 2797/1805/2779
f 2789/1822/2769 2790/1823/2770 2797/1805/2779
f 2797/1805/2779 2790/1823/2770 2792/1807/2772
f 2535/1818/2504 2802/1824/2786 2799/1811/2781
f 2799/1811/2781 2802/1824/2786 2798/1810/2780
f 2802/1824/2786 2801/1821/2785 2798/1810/2780
f 2798/1810/2780 2801/1821/2785 2800/1813/2783
f 2801/1821/2785 2796/1803/2777 2800/1813/2783
f 2804/1827/2788 2803/1826/2787 2434/1825/2401
f 2434/1825/2401 2803/1826/2787 2432/1828/2399
f 2803/1826/2787 2805/1829/2789 2432/1828/2399
f 2432/1828/2399 2805/1829/2789 2806/1830/2790
f 2805/1829/2789 2807/1831/2791 2806/1830/2790
f 2806/1830/2790 2807/1831/2791 2609/1832/2582
f 2810/1835/2794 2809/1834/2793 2808/1833/2792
f 2808/1833/2792 2809/1834/2793 2811/1836/2795
f 2809/1834/2793 2812/1837/2796 2811/1836/2795
f 2811/1836/2795 2812/1837/2796 2813/1838/2797
f 2737/1841/2712 2723/1840/2696 2814/1839/2798
f 2814/1839/2798 2723/1840/2696 2815/1842/2799
f 2723/1840/2696 2609/1843/2582 2815/1842/2799
f 2815/1842/2799 2609/1843/2582 2807/1844/2791
f 2812/1847/2796 2817/1846/2801 2816/1845/2800
f 2816/1845/2800 2817/1846/2801 2436/1848/2403
f 2817/1846/2801 2804/1827/2788 2436/1848/2403
f 2436/1848/2403 2804/1827/2788 2434/1825/2401
f 2819/1851/2803 2814/1850/2798 2818/1849/2802
f 2810/1835/2794 2812/1837/2796 2809/1834/2793
f 2810/1853/2794 2808/1852/2792 2804/1827/2788
f 2804/1827/2788 2808/1852/2792 2803/1826/2787
f 2808/1852/2792 2820/1854/2804 2803/1826/2787
f 2803/1826/2787 2820/1854/2804 2805/1829/2789
f 2820/1854/2804 2821/1855/2805 2805/1829/2789
f 2805/1829/2789 2821/1855/2805 2807/1831/2791
f 2812/1847/2796 2816/1845/2800 2730/1856/2703
f 2813/1857/2797 2812/1847/2796 2730/1856/2703
f 2821/1859/2805 2820/1858/2804 2818/1849/2802
f 2818/1849/2802 2820/1858/2804 2819/1851/2803
f 2820/1858/2804 2808/1833/2792 2819/1851/2803
f 2819/1851/2803 2808/1833/2792 2811/1836/2795
f 2814/1850/2798 2819/1851/2803 2811/1836/2795
f 2813/1838/2797 2814/1850/2798 2811/1836/2795
f 2628/1705/2601 2630/1860/2603 2774/1698/2750
f 2774/1698/2750 2630/1860/2603 2690/1558/2806
f 2630/1860/2603 2704/1861/2677 2690/1558/2806
f 2690/1558/2806 2704/1861/2677 2692/1560/2807
f 2706/1578/2679 2692/1560/2807 2704/1861/2677
f 2458/1636/2425 2479/1897/2446 2548/1635/2517
f 2449/1894/2447 2459/1345/2426 2515/1343/2485
f 2448/1893/2808 2449/1894/2447 2515/1343/2485
f 2565/1349/2534 2567/1350/2536 2766/1907/2741
f 2766/1907/2741 2567/1350/2536 2559/1901/2809
f 2567/1350/2536 2569/1412/2538 2559/1901/2809
f 2559/1901/2809 2569/1412/2538 2561/1902/2810
f 2571/1624/2540 2561/1902/2810 2569/1412/2538
f 2370/959/2334 2372/1137/2336 2375/1135/2343
f 2375/1135/2343 2372/1137/2336 2379/1887/2811
f 2372/1137/2336 2371/1139/2335 2379/1887/2811
f 2379/1887/2811 2371/1139/2335 2380/1888/2812
f 2771/1906/2813 2767/1905/2749 2537/1381/2506
f 2547/1383/2516 2771/1906/2813 2537/1381/2506
f 2426/1249/2391 2427/1248/2393 2433/1891/2448
f 2414/1890/2379 2420/1214/2385 2412/1206/2377
f 2481/1301/2451 2387/1166/2352 2822/1862/2814
f 2822/1862/2814 2387/1166/2352 2385/1164/2350
f 2385/1164/2350 2382/1161/2347 2822/1862/2814
f 2822/1862/2814 2382/1161/2347 2823/1863/2815
f 2382/1161/2347 2383/1162/2348 2823/1863/2815
f 2823/1863/2815 2383/1162/2348 2440/1263/2407
f 2383/1162/2348 2443/1266/2410 2440/1263/2407
f 2496/1316/2466 2395/1188/2360 2493/1313/2463
f 2493/1313/2463 2395/1188/2360 2824/1864/2816
f 2395/1188/2360 2393/1189/2358 2824/1864/2816
f 2824/1864/2816 2393/1189/2358 2483/1865/2453
f 2563/1404/2532 2516/1403/2817 2564/1346/2533
f 2564/1346/2533 2516/1403/2817 2514/1899/2543
f 2680/1800/2653 2541/1374/2510 2722/1603/2695
f 2722/1603/2695 2541/1374/2510 2539/1372/2508
f 2710/1584/2683 2776/1867/2753 2686/1546/2659
f 2686/1546/2659 2776/1867/2753 2777/1768/2754
f 2777/1768/2754 2683/1543/2656 2686/1546/2659
f 2462/1611/2429 2727/1614/2700 2778/1767/2755
f 2778/1767/2755 2727/1614/2700 2729/1616/2702
f 2688/1548/2661 2687/1547/2660 2716/1588/2689
f 2716/1588/2689 2687/1547/2660 2743/1656/2718
f 2652/1504/2625 2650/1502/2623 2745/1663/2720
f 2745/1663/2720 2650/1502/2623 2764/1684/2739
f 2747/1665/2722 2658/1510/2631 2825/1868/2818
f 2825/1868/2818 2658/1510/2631 2656/1508/2629
f 2656/1508/2629 2744/1662/2719 2825/1868/2818
f 2744/1662/2719 2656/1508/2629 2654/1506/2627
f 2753/1673/2728 2581/1428/2554 2826/1869/2819
f 2826/1869/2819 2581/1428/2554 2579/1425/2552
f 2579/1425/2552 2750/1670/2725 2826/1869/2819
f 2765/1685/2740 2648/1500/2621 2763/1683/2738
f 2763/1683/2738 2648/1500/2621 2646/1498/2619
f 2578/1424/2551 2734/1870/2708 2580/1426/2553
f 2580/1426/2553 2734/1870/2708 2751/1671/2726
f 2734/1870/2708 2827/1871/2820 2751/1671/2726
f 2827/1871/2820 2734/1870/2708 2828/1872/2821
f 2734/1870/2708 2452/1873/2419 2828/1872/2821
f 2828/1872/2821 2452/1873/2419 2829/1874/2822
f 2452/1873/2419 2453/1875/2420 2829/1874/2822
f 2543/1376/2512 2674/1529/2647 2544/1377/2513
f 2544/1377/2513 2674/1529/2647 2786/1791/2766
f 2470/1533/2437 2678/1535/2651 2446/1876/2413
f 2446/1876/2413 2678/1535/2651 2445/1537/2412
f 2664/1516/2637 2609/1700/2582 2665/1517/2638
f 2665/1517/2638 2609/1700/2582 2607/1751/2580
f 2712/1630/2685 2711/1582/2684 2713/1877/2686
f 2713/1877/2686 2711/1582/2684 2710/1581/2683
f 2689/1549/2662 2830/1589/2823 2743/1866/2718
f 2743/1866/2718 2830/1589/2823 2716/1727/2689
f 2787/1879/2767 2783/1878/2763 2478/1292/2445
f 2478/1292/2445 2783/1878/2763 2477/1291/2444
f 2788/1792/2768 2801/1880/2785 2534/1367/2503
f 2534/1367/2503 2801/1880/2785 2802/1881/2786
f 2802/1881/2786 2535/1368/2504 2534/1367/2503
f 2609/1700/2582 2510/1337/2480 2806/1882/2790
f 2806/1882/2790 2510/1337/2480 2432/1341/2399
f 2730/1856/2703 2731/1883/2704 2813/1857/2797
f 2813/1857/2797 2731/1883/2704 2814/1839/2798
f 2731/1883/2704 2737/1841/2712 2814/1839/2798
f 2814/1839/2798 2815/1842/2799 2818/1884/2802
f 2818/1884/2802 2815/1842/2799 2821/1885/2805
f 2815/1842/2799 2807/1844/2791 2821/1885/2805
f 2804/1827/2788 2831/1886/2824 2810/1853/2794
f 2810/1853/2794 2831/1886/2824 2812/1847/2796
f 2831/1886/2824 2817/1846/2801 2812/1847/2796
f 2817/1846/2801 2831/1886/2824 2804/1827/2788
v 2293.218 -171.8723 -2664.303
vn -0.7779785 -0.5720688 -0.2597817
v 2348.092 -275.2477 -2478.023
vn -0.7352568 -0.6450461 0.2081174
v 2377.004 -263.8427 -2653.718
vn -0.6701943 -0.6671336 -0.3252264
v 2281.74 -168.2112 -2489.813
vn -0.81831 -0.4828107 0.3118695
v 2433.689 -268.4477 -2374.1
vn -0.5777681 -0.4946285 0.6492507
v 2336.72 -160.5106 -2387.045
vn -0.6733763 -0.301509 0.6750234
v 2585.088 -255.5871 -2264.823
vn -0.4241051 -0.5480525 0.7209529
v 2496.486 -165.2119 -2286.115
vn -0.6049109 -0.3562566 0.7121545
v 2641.482 -176.0864 -2153.645
vn -0.4354881 -0.7254305 0.5330108
v 2531.503 -85.59481 -2179.772
vn -0.6126029 -0.6810277 0.4011469
v 2634.258 -131.6415 -2075.723
vn -0.3388455 -0.9107353 0.2361034
v 2544.269 -73.8345 -2122.199
vn -0.4431507 -0.8964405 0.00343215
v 2593.915 -115.2122 -2012.723
vn -0.1148575 -0.9868116 -0.1140637
v 2503.232 -81.03764 -2054.056
vn -0.2468934 -0.901026 -0.3566451
v 2542.713 -136.5294 -1930.834
vn 0.09097324 -0.9105283 -0.4033138
v 2398.312 -108.2166 -1981.214
vn -0.3008505 -0.8143598 -0.4962932
v 2549.687 -166.3149 -1890.505
vn 0.2130788 -0.8290624 -0.516965
v 2430.265 -185.8349 -1881.011
vn -0.1705603 -0.8500698 -0.4982875
v 2556.218 -194.2045 -1852.742
vn 0.3002956 -0.8448059 -0.4428605
v 2486.965 -231.455 -1813.535
vn -0.03455097 -0.9424257 -0.3326256
v 2610.977 -186.6868 -1785.036
vn 0.391645 -0.8459644 -0.3618815
v 2517.264 -242.2895 -1762.201
vn 0.1037264 -0.968985 -0.2242961
v 2676.941 -179.169 -1726.566
vn 0.4603768 -0.8529698 -0.2459583
v 2558.766 -253.124 -1720.103
vn 0.1851402 -0.9792901 -0.08193815
v 2654.872 -180.6626 -1613.715
vn 0.5345235 -0.8100335 0.241102
v 2585.815 -242.243 -1644.224
vn 0.3315206 -0.9166138 0.2234127
v 2582.701 -176.9347 -1528.271
vn 0.03836957 -0.7544704 0.6552114
v 2551.881 -233.2045 -1598.364
vn -0.08685364 -0.8804178 0.4661767
v 2701.004 -176.7535 -2132.587
vn -0.2187313 -0.7989812 0.5601656
v 2709.506 -259.1111 -2220.379
vn -0.2490315 -0.6595942 0.7091676
v 2713.916 -134.5873 -2047.417
vn -0.1318068 -0.9176863 0.3748048
v 2708.74 -109.8352 -1980.932
vn 0.01837998 -0.9979348 0.06154817
v 2605.986 -452.4651 -2494.36
vn -0.4539689 -0.8749875 0.1682528
v 2474.299 -352.8879 -2632.362
vn -0.5473422 -0.7753009 -0.3151586
v 2435.787 -360.8772 -2473.841
vn -0.5673728 -0.8026043 0.1841583
v 2597.059 -437.9939 -2613.107
vn -0.5025524 -0.8097394 -0.3029243
v 2554.161 -285.455 -2809.873
vn -0.4886597 -0.8620126 -0.1347066
v 2661.435 -358.1686 -2812.435
vn -0.4355738 -0.8759796 -0.2072077
v 2646.131 -418.4925 -2412.747
vn -0.2531542 -0.8162058 0.5193466
v 2602.933 -342.172 -2319.268
vn -0.2831588 -0.6952111 0.6606834
v 2704.521 -342.5369 -2293.148
vn -0.1899724 -0.7091523 0.6789797
v 2703.052 -413.8271 -2398.13
vn -0.1258107 -0.8085005 0.57489
v 2621.726 -326.0427 -2989.292
vn 0.02744969 -0.7641433 0.6444622
v 2521.104 -315.5409 -2949.065
vn -0.2944344 -0.6752807 0.6762427
v 2416.741 -158.2414 -2813.64
vn -0.7039098 -0.7102768 -0.00421582
vn -0.6434546 -0.7654788 -0.002878808
v 2200.723 -41.751 -2670.546
vn -0.715389 -0.6277899 -0.3067545
v 2354.979 -165.057 -2738.972
vn -0.6456766 -0.5985279 -0.4742003
v -539.0491 -321.6311 -4198.967
vn -0.7422952 -0.6699509 0.01278863
v -576.0062 -276.7605 -4008.383
vn -0.701182 -0.7104509 0.0600272
v -461.2082 -445.8012 -3971.638
vn -0.6218305 -0.7698644 0.143651
v -434.5153 -476.5008 -4120.667
vn -0.6548293 -0.7525342 0.06993413
v 1780.913 -653.2949 -3817.023
vn -0.3245948 -0.9190234 0.223683
v 1877.24 -670.1629 -3755.817
vn -0.3397778 -0.9179235 0.2048592
v 1990.192 -701.7791 -3684.048
vn -0.3331321 -0.8693948 0.3649323
v 1908.273 -716.1081 -3854.796
vn -0.38523 -0.8772433 0.2864295
v 2270.943 -506.2055 -3346.116
vn -0.07139459 -0.8080461 0.584777
v 2372.365 -564.7383 -3438.374
vn -0.03582966 -0.8071852 0.5892099
v 2355.677 -630.7841 -3488.726
vn -0.08872607 -0.672303 0.7349397
v 2234.141 -578.7488 -3476.317
vn -0.03534698 -0.7464074 0.6645497
v 672.2623 -507.5608 -3582.469
vn -0.5877925 -0.5878329 0.5558348
v 669.0065 -498.7153 -3568.735
vn -0.3014735 -0.8187411 0.4886477
v 742.7653 -452.0108 -3504.161
vn -0.2732819 -0.5515961 0.7880726
v 731.7565 -514.7815 -3492.34
vn -0.6561982 -0.3395092 0.6738971
v 2454.509 -217.5528 -2821.993
vn -0.6571712 -0.7530345 -0.03263251
v 2518.543 -350.9239 -2376.382
vn -0.4283729 -0.7006308 0.5706251
vn -0.6584259 -0.4165819 0.6268451
vn -0.5866607 -0.7447096 0.3181773
vn -0.3504063 -0.9341608 -0.06751958
vn -0.2523914 -0.9232385 -0.2897054
v 2431.267 -224.6911 -1760.491
vn -0.4987915 -0.8667212 -0.001100047
v 2453.349 -230.5663 -1716.724
vn -0.4345655 -0.8888389 0.1453207
v 2387.748 -184.5296 -1820.46
vn -0.5253578 -0.8337059 -0.1700986
v 2322.942 -132.8818 -1877.885
vn -0.6321213 -0.7272997 -0.2673158
v 2396.5 -183.0231 -1741.515
vn -0.6466172 -0.7308197 0.2186061
v 2422.488 -185.2353 -1676.704
vn -0.6202648 -0.7103403 0.3326982
v 2378.957 -183.7763 -1774.251
vn -0.6315929 -0.7695845 0.09396868
v 2320.788 -134.3864 -1793.173
vn -0.7529364 -0.6470034 0.1203053
vn -0.8501402 -0.5080875 0.1382341
vn -0.6624485 -0.6903361 -0.2908575
v 2527.286 -184.7274 -1551.663
vn -0.3450811 -0.7091935 0.6147873
v 2486.636 -236.4415 -1682.193
vn -0.3568979 -0.8996487 0.2515074
v 2459.68 -187.4475 -1621.128
vn -0.5428597 -0.7100548 0.4484701
v 2565.943 -41.751 -1332.664
vn -0.04549731 -0.9194326 0.3906065
v 2496.839 -102.9605 -1484.792
vn -0.3227948 -0.7996796 0.5062764
vn -0.2377104 -0.9047399 0.3534676
v 2589.537 -95.38464 -1460.841
vn -0.1122893 -0.8025035 0.5859856
vn -0.4986331 -0.7943723 0.346897
v 2408.356 -108.578 -1572.676
vn -0.5716969 -0.6949971 0.4360521
v 2371.061 -122.2346 -1642.687
vn -0.6804033 -0.6359186 0.3642236
vn -0.8297789 -0.4857385 0.2748181
vn -0.7134744 -0.613053 0.3392938
v 2344.968 -135.8911 -1721.933
vn -0.740407 -0.6135015 0.2746148
v 2691.19 -125.0368 -1884.868
vn 0.1924532 -0.9374992 -0.2899259
v 2684.065 -152.1029 -1805.717
vn 0.3456274 -0.8647486 -0.3643507
v 2417.813 -250.7744 -2914.146
vn -0.5040963 -0.7328821 0.4569143
v 2332.679 -153.9951 -2907.031
vn -0.6248038 -0.6229562 0.4706863
v 2250.308 -41.751 -2884.49
vn -0.6119641 -0.6590244 0.437249
v -304.9459 -503.4044 -3917.075
vn -0.2920532 -0.9412309 0.1696739
v -41.4108 -544.7736 -3956.789
vn -0.06577889 -0.991532 0.1119705
v -308.3233 -541.8687 -4080.366
vn -0.2882032 -0.943475 0.1636876
v -22.46166 -538.0443 -3825.983
vn -0.05920824 -0.989249 0.1337186
v 158.8438 -542.6633 -3894.381
vn 0.1438748 -0.9765839 0.1599496
v 123.3218 -533.8146 -3778.862
vn 0.1910161 -0.9502749 0.2459476
v 318.2056 -508.1407 -3905.032
vn -0.01134859 -0.9669057 0.2548812
v 329.6442 -471.6228 -3826.769
vn -0.1764332 -0.8873338 0.4260398
v 572.677 -666.9728 -3965.656
vn -0.4982541 -0.8058044 0.3200343
v 772.3613 -724.4468 -3939.678
vn -0.3350897 -0.8976311 0.2863095
v 660.5673 -730.4241 -3997.183
vn -0.30084 -0.8878722 0.3481065
v 618.7619 -658.9668 -3851.054
vn -0.4803807 -0.8154984 0.322795
v 784.25 -720.0239 -3825.431
vn -0.4649141 -0.8388718 0.2831056
v 692.0198 -644.0817 -3746.815
vn -0.4845174 -0.7722466 0.4109477
v 835.4944 -740.5494 -3728.637
vn -0.4750521 -0.7294456 0.4921734
v 755.1272 -620.3184 -3648.994
vn -0.4746142 -0.7690905 0.4280667
v 944.0825 -751.247 -3675.076
vn -0.2681348 -0.6723939 0.6899204
v 885.2202 -648.9361 -3600.443
vn -0.2998239 -0.8076804 0.5076986
v -326.0598 -412.9574 -3557.713
vn -0.3621563 -0.7747896 0.5182121
v -5.972615 -532.1885 -3712.158
vn -0.003658611 -0.9454246 0.3258203
v -303.7043 -489.2638 -3857.044
vn -0.3110069 -0.91676 0.2506506
v 19.2935 -346.6865 -3431.781
vn 0.0162401 -0.7548573 0.6556879
v 108.5451 -505.2527 -3703.239
vn 0.2109309 -0.8910859 0.4018381
v 85.74444 -307.4565 -3419.004
vn -0.005220411 -0.7752522 0.6316302
v 343.2258 -402.4273 -3733.842
vn -0.001758255 -0.9001402 0.4355967
v 355.7512 -335.9485 -3392.819
vn 0.08461673 -0.8704362 0.4849543
v 833.0943 -391.2209 -3377.83
vn -0.2567294 -0.7884771 0.5589219
v 686.1956 -261.0442 -3353.325
vn -0.2863005 -0.7900494 0.5420828
v 812.5106 -281.7261 -3221.982
vn -0.2895136 -0.8443798 0.4507822
v 709.316 -396.2639 -3429.166
vn -0.2464919 -0.6849961 0.6855816
v 580.5604 -277.0373 -3388.078
vn -0.03722481 -0.8054333 0.5915161
v 592.8619 -386.7093 -3460.93
vn -0.3257596 -0.6670198 0.6700487
v 487.4299 -303.1035 -3372.813
vn 0.05524787 -0.9126515 0.4049873
v 518.6232 -388.4258 -3593.582
vn -0.438732 -0.7361405 0.5153747
v 466.3932 -546.5557 -3942.449
vn -0.5017111 -0.8242776 0.2623969
v 516.9716 -550.7994 -3813.123
vn -0.4857361 -0.8092721 0.330362
v 571.9321 -497.5937 -3632.786
vn -0.3819596 -0.8343802 0.3973869
v -502.7207 -321.2129 -3673.015
vn -0.7206454 -0.6150312 0.3200105
v -336.6805 -213.838 -3394.74
vn -0.2781864 -0.7773027 0.5642806
v -511.4525 -183.2768 -3516.436
vn -0.582565 -0.7159728 0.3847087
v -503.2772 -41.751 -3182.838
vn -0.2780297 -0.850274 0.4469155
vn -0.4001402 -0.8775917 0.2640463
v 1014.604 -414.4818 -3353.962
vn 0.2023556 -0.6796122 0.7051094
v 903.2841 -283.2581 -3196.596
vn 0.04512201 -0.8285537 0.5580885
v 1026.64 -258.0354 -3235.758
vn 0.4325309 -0.6492603 0.6256021
v 910.2886 -395.6698 -3360.277
vn -0.122003 -0.7956212 0.5933818
v 953.5056 -508.3987 -3483.489
vn 0.1199456 -0.4992272 0.8581288
v 1029.329 -482.6811 -3429.198
vn 0.01534533 -0.8256334 0.5639982
v 1048.807 -491.3056 -3472.211
vn 0.04760348 -0.7131718 0.6993709
v 945.0971 -468.416 -3456.987
vn -0.09983212 -0.6865537 0.7201927
v -47.15985 -179.9892 -3308.19
vn -0.004935708 -0.7797742 0.6260413
v 33.73648 -162.6262 -3304.388
vn -0.09742628 -0.7554077 0.6479716
v 471.0884 -292.2827 -3344.376
vn 0.2191061 -0.7330436 0.6439251
v 236.0724 -175.7907 -3217.63
vn -0.006682405 -0.7640095 0.6451703
v 380.8554 -159.1907 -3230.593
vn 0.1881584 -0.6955093 0.693443
v 177.8097 -174.7813 -3236.982
vn -0.2143767 -0.7661204 0.6058894
v 636.7092 -137.6918 -3265.065
vn -0.2898966 -0.6862332 0.667116
v 803.2419 -272.7603 -3198.328
vn -0.3565062 -0.7424886 0.5671102
v 674.2964 -249.4883 -3328.426
vn -0.3105199 -0.7641942 0.565318
v 796.4849 -138.9586 -3124.389
vn -0.3348718 -0.5637788 0.7549928
v 892.9385 -268.8891 -3170.366
vn 0.09396457 -0.6841379 0.7232744
v 871.94 -138.4304 -3109.884
vn 0.07231216 -0.4576502 0.8861869
v 1016.917 -244.4317 -3210.401
vn 0.4864427 -0.5628779 0.6682379
v 999.2914 -136.06 -3153.59
vn 0.4366619 -0.4024809 0.8045716
v 1129.06 -230.1876 -3329.053
vn 0.2903436 -0.7559561 0.586712
v 1106.919 -133.3194 -3221.375
vn 0.2328507 -0.5690333 0.7886581
v 1219.926 -232.9184 -3320.936
vn -0.1343812 -0.8697563 0.4748321
v 1195.758 -132.7359 -3195.48
vn -0.1147442 -0.6350085 0.7639358
v 1313.128 -246.2569 -3299.996
vn -0.3459671 -0.8466099 0.4044236
v 1282.57 -135.5461 -3191.55
vn -0.3789411 -0.6715401 0.6367396
v 1429.612 -272.1628 -3196.162
vn -0.4757369 -0.7906458 0.3854264
v 1411.022 -186.6355 -3086.268
vn -0.4831963 -0.6289092 0.6090931
v 1577.523 -302.435 -3074.331
vn -0.2707131 -0.7878583 0.5531669
v 1566.905 -183.4167 -2992.673
vn -0.277017 -0.5640421 0.7778933
v 1745.466 -303.0414 -3051.871
vn 0.06399316 -0.7337747 0.6763722
v 1756.224 -166.7943 -2966.702
vn 0.1332748 -0.4930711 0.8597201
v 1904.9 -314.9868 -3105.224
vn 0.3135538 -0.6138741 0.7244602
v 1873.204 -165.1964 -3019.318
vn 0.3682554 -0.4781881 0.797323
v 1992.84 -307.6487 -3141.379
vn 0.3574626 -0.5102714 0.7822043
v 1980.02 -163.5986 -3099.608
vn 0.3930745 -0.5285406 0.7524208
v 2078.579 -298.2571 -3165.677
vn -0.06306382 -0.5675954 0.8208888
v 2080.688 -144.0043 -3130.252
vn -0.07858742 -0.501973 0.8613054
v 2150.324 -294.0829 -3122.824
vn -0.3252799 -0.6567129 0.680383
v 2181.315 -151.5207 -3055.432
vn -0.499024 -0.4695833 0.7283313
v 2279.611 -286.6861 -3091.101
vn -0.3115197 -0.7608349 0.5692852
v 2273.343 -150.998 -2972.952
vn -0.5522612 -0.5646094 0.6133707
v 568.2718 -264.7827 -3361.584
vn 0.1297878 -0.7204858 0.6812159
v 526.4112 -143.9412 -3283.531
vn 0.1051069 -0.6982409 0.7081046
v 642.0384 -493.1051 -3524.051
vn -0.1909697 -0.8589045 0.4751984
v 555.882 -484.1675 -3619.876
vn -0.4885472 -0.7535051 0.4399451
v 1266.032 -495.4427 -3464.504
vn 0.02351333 -0.6971539 0.7165358
v 1109.054 -563.3806 -3517.863
vn 0.01966073 -0.4914978 0.8706568
v 1107.8 -492.9079 -3482.863
vn 0.0390479 -0.722698 0.69006
v 1275.357 -642.5123 -3558.08
vn 0.1124309 -0.5746315 0.8106528
v 1074.979 -695.9375 -3592.168
vn -0.05360494 -0.5651108 0.8232716
v 1239.056 -737.9642 -3618.603
vn 0.1708997 -0.6074278 0.7757736
v 1139.751 -244.5588 -3363.518
vn 0.3513861 -0.6271592 0.6951252
v 1241.604 -401.1169 -3416.512
vn -0.1034985 -0.3972284 0.9118649
v 1101.508 -408.9284 -3390.27
vn 0.271731 -0.4735774 0.8377867
v 1229.693 -242.638 -3351.804
vn -0.1331311 -0.7122617 0.6891729
v 1320.849 -375.4933 -3374.24
vn -0.3764104 -0.4478637 0.8110075
v 1324.209 -258.0016 -3331.047
vn -0.4052883 -0.7124977 0.57279
v 1425.014 -403.8185 -3323.61
vn -0.4885662 -0.6056666 0.6280692
v 1439.842 -283.9436 -3231.732
vn -0.5347311 -0.6935214 0.4827944
v 1579.123 -426.4386 -3188.664
vn -0.3207801 -0.7815016 0.5351217
v 1586.089 -316.6553 -3102.783
vn -0.3467274 -0.7432402 0.572166
v 1736.026 -419.4659 -3132.33
vn 0.008650457 -0.8015946 0.5978054
v 1751.43 -313.7455 -3077.08
vn 0.02308646 -0.7379631 0.6744459
v 1875.881 -430.4641 -3187.171
vn 0.2153725 -0.7199514 0.659761
v 1916.654 -334.3728 -3134.711
vn 0.2507544 -0.6797171 0.6892799
v 1952.627 -423.3418 -3216.692
vn 0.2286205 -0.6487906 0.7258122
v 2001.517 -323.1534 -3163.421
vn 0.2758537 -0.628969 0.7268443
v 2045.037 -415.9834 -3224.592
vn 0.07058113 -0.6244461 0.7778723
v 2085.335 -316.0794 -3187.142
vn 0.01059584 -0.6498976 0.7599478
v 2132.012 -397.9959 -3219.609
vn -0.08938491 -0.6227964 0.7772611
v 2153.79 -307.619 -3147.299
vn -0.1612557 -0.7090833 0.6864381
v 2233.462 -386.4401 -3182.314
vn -0.2629102 -0.6167515 0.741954
v 2287.36 -299.1783 -3121.209
vn -0.249648 -0.7598764 0.6002197
v 2347.143 -401.9964 -3154.125
vn -0.1641856 -0.7235337 0.6704789
v 2381.117 -283.996 -3006.3
vn -0.4998376 -0.6290849 0.5953272
v 1594.877 -441.7862 -3299.875
vn -0.2245108 -0.8971718 0.380365
v 1727.774 -429.4439 -3184.112
vn -0.03900342 -0.9817349 0.1862126
v 1723.531 -429.2675 -3218.941
vn -0.1601016 -0.8736406 0.4594774
v 1588.755 -437.6277 -3259.557
vn -0.07178883 -0.9860454 0.1502026
v 2005.372 -534.6337 -3348.49
vn 0.1115167 -0.8764004 0.4684938
v 1826.509 -570.2117 -3395.614
vn -0.003075745 -0.9500729 0.3120127
v 1899.515 -533.6019 -3324.866
vn 0.07056047 -0.906412 0.4164594
v 1924.533 -581.3417 -3425.688
vn -0.01527058 -0.9243674 0.3811976
v 1713.442 -579.1962 -3518.483
vn -0.07790887 -0.9824879 0.1692562
v 1803.11 -601.1733 -3557.44
vn -0.1827627 -0.9553201 0.2322956
v 1606.936 -594.2685 -3687.829
vn 0.04983738 -0.9827328 0.1781917
v 1640.851 -614.5916 -3822.814
vn -0.2227079 -0.9581469 0.1798764
v 1967.922 -466.9065 -3269.148
vn 0.08397108 -0.9367568 0.339758
v 2030.32 -471.2986 -3324.664
vn 0.1931647 -0.6821696 0.7052177
v 1933.739 -468.566 -3291.7
vn 0.09827642 -0.9016895 0.4210672
v 2041.934 -464.5482 -3309.828
vn 0.09113406 -0.9497813 0.2993492
v 2136.202 -511.0565 -3373.068
vn 0.07160075 -0.7102559 0.7002927
v 2145.747 -467.9799 -3350.674
vn -0.06079851 -0.8474241 0.5274239
v 2278.472 -495.5007 -3323.013
vn -0.09656639 -0.8704026 0.4827775
v 2119.406 -663.1487 -3541.608
vn -0.1404851 -0.7534623 0.6423071
v 1999.941 -605.9227 -3469.535
vn -0.02497015 -0.8699169 0.4925658
v 1860.161 -636.6801 -3597.123
vn -0.2633628 -0.9277838 0.2643047
v 1634.558 -554.6274 -3372.694
vn -0.2539287 -0.8669158 0.4289255
v 1527.349 -573.5196 -3513.491
vn -0.09330275 -0.9014631 0.4226805
v 1463.365 -446.1678 -3397.519
vn -0.126212 -0.8966267 0.4244185
v 2388.381 -411.4652 -3167.028
vn -0.4754874 -0.8053081 0.3541051
v 714.7995 -573.4529 -3624.096
vn -0.5636904 -0.7195376 0.405609
v -589.9517 -197.3387 -3744.667
vn -0.614799 -0.7654972 0.1898315
v 1849.605 -450.8817 -3210.722
vn 0.003919374 -0.945406 0.3258711
v 1940.636 -466.0194 -3260.672
vn 0.08213793 -0.9171809 0.3899133
v 1835.398 -454.9755 -3226.56
vn -0.02595686 -0.8781757 0.4776332
vn -0.2608443 -0.5622068 0.7847825
vn 0.1454142 -0.5254962 0.838277
vn 0.2892517 -0.7375941 0.6101542
vn -0.01656557 -0.7124265 0.7015511
vn -0.5126162 -0.5732558 0.6392201
vn -0.606126 -0.5617235 0.5630966
v -86.75422 -41.751 -3060.39
vn 0.02713807 -0.872548 0.4877738
v 50.73848 -41.751 -3096.196
vn -0.06984506 -0.853334 0.516665
vn -0.1655092 -0.8098671 0.5627804
vn 0.0355816 -0.7939751 0.6069081
v 389.8404 -41.751 -3075.482
vn 0.1799829 -0.7947387 0.5796521
vn 0.1127944 -0.8385808 0.5329724
vn -0.1708702 -0.8140754 0.5550537
vn -0.2343241 -0.6413112 0.7306244
v 853.1882 -41.751 -3056.174
vn 0.08237626 -0.4813396 0.8726547
v 986.1102 -41.751 -3101.547
vn 0.3990322 -0.400199 0.8249933
vn 0.2025474 -0.4808886 0.8530654
vn -0.1963873 -0.5790086 0.791316
vn -0.5037751 -0.686644 0.5241474
vn -0.4392854 -0.6598797 0.6095793
v 1104.608 -472.3817 -3442.689
vn 0.1147418 -0.7625639 0.6366557
v 1749.763 -535.9451 -3300.333
vn -0.04504191 -0.8070489 0.5887641
v 1344.519 -490.7402 -3447.584
vn 0.0214358 -0.8111221 0.5844839
v 1451.472 -446.6762 -3374.298
vn -0.1296234 -0.9150748 0.3818844
v 1337.01 -476.3117 -3424.806
vn -0.1422295 -0.7403557 0.6569963
vn -0.5426759 -0.7888143 0.2885737
v 1257.322 -481.2527 -3447.133
vn -0.08317383 -0.6808133 0.7277192
v 2407.542 -514.9338 -3364.483
vn 0.02354243 -0.8935649 0.4483162
v 2048.517 -713.1909 -3648.926
vn -0.3858003 -0.7167053 0.5809401
v 2209.833 -725.0719 -3567.491
vn -0.2398548 -0.6494086 0.7216218
v 2089.919 -712.4189 -3625.098
v 2290.196 -707.3188 -3562.296
vn -0.08296701 -0.5524856 0.829383
v 841.251 -444.2713 -3459.598
vn -0.167286 -0.4621831 0.8708629
v 2070.396 -459.0065 -3281.321
vn 0.0008197873 -0.7324613 0.6808081
v 2189.604 -457.1217 -3266.494
vn -0.1863527 -0.6903059 0.6991068
v 2312.807 -470.4018 -3238.569
vn -0.08135248 -0.7631891 0.6410336
v 2446.956 -454.5771 -3242.681
vn -0.3539942 -0.8971405 0.2642478
vn 0.04903313 -0.9914156 0.1212052
vn -0.102854 -0.9700927 0.2198661
vn -0.0818467 -0.9386178 0.3351082
vn 0.05077539 -0.9289374 0.3667382
v 934.0214 -587.1257 -3526.874
vn 0.2287848 -0.5942119 0.7710834
v 857.6165 -526.2898 -3445.805
vn -0.04114358 -0.2536188 0.9664288
v 862.9565 -611.3285 -3489.798
vn 0.1216484 -0.7401491 0.6613477
v 914.5035 -627.892 -3561.601
vn -0.004992952 -0.8086159 0.5883156
v 771.7131 -603.4308 -3546.601
vn -0.4586536 -0.77859 0.4282924
v 980.0998 -680.075 -3596.305
vn -0.2041554 -0.6804277 0.7038029
v 1091.002 -792.0892 -3674.389
vn -0.172016 -0.6722546 0.7200584
v 1391.085 -639.7961 -3581.708
vn 0.1634226 -0.5981331 0.784557
v 1320.95 -687.1102 -3609.026
vn 0.2638189 -0.6236911 0.735805
v 1472.666 -616.4628 -3606.388
vn 0.1146553 -0.813007 0.5708535
v 1271.078 -743.6221 -3661.264
vn 0.3447777 -0.6775598 0.6496468
v 1530.549 -638.5582 -3754.672
vn 0.3045506 -0.918621 0.2517623
v 1320.95 -687.1104 -3609.027
vn -0.3596246 -0.276916 0.8910598
v 1407.411 -691.3828 -3588.444
vn 0.1993957 -0.322589 0.9252986
v 1349.596 -731.5892 -3609.561
vn -0.1882215 -0.3935329 0.8998358
v 1391.085 -639.7967 -3581.709
vn 0.06832613 -0.1471438 0.9867523
v 1476.668 -675.147 -3619.319
vn 0.4124755 -0.234309 0.8803199
vn 0.3663792 -0.09749271 0.9253439
v 1301.688 -785.8331 -3665.048
vn -0.4729244 -0.3632477 0.8027413
v 1454.832 -732.2903 -3632.928
vn 0.3163238 -0.4763664 0.8203744
v 1385.447 -769.4703 -3639.501
vn 0.1740514 -0.5727233 0.801058
v 2507.712 -372.0796 -2949.535
vn -0.005962757 -0.305676 0.9521169
v 2593.59 -371.9363 -2995.128
vn 0.3819515 -0.3182117 0.8676718
v 2508.717 -430.9715 -2987.834
vn -0.07089785 -0.6989496 0.7116479
v 2586.258 -432.4455 -3013.711
vn 0.2340204 -0.6243151 0.7452953
v 2604.425 -493.771 -3084.017
vn 0.09086062 -0.7900636 0.6062539
v 2550.549 -505.3864 -3103.415
vn -0.1086637 -0.8367419 0.5367076
v 2472.758 -427.6864 -3008.357
vn -0.3985026 -0.7107663 0.579661
v 2498.758 -502.3904 -3131.066
vn -0.4637128 -0.8372681 0.2897454
v 2436.799 -424.4014 -3028.88
vn -0.5626405 -0.7264883 0.3945253
v 2459.007 -470.7004 -3122.711
vn -0.5611642 -0.8095757 0.172284
v 2421.077 -447.0412 -3146.238
vn -0.7312736 -0.6758495 0.09201247
v 2458.149 -473.993 -3192.625
vn -0.6217569 -0.7831061 -0.01276554
v 2384.461 -357.0937 -3001.038
vn -0.7094464 -0.4264275 0.5611108
v 2446.087 -364.5866 -2975.287
vn -0.4109724 -0.2582282 0.874311
v 2451.111 -299.7685 -2977.683
vn -0.4263389 -0.4379448 0.7914793
vn 0.2253378 -0.5889537 0.7761162
vn 0.234183 -0.4523184 0.8605616
vn -0.6813821 -0.2615062 0.6836175
v 2200.219 -41.751 -2502.052
vn -0.8228381 -0.5294545 0.2064348
vn -0.3363907 -0.8396779 -0.4263593
vn 0.2869022 -0.6592907 0.6949984
v -284.0356 -41.751 -3096.431
vn -0.1137997 -0.8585034 0.5000213
v -886.3492 -41.751 -3673.026
vn -0.4376329 -0.8906162 0.1236125
vn -0.5339106 -0.8431194 0.06394584
vn -0.6156286 -0.7880341 -0.001871694
o polySurface15_0
g polygon_0
usemtl i_s1
f 2834/1160/2827 2833/1163/2826 2832/1162/2825
f 2832/1162/2825 2833/1163/2826 2835/1161/2828
f 2833/1163/2826 2836/1165/2829 2835/1161/2828
f 2835/1161/2828 2836/1165/2829 2837/1164/2830
f 2836/1165/2829 2838/1167/2831 2837/1164/2830
f 2837/1164/2830 2838/1167/2831 2839/1166/2832
f 2838/1167/2831 2840/1169/2833 2839/1166/2832
f 2839/1166/2832 2840/1169/2833 2841/1168/2834
f 2840/1169/2833 2842/1171/2835 2841/1168/2834
f 2841/1168/2834 2842/1171/2835 2843/1170/2836
f 2842/1171/2835 2844/1173/2837 2843/1170/2836
f 2843/1170/2836 2844/1173/2837 2845/1172/2838
f 2844/1187/2837 2846/1190/2839 2845/1189/2838
f 2845/1189/2838 2846/1190/2839 2847/1188/2840
f 2846/1190/2839 2848/1192/2841 2847/1188/2840
f 2847/1188/2840 2848/1192/2841 2849/1191/2842
f 2848/1192/2841 2850/1194/2843 2849/1191/2842
f 2849/1191/2842 2850/1194/2843 2851/1193/2844
f 2850/1194/2843 2852/1196/2845 2851/1193/2844
f 2851/1193/2844 2852/1196/2845 2853/1195/2846
f 2852/1196/2845 2854/1198/2847 2853/1195/2846
f 2853/1195/2846 2854/1198/2847 2855/1197/2848
f 2854/1198/2847 2856/1200/2849 2855/1197/2848
f 2855/1197/2848 2856/1200/2849 2857/1199/2850
f 2856/1200/2849 2858/1202/2851 2857/1199/2850
f 2857/1199/2850 2858/1202/2851 2859/1201/2852
f 2861/1209/2854 2860/1210/2853 2838/1167/2831
f 2838/1167/2831 2860/1210/2853 2840/1169/2833
f 2860/1210/2853 2862/1211/2855 2840/1169/2833
f 2840/1169/2833 2862/1211/2855 2842/1171/2835
f 2862/1211/2855 2863/1212/2856 2842/1171/2835
f 2842/1171/2835 2863/1212/2856 2844/1173/2837
f 2866/1213/2859 2865/1214/2858 2864/1203/2857
f 2864/1203/2857 2865/1214/2858 2867/1206/2860
f 2865/1214/2858 2868/1215/2861 2867/1206/2860
f 2867/1206/2860 2868/1215/2861 2869/1208/2862
f 2872/1218/2865 2871/1216/2864 2870/1219/2863
f 2873/1217/2866 2872/1218/2865 2870/1219/2863
f 2875/1247/2868 2874/1250/2867 2869/1248/2862
f 2868/1249/2861 2875/1247/2868 2869/1248/2862
f 2877/1263/2871 2441/1264/2870 2876/1265/2869
f 2878/1266/2872 2877/1263/2871 2876/1265/2869
f 2881/1271/2875 2880/1272/2874 2879/1273/2873
f 2882/1274/2876 2881/1271/2875 2879/1273/2873
f 2885/1584/2879 2884/1585/2878 2883/1583/2877
f 2886/1586/2880 2885/1584/2879 2883/1583/2877
f 2889/1275/2883 2888/1276/2882 2887/1277/2881
f 2890/1278/2884 2889/1275/2883 2887/1277/2881
f 2893/1289/2887 2892/1290/2886 2891/1291/2885
f 2894/1292/2888 2893/1289/2887 2891/1291/2885
f 2868/1226/2861 2865/1228/2858 2895/1227/2889
f 2895/1227/2889 2865/1228/2858 2834/1160/2827
f 2865/1228/2858 2866/1229/2859 2834/1160/2827
f 2834/1160/2827 2866/1229/2859 2833/1163/2826
f 2866/1229/2859 2896/1230/2890 2833/1163/2826
f 2833/1163/2826 2896/1230/2890 2836/1165/2829
f 2896/1230/2890 2871/1231/2864 2836/1165/2829
f 2836/1165/2829 2871/1231/2864 2838/1167/2831
f 2871/1231/2864 2872/1232/2865 2838/1167/2831
f 2838/1167/2831 2872/1232/2865 2861/1209/2854
f 2871/1216/2864 2896/1254/2890 2870/1219/2863
f 2895/1227/2889 2834/1160/2827 2876/1265/2869
f 2876/1265/2869 2834/1160/2827 2878/1266/2872
f 2834/1160/2827 2832/1162/2825 2878/1266/2872
f 2839/1166/2832 2841/1168/2834 2481/1301/2891
f 2481/1301/2891 2841/1168/2834 2480/1300/2892
f 2841/1168/2834 2843/1170/2836 2480/1300/2892
f 2480/1300/2892 2843/1170/2836 2482/1302/2893
f 2843/1170/2836 2845/1172/2838 2482/1302/2893
f 2482/1302/2893 2845/1172/2838 2483/1303/2894
f 2898/1305/2896 2897/1304/2895 2853/1195/2846
f 2853/1195/2846 2897/1304/2895 2851/1193/2844
f 2897/1304/2895 2899/1318/2897 2851/1193/2844
f 2851/1193/2844 2899/1318/2897 2849/1191/2842
f 2899/1318/2897 2900/1316/2898 2849/1191/2842
f 2849/1191/2842 2900/1316/2898 2847/1188/2840
f 2902/1307/2900 2901/1306/2899 2898/1305/2896
f 2898/1305/2896 2901/1306/2899 2897/1304/2895
f 2901/1306/2899 2903/1317/2901 2897/1304/2895
f 2897/1304/2895 2903/1317/2901 2899/1318/2897
f 2903/1317/2901 2904/1314/2902 2899/1318/2897
f 2899/1318/2897 2904/1314/2902 2900/1316/2898
f 2904/1314/2902 2495/1315/2903 2900/1316/2898
f 2900/1316/2898 2495/1315/2903 2493/1313/2904
f 2905/1312/2905 2859/1201/2852 2858/1202/2851
f 2907/1324/2907 2906/1327/2906 2905/1326/2905
f 2905/1326/2905 2906/1327/2906 2859/1325/2852
f 2906/1327/2906 2855/1329/2848 2859/1325/2852
f 2859/1325/2852 2855/1329/2848 2857/1328/2850
f 2501/1331/2910 2909/1320/2909 2908/1330/2908
f 2908/1330/2908 2909/1320/2909 2910/1319/2911
f 2909/1320/2909 2905/1312/2905 2910/1319/2911
f 2910/1319/2911 2905/1312/2905 2858/1202/2851
f 2911/1334/2913 2909/1332/2909 2505/1333/2912
f 2491/1311/2916 2490/1310/2915 2912/1309/2914
f 2912/1309/2914 2490/1310/2915 2913/1308/2917
f 2490/1310/2915 2495/1315/2903 2913/1308/2917
f 2913/1308/2917 2495/1315/2903 2904/1314/2902
f 2863/1323/2856 2914/1322/2918 2844/1187/2837
f 2844/1187/2837 2914/1322/2918 2846/1190/2839
f 2914/1322/2918 2915/1321/2919 2846/1190/2839
f 2846/1190/2839 2915/1321/2919 2848/1192/2841
f 2915/1321/2919 2852/1196/2845 2848/1192/2841
f 2848/1192/2841 2852/1196/2845 2850/1194/2843
f 2866/1213/2859 2864/1203/2857 2870/1219/2863
f 2896/1254/2890 2866/1213/2859 2870/1219/2863
f 2895/1335/2889 2876/1338/2869 2916/1337/2920
f 2916/1337/2920 2876/1338/2869 2917/1336/2921
f 2876/1338/2869 2441/1340/2870 2917/1336/2921
f 2917/1336/2921 2441/1340/2870 2918/1339/2922
f 2916/1337/2920 2875/1341/2868 2868/1342/2861
f 2895/1335/2889 2916/1337/2920 2868/1342/2861
f 2909/1332/2909 2911/1334/2913 2905/1326/2905
f 2905/1326/2905 2911/1334/2913 2907/1324/2907
f 2911/1334/2913 2912/1309/2914 2907/1324/2907
f 2907/1324/2907 2912/1309/2914 2902/1307/2900
f 2912/1309/2914 2913/1308/2917 2902/1307/2900
f 2902/1307/2900 2913/1308/2917 2901/1306/2899
f 2913/1308/2917 2904/1314/2902 2901/1306/2899
f 2901/1306/2899 2904/1314/2902 2903/1317/2901
f 2921/1343/2925 2920/1346/2924 2919/1345/2923
f 2919/1345/2923 2920/1346/2924 2922/1344/2926
f 2920/1346/2924 2923/1348/2927 2922/1344/2926
f 2922/1344/2926 2923/1348/2927 2924/1347/2928
f 2923/1348/2927 2925/1350/2929 2924/1347/2928
f 2924/1347/2928 2925/1350/2929 2926/1349/2930
f 2929/1352/2933 2928/1353/2932 2927/1354/2931
f 2927/1354/2931 2928/1353/2932 2930/1351/2934
f 2928/1353/2932 2931/1359/2935 2930/1351/2934
f 2930/1351/2934 2931/1359/2935 2932/1360/2936
f 2931/1359/2935 2933/1528/2937 2932/1360/2936
f 2932/1360/2936 2933/1528/2937 2934/1527/2938
f 2933/1528/2937 2935/1376/2939 2934/1527/2938
f 2934/1527/2938 2935/1376/2939 2936/1529/2940
f 2939/1387/2943 2938/1385/2942 2937/1384/2941
f 2937/1384/2941 2938/1385/2942 2940/1386/2944
f 2938/1385/2942 2941/1421/2945 2940/1386/2944
f 2940/1386/2944 2941/1421/2945 2942/1420/2946
f 2941/1421/2945 2943/1423/2947 2942/1420/2946
f 2942/1420/2946 2943/1423/2947 2944/1422/2948
f 2947/1392/2951 2946/1390/2950 2945/1391/2949
f 2945/1391/2949 2946/1390/2950 2948/1393/2952
f 2946/1390/2950 2949/1521/2953 2948/1393/2952
f 2948/1393/2952 2949/1521/2953 2950/1520/2954
f 2949/1521/2953 2951/1519/2955 2950/1520/2954
f 2950/1520/2954 2951/1519/2955 2952/1522/2956
f 2951/1398/2955 2944/1396/2948 2943/1397/2947
f 2925/1415/2929 2953/1414/2957 2926/1413/2930
f 2926/1413/2930 2953/1414/2957 2954/1361/2958
f 2953/1414/2957 2927/1354/2931 2954/1361/2958
f 2954/1361/2958 2927/1354/2931 2930/1351/2934
f 2926/1413/2930 2954/1361/2958 2955/1362/2959
f 2937/1427/2941 2957/1425/2961 2956/1424/2960
f 2956/1424/2960 2957/1425/2961 2958/1426/2962
f 2957/1425/2961 2959/1670/2963 2958/1426/2962
f 2958/1426/2962 2959/1670/2963 2751/1671/2964
f 2921/1343/2925 2919/1345/2923 2881/1432/2875
f 2882/1433/2876 2921/1343/2925 2881/1432/2875
f 2962/1435/2967 2961/1436/2966 2960/1437/2965
f 2960/1437/2965 2961/1436/2966 2963/1434/2968
f 2961/1436/2966 2947/1392/2951 2963/1434/2968
f 2963/1434/2968 2947/1392/2951 2945/1391/2949
f 2966/1465/2971 2965/1463/2970 2964/1462/2969
f 2964/1462/2969 2965/1463/2970 2967/1464/2972
f 2965/1463/2970 2960/1437/2965 2967/1464/2972
f 2967/1464/2972 2960/1437/2965 2963/1434/2968
f 2937/1427/2941 2940/1429/2944 2957/1425/2961
f 2957/1425/2961 2940/1429/2944 2968/1428/2973
f 2940/1429/2944 2942/1431/2946 2968/1428/2973
f 2968/1428/2973 2942/1431/2946 2969/1430/2974
f 2972/1483/2977 2971/1484/2976 2970/1485/2975
f 2970/1485/2975 2971/1484/2976 2944/1482/2948
f 2971/1484/2976 2973/1518/2978 2944/1482/2948
f 2944/1482/2948 2973/1518/2978 2942/1431/2946
f 2976/1489/2981 2975/1491/2980 2974/1488/2979
f 2974/1488/2979 2975/1491/2980 2977/1490/2982
f 2975/1491/2980 2978/1493/2983 2977/1490/2982
f 2977/1490/2982 2978/1493/2983 2979/1492/2984
f 2978/1493/2983 2980/1495/2985 2979/1492/2984
f 2979/1492/2984 2980/1495/2985 2981/1494/2986
f 2980/1495/2985 2982/1497/2987 2981/1494/2986
f 2981/1494/2986 2982/1497/2987 2983/1496/2988
f 2982/1497/2987 2984/1499/2989 2983/1496/2988
f 2983/1496/2988 2984/1499/2989 2985/1498/2990
f 2984/1499/2989 2986/1501/2991 2985/1498/2990
f 2985/1498/2990 2986/1501/2991 2987/1500/2992
f 2986/1501/2991 2988/1503/2993 2987/1500/2992
f 2987/1500/2992 2988/1503/2993 2989/1502/2994
f 2988/1503/2993 2990/1505/2995 2989/1502/2994
f 2989/1502/2994 2990/1505/2995 2991/1504/2996
f 2990/1505/2995 2992/1507/2997 2991/1504/2996
f 2991/1504/2996 2992/1507/2997 2993/1506/2998
f 2992/1507/2997 2994/1509/2999 2993/1506/2998
f 2993/1506/2998 2994/1509/2999 2995/1508/3000
f 2994/1509/2999 2996/1511/3001 2995/1508/3000
f 2995/1508/3000 2996/1511/3001 2997/1510/3002
f 2996/1511/3001 2998/1513/3003 2997/1510/3002
f 2997/1510/3002 2998/1513/3003 2999/1512/3004
f 2998/1513/3003 3000/1515/3005 2999/1512/3004
f 2999/1512/3004 3000/1515/3005 3001/1514/3006
f 3000/1515/3005 3002/1517/3007 3001/1514/3006
f 3001/1514/3006 3002/1517/3007 3003/1516/3008
f 2973/1518/2978 2969/1430/2974 2942/1431/2946
f 2970/1485/2975 3004/1487/3009 2972/1483/2977
f 2972/1483/2977 3004/1487/3009 3005/1486/3010
f 3004/1487/3009 2976/1489/2981 3005/1486/3010
f 3005/1486/3010 2976/1489/2981 2974/1488/2979
f 2892/1525/2886 3006/1523/3011 2955/1526/2959
f 2955/1526/2959 3006/1523/3011 3007/1524/3012
f 3006/1523/3011 2950/1520/2954 3007/1524/3012
f 3007/1524/3012 2950/1520/2954 2952/1522/2956
f 3010/1539/3015 3009/1542/3014 3008/1541/3013
f 3008/1541/3013 3009/1542/3014 3011/1540/3016
f 3009/1542/3014 3012/1375/3017 3011/1540/3016
f 3011/1540/3016 3012/1375/3017 3013/1372/3018
f 3016/1439/3021 3015/1441/3020 3014/1438/3019
f 3014/1438/3019 3015/1441/3020 3017/1440/3022
f 3015/1441/3020 3018/1443/3023 3017/1440/3022
f 3017/1440/3022 3018/1443/3023 3019/1442/3024
f 3018/1443/3023 3020/1445/3025 3019/1442/3024
f 3019/1442/3024 3020/1445/3025 3021/1444/3026
f 3020/1445/3025 3022/1447/3027 3021/1444/3026
f 3021/1444/3026 3022/1447/3027 3023/1446/3028
f 3022/1447/3027 3024/1449/3029 3023/1446/3028
f 3023/1446/3028 3024/1449/3029 3025/1448/3030
f 3024/1449/3029 3026/1451/3031 3025/1448/3030
f 3025/1448/3030 3026/1451/3031 3027/1450/3032
f 3026/1451/3031 3028/1453/3033 3027/1450/3032
f 3027/1450/3032 3028/1453/3033 3029/1452/3034
f 3028/1453/3033 3030/1455/3035 3029/1452/3034
f 3029/1452/3034 3030/1455/3035 3031/1454/3036
f 3030/1455/3035 3032/1457/3037 3031/1454/3036
f 3031/1454/3036 3032/1457/3037 3033/1456/3038
f 3032/1457/3037 3034/1459/3039 3033/1456/3038
f 3033/1456/3038 3034/1459/3039 3035/1458/3040
f 3034/1459/3039 3036/1461/3041 3035/1458/3040
f 3035/1458/3040 3036/1461/3041 3037/1460/3042
f 3040/1477/3045 3039/1476/3044 3038/1475/3043
f 3038/1475/3043 3039/1476/3044 3041/1474/3046
f 3039/1476/3044 3024/1449/3029 3041/1474/3046
f 3041/1474/3046 3024/1449/3029 3022/1447/3027
f 3044/1558/3049 3043/1561/3048 3042/1560/3047
f 3042/1560/3047 3043/1561/3048 3045/1559/3050
f 3043/1561/3048 3046/1563/3051 3045/1559/3050
f 3045/1559/3050 3046/1563/3051 3047/1562/3052
f 3046/1563/3051 3048/1565/3053 3047/1562/3052
f 3047/1562/3052 3048/1565/3053 3049/1564/3054
f 3052/1570/3057 3051/1573/3056 3050/1572/3055
f 3050/1572/3055 3051/1573/3056 3053/1571/3058
f 3051/1573/3056 3054/1575/3059 3053/1571/3058
f 3053/1571/3058 3054/1575/3059 3055/1574/3060
f 3054/1575/3059 2887/1577/2881 3055/1574/3060
f 3055/1574/3060 2887/1577/2881 3056/1576/3061
f 2887/1277/2881 3054/1578/3059 2890/1278/2884
f 2890/1278/2884 3054/1578/3059 3057/1579/3062
f 3057/1579/3062 3054/1578/3059 3058/1580/3063
f 3054/1578/3059 3042/1560/3047 3058/1580/3063
f 3058/1580/3063 3042/1560/3047 3045/1559/3050
f 3057/1579/3062 3058/1580/3063 2885/1581/2879
f 2885/1581/2879 3058/1580/3063 3059/1582/3064
f 3058/1580/3063 3045/1559/3050 3059/1582/3064
f 3059/1582/3064 3045/1559/3050 3047/1562/3052
f 3046/1563/3051 3060/1595/3065 3048/1565/3053
f 3048/1565/3053 3060/1595/3065 3061/1596/3066
f 3060/1595/3065 3038/1598/3043 3061/1596/3066
f 3061/1596/3066 3038/1598/3043 3062/1599/3067
f 3036/1461/3041 3063/1604/3068 3037/1460/3042
f 2966/1625/2971 2964/1626/2969 3012/1375/3017
f 3009/1542/3014 2966/1625/2971 3012/1375/3017
f 2891/1628/2885 2892/1627/2886 2955/1362/2959
f 2930/1351/2934 2932/1360/2936 2954/1361/2958
f 2954/1361/2958 2932/1360/2936 2955/1362/2959
f 2932/1360/2936 3064/1774/3069 2955/1362/2959
f 2955/1362/2959 3064/1774/3069 2891/1628/2885
f 3047/1562/3052 3049/1564/3054 2883/1630/2877
f 3059/1582/3064 3047/1562/3052 2883/1630/2877
f 2880/1631/2874 2881/1634/2875 3065/1633/3070
f 3065/1633/3070 2881/1634/2875 2956/1632/2960
f 2881/1634/2875 2939/1636/2943 2956/1632/2960
f 2956/1632/2960 2939/1636/2943 2937/1635/2941
f 3067/1480/3072 3066/1478/3071 3052/1481/3057
f 3052/1481/3057 3066/1478/3071 3068/1479/3073
f 3066/1478/3071 3039/1476/3044 3068/1479/3073
f 3068/1479/3073 3039/1476/3044 3040/1477/3045
f 3052/1481/3057 3050/1637/3055 3067/1480/3072
f 2744/1662/3075 2745/1663/3074 2991/1504/2996
f 2993/1506/2998 2744/1662/3075 2991/1504/2996
f 2997/1510/3002 2999/1512/3004 2747/1665/3076
f 2747/1665/3076 2999/1512/3004 2746/1664/3077
f 2999/1512/3004 3001/1514/3006 2746/1664/3077
f 2746/1664/3077 3001/1514/3006 2748/1666/3078
f 3001/1514/3006 3003/1516/3008 2748/1666/3078
f 2748/1666/3078 3003/1516/3008 2749/1667/3079
f 3003/1516/3008 2917/1336/2921 2749/1667/3079
f 2749/1667/3079 2917/1336/2921 2918/1339/2922
f 2968/1428/2973 2969/1430/2974 3069/1673/3080
f 3069/1673/3080 2969/1430/2974 3070/1672/3081
f 2969/1430/2974 2973/1518/2978 3070/1672/3081
f 3070/1672/3081 2973/1518/2978 2754/1674/3082
f 2973/1518/2978 2971/1484/2976 2754/1674/3082
f 2754/1674/3082 2971/1484/2976 2755/1675/3083
f 2971/1484/2976 2972/1483/2977 2755/1675/3083
f 2755/1675/3083 2972/1483/2977 3071/1676/3084
f 2972/1483/2977 3005/1486/3010 3071/1676/3084
f 3071/1676/3084 3005/1486/3010 2757/1677/3085
f 3005/1486/3010 2974/1488/2979 2757/1677/3085
f 2757/1677/3085 2974/1488/2979 2758/1678/3086
f 2974/1488/2979 2977/1490/2982 2758/1678/3086
f 2758/1678/3086 2977/1490/2982 2759/1679/3087
f 2977/1490/2982 2979/1492/2984 2759/1679/3087
f 2759/1679/3087 2979/1492/2984 3072/1680/3088
f 2979/1492/2984 2981/1494/2986 3072/1680/3088
f 3072/1680/3088 2981/1494/2986 3073/1681/3089
f 2981/1494/2986 2983/1496/2988 3073/1681/3089
f 3073/1681/3089 2983/1496/2988 2762/1682/3090
f 2983/1496/2988 2985/1498/2990 2762/1682/3090
f 2762/1682/3090 2985/1498/2990 2763/1683/3091
f 2764/1684/3093 2765/1685/3092 2987/1500/2992
f 2989/1502/2994 2764/1684/3093 2987/1500/2992
f 2962/1435/2967 2960/1437/2965 3014/1438/3019
f 3014/1438/3019 2960/1437/2965 3016/1439/3021
f 2960/1437/2965 2965/1463/2970 3016/1439/3021
f 3016/1439/3021 2965/1463/2970 3074/1466/3094
f 2965/1463/2970 2966/1465/2971 3074/1466/3094
f 3074/1466/3094 2966/1465/2971 3010/1467/3015
f 3009/1542/3014 3010/1539/3015 2966/1625/2971
f 3043/1561/3048 3044/1558/3049 3075/1698/3095
f 3038/1598/3043 3060/1595/3065 3040/1699/3045
f 3040/1699/3045 3060/1595/3065 3075/1698/3095
f 3060/1595/3065 3046/1563/3051 3075/1698/3095
f 3075/1698/3095 3046/1563/3051 3043/1561/3048
f 3062/1473/3067 3077/1472/3097 3076/1471/3096
f 3076/1471/3096 3077/1472/3097 3078/1470/3098
f 3077/1472/3097 3020/1445/3025 3078/1470/3098
f 3078/1470/3098 3020/1445/3025 3018/1443/3023
f 3003/1516/3008 3037/1700/3042 2916/1337/2920
f 2917/1336/2921 3003/1516/3008 2916/1337/2920
f 2911/1334/2913 2505/1333/2912 2491/1311/2916
f 2491/1311/2916 2505/1333/2912 2775/1701/3099
f 2505/1333/2912 2909/1332/2909 2775/1701/3099
f 2775/1701/3099 2909/1332/2909 2501/1702/2910
f 2906/1327/2906 2907/1324/2907 2902/1307/2900
f 2898/1305/2896 2906/1327/2906 2902/1307/2900
f 2906/1327/2906 2898/1703/2896 2853/1704/2846
f 2855/1329/2848 2906/1327/2906 2853/1704/2846
f 2854/1198/2847 2852/1196/2845 2915/1321/2919
f 3075/1698/3095 3068/1705/3073 3040/1699/3045
f 2912/1309/2914 2911/1334/2913 2491/1311/2916
f 3008/1469/3013 3079/1468/3100 3010/1467/3015
f 3010/1467/3015 3079/1468/3100 3074/1466/3094
f 3079/1468/3100 3015/1441/3020 3074/1466/3094
f 3074/1466/3094 3015/1441/3020 3016/1439/3021
f 3076/1471/3096 3078/1470/3098 3008/1469/3013
f 3008/1469/3013 3078/1470/3098 3079/1468/3100
f 3078/1470/3098 3018/1443/3023 3079/1468/3100
f 3079/1468/3100 3018/1443/3023 3015/1441/3020
f 3038/1475/3043 3041/1474/3046 3062/1473/3067
f 3062/1473/3067 3041/1474/3046 3077/1472/3097
f 3041/1474/3046 3022/1447/3027 3077/1472/3097
f 3077/1472/3097 3022/1447/3027 3020/1445/3025
f 3080/1709/3101 3056/1576/3061 2887/1577/2881
f 2922/1388/2926 2924/1710/2928 2938/1385/2942
f 2938/1385/2942 2924/1710/2928 2941/1421/2945
f 2924/1710/2928 2926/1711/2930 2941/1421/2945
f 2941/1421/2945 2926/1711/2930 2943/1423/2947
f 3007/1524/3012 2926/1712/2930 2955/1526/2959
f 2919/1713/2923 2939/1636/2943 2881/1634/2875
f 2939/1387/2943 2919/1389/2923 2922/1388/2926
f 2938/1385/2942 2939/1387/2943 2922/1388/2926
f 2885/1581/2879 3081/1715/3102 3057/1579/3062
f 3057/1579/3062 3081/1715/3102 3082/1717/3103
f 3081/1715/3102 3083/1716/3102 3082/1717/3103
f 3057/1579/3062 3082/1717/3103 2890/1278/2884
f 2890/1278/2884 3082/1717/3103 2889/1275/2883
f 3082/1717/3103 3084/1283/3104 2889/1275/2883
f 2926/1712/2930 3007/1524/3012 2952/1522/2956
f 2943/1741/2947 2926/1712/2930 2952/1522/2956
f 3006/1523/3011 2893/1395/2887 2950/1520/2954
f 2950/1520/2954 2893/1395/2887 2948/1393/2952
f 2893/1395/2887 3085/1394/3105 2948/1393/2952
f 2948/1393/2952 3085/1394/3105 2945/1391/2949
f 3085/1394/3105 2967/1464/2972 2945/1391/2949
f 2945/1391/2949 2967/1464/2972 2963/1434/2968
f 3039/1476/3044 3066/1478/3071 3024/1449/3029
f 3024/1449/3029 3066/1478/3071 3026/1451/3031
f 3066/1478/3071 3067/1480/3072 3026/1451/3031
f 3026/1451/3031 3067/1480/3072 3028/1453/3033
f 3067/1480/3072 3050/1637/3055 3028/1453/3033
f 3028/1453/3033 3050/1637/3055 3030/1455/3035
f 3050/1637/3055 3086/1742/3106 3030/1455/3035
f 3030/1455/3035 3086/1742/3106 3032/1457/3037
f 3086/1742/3106 3087/1743/3107 3032/1457/3037
f 3032/1457/3037 3087/1743/3107 3034/1459/3039
f 3087/1743/3107 3088/1744/3108 3034/1459/3039
f 3034/1459/3039 3088/1744/3108 3036/1461/3041
f 3088/1744/3108 3089/1745/3109 3036/1461/3041
f 3036/1461/3041 3089/1745/3109 3063/1604/3068
f 3053/1746/3058 3086/1742/3110 3050/1637/3055
f 3053/1746/3058 3055/1747/3060 3086/1742/3110
f 3086/1742/3110 3055/1747/3060 3087/1743/3111
f 3055/1747/3060 3056/1748/3061 3087/1743/3111
f 3087/1743/3111 3056/1748/3061 3088/1744/3112
f 3056/1748/3061 3080/1749/3101 3088/1744/3112
f 3088/1744/3112 3080/1749/3101 3089/1745/3113
f 3002/1517/3007 3000/1515/3005 3035/1751/3040
f 3035/1751/3040 3000/1515/3005 3033/1750/3038
f 3000/1515/3005 2998/1513/3003 3033/1750/3038
f 3033/1750/3038 2998/1513/3003 3031/1752/3036
f 2998/1513/3003 2996/1511/3001 3031/1752/3036
f 3031/1752/3036 2996/1511/3001 3029/1753/3034
f 2996/1511/3001 2994/1509/2999 3029/1753/3034
f 3029/1753/3034 2994/1509/2999 3027/1754/3032
f 2994/1509/2999 2992/1507/2997 3027/1754/3032
f 3027/1754/3032 2992/1507/2997 3025/1755/3030
f 2992/1507/2997 2990/1505/2995 3025/1755/3030
f 3025/1755/3030 2990/1505/2995 3023/1756/3028
f 2990/1505/2995 2988/1503/2993 3023/1756/3028
f 3023/1756/3028 2988/1503/2993 3021/1757/3026
f 2988/1503/2993 2986/1501/2991 3021/1757/3026
f 3021/1757/3026 2986/1501/2991 3019/1758/3024
f 2986/1501/2991 2984/1499/2989 3019/1758/3024
f 3019/1758/3024 2984/1499/2989 3017/1759/3022
f 2984/1499/2989 2982/1497/2987 3017/1759/3022
f 3017/1759/3022 2982/1497/2987 3014/1760/3019
f 2982/1497/2987 2980/1495/2985 3014/1760/3019
f 3014/1760/3019 2980/1495/2985 2962/1761/2967
f 2980/1495/2985 2978/1493/2983 2962/1761/2967
f 2962/1761/2967 2978/1493/2983 2961/1762/2966
f 2978/1493/2983 2975/1491/2980 2961/1762/2966
f 2961/1762/2966 2975/1491/2980 2947/1763/2951
f 2975/1491/2980 2976/1489/2981 2947/1763/2951
f 2947/1763/2951 2976/1489/2981 2946/1764/2950
f 2976/1489/2981 3004/1487/3009 2946/1764/2950
f 2946/1764/2950 3004/1487/3009 2949/1765/2953
f 3004/1487/3009 2970/1485/2975 2949/1765/2953
f 2949/1765/2953 2970/1485/2975 2951/1766/2955
f 2944/1482/2948 2951/1766/2955 2970/1485/2975
f 2951/1519/2955 2943/1741/2947 2952/1522/2956
f 2888/1276/2882 3080/1770/3101 2887/1277/2881
f 3012/1375/3017 2964/1626/2969 3090/1773/3114
f 3006/1523/3011 2892/1525/2886 2893/1395/2887
f 2934/1527/2938 3064/1774/3069 2932/1360/2936
f 3085/1775/3105 3091/1778/3115 2967/1777/2972
f 2967/1777/2972 3091/1778/3115 2964/1776/2969
f 3091/1778/3115 3092/1780/3116 2964/1776/2969
f 2964/1776/2969 3092/1780/3116 3090/1779/3114
f 3092/1781/3116 3094/1784/3118 3093/1783/3117
f 3093/1783/3117 3094/1784/3118 2936/1782/2940
f 3094/1784/3118 3064/1786/3069 2936/1782/2940
f 2936/1782/2940 3064/1786/3069 2934/1785/2938
f 3092/1780/3116 3091/1778/3115 3094/1788/3118
f 3094/1788/3118 3091/1778/3115 2894/1787/2888
f 3091/1778/3115 3085/1775/3105 2894/1787/2888
f 2894/1787/2888 3085/1775/3105 2893/1789/2887
f 3093/1783/3117 3090/1790/3114 3092/1781/3116
f 3093/1791/3117 3095/1377/3119 3090/1773/3114
f 3090/1773/3114 3095/1377/3119 3012/1375/3017
f 3095/1377/3119 2935/1376/2939 3012/1375/3017
f 3012/1375/3017 2935/1376/2939 3096/1373/3120
f 3098/1602/3122 3097/1601/3121 3011/1540/3016
f 3011/1540/3016 3097/1601/3121 3008/1541/3013
f 3097/1601/3121 3099/1597/3123 3008/1541/3013
f 3008/1541/3013 3099/1597/3123 3076/1600/3096
f 3099/1597/3123 3061/1596/3066 3076/1600/3096
f 3076/1600/3096 3061/1596/3066 3062/1599/3067
f 3100/1603/3124 3098/1602/3122 3011/1540/3016
f 3013/1372/3018 3100/1603/3124 3011/1540/3016
f 3048/1565/3053 3061/1596/3066 3099/1597/3123
f 3101/1567/3125 3048/1565/3053 3099/1597/3123
f 3104/1802/3128 3103/1803/3127 3102/1804/3126
f 3102/1804/3126 3103/1803/3127 3105/1801/3129
f 3103/1803/3127 3106/1813/3130 3105/1801/3129
f 3105/1801/3129 3106/1813/3130 3099/1814/3131
f 3107/1805/3132 3104/1802/3128 3102/1804/3126
f 3100/1806/3132 3107/1805/3132 3102/1804/3126
f 3109/1820/3134 3108/1821/3133 3103/1803/3127
f 3104/1802/3128 3109/1820/3134 3103/1803/3127
f 3108/1821/3133 3106/1813/3130 3103/1803/3127
f 2875/1828/2868 3110/1826/3135 2874/1825/2867
f 2874/1825/2867 3110/1826/3135 3111/1827/3136
f 3110/1826/3135 3112/1852/3137 3111/1827/3136
f 3111/1827/3136 3112/1852/3137 3113/1853/3138
f 3113/1835/3138 3112/1833/3137 3114/1834/3139
f 3114/1834/3139 3112/1833/3137 3115/1836/3140
f 3112/1833/3137 3116/1858/3141 3115/1836/3140
f 3115/1836/3140 3116/1858/3141 3117/1851/3142
f 3116/1858/3141 3118/1859/3143 3117/1851/3142
f 3117/1851/3142 3118/1859/3143 3119/1849/3144
f 3121/1839/3146 3120/1842/3145 3089/1841/3109
f 3089/1841/3109 3120/1842/3145 3063/1840/3068
f 3120/1842/3145 3122/1844/3147 3063/1840/3068
f 3063/1840/3068 3122/1844/3147 3037/1843/3042
f 3117/1851/3142 3119/1849/3144 3121/1850/3146
f 3116/1854/3141 3123/1829/3148 3118/1855/3143
f 3118/1855/3143 3123/1829/3148 3122/1831/3147
f 3123/1829/3148 3124/1830/3149 3122/1831/3147
f 3122/1831/3147 3124/1830/3149 3037/1832/3042
f 3124/1830/3149 3123/1829/3148 2875/1828/2868
f 2875/1828/2868 3123/1829/3148 3110/1826/3135
f 3123/1829/3148 3116/1854/3141 3110/1826/3135
f 3110/1826/3135 3116/1854/3141 3112/1852/3137
f 3075/1698/3095 3044/1558/3150 3068/1705/3073
f 3068/1705/3073 3044/1558/3150 3052/1860/3057
f 3044/1558/3150 3042/1560/3151 3052/1860/3057
f 3052/1860/3057 3042/1560/3151 3051/1861/3056
f 3054/1578/3059 3051/1861/3056 3042/1560/3151
f 2481/1301/2891 2822/1862/3152 2839/1166/2832
f 2839/1166/2832 2822/1862/3152 2837/1164/2830
f 2822/1862/3152 2835/1161/2828 2837/1164/2830
f 2835/1161/2828 2822/1862/3152 3125/1863/3153
f 3125/1863/3153 2832/1162/2825 2835/1161/2828
f 2832/1162/2825 3125/1863/3153 2877/1263/2871
f 2877/1263/2871 2878/1266/2872 2832/1162/2825
f 2900/1316/2898 2493/1313/2904 2847/1188/2840
f 2847/1188/2840 2493/1313/2904 2824/1864/3154
f 2824/1864/3154 2845/1189/2838 2847/1188/2840
f 2845/1189/2838 2824/1864/3154 2483/1865/2894
f 2991/1504/2996 2745/1663/3074 2989/1502/2994
f 2989/1502/2994 2745/1663/3074 2764/1684/3093
f 2747/1665/3076 2825/1868/3155 2997/1510/3002
f 2997/1510/3002 2825/1868/3155 2995/1508/3000
f 2825/1868/3155 2744/1662/3075 2995/1508/3000
f 2995/1508/3000 2744/1662/3075 2993/1506/2998
f 3069/1673/3080 3126/1869/3156 2968/1428/2973
f 2968/1428/2973 3126/1869/3156 2957/1425/2961
f 3126/1869/3156 2959/1670/2963 2957/1425/2961
f 2765/1685/3092 2763/1683/3091 2987/1500/2992
f 2987/1500/2992 2763/1683/3091 2985/1498/2990
f 2956/1424/2960 2958/1426/2962 3065/1870/3070
f 3065/1870/3070 2958/1426/2962 2751/1671/2964
f 2751/1671/2964 3127/1871/3157 3065/1870/3070
f 3065/1870/3070 3127/1871/3157 2828/1872/3158
f 2828/1872/3158 2880/1873/2874 3065/1870/3070
f 2880/1873/2874 2828/1872/3158 2829/1874/3159
f 2829/1874/3159 2879/1875/2873 2880/1873/2874
f 2935/1376/2939 3095/1377/3119 2936/1529/2940
f 2936/1529/2940 3095/1377/3119 3093/1791/3117
f 3003/1516/3008 3002/1517/3007 3037/1700/3042
f 3037/1700/3042 3002/1517/3007 3035/1751/3040
f 2883/1630/2877 2884/1877/2878 3059/1582/3064
f 3059/1582/3064 2884/1877/2878 2885/1581/2879
f 3094/1879/3118 2894/1292/2888 3064/1878/3069
f 3064/1878/3069 2894/1292/2888 2891/1291/2885
f 3037/1700/3042 3124/1882/3149 2916/1337/2920
f 2916/1337/2920 3124/1882/3149 2875/1341/2868
f 3121/1839/3146 3119/1884/3144 3120/1842/3145
f 3120/1842/3145 3119/1884/3144 3118/1885/3143
f 3118/1885/3143 3122/1844/3147 3120/1842/3145
v -538.0381 10.3674 1288.715
vt 3.480581 0.2937429
vn 0.1518286 0.5873348 -0.7949754
v -712.2889 -53.69026 1311.683
vt 2.293302 0.04016691
vn -0.8043276 0.2231494 -0.5506918
v -511.5686 -36.32798 1279.74
vt 3.555962 0.04010987
vn 0.2628504 0.3486453 -0.8996422
v -693.8593 -10.138 1316.616
vt 2.286641 0.2821238
vn -0.6252414 0.5450315 -0.558582
v -694.0707 -89.37402 1390.479
vt 1.994057 0.04016787
vn -0.8859087 0.1004193 0.4528594
v -691.189 0.511924 1365.862
vt 2.001537 0.3029076
vn -0.7997181 0.5165237 0.3060299
v -632.5359 -64.54836 1430.723
vt 1.70262 0.04016119
vn -0.4178959 0.01058675 0.9084333
v -653.5059 5.401683 1433.204
vt 1.708353 0.3035599
vn -0.3981676 0.448513 0.8001866
v -511.0022 -39.48668 1438.518
vt 0.9748807 0.04014266
vn 0.6058867 0.1586087 0.7795798
v -518.597 4.45523 1434.006
vt 0.9736686 0.2860056
vn 0.5134683 0.5487486 0.6597161
v -484.8877 -34.79589 1309.286
vt 0.1057747 0.04010749
vn 0.888524 0.3952145 -0.2330892
v -501.8791 11.40411 1327.757
vt 0.1666151 0.2919288
vn 0.7377846 0.6503893 -0.1807419
vt -0.0954364 0.04010981
vt -0.1708175 0.2937428
v -538.0454 28.26186 1415.275
vt 0.326719 1.019564
vn 0.2300992 0.9159482 0.3287754
v -578.7218 31.12757 1307.461
vt 0.7886127 0.4355966
vn -0.03416606 0.9436822 -0.3290845
v -534.098 36.06631 1353.453
vt 1.060409 0.751601
vn 0.3508063 0.9342229 -0.06451725
v -625.9849 30.63357 1400.505
vt -0.01098746 0.8005497
vn -0.2054696 0.9400095 0.2723313
v -646.7304 23.31453 1332.558
vt -0.04474134 0.5078778
vn -0.345077 0.8628035 -0.3694484
v -660.0584 23.55084 1382.087
vt -0.278807 0.6318994
vn -0.4270314 0.9030647 0.04602568
vt 0.3151333 0.8114249
vt -0.3231314 0.8146858
vt 0.9749221 0.8007569
vt 1.734963 0.7927006
vt 2.004958 0.7920185
vt 2.259422 0.793765
vt 3.328268 0.8146858
v -484.9548 -18.80191 1314.602
vt -0.1757358 0.266439
vn -0.7329606 0.6003934 -0.3198384
v -515.8999 -42.25798 1407.882
vt -0.6449401 0.02410531
vn -0.746552 0.4845692 0.4559088
v -490.4568 -42.33674 1314.907
vt -0.1751013 0.02408516
vn -0.8704572 0.2820144 -0.4034503
v -502.4606 -20.8741 1393.293
vt -0.6493803 0.2620652
vn -0.5568393 0.7671833 0.3183705
v -450.4043 -61.43135 1421.675
vt -0.8444084 0.02410591
vn 0.1808024 0.3683257 0.9119467
v -464.5759 -15.64872 1406.19
vt -0.8394231 0.2752111
vn 0.1707446 0.5830828 0.7942674
v -355.6516 -52.0154 1349.484
vt -1.249395 0.02409941
vn 0.8493762 0.1858149 0.4939968
v -355.6215 -16.82783 1345.078
vt -1.276513 0.2741728
vn 0.7780423 0.4110474 0.4750687
v -347.5775 -43.87735 1251.272
vt -1.811912 0.02406794
vn 0.7164109 0.4376434 -0.5433449
v -350.6744 -21.94798 1264.18
vt -1.773154 0.2628825
vn 0.5853692 0.6751533 -0.4488998
v -446.2834 -42.39907 1250.666
vt -2.237211 0.02406919
vn -0.4421537 0.4488413 -0.7765575
v -450.4986 -17.39226 1269.828
vt -2.287459 0.2694143
vn -0.3581779 0.6603921 -0.6599931
v -366.4654 0.7031624 1288.82
vt -1.701877 0.4380332
vn 0.3190291 0.922787 -0.2160665
v -430.3075 9.865779 1306.321
vt -2.388986 0.4497781
vn -0.1512539 0.9253332 -0.347679
v -377.0228 4.896171 1339.751
vt -1.25908 0.4408193
vn 0.3152211 0.9073031 0.2782747
v -437.549 -5.32623 1387.201
vt -0.8371422 0.4354408
vn 0.1315206 0.8417709 0.5235686
v -452.8667 2.31446 1369.289
vt -0.6675237 0.4365454
vn -0.1559405 0.9663956 0.204358
v -453.1202 6.721374 1327.329
vt -0.2517321 0.444268
vn -0.2402631 0.9682591 -0.06890485
vt 0.04494132 0.4497781
vt 0.1464696 0.2694143
vt 0.2472125 0.5668586
vt 1.007159 0.5970975
vt 0.6398665 0.7399896
vt 0.01666133 0.6376793
v -271.9293 -28.86594 1054.074
vt 0.3785198 0.4867866
vn 0.01853057 0.8431212 -0.5374041
v -264.2233 -21.48994 1077.427
vt -0.1488385 0.9570019
vn 0.4189255 0.899536 0.1238402
v -275.1873 -23.89532 1085.308
vt -2.14227 0.8387691
vn -0.1292811 0.846912 0.5157775
v -285.0546 -23.37211 1068.388
vt -1.364122 0.4550455
vn -0.568747 0.7998275 -0.1918408
v 413.3095 672.6148 1998.834
vt 0.8715191 0.2740963
vn -0.8403762 0.5144166 -0.1707146
v 469.9314 712.0927 1899.609
vt 0.2317364 0.299596
vn -0.4933182 0.6484088 -0.5798303
v 503.3557 739.5287 1941.37
vt 0.3135569 0.5916706
vn -0.1130432 0.9437101 -0.3108576
v 442.5018 716.1367 2021.603
vt 0.9094722 0.5078244
vn -0.6308303 0.7450109 0.2168222
v 581.0011 832.4008 1903.692
vt 0.1916974 0.7125705
vn 0.1232678 0.924188 -0.3614992
v 576.452 843.9495 1991.433
vt 0.6654314 0.966413
vn 0.2204463 0.8855162 0.4089799
v 531.3311 826.6393 1998.778
vt 0.8274674 0.6944494
vn -0.4799018 0.7363515 0.4769494
v 501.9059 811.8659 1910.945
vt 0.5411752 0.3782223
vn -0.632175 0.7628174 -0.1358835
v -67.69071 616.5208 1775.999
vt 0.3344646 0.6683611
vn 0.3025522 0.8273384 -0.4732583
v -59.1734 645.1065 1883.086
vt 0.5547459 0.9581426
vn 0.4939564 0.8684821 -0.0417857
v -126.7717 668.1274 1968.383
vt 0.8816136 0.9479387
vn -0.02261447 0.9831244 0.1815353
v -151.7232 639.1593 1817.606
vt 0.5887657 0.5928916
vn 0.01711509 0.9110215 -0.4120035
v -181.5082 576.7148 1759.242
vt 0.5693173 0.4109936
vn -0.4794782 0.4887379 -0.7288594
v -118.6689 589.6139 1743.9
vt 0.3592598 0.4549723
vn -0.05749327 0.6570193 -0.7516782
vn -0.2757083 0.8781124 -0.3910287
v -235.7556 629.4988 1859.213
vt 0.8430669 0.5174222
vn -0.5644004 0.7953059 -0.2212256
v -375.8501 523.4699 1796.805
vn -0.675458 0.5943902 -0.4364137
v -305.8407 516.6544 1749.009
vn -0.1435124 0.6133435 -0.7766684
v -281.9498 565.5048 1784.751
vt 0.5559703 0.9360779
vn 0.1194727 0.8814366 -0.4569418
v -358.8574 552.8461 1814.812
vn -0.6045254 0.793804 0.06651449
v -618.7582 476.0432 1814.302
vt 0.624653 0.2261344
vn -0.2059554 0.5323274 -0.8211029
v -569.1453 520.0726 1851.987
vt 0.5383322 0.4196735
vn 0.1025381 0.6149921 -0.781838
v -611.4266 571.5781 1904.995
vt 0.7603028 0.5604894
vn -0.3046139 0.7224438 -0.6207137
v -686.3096 494.4388 1876.734
vt 0.9143721 0.3206589
vn -0.626054 0.6061398 -0.4905618
v -527.457 613.9379 1933.257
vt 0.6062335 0.80032
vn 0.136234 0.8206174 -0.555002
v -609.9647 609.7793 1969.288
vt 0.9274291 0.7385407
vn -0.4781163 0.8679458 0.1344424
v -654.5635 566.0554 1936.823
vt 0.9209006 0.5295998
vn -0.7291337 0.6798071 -0.07890803
vt 0.1967167 0.02406925
v -228.0825 -26.676 1020.477
vt 1.291099 0.2458674
vn -0.5721219 0.4768112 -0.6673288
v -263.3118 -55.14737 1060.317
vt 0.8580959 0.005536497
vn -0.98558 0.08834066 0.1443192
v -227.3091 -51.80807 1016.848
vt 1.321189 0.005509853
vn -0.5875714 0.1700298 -0.7911066
v -253.3047 -30.91414 1057.636
vt 0.8532097 0.2404444
vn -0.8599182 0.4923156 0.1347816
v -195.0368 -58.73532 1101.178
vt 0.4248196 0.005531132
vn -0.1232299 0.006529784 0.9923567
v -205.5866 -19.95025 1106.147
vt 0.429025 0.2604542
vn -0.1633799 0.3833183 0.9090512
v -132.537 -44.63137 1075.794
vt -0.1089917 0.005513847
vn 0.8784653 0.1872546 0.4395844
v -137.8092 -20.38549 1074.552
vt -0.1098808 0.2440679
vn 0.809549 0.4363274 0.3927453
v -150.1416 -44.60642 1004.819
vt -0.7464982 0.005481005
vn 0.6968099 0.3874026 -0.603635
v -154.6916 -18.65467 1017.273
vt -0.7018704 0.249597
vn 0.6138621 0.5444856 -0.5715843
v -170.4986 -46.06108 996.3872
vt -0.8940904 0.00548321
vn -0.01117405 0.3327415 -0.9429519
v -182.0525 -20.03018 1006.327
vt -0.9493842 0.2512903
vn -0.06397897 0.5416055 -0.8381946
v -165.145 6.744066 1036.978
vt -0.5929295 0.6119587
vn 0.270172 0.8895604 -0.3683604
v -195.0885 -3.494294 1028.86
vt -1.061108 0.6150027
vn -0.1498944 0.7942234 -0.5888472
v -152.3924 3.656694 1069.003
vt -0.1089612 0.6020007
vn 0.4337993 0.8555511 0.2825782
v -199.9243 2.031843 1082.518
vt 0.4485442 0.5944804
vn -0.1877435 0.8614471 0.4718699
v -221.1457 -7.522598 1064.532
vt 0.8332438 0.595474
vn -0.5925508 0.8019316 0.07608695
v -218.521 -6.71229 1035.192
vt 1.225254 0.6052383
vn -0.4216906 0.8456995 -0.3270616
vt 1.617263 0.6150027
vt 1.728988 0.2512903
v -259.4785 -45.40293 1050.707
vt -0.6237869 0.05030024
vn 0.2733108 0.1893124 -0.943113
v -255.2266 -31.34939 1078.577
vt -1.053223 0.136911
vn 0.7528887 0.5769309 0.3167164
v -265.1915 -32.34248 1051.748
vt -0.6402345 0.132821
vn 0.1535678 0.4737217 -0.8671821
v -249.5868 -41.41928 1078.155
vt -1.06236 0.05028635
vn 0.8508241 0.3992839 0.3415709
v -275.4854 -33.97029 1090.546
vt -0.932023 0.1329706
vn -0.1950271 0.345474 0.9179391
v -275.0513 -43.72669 1091.796
vt -0.9318411 0.05030972
vn -0.2130621 0.08929313 0.9729498
v -294.3236 -32.44177 1067.718
vt -0.8216907 0.1446486
vn -0.9593682 0.2062501 -0.192545
v -290.7535 -47.94444 1069.85
vt -0.8225517 0.05032206
vn -0.9671577 -0.1773438 -0.1820855
vt -1.03092 0.482504
vt -0.6682104 0.4751427
vt -0.9318348 0.4754072
vt -0.8176945 0.4700478
vt -1.450438 0.5731801
v -182.5346 11.34131 1059.748
vt -1.049637 0.7112076
vn -0.08514752 0.9960778 0.02406191
vt -1.448286 0.7156291
vt -1.13709 0.5609654
vt -0.6509883 0.7067861
vt -0.8237413 0.5487506
vt 1.784281 0.00548327
v 492.5321 706.8519 1903.93
vt -1.325561 0.1316565
vn -0.2591781 0.4022036 -0.8780996
v 383.035 527.1277 2018.328
vt -0.60939 -0.0003125668
vn -0.9810275 -0.1444725 -0.1292777
v 540.166 666.1887 1884.758
vt -1.371031 -0.0003695488
vn -0.1616186 0.2560369 -0.9530606
v 381.1351 628.8027 1992.86
vt -0.6053719 0.1200374
vn -0.9752365 0.1583254 -0.1544245
v 478.6183 548.9669 2106.062
vn -0.3946798 0.1275169 0.9099271
v 441.3432 670.7342 2077.431
vt -0.2565472 0.1414735
vn -0.5310705 0.3678446 0.763318
v 594.4355 650.5851 2076.226
vt 0.1858864 -0.0003367662
vn 0.5921788 0.4901628 0.6395816
v 556.3323 722.6121 2067.811
vt 0.1866175 0.1239192
vn 0.3703223 0.7491562 0.5492052
v 576.325 682.7587 1911.536
vn 0.6195961 0.6579036 -0.4280928
v 541.7415 728.0609 1939.029
vt 0.6734351 0.1298425
vn 0.5061879 0.7503027 -0.4252291
vt 0.8315055 -0.000369668
vt 0.8769758 0.1316564
v 516.1617 756.6367 2042.972
vt 0.7331735 0.9518319
vn -0.1134904 0.967357 0.226584
vt 0.9688515 0.6525996
vt 0.1858613 0.6386707
vt -0.5889533 0.6316788
vt -1.233685 0.6525996
v 621.5415 799.6148 1890.029
vt -1.325561 0.2234408
vn 0.6307924 0.6603355 -0.4075021
v 483.4948 645.6465 1798.355
vt -0.60939 -0.1203381
vn -0.4344665 0.2079369 -0.8763567
v 678.4853 759.3079 1902.896
vt -1.371031 -0.1203951
vn 0.6809826 0.6010567 -0.4183222
v 501.2919 746.5917 1820.34
vt -0.6053719 0.2118217
vn -0.4255113 0.4687545 -0.7740861
v 462.9165 619.6089 1925.669
vt -0.2530889 -0.1203438
vn -0.9788557 0.03498001 0.201539
v 463.2879 750.1321 1925.596
vt -0.2565472 0.2332578
vn -0.9591746 0.2593345 0.112826
v 549.5532 687.6958 2037.42
vt 0.1858864 -0.1203623
vn -0.438798 0.06427483 0.896284
v 533.7892 767.6588 2029.175
vt 0.1866175 0.2157035
vn -0.4802443 0.2803027 0.8311412
v 628.3362 743.0192 2030.605
vt 0.446639 -0.1203972
vn 0.3874168 0.5313786 0.7533558
v 595.5911 786.3658 2021.47
vt 0.4115658 0.213114
vn 0.436774 0.5790253 0.6884462
vt 0.8315055 -0.1203952
vt 0.8769758 0.2234407
v 513.1306 792.8918 1864.251
vt 0.3351723 0.3306426
vn -0.3523245 0.7382973 -0.5751387
vt 0.3470655 0.5140055
vt 0.9688515 0.532574
vt 0.1858613 0.5186452
vt -0.2725986 0.5105888
vt -0.5889533 0.5116532
vt -1.233685 0.532574
v 15.46825 542.3929 1795.266
vn 0.5982151 0.609947 -0.5197147
v -40.37396 442.7039 1708.973
vn 0.2486508 0.2289835 -0.9411373
v 75.62171 513.4792 1821.285
vn 0.6337719 0.5475222 -0.5463997
v -65.9283 549.9858 1718.011
vt -0.9853893 0.1236943
vn 0.1808632 0.3587283 -0.9157524
v -240.4136 429.7123 1731.1
vn -0.6924003 0.007034234 -0.7214792
v -215.845 504.2724 1745.196
vn -0.618281 0.1935079 -0.7617633
v -245.0878 435.7921 1925.831
vn -0.9314033 -0.06139087 0.3587742
v -290.9771 563.8152 1901.802
vn -0.9405596 0.2738115 0.2009352
v -87.55679 526.5598 2052.622
vn 0.01938333 0.3468396 0.9377241
v -106.1022 599.858 2026.777
vn 0.01483841 0.598291 0.8011414
v 82.42435 527.9536 1890.483
vn 0.6862893 0.7085249 0.1643148
v 26.0209 579.8498 1887.873
vn 0.6762162 0.7281651 0.111835
v -468.8931 686.4855 2061.375
vn 0.1313948 0.8727219 -0.4702041
v -479.5318 696.9645 2106.235
vn 0.01159432 0.9866726 0.1623042
v -512.2086 686.7392 2070.622
vt 0.2420915 0.9898278
vn -0.4166668 0.7948622 -0.4411156
v -538.5519 660.5878 2081.705
vn -0.7630534 0.49207 -0.4190664
v -511.9217 650.8055 2035.226
vn -0.4278154 0.5645653 -0.7058612
vt -0.7169895 0.9839448
vt -0.3218348 0.9883571
v -535.7863 679.8758 2095.334
vn -0.5954763 0.8007614 0.06472344
vt -0.1448574 0.9912984
v -489.9484 609.4318 2013.359
vn -0.3033518 0.119402 -0.9453681
v -437.4363 668.0949 2050.425
vn 0.5600368 0.7071785 -0.4315754
v -497.0109 633.0458 2018.491
vn -0.363889 0.3248136 -0.8729724
v -417.0403 639.5032 2044.632
vn 0.7243353 0.541804 -0.4263647
v -463.2421 674.877 2126.437
vn 0.3346505 0.7094432 0.6202415
v -452.8047 649.1989 2136.454
vn 0.4309577 0.525888 0.733292
v -539.1874 656.8821 2120.687
vn -0.5307014 0.5167217 0.6718294
v -534.3793 623.3502 2135.654
vn -0.4436953 0.2862019 0.8492485
v -566.0232 642.9436 2097.776
vn -0.9394656 0.3028346 -0.1602981
v -566.1709 593.0311 2110.455
vn -0.9987575 0.03477274 0.03569753
vt 0.7162631 1.000123
v -245.7786 424.2261 1713.979
vt -0.1706597 0.1228917
vn 0.4700561 0.3375073 -0.8155587
v -240.5141 513.5822 1767.129
vt 0.4885554 0.3787845
vn 0.8777645 0.477198 0.04256241
v -255.3448 506.0908 1738.294
vt -0.2484169 0.3712902
vn 0.319795 0.5718359 -0.75547
v -220.1302 453.2695 1754.081
vt 0.7101343 0.2366533
vn 0.9292591 0.3692413 -0.01176861
v -307.7282 502.4571 1845.416
vn 0.3393938 0.3198134 0.884608
v -285.453 440.7909 1861.98
vn 0.3744973 0.3308482 0.8661935
v -376.5503 499.1366 1833.628
vn -0.5350174 0.2980284 0.7905285
v -378.7527 437.6081 1858.194
vn -0.6083831 0.1620264 0.7769282
v -404.1739 480.9462 1797.222
vn -0.8551875 0.4373989 -0.2780946
v -416.5107 405.9231 1726.875
vn -0.899645 0.3350791 -0.2799302
v -302.6179 491.276 1728.157
vn -0.2033457 0.4924509 -0.8462521
v -303.8693 395.4462 1692.573
vt -1.051454 0.009130001
vn -0.1184356 0.4345165 -0.8928429
v -262.5692 541.5465 1775.94
vt 0.168813 0.4974698
vn 0.6649427 0.7136449 -0.2203683
v -311.9537 536.3955 1836.201
vt -0.04574803 0.4445456
vn 0.2842401 0.3421701 0.8956155
v -316.1791 570.334 1826.987
vn 0.08657084 0.792825 0.6032695
vt 0.8595793 0.8506116
v -428.1132 439.8195 1904.737
vt -1.371031 -0.1441065
vn 0.6527779 0.2502485 -0.7150221
v -606.9799 423.9441 1786.752
vt -0.9853893 0.1572329
vn -0.1020229 0.2178735 -0.9706299
v -590.8118 316.6101 1797.552
vt -1.051454 -0.1440879
vn -0.03495037 -0.05339052 -0.9979619
v -507.8675 498.515 1862.426
vt -1.325561 0.1651951
vn 0.528652 0.3797289 -0.7591661
vt -0.8730206 0.4945362
vt -1.233685 0.5088626
v -512.4008 632.162 2005.776
vt 0.725228 0.9791175
vn 0.08599342 0.9956122 0.03689801
vt 0.8315055 -0.1441066
v -457.2133 552.1985 1956.118
vt 0.6734351 0.1633811
vn 0.6974249 0.5293308 -0.4831226
vt 0.8769758 0.165195
v -411.5968 481.0959 1974.486
vt 0.7101343 -0.1441089
vn 0.7866542 0.4460232 -0.426894
v -439.3771 596.0525 2068.595
vt 0.4115658 0.1548683
vn 0.3797472 0.8518885 0.3606634
v -394.5813 533.111 2104.219
vt 0.446639 -0.1441085
vn 0.5255018 0.6722807 0.5214274
v -589.2194 560.0929 2046.215
vt -0.03786013 0.1727184
vn -0.5664741 0.40477 0.7178219
v -564.2728 453.3073 2091.559
vt -0.06239991 -0.1440588
vn -0.5304896 0.2329894 0.815044
v -635.7977 522.9396 1992.78
vt -0.1674695 0.1732563
vn -0.8210735 0.2571682 0.5096105
v -734.1371 282.1888 1908.906
vt -0.4288851 -0.1440485
vn -0.9928053 -0.02826757 -0.1163552
v -733.2289 336.0992 1900.465
vt -0.4303635 -0.03971243
vn -0.9788079 0.03135794 0.2023652
v -731.3654 446.7102 1883.146
vt -0.4333967 0.1743599
vn -0.9414067 0.2523376 -0.2237837
vt 0.5838485 0.5056017
vt 0.9688515 0.5088626
vt 0.3470655 0.4902941
vt -0.05363594 0.4946988
vt -0.2445482 0.490447
vt -0.4354605 0.4861953
v -402.2664 429.2148 1761.003
vn 0.7016304 0.3045245 -0.6441892
v -466.0932 301.5996 1715.566
vn -0.079686 0.06120391 -0.9949393
v -389.8126 341.3915 1765.326
vn 0.8159552 0.06076046 -0.5749133
v -475.9957 405.9168 1724.261
vn -0.1473856 0.2401175 -0.95949
v -610.1354 257.641 1821.891
vn -0.9828999 0.03596354 -0.1805945
v -600.2842 415.7163 1822.372
vn -0.9277333 0.262715 -0.2651259
v -562.6279 306.7216 1888.654
vn -0.717666 0.03816232 0.695341
v -572.496 426.4338 1874.541
vn -0.7661588 0.2407848 0.5958384
v -504.2768 318.4807 1926.041
vn 0.07059266 0.03410088 0.9969222
v -514.2381 435.9543 1913.121
vt -0.03786013 0.1391798
vn 0.00319653 0.2688385 0.9631799
v -392.9858 361.9824 1806.141
vn 0.940469 0.02220999 0.339153
v -384.7081 436.0884 1819.204
vn 0.9040985 0.2899791 0.3138758
v -427.0479 500.3459 1816.827
vn 0.5278128 0.8492051 0.01626157
v -427.689 468.917 1763.463
vn 0.2670484 0.7091118 -0.6525686
v -519.7995 514.8224 1873.551
vn -0.0735501 0.9009404 0.4276644
v -554.2453 494.0819 1841.793
vn -0.69001 0.7220948 0.04965329
v -567.9626 466.164 1812.725
vn -0.6556735 0.5867738 -0.4751724
v -486.4425 461.0656 1760.317
vn -0.248805 0.5534486 -0.7948527
vt 0.2565627 0.3568762
v -535.3713 491.2869 1815.629
vt 0.6344543 0.4670498
vn -0.3639417 0.7666024 -0.5290248
vt 0.4207167 0.2228334
v -485.9944 513.3383 1821.317
vt 0.408562 0.5892994
vn -0.03243081 0.9355755 -0.3516343
vt 0.7771673 0.5874925
vt 0.6449923 0.7771684
vt -0.3064582 0.7369352
vt -0.2351258 0.8118314
vt -0.8741947 0.8351921
vt 0.2228322 0.6898137
vt 0.7497801 0.4046372
o polySurface10_0
g polygon_0
usemtl i_s1
f 3130/1910/3162 3129/1909/3161 3128/1908/3160
f 3128/1908/3160 3129/1909/3161 3131/1911/3163
f 3129/1909/3161 3132/1912/3164 3131/1911/3163
f 3131/1911/3163 3132/1912/3164 3133/1913/3165
f 3132/1912/3164 3134/1914/3166 3133/1913/3165
f 3133/1913/3165 3134/1914/3166 3135/1915/3167
f 3134/1914/3166 3136/1916/3168 3135/1915/3167
f 3135/1915/3167 3136/1916/3168 3137/1917/3169
f 3136/1916/3168 3138/1918/3170 3137/1917/3169
f 3137/1917/3169 3138/1918/3170 3139/1919/3171
f 3138/1918/3170 3130/1920/3162 3139/1919/3171
f 3139/1919/3171 3130/1920/3162 3128/1921/3160
f 3142/1924/3174 3141/1923/3173 3140/1922/3172
f 3140/1922/3172 3141/1923/3173 3143/1925/3175
f 3141/1923/3173 3144/1926/3176 3143/1925/3175
f 3143/1925/3175 3144/1926/3176 3145/1927/3177
f 3141/1929/3173 3142/1928/3174 3128/1921/3160
f 3128/1921/3160 3142/1928/3174 3139/1919/3171
f 3142/1928/3174 3140/1930/3172 3139/1919/3171
f 3139/1919/3171 3140/1930/3172 3137/1917/3169
f 3140/1930/3172 3143/1931/3175 3137/1917/3169
f 3137/1917/3169 3143/1931/3175 3135/1915/3167
f 3143/1931/3175 3145/1932/3177 3135/1915/3167
f 3135/1915/3167 3145/1932/3177 3133/1913/3165
f 3145/1932/3177 3144/1933/3176 3133/1913/3165
f 3133/1913/3165 3144/1933/3176 3131/1911/3163
f 3144/1933/3176 3141/1934/3173 3131/1911/3163
f 3131/1911/3163 3141/1934/3173 3128/1908/3160
f 3148/1937/3180 3147/1936/3179 3146/1935/3178
f 3146/1935/3178 3147/1936/3179 3149/1938/3181
f 3147/1936/3179 3150/1939/3182 3149/1938/3181
f 3149/1938/3181 3150/1939/3182 3151/1940/3183
f 3150/1939/3182 3152/1941/3184 3151/1940/3183
f 3151/1940/3183 3152/1941/3184 3153/1942/3185
f 3152/1941/3184 3154/1943/3186 3153/1942/3185
f 3153/1942/3185 3154/1943/3186 3155/1944/3187
f 3154/1943/3186 3156/1945/3188 3155/1944/3187
f 3155/1944/3187 3156/1945/3188 3157/1946/3189
f 3159/1948/3191 3158/1947/3190 3157/1946/3189
f 3157/1946/3189 3158/1947/3190 3155/1944/3187
f 3158/1947/3190 3160/1949/3192 3155/1944/3187
f 3155/1944/3187 3160/1949/3192 3153/1942/3185
f 3160/1949/3192 3161/1950/3193 3153/1942/3185
f 3153/1942/3185 3161/1950/3193 3151/1940/3183
f 3161/1950/3193 3162/1951/3194 3151/1940/3183
f 3151/1940/3183 3162/1951/3194 3149/1938/3181
f 3162/1951/3194 3163/1952/3195 3149/1938/3181
f 3149/1938/3181 3163/1952/3195 3146/1935/3178
f 3163/1952/3195 3159/1953/3191 3146/1935/3178
f 3146/1935/3178 3159/1953/3191 3157/1954/3189
f 3160/1957/3192 3158/1956/3190 3159/1955/3191
f 3163/1958/3195 3160/1957/3192 3159/1955/3191
f 3166/1961/3198 3165/1960/3197 3164/1959/3196
f 3167/1962/3199 3166/1961/3198 3164/1959/3196
f 3170/1965/3202 3169/1964/3201 3168/1963/3200
f 3171/1966/3203 3170/1965/3202 3168/1963/3200
f 3174/1969/3206 3173/1968/3205 3172/1967/3204
f 3175/1970/3207 3174/1969/3206 3172/1967/3204
f 3178/1973/3210 3177/1972/3209 3176/1971/3208
f 3179/1974/3211 3178/1973/3210 3176/1971/3208
f 3179/1974/3214 3181/1976/3213 3180/1975/3212
f 3182/1977/3215 3179/1974/3214 3180/1975/3212
f 3185/1978/3218 3184/941/3217 3183/942/3216
f 3186/940/3219 3185/1978/3218 3183/942/3216
f 3189/1981/3222 3188/1980/3221 3187/1979/3220
f 3190/1982/3223 3189/1981/3222 3187/1979/3220
f 3192/1984/3225 3191/1983/3224 3189/1981/3222
f 3193/1985/3226 3192/1984/3225 3189/1981/3222
f 3146/1935/3178 3157/1954/3189 3156/1986/3188
f 3148/1937/3180 3146/1935/3178 3156/1986/3188
f 3196/1989/3229 3195/1988/3228 3194/1987/3227
f 3194/1987/3227 3195/1988/3228 3197/1990/3230
f 3195/1988/3228 3198/1991/3231 3197/1990/3230
f 3197/1990/3230 3198/1991/3231 3199/1992/3232
f 3198/1991/3231 3200/1993/3233 3199/1992/3232
f 3199/1992/3232 3200/1993/3233 3201/1994/3234
f 3200/1993/3233 3202/1995/3235 3201/1994/3234
f 3201/1994/3234 3202/1995/3235 3203/1996/3236
f 3202/1995/3235 3204/1997/3237 3203/1996/3236
f 3203/1996/3236 3204/1997/3237 3205/1998/3238
f 3207/2000/3240 3206/1999/3239 3205/1998/3238
f 3205/1998/3238 3206/1999/3239 3203/1996/3236
f 3206/1999/3239 3208/2001/3241 3203/1996/3236
f 3203/1996/3236 3208/2001/3241 3201/1994/3234
f 3208/2001/3241 3209/2002/3242 3201/1994/3234
f 3201/1994/3234 3209/2002/3242 3199/1992/3232
f 3209/2002/3242 3210/2003/3243 3199/1992/3232
f 3199/1992/3232 3210/2003/3243 3197/1990/3230
f 3210/2003/3243 3211/2004/3244 3197/1990/3230
f 3197/1990/3230 3211/2004/3244 3194/1987/3227
f 3211/2004/3244 3207/2005/3240 3194/1987/3227
f 3194/1987/3227 3207/2005/3240 3205/2006/3238
f 3214/2009/3247 3213/2008/3246 3212/2007/3245
f 3212/2007/3245 3213/2008/3246 3215/2010/3248
f 3213/2008/3246 3216/2011/3249 3215/2010/3248
f 3215/2010/3248 3216/2011/3249 3217/2012/3250
f 3216/2011/3249 3218/2013/3251 3217/2012/3250
f 3217/2012/3250 3218/2013/3251 3219/2014/3252
f 3218/2013/3251 3214/2009/3247 3219/2014/3252
f 3219/2014/3252 3214/2009/3247 3212/2007/3245
f 3164/2016/3196 3165/2015/3197 3214/2009/3247
f 3214/2009/3247 3165/2015/3197 3213/2008/3246
f 3165/2015/3197 3166/2017/3198 3213/2008/3246
f 3213/2008/3246 3166/2017/3198 3216/2011/3249
f 3166/2017/3198 3167/2018/3199 3216/2011/3249
f 3216/2011/3249 3167/2018/3199 3218/2013/3251
f 3167/2018/3199 3164/2016/3196 3218/2013/3251
f 3218/2013/3251 3164/2016/3196 3214/2009/3247
f 3209/2021/3242 3220/2020/3253 3210/2019/3243
f 3210/2019/3243 3220/2020/3253 3211/2022/3244
f 3220/2020/3253 3206/2023/3239 3211/2022/3244
f 3211/2022/3244 3206/2023/3239 3207/2024/3240
f 3194/1987/3227 3205/2006/3238 3204/2025/3237
f 3196/1989/3229 3194/1987/3227 3204/2025/3237
f 3223/2028/3256 3222/2027/3255 3221/2026/3254
f 3221/2026/3254 3222/2027/3255 3224/2029/3257
f 3222/2027/3255 3225/950/3258 3224/2029/3257
f 3224/2029/3257 3225/950/3258 3226/2030/3259
f 3225/950/3258 3227/2031/3260 3226/2030/3259
f 3226/2030/3259 3227/2031/3260 3228/2032/3261
f 3227/2031/3260 3229/946/3262 3228/2032/3261
f 3228/2032/3261 3229/946/3262 3230/2033/3263
f 3229/946/3262 3223/2034/3256 3230/2033/3263
f 3230/2033/3263 3223/2034/3256 3221/2035/3254
f 3171/1966/3203 3231/2036/3264 3170/1965/3202
f 3169/2037/3201 3170/955/3202 3221/2035/3254
f 3221/2035/3254 3170/955/3202 3230/2033/3263
f 3170/955/3202 3231/2038/3264 3230/2033/3263
f 3230/2033/3263 3231/2038/3264 3228/2032/3261
f 3231/2038/3264 3171/958/3203 3228/2032/3261
f 3228/2032/3261 3171/958/3203 3226/2030/3259
f 3171/958/3203 3168/2039/3200 3226/2030/3259
f 3226/2030/3259 3168/2039/3200 3224/2029/3257
f 3168/2039/3200 3169/2040/3201 3224/2029/3257
f 3224/2029/3257 3169/2040/3201 3221/2026/3254
f 3234/2043/3267 3233/2042/3266 3232/2041/3265
f 3232/2041/3265 3233/2042/3266 3235/2044/3268
f 3233/2042/3266 3236/2045/3269 3235/2044/3268
f 3235/2044/3268 3236/2045/3269 3237/2046/3270
f 3236/2045/3269 3238/2047/3271 3237/2046/3270
f 3237/2046/3270 3238/2047/3271 3239/2048/3272
f 3238/2047/3271 3240/2049/3273 3239/2048/3272
f 3239/2048/3272 3240/2049/3273 3241/2050/3274
f 3240/2049/3273 3234/2051/3267 3241/2050/3274
f 3241/2050/3274 3234/2051/3267 3232/2052/3265
f 3175/1970/3207 3172/1967/3204 3242/2053/3275
f 3172/2055/3204 3173/2054/3205 3232/2052/3265
f 3232/2052/3265 3173/2054/3205 3241/2050/3274
f 3173/2054/3205 3174/2056/3206 3241/2050/3274
f 3241/2050/3274 3174/2056/3206 3239/2048/3272
f 3174/2056/3206 3175/2057/3207 3239/2048/3272
f 3239/2048/3272 3175/2057/3207 3237/2046/3270
f 3175/2057/3207 3242/2058/3275 3237/2046/3270
f 3237/2046/3270 3242/2058/3275 3235/2044/3268
f 3242/2058/3275 3172/2059/3204 3235/2044/3268
f 3235/2044/3268 3172/2059/3204 3232/2041/3265
f 3245/2028/3278 3244/954/3277 3243/2026/3276
f 3243/2026/3276 3244/954/3277 3246/2060/3279
f 3244/954/3277 3247/2027/3280 3246/2060/3279
f 3246/2060/3279 3247/2027/3280 3248/2029/3281
f 3247/2027/3280 3249/950/3282 3248/2029/3281
f 3248/2029/3281 3249/950/3282 3250/2030/3283
f 3249/950/3282 3251/2031/3284 3250/2030/3283
f 3250/2030/3283 3251/2031/3284 3252/2032/3285
f 3251/2031/3284 3253/946/3286 3252/2032/3285
f 3252/2032/3285 3253/946/3286 3254/2033/3287
f 3253/946/3286 3245/2034/3278 3254/2033/3287
f 3254/2033/3287 3245/2034/3278 3243/2035/3276
f 3176/2037/3208 3177/955/3209 3243/2035/3276
f 3243/2035/3276 3177/955/3209 3254/2033/3287
f 3177/955/3209 3178/2038/3210 3254/2033/3287
f 3254/2033/3287 3178/2038/3210 3252/2032/3285
f 3178/2038/3210 3182/958/3215 3252/2032/3285
f 3252/2032/3285 3182/958/3215 3250/2030/3283
f 3182/958/3215 3180/2039/3212 3250/2030/3283
f 3250/2030/3283 3180/2039/3212 3248/2029/3281
f 3180/2039/3212 3181/1139/3213 3248/2029/3281
f 3248/2029/3281 3181/1139/3213 3246/2060/3279
f 3181/1139/3213 3176/2040/3208 3246/2060/3279
f 3246/2060/3279 3176/2040/3208 3243/2026/3276
f 3179/1974/3211 3176/1971/3208 3181/1976/3213
f 3182/1977/3215 3178/1973/3210 3179/1974/3214
f 3257/2061/3290 3256/2038/3289 3255/955/3288
f 3257/2062/3290 3259/1139/3292 3258/959/3291
f 3258/959/3291 3260/958/3293 3257/2063/3290
f 3256/2038/3289 3257/2064/3290 3260/958/3293
f 3263/2060/3296 3262/2033/3295 3261/954/3294
f 3261/954/3294 3262/2033/3295 3264/946/3297
f 3262/2033/3295 3265/2032/3298 3264/946/3297
f 3264/946/3297 3265/2032/3298 3266/2031/3299
f 3265/2032/3298 3267/2030/3300 3266/2031/3299
f 3266/2031/3299 3267/2030/3300 3268/950/3301
f 3267/2030/3300 3269/1135/3302 3268/950/3301
f 3268/950/3301 3269/1135/3302 3270/952/3303
f 3269/1135/3302 3263/2060/3296 3270/952/3303
f 3270/952/3303 3263/2060/3296 3261/954/3294
f 3257/2065/3290 3255/955/3288 3259/1139/3292
f 3259/1139/3292 3255/955/3288 3263/2060/3296
f 3263/2060/3296 3255/955/3288 3262/2033/3295
f 3255/955/3288 3256/2038/3289 3262/2033/3295
f 3262/2033/3295 3256/2038/3289 3265/2032/3298
f 3256/2038/3289 3260/958/3293 3265/2032/3298
f 3265/2032/3298 3260/958/3293 3267/2030/3300
f 3260/958/3293 3258/959/3291 3267/2030/3300
f 3267/2030/3300 3258/959/3291 3269/1135/3302
f 3258/959/3291 3259/1139/3292 3269/1135/3302
f 3269/1135/3302 3259/1139/3292 3263/2060/3296
f 3273/2068/3306 3272/2067/3305 3271/2066/3304
f 3271/2066/3304 3272/2067/3305 3274/2069/3307
f 3272/2067/3305 3275/947/3308 3274/2069/3307
f 3274/2069/3307 3275/947/3308 3276/948/3309
f 3275/947/3308 3277/949/3310 3276/948/3309
f 3276/948/3309 3277/949/3310 3278/950/3311
f 3277/949/3310 3279/951/3312 3278/950/3311
f 3278/950/3311 3279/951/3312 3280/952/3313
f 3279/951/3312 3281/953/3314 3280/952/3313
f 3280/952/3313 3281/953/3314 3282/2070/3315
f 3281/953/3314 3273/2068/3306 3282/2070/3315
f 3282/2070/3315 3273/2068/3306 3271/2066/3304
f 3272/2067/3305 3283/2071/3316 3275/947/3308
f 3275/947/3308 3283/2071/3316 3284/2072/3317
f 3283/2071/3316 3185/955/3218 3284/2072/3317
f 3284/2072/3317 3185/955/3218 3285/957/3318
f 3186/958/3219 3183/959/3216 3277/949/3310
f 3277/949/3310 3183/959/3216 3279/951/3312
f 3183/959/3216 3184/960/3217 3279/951/3312
f 3279/951/3312 3184/960/3217 3281/953/3314
f 3284/2072/3317 3277/949/3310 3275/947/3308
f 3285/2073/3318 3185/1978/3218 3186/940/3219
f 3288/2076/3321 3287/2075/3320 3286/2074/3319
f 3286/2074/3319 3287/2075/3320 3289/2077/3322
f 3287/2075/3320 3187/2078/3220 3289/2077/3322
f 3289/2077/3322 3187/2078/3220 3188/2079/3221
f 3191/1983/3224 3192/1984/3225 3290/2080/3323
f 3289/2083/3322 3291/2082/3324 3286/2081/3319
f 3286/2081/3319 3291/2082/3324 3292/2084/3325
f 3291/2082/3324 3293/2085/3326 3292/2084/3325
f 3292/2084/3325 3293/2085/3326 3294/2086/3327
f 3293/2085/3326 3295/2087/3328 3294/2086/3327
f 3294/2086/3327 3295/2087/3328 3296/2088/3329
f 3299/2091/3332 3298/2090/3331 3297/2089/3330
f 3297/2089/3330 3298/2090/3331 3295/2087/3328
f 3298/2090/3331 3296/2088/3329 3295/2087/3328
f 3288/2076/3321 3298/2090/3331 3287/2075/3320
f 3287/2075/3320 3298/2090/3331 3300/2092/3333
f 3298/2090/3331 3299/2091/3332 3300/2092/3333
f 3188/2094/3221 3191/2093/3224 3289/2083/3322
f 3289/2083/3322 3191/2093/3224 3291/2082/3324
f 3191/2093/3224 3290/2095/3323 3291/2082/3324
f 3291/2082/3324 3290/2095/3323 3293/2085/3326
f 3290/2095/3323 3192/2096/3225 3293/2085/3326
f 3293/2085/3326 3192/2096/3225 3295/2087/3328
f 3192/2096/3225 3193/2097/3226 3295/2087/3328
f 3295/2087/3328 3193/2097/3226 3297/2089/3330
f 3193/2097/3226 3190/2098/3223 3297/2089/3330
f 3297/2089/3330 3190/2098/3223 3300/2092/3333
f 3190/2098/3223 3187/2078/3220 3300/2092/3333
f 3300/2092/3333 3187/2078/3220 3287/2075/3320
f 3189/1981/3222 3191/1983/3224 3188/1980/3221
f 3303/2028/3336 3302/954/3335 3301/2026/3334
f 3301/2026/3334 3302/954/3335 3304/2060/3337
f 3302/954/3335 3305/952/3338 3304/2060/3337
f 3304/2060/3337 3305/952/3338 3306/1135/3339
f 3305/952/3338 3307/950/3340 3306/1135/3339
f 3306/1135/3339 3307/950/3340 3308/2030/3341
f 3307/950/3340 3309/948/3342 3308/2030/3341
f 3308/2030/3341 3309/948/3342 3310/2099/3343
f 3309/948/3342 3311/946/3344 3310/2099/3343
f 3310/2099/3343 3311/946/3344 3312/2033/3345
f 3311/946/3344 3303/2034/3336 3312/2033/3345
f 3312/2033/3345 3303/2034/3336 3301/2035/3334
f 3314/2037/3347 3313/955/3346 3301/2035/3334
f 3301/2035/3334 3313/955/3346 3312/2033/3345
f 3313/955/3346 3315/957/3348 3312/2033/3345
f 3312/2033/3345 3315/957/3348 3310/2099/3343
f 3315/957/3348 3316/958/3349 3310/2099/3343
f 3310/2099/3343 3316/958/3349 3308/2030/3341
f 3316/958/3349 3317/959/3350 3308/2030/3341
f 3308/2030/3341 3317/959/3350 3306/1135/3339
f 3317/959/3350 3318/1139/3351 3306/1135/3339
f 3306/1135/3339 3318/1139/3351 3304/2060/3337
f 3318/1139/3351 3314/2040/3347 3304/2060/3337
f 3304/2060/3337 3314/2040/3347 3301/2026/3334
f 3190/1982/3223 3193/1985/3226 3189/1981/3222
f 3300/2092/3333 3299/2091/3332 3297/2089/3330
f 3186/958/3219 3277/949/3310 3284/2072/3317
f 3285/957/3318 3186/958/3219 3284/2072/3317
f 3318/2102/3351 3319/2101/3352 3314/2100/3347
f 3314/2100/3347 3319/2101/3352 3320/2103/3353
f 3319/2101/3352 3316/2104/3349 3320/2103/3353
f 3320/2103/3353 3316/2104/3349 3315/2105/3348
f 3161/2107/3193 3160/1957/3192 3162/2106/3194
f 3162/2106/3194 3160/1957/3192 3163/1958/3195
f 3209/2021/3242 3208/2108/3241 3220/2020/3253
f 3220/2020/3253 3208/2108/3241 3206/2023/3239
f 3272/2067/3305 3273/2068/3306 3283/2071/3316
f 3283/2071/3316 3273/2068/3306 3184/960/3217
f 3273/2068/3306 3281/953/3314 3184/960/3217
f 3185/955/3218 3283/2071/3316 3184/960/3217
f 3315/2105/3348 3313/2109/3346 3320/2103/3353
f 3320/2103/3353 3313/2109/3346 3314/2100/3347
f 3318/2102/3351 3317/2110/3350 3319/2101/3352
f 3319/2101/3352 3317/2110/3350 3316/2104/3349
v -21466.49 -65 7137.464
vt 0.2 0.4
vn 0 1 0
v -7086.796 -65 21517.16
vt 0.4 0.2
vn 0 1 -2.462797E-11
v -21466.49 -65 21517.16
vt 0.2 0.2
vn 0 1 -2.462798E-11
v -7086.796 -65 7137.464
vt 0.4 0.4
vn 0 1 4.336809E-19
v 7292.898 -65 21517.16
vt 0.6 0.2
vn 0 1 -1.228714E-11
v 7292.898 -65 7137.464
vt 0.6 0.4
vn 0 1 -6.776264E-21
v 21672.59 -65 21517.16
vt 0.8 0.2
vn 0 1 5.368798E-14
v 21672.59 -65 7137.464
vt 0.8 0.4
v -21466.49 -65 -7242.23
vt 0.2 0.6
vn 0 1 2.462798E-11
v -7086.796 -65 -7242.23
vt 0.4 0.6
vn 0 1 2.462797E-11
v 7292.898 -65 -7242.23
vt 0.6 0.6
vn 0 1 1.228714E-11
v 21672.59 -65 -7242.23
vt 0.8 0.6
vn 0 1 -5.368798E-14
v -21466.49 -65 -21621.92
vt 0.2 0.8
v -7086.796 -65 -21621.92
vt 0.4 0.8
v 7292.898 -65 -21621.92
vt 0.6 0.8
v 21672.59 -65 -21621.92
vt 0.8 0.8
vn 0 1 -5.368799E-14
o ocean1_0
g polygon_0
usemtl lambert74
f 3323/2113/3356 3322/2112/3355 3321/2111/3354
f 3321/2111/3354 3322/2112/3355 3324/2114/3357
f 3322/2112/3355 3325/2115/3358 3324/2114/3357
f 3324/2114/3357 3325/2115/3358 3326/2116/3359
f 3325/2115/3358 3327/2117/3360 3326/2116/3359
f 3326/2116/3359 3327/2117/3360 3328/2118/3354
f 3321/2111/3354 3324/2114/3357 3329/2119/3361
f 3329/2119/3361 3324/2114/3357 3330/2120/3362
f 3324/2114/3357 3326/2116/3359 3330/2120/3362
f 3330/2120/3362 3326/2116/3359 3331/2121/3363
f 3326/2116/3359 3328/2118/3354 3331/2121/3363
f 3331/2121/3363 3328/2118/3354 3332/2122/3364
f 3329/2119/3361 3330/2120/3362 3333/2123/3361
f 3333/2123/3361 3330/2120/3362 3334/2124/3361
f 3330/2120/3362 3331/2121/3363 3334/2124/3361
f 3334/2124/3361 3331/2121/3363 3335/2125/3363
f 3331/2121/3363 3332/2122/3364 3335/2125/3363
f 3335/2125/3363 3332/2122/3364 3336/2126/3365
v 3675.682 -57.01405 36.60722
vt -0.6557224 0.3453093
vn -0.02328276 0.977911 0.2077209
v 3879.735 -73.14166 156.9031
vt -0.2094437 0.2470667
vn 0.01887831 0.9914728 0.1289391
v 3728.172 -73.14166 167.7612
vt -0.5785693 0.2489496
vn -0.01414308 0.9906709 0.1355405
v 3831.607 -56.90233 45.32333
vt -0.2402865 0.3376963
vn 0.02180959 0.9784694 0.2052364
v 4152.024 -66.39698 25.43105
vt 0.3402205 0.2435157
vn 0.06555363 0.9932539 0.09565224
v 4063.111 -51.73957 -65.80991
vt 0.3150204 0.3393076
vn 0.1166331 0.9815911 0.151247
v 4292.003 -64.81403 -195.7983
vt 0.7848095 0.2438161
vn 0.09380319 0.9934501 0.06525183
v 4187.86 -50.89345 -262.1244
vt 0.774857 0.3396736
vn 0.1584736 0.9818934 0.1037859
v 2728.816 -70.98313 -1025.277
vt -4.518698 0.2465773
vn -0.1266891 0.9907604 -0.0484123
v 2905.411 -52.61943 -1091.94
vt -4.856174 0.3372917
vn -0.1395361 0.978168 -0.1540038
v 2819.496 -57.09053 -985.1885
vt -4.533987 0.3275138
vn -0.205265 0.9736351 -0.09950422
v 2828.725 -64.23848 -1151.074
vt -4.848848 0.2623864
vn -0.09232856 0.9925169 -0.07990962
v 3081.098 -51.04001 -1175.923
vt -5.167548 0.3200425
vn -0.1281085 0.9789566 -0.1588462
v 3016.436 -63.21041 -1250.485
vt -5.146873 0.2303351
vn -0.08103176 0.9919542 -0.09726615
v 2835.496 -55.26313 -443.1505
vt -3.03462 0.3266429
vn -0.2150572 0.9738317 0.07350061
v 2789.031 -70.2776 -305.9386
vt -2.829574 0.2433155
vn -0.1117139 0.9898521 0.08782259
v 2733.202 -70.40257 -415.4599
vt -3.036636 0.2474859
vn -0.1393593 0.9896553 0.03407945
v 2883.113 -55.40414 -353.6595
vt -2.81222 0.3163019
vn -0.1692233 0.9733679 0.1546558
v 2845.323 -70.2776 -253.2945
vt -2.597015 0.2774694
vn -0.0926678 0.9890682 0.1147034
v 2932.524 -55.48344 -312.0944
vt -2.608746 0.3542817
vn -0.1332534 0.9714316 0.1963778
v 2880.248 -70.2776 -228.1446
vt -2.515466 0.2757491
vn -0.09074245 0.9885734 0.1203679
v 2963.54 -54.93607 -293.1556
vt -2.530056 0.354358
vn -0.1416242 0.972477 0.1850163
v 2963.645 -70.27761 -168.0882
vt -2.320732 0.2716414
vn -0.1161073 0.9880043 0.1018164
v 3027.78 -54.2831 -244.828
vt -2.358353 0.3532426
vn -0.1765435 0.9672542 0.1823509
v 3130.388 -47.32599 -155.2783
vt -2.044449 0.2658134
vn -0.06369735 0.9903404 0.1231604
v 3159.487 -38.98343 -213.3555
vt -2.074777 0.3548605
vn -0.1254156 0.9645492 0.2321975
v 3258.851 -71.88143 -21.6256
vt -1.648194 0.261861
vn -0.05211921 0.9872311 0.1505268
v 3277.07 -55.3484 -117.3509
vt -1.678443 0.3524482
vn -0.09767827 0.9650204 0.2432995
v 3341.151 -71.88143 55.22377
vt -1.3882 0.2729927
vn -0.08752213 0.9862114 0.1404529
v 3351.241 -56.25076 -55.72437
vt -1.419363 0.359731
vn -0.1476485 0.9644154 0.2193237
v 3421.415 -71.88143 80.77423
vt -1.194425 0.2711929
vn -0.05084165 0.9878348 0.1469611
v 3423.265 -56.14843 -19.18526
vt -1.230197 0.3544379
vn -0.1043341 0.9667135 0.2336222
v 3501.677 -71.88143 106.3247
vt -1.000649 0.2693931
vn -0.03566569 0.9888273 0.1447362
v 3501.442 -56.52728 2.523649
vt -1.04103 0.3491449
vn -0.03460363 0.9740371 0.2237283
v 3841.236 -48.93919 -1334.051
vt 3.526478 0.3557585
vn 0.08167408 0.9819394 -0.1706588
v 3752.271 -62.24894 -1522.576
vt 3.978766 0.2653607
vn 0.04735361 0.9935964 -0.1025855
v 3897.09 -62.24893 -1424.323
vt 3.546795 0.290439
vn 0.06129134 0.9931939 -0.09904184
v 3700.932 -49.22899 -1415.15
vt 3.987123 0.364108
vn 0.06988183 0.9830973 -0.1692224
v 3569.011 -62.24894 -1578.626
vt 4.404358 0.2350917
vn 0.005645233 0.9936389 -0.1124719
v 3551.347 -49.14968 -1463.148
vt 4.41735 0.3358469
vn 0.01536601 0.9829465 -0.183249
v 3366.479 -62.24893 -1538.217
vt 5.007067 0.2417917
vn -0.04647103 0.992272 -0.1150508
v 3377.686 -49.14027 -1433.4
vt 5.021125 0.319992
vn -0.0786982 0.9782076 -0.1921366
v 3180.27 -62.24893 -1424.579
vt 5.619122 0.2552314
vn -0.08506244 0.9915631 -0.09781116
v 3223.494 -49.69892 -1335.472
vt 5.568923 0.3385203
vn -0.14726 0.9764608 -0.157603
vt 6.42878 0.2271582
vt 6.427145 0.3227627
v 2675.597 -70.86244 -692.5416
vt -3.730697 0.300985
vn -0.1346616 0.9899876 0.04231794
v 2763.05 -56.73351 -822.3729
vt -4.103442 0.3874306
vn -0.2260717 0.9738875 -0.02084959
v 2778.401 -56.83658 -695.6105
vt -3.732697 0.3769746
vn -0.2158154 0.9725099 0.08745451
v 2662.995 -70.86245 -838.141
vt -4.104 0.3148457
vn -0.1350459 0.9907038 -0.01638716
v 2824.616 -55.48456 -631.2262
vt -3.512395 0.3674653
vn -0.2076112 0.9723258 0.1071456
v 2739.337 -68.99358 -596.1532
vt -3.435333 0.2737253
vn -0.1422616 0.9893805 0.02979737
v 2725.781 -69.39104 -616.6527
vt -3.49815 0.2795228
vn -0.1318273 0.9891959 0.06413262
v 2836.437 -54.90906 -610.395
vt -3.446882 0.3657911
vn -0.2310954 0.9727814 0.01706714
v 2727.107 -71.81155 -511.6964
vt -3.214005 0.2191037
vn -0.1520411 0.9883723 0.001916826
v 2823.958 -56.09438 -536.6708
vt -3.211339 0.3128562
vn -0.2411451 0.9704755 -0.005135991
vt -5.340541 0.9362057
vn 0.05807599 0.9738193 -0.21978
v 14992.23 -98.11169 -3863.341
vt -5.287222 0.3046402
vn -0.07044653 0.93567 -0.345773
v 16421.83 -99.8199 -3577.714
vt -6.265303 0.3046402
vn 0.08624732 0.9058075 -0.4148183
v 15516.99 62.38725 -3098.093
vt -4.74918 0.9362059
vn -0.02365405 0.9830933 -0.1815713
v 14573.2 -96.84996 -3503.094
vt -4.735285 0.3046402
vn -0.296526 0.9306961 -0.2141893
vt -4.270103 0.9362059
vn -0.1490357 0.9814942 -0.1202387
v 14121.38 -90.43265 -2393.874
vt -3.747495 0.3046402
vn -0.4164927 0.9083198 -0.03858795
vt -3.46166 0.9362059
vn -0.2323356 0.9721711 -0.03005905
v 14264.95 -86.10452 -1687.189
vt -3.145621 0.295149
vn -0.4506477 0.8667537 0.2136695
v 14944.33 110.1716 -1617.483
vt -2.850768 0.8984343
vn -0.2697086 0.9531713 0.1368275
v 14797.23 -94.60123 -966.2215
vt -2.563416 0.295149
vn -0.4231791 0.8256337 0.3731601
vt -2.45443 0.8984342
vn -0.2701253 0.9346468 0.2312309
v 15266.4 -94.5454 -501.6884
vt -2.148311 0.295149
vn -0.2349317 0.7940588 0.5606048
v 15574.91 76.57981 -733.0104
vt -2.131608 0.8984342
vn -0.1381921 0.9201478 0.3663753
v 16100.33 -95.87679 -429.7394
vt -1.737077 0.295149
vn -0.2392238 0.7541043 0.611636
vt -1.769843 0.8984342
vn -0.1393277 0.8964963 0.4205736
v 16539.14 -96.1556 -65.11236
vt -1.434212 0.295149
vn -0.4387229 0.7506476 0.4940146
v 16472.73 69.72841 -562.8386
vt -1.545456 0.8984342
vn -0.2759067 0.9045883 0.3249545
v 17153.03 -96.8662 527.3774
vt -1.185511 0.295149
vn -0.2846914 0.8356854 0.4696602
v 17069.62 67.34386 -76.98376
vt -1.091908 0.8984342
vn -0.1523857 0.9482665 0.2785126
v 17651.48 -97.91953 652.7234
vt -0.9717402 0.295149
vn 0.0189946 0.9118255 0.4101385
vt -0.7247332 0.8984342
vn 0.032834 0.9761896 0.2144198
v 18550.06 -98.62244 312.9148
vt -0.5069582 0.295149
vn 0.1449971 0.9192855 0.3659097
vt -0.5319883 0.8984342
vn 0.09398233 0.9781345 0.1855267
v 17177.29 -52.765 2560.113
vt -3.640515 0.1319998
vn -0.232163 0.9662588 -0.1115544
v 17482.93 -0.8110418 2477.286
vt -4.421843 0.8004615
vn -0.164008 0.954899 -0.2475266
v 17358.21 -0.7451658 2646.787
vt -3.500413 0.8004618
vn -0.2363159 0.9661388 -0.1035882
v 17383.11 -52.86663 2357.846
vt -4.424289 0.1319996
vn -0.1622712 0.954159 -0.2514928
v 17654.78 -0.8565016 2419.644
vt -5.162317 0.8004619
vn -0.06252977 0.9584445 -0.2783417
v 17620.86 -52.93684 2262.82
vt -5.217992 0.1319997
vn -0.08033985 0.9575919 -0.2767008
v 17148.88 -52.74002 2868.768
vt -2.931935 0.1319998
vn -0.2714563 0.9614461 0.04396442
v 17357.81 -0.7289877 2830.824
vt -2.975707 0.800462
vn -0.277571 0.9602287 0.03025261
v 17229.54 -66.76516 3156.166
vt -2.099518 0.1319997
vn -0.3077571 0.9426379 0.1293032
v 17364.6 -0.7176466 3065.797
vt -2.119712 0.8004616
vn -0.3110597 0.9433227 0.11569
v 17396.38 -54.21022 3452.478
vt -1.297518 0.1319997
vn -0.1679036 0.9650602 0.2011647
v 17483.98 -0.714818 3288.286
vt -0.8277483 0.8004616
vn -0.1553321 0.966024 0.206566
v 17804.13 -57.82415 3486.361
vt 0.3255521 0.1319995
vn -0.001948477 0.9692156 0.246206
vt 0.3054285 0.8004614
vn 0.01743534 0.9678629 0.2508733
v 17834.58 -55.81249 2201.073
vt 5.029593 0.1319996
vn 0.01778223 0.9765133 -0.2147223
v 17932.6 -15.96083 2483.026
vt 4.399827 0.8004616
vn 0.08285586 0.9807985 -0.1765477
vt 5.020715 0.8004615
vn 0.04047063 0.9762763 -0.2127126
v 18042.55 -57.16003 2276.849
vt 4.427371 0.1319997
vn 0.0812298 0.9812912 -0.1745546
vt 3.885416 0.8004614
vn 0.07251547 0.9806135 -0.1820402
v 18251.15 -55.82163 2395.196
vt 3.742476 0.1319996
vn 0.08343507 0.9813141 -0.1733821
vt 5.669357 0.8004616
vt 5.687821 0.1319997
v 17844.71 -73.10462 2118.973
vt 5.033032 -0.1268766
vn -0.004934433 0.976243 -0.2166222
v 17607.72 -73.10606 2202.086
vt 5.694972 -0.1268766
vn -0.09810605 0.9564335 -0.2749729
v 5930.484 -50.54499 659.5006
vt -4.282741 0.258333
vn -0.3604199 0.9168985 -0.1714484
v 6087.123 -2.588406 633.1092
vt -4.635664 0.9236234
vn -0.2477538 0.8944358 -0.3722938
v 6032.236 -2.571468 707.701
vt -4.292575 0.9236234
vn -0.3665107 0.9166203 -0.159616
v 6028.085 -50.57312 564.2062
vt -4.592453 0.258333
vn -0.2448625 0.89293 -0.3777807
v 6162.748 -2.600098 607.7427
vt -4.861568 0.9236234
vn -0.1073933 0.8962402 -0.4303722
v 6140.459 -50.59255 519.144
vt -4.864535 0.258333
vn -0.1305678 0.8946189 -0.4273278
v 5916.787 -50.53807 805.9097
vt -4.070443 0.258333
vn -0.3977336 0.9174688 0.007672954
v 6032.062 -2.56731 788.6893
vt -4.045691 0.9236234
vn -0.3995485 0.9166971 0.005234186
v 5933.561 -50.53323 926.8104
vt -3.850041 0.258333
vn -0.3762811 0.9212741 0.09831899
v 6035.05 -2.564396 892.0924
vt -3.830009 0.9236234
vn -0.3748364 0.9217062 0.09977674
v 5976.579 -50.53201 1036.767
vt -3.46805 0.258333
vn -0.2848533 0.9220357 0.2621236
v 6087.585 -2.563663 986.1879
vt -3.313078 0.9236234
vn -0.2777474 0.9208198 0.2737649
v 6079.39 -50.53394 1096.315
vt -3.245233 0.258333
vn -0.207674 0.9050383 0.3711835
vt -3.180348 0.9236234
vn -0.2002459 0.9035986 0.3786965
v 6239.928 -50.5922 492.5435
vt -1.688947 0.258333
vn 0.01327982 0.9248455 -0.3801112
v 6285.008 -2.601456 635.6354
vt -1.860909 0.9236234
vn 0.1513919 0.9320821 -0.3290948
vt -1.691323 0.9236234
vn 0.03331109 0.9241593 -0.380552
v 6340.139 -50.5948 525.0672
vt -1.863833 0.258333
vn 0.1513917 0.9320824 -0.3290943
v 6343.454 -2.601402 671.4027
vt -2.034484 0.9236234
vn 0.2753212 0.9359077 -0.2197159
v 6437.241 -50.59471 584.4918
vt -2.038725 0.258333
vn 0.2753203 0.9359081 -0.2197152
vt -2.240552 0.9236234
vn 0.3567526 0.9256393 -0.1261725
v 6484.521 -50.56163 718.4207
vt -2.25658 0.258333
vn 0.3567509 0.92564 -0.126172
vt -1.49983 0.9236234
vt -1.489861 0.258333
v 6245.728 -68.86297 445.5207
vt -1.688043 0.005055487
vn -0.006836781 0.9251603 -0.3795149
v 6131.974 -68.86337 485.4143
vt -1.486066 0.005055487
vn -0.1536353 0.8925102 -0.424054
v 18085.14 -73.11531 2197.002
vt 4.438038 -0.1268766
vn 0.07960306 0.9817772 -0.1725601
v 18318.1 -73.11494 2339.57
vt 3.68712 -0.1268766
vn 0.09433844 0.9818235 -0.1646903
v 17344.45 -73.02628 2311.591
vt -4.425236 -0.1268766
vn -0.1605334 0.9534016 -0.2554494
vt -5.239553 -0.1268766
v 17107.23 -72.9108 2526.546
vt -3.694772 -0.1268765
vn -0.2279887 0.9663007 -0.1195165
v 17067.97 -72.88241 2883.463
vt -2.914983 -0.1268766
vn -0.2652658 0.9624474 0.0576977
v 17177.24 -92.34348 3191.163
vt -2.091698 -0.1268766
vn -0.3043954 0.9417681 0.1428854
v 17362.45 -74.92746 3516.064
vt -1.479446 -0.1268766
vn -0.1804158 0.9639175 0.1957376
v 17801.71 -72.89255 3563.361
vt 0.3333454 -0.1268767
vn -0.02133152 0.9701812 0.2414404
v 14755.24 -345.2326 -4220.447
vt -5.467795 0.09268034
vn -0.1162475 0.8562756 -0.503268
v 16388.52 -345.1605 -3935.531
vt -6.575662 0.09268034
vn 0.1106704 0.79843 -0.5918289
v 14303.77 -345.2326 -3814.787
vt -4.891406 0.09268034
vn -0.4351358 0.8483355 -0.301635
v 13782.72 -345.2326 -2515.082
vt -3.843424 0.09268034
vn -0.5869273 0.808347 -0.0457319
v 13944.88 -345.2326 -1714.434
vt -3.244577 0.09268034
vn -0.6119932 0.7392015 0.2811504
v 14556.25 -345.2326 -877.2864
vt -2.599993 0.09268034
vn -0.5530819 0.6703573 0.4946933
v 15115.85 -345.2326 -376.419
vt -2.153917 0.09268034
vn -0.3181172 0.6145681 0.7218778
v 16063.38 -345.0851 -252.6925
vt -1.726081 0.09268034
vn -0.3244747 0.5575204 0.764125
v 16570.4 -345.0779 170.6146
vt -1.396878 0.09268034
vn -0.5670319 0.5374343 0.6242108
v 17214.79 -345.2326 824.0355
vt -1.216925 0.09268034
vn -0.4000761 0.6633809 0.6323487
v 17720.79 -345.1015 991.7195
vt -1.054638 0.09268034
vn 0.004084194 0.8064421 0.591299
v 18892.04 -344.9705 591.8098
vt -0.4985579 0.09268034
vn 0.1904144 0.8249487 0.5321672
v 6472.946 -68.86586 551.4046
vt -2.04034 0.005055487
vn 0.2753193 0.9359085 -0.2197146
v 6527.393 -68.82777 705.6317
vt -2.262682 0.005055487
vn 0.3567491 0.9256408 -0.1261716
v 6361.128 -68.86597 482.9737
vt -1.864946 0.005055487
vn 0.1513916 0.9320826 -0.3290937
v 6005.609 -68.841 537.9747
vt -4.576003 0.005055487
vn -0.2419686 0.8913919 -0.3832384
vt -4.865665 0.005055487
v 5891.747 -68.8086 641.1506
vt -4.278996 0.005055487
vn -0.3542565 0.9170144 -0.1832673
v 5872.901 -68.80064 812.4655
vt -4.079866 0.005055487
vn -0.3959131 0.9182323 0.01011376
v 5894.923 -68.79506 940.0276
vt -3.857666 0.005055487
vn -0.3777219 0.9208386 0.09686319
v 5934.318 -68.79366 1056.022
vt -3.527048 0.005055487
vn -0.2919118 0.9230794 0.2504232
v 6059.608 -68.79588 1131.401
vt -3.269934 0.005055487
vn -0.2150784 0.9063751 0.3636282
vt -3.55617 0.6377195
vn -0.2818688 0.9477534 0.1493767
vt -3.738844 0.610497
vn -0.295231 0.9462752 0.1319162
vt 0.2375787 0.6336838
vn 0.1671688 0.9641443 0.2061075
v 4057.764 -9.182472 -347.1029
vt 0.7442725 0.6342517
vn 0.2222248 0.964641 0.141718
vt -0.3350691 0.6162081
vn 0.02461999 0.9595168 0.2805731
vt -0.8928202 0.6414303
vn -0.03229894 0.9598071 0.2787958
vt -1.165124 0.5942285
vn -0.03331655 0.9529291 0.3013572
vt -1.340128 0.6102566
vn -0.156929 0.9349702 0.3181258
vt -1.515132 0.6262846
vn -0.2062847 0.932655 0.2959751
vt -1.771401 0.6308304
vn -0.1421009 0.932064 0.3332626
vt -2.167976 0.6285096
vn -0.1850277 0.9230204 0.3373399
v 3105.041 -7.472881 -355.3469
vt -2.473966 0.6040098
vn -0.2351434 0.9362625 0.2609981
v 3080.225 -10.13251 -381.636
vt -2.57489 0.5959291
vn -0.1915498 0.9495258 0.248414
vt -2.644797 0.590332
vn -0.1726909 0.9454113 0.2763611
v 3011.683 -12.03898 -407.1476
vt -2.758888 0.5405952
vn -0.2254936 0.9489898 0.2203882
vt -3.028424 0.5698991
vn -0.2892002 0.9506466 0.1124025
vt -3.20315 0.6009653
vn -0.3285011 0.9444252 -0.0121669
vt -3.482375 0.6487166
vn -0.3183596 0.947961 0.004141259
vt -4.101727 0.6104901
vn -0.3154345 0.9486141 -0.0251462
v 2923.571 -16.90418 -936.581
vt -4.58097 0.5762385
vn -0.2820717 0.9476334 -0.1497547
vt -4.878686 0.5674818
vn -0.1857281 0.956016 -0.2270209
v 3172.29 -14.33352 -1073.893
vt -5.231083 0.5957205
vn -0.1744972 0.9598621 -0.2195803
vt 5.414656 0.5944737
vn -0.2083825 0.9538437 -0.2162381
vt 6.422122 0.616563
vt 5.064326 0.5603079
vn -0.1104477 0.9570525 -0.2680518
vt 4.457275 0.6454756
vn 0.02502153 0.9670962 -0.2531776
v 3607.238 -9.687572 -1275.579
vt 4.012803 0.6675663
vn 0.09205583 0.9676261 -0.235001
vt 3.464044 0.5564908
vn 0.1015936 0.9651162 -0.2413079
o ber00_0
g polygon_0
usemtl sund0
f 3339/2129/3368 3338/2128/3367 3337/2127/3366
f 3337/2127/3366 3338/2128/3367 3340/2130/3369
f 3338/2128/3367 3341/2131/3370 3340/2130/3369
f 3340/2130/3369 3341/2131/3370 3342/2132/3371
f 3341/2131/3370 3343/2133/3372 3342/2132/3371
f 3342/2132/3371 3343/2133/3372 3344/2134/3373
f 3347/2137/3376 3346/2136/3375 3345/2135/3374
f 3345/2135/3374 3346/2136/3375 3348/2138/3377
f 3346/2136/3375 3349/2139/3378 3348/2138/3377
f 3348/2138/3377 3349/2139/3378 3350/2140/3379
f 3353/2143/3382 3352/2142/3381 3351/2141/3380
f 3351/2141/3380 3352/2142/3381 3354/2144/3383
f 3352/2142/3381 3355/2145/3384 3354/2144/3383
f 3354/2144/3383 3355/2145/3384 3356/2146/3385
f 3355/2145/3384 3357/2147/3386 3356/2146/3385
f 3356/2146/3385 3357/2147/3386 3358/2148/3387
f 3357/2147/3386 3359/2149/3388 3358/2148/3387
f 3358/2148/3387 3359/2149/3388 3360/2150/3389
f 3359/2149/3388 3361/2151/3390 3360/2150/3389
f 3360/2150/3389 3361/2151/3390 3362/2152/3391
f 3361/2151/3390 3363/2153/3392 3362/2152/3391
f 3362/2152/3391 3363/2153/3392 3364/2154/3393
f 3363/2153/3392 3365/2155/3394 3364/2154/3393
f 3364/2154/3393 3365/2155/3394 3366/2156/3395
f 3365/2155/3394 3367/2157/3396 3366/2156/3395
f 3366/2156/3395 3367/2157/3396 3368/2158/3397
f 3367/2157/3396 3369/2159/3398 3368/2158/3397
f 3368/2158/3397 3369/2159/3398 3370/2160/3399
f 3369/2159/3398 3339/2129/3368 3370/2160/3399
f 3370/2160/3399 3339/2129/3368 3337/2127/3366
f 3373/2163/3402 3372/2162/3401 3371/2161/3400
f 3371/2161/3400 3372/2162/3401 3374/2164/3403
f 3372/2162/3401 3375/2165/3404 3374/2164/3403
f 3374/2164/3403 3375/2165/3404 3376/2166/3405
f 3375/2165/3404 3377/2167/3406 3376/2166/3405
f 3376/2166/3405 3377/2167/3406 3378/2168/3407
f 3377/2167/3406 3379/2169/3408 3378/2168/3407
f 3378/2168/3407 3379/2169/3408 3380/2170/3409
f 3379/2169/3408 3350/2171/3379 3380/2170/3409
f 3380/2170/3409 3350/2171/3379 3349/2172/3378
f 3383/2175/3412 3382/2174/3411 3381/2173/3410
f 3381/2173/3410 3382/2174/3411 3384/2176/3413
f 3382/2174/3411 3347/2137/3376 3384/2176/3413
f 3384/2176/3413 3347/2137/3376 3345/2135/3374
f 3387/2179/3416 3386/2178/3415 3385/2177/3414
f 3385/2177/3414 3386/2178/3415 3388/2180/3417
f 3386/2178/3415 3389/2181/3418 3388/2180/3417
f 3388/2180/3417 3389/2181/3418 3390/2182/3419
f 3389/2181/3418 3353/2143/3382 3390/2182/3419
f 3390/2182/3419 3353/2143/3382 3351/2141/3380
f 3392/2185/3422 3391/2184/3421 324/2183/3420
f 324/2183/3420 3391/2184/3421 3393/2186/3423
f 3391/2184/3421 3394/2187/3424 3393/2186/3423
f 3393/2186/3423 3394/2187/3424 326/2188/3425
f 3394/2187/3424 3395/2189/3426 326/2188/3425
f 326/2188/3425 3395/2189/3426 328/2190/3427
f 3395/2189/3426 3396/2191/3428 328/2190/3427
f 328/2190/3427 3396/2191/3428 3397/2192/3429
f 3396/2191/3428 3398/2193/3430 3397/2192/3429
f 3397/2192/3429 3398/2193/3430 332/2194/3431
f 3398/2193/3430 3399/2195/3432 332/2194/3431
f 332/2194/3431 3399/2195/3432 3400/2196/3433
f 3399/2195/3432 3401/2197/3434 3400/2196/3433
f 3400/2196/3433 3401/2197/3434 336/2198/3435
f 3401/2197/3434 3402/2199/3436 336/2198/3435
f 336/2198/3435 3402/2199/3436 3403/2200/3437
f 3402/2199/3436 3404/2201/3438 3403/2200/3437
f 3403/2200/3437 3404/2201/3438 3405/2202/3439
f 3404/2201/3438 3406/2203/3440 3405/2202/3439
f 3405/2202/3439 3406/2203/3440 341/2204/3441
f 3406/2203/3440 3407/2205/3442 341/2204/3441
f 341/2204/3441 3407/2205/3442 343/2206/3443
f 3410/2209/3446 3409/2208/3445 3408/2207/3444
f 3408/2207/3444 3409/2208/3445 3411/2210/3447
f 3409/2208/3445 3412/2211/3448 3411/2210/3447
f 3411/2210/3447 3412/2211/3448 3413/2212/3449
f 3408/2207/3444 3414/2213/3450 3410/2209/3446
f 3410/2209/3446 3414/2213/3450 3415/2214/3451
f 3414/2213/3450 3416/2215/3452 3415/2214/3451
f 3415/2214/3451 3416/2215/3452 3417/2216/3453
f 3416/2215/3452 3418/2217/3454 3417/2216/3453
f 3417/2216/3453 3418/2217/3454 3419/2218/3455
f 3418/2217/3454 3420/2219/3456 3419/2218/3455
f 3419/2218/3455 3420/2219/3456 403/2220/3457
f 392/2223/3460 3422/2222/3459 3421/2221/3458
f 3421/2221/3458 3422/2222/3459 3423/2224/3461
f 3422/2222/3459 391/2225/3462 3423/2224/3461
f 3423/2224/3461 391/2225/3462 3424/2226/3463
f 392/2223/3460 3421/2221/3458 3412/2227/3448
f 3412/2227/3448 3421/2221/3458 3413/2228/3449
f 3421/2221/3458 3425/2229/3464 3413/2228/3449
f 3413/2228/3449 3425/2229/3464 3426/2230/3465
f 3429/2233/3468 3428/2232/3467 3427/2231/3466
f 3427/2231/3466 3428/2232/3467 3430/2234/3469
f 3428/2232/3467 3431/2235/3470 3430/2234/3469
f 3430/2234/3469 3431/2235/3470 3432/2236/3471
f 3427/2231/3466 3433/2237/3472 3429/2233/3468
f 3429/2233/3468 3433/2237/3472 3434/2238/3473
f 3433/2237/3472 3435/2239/3474 3434/2238/3473
f 3434/2238/3473 3435/2239/3474 3436/2240/3475
f 3435/2239/3474 3437/2241/3476 3436/2240/3475
f 3436/2240/3475 3437/2241/3476 3438/2242/3477
f 3437/2241/3476 3439/2243/3478 3438/2242/3477
f 3438/2242/3477 3439/2243/3478 380/2244/3479
f 377/2247/3482 3441/2246/3481 3440/2245/3480
f 3440/2245/3480 3441/2246/3481 3442/2248/3483
f 3441/2246/3481 3443/2249/3484 3442/2248/3483
f 3442/2248/3483 3443/2249/3484 3444/2250/3485
f 3443/2249/3484 382/2251/3486 3444/2250/3485
f 3444/2250/3485 382/2251/3486 3445/2252/3487
f 377/2247/3482 3440/2245/3480 3431/2253/3470
f 3431/2253/3470 3440/2245/3480 3432/2254/3471
f 3440/2245/3480 3446/2255/3488 3432/2254/3471
f 3432/2254/3471 3446/2255/3488 3447/2256/3489
f 3449/2258/3491 3448/2257/3490 3424/2226/3463
f 3424/2226/3463 3448/2257/3490 3423/2224/3461
f 3448/2257/3490 3425/2229/3464 3423/2224/3461
f 3423/2224/3461 3425/2229/3464 3421/2221/3458
f 3426/2260/3465 3450/2259/3492 3413/2212/3449
f 3413/2212/3449 3450/2259/3492 3411/2210/3447
f 3450/2259/3492 3451/2261/3493 3411/2210/3447
f 3411/2210/3447 3451/2261/3493 3408/2207/3444
f 3451/2261/3493 3452/2262/3494 3408/2207/3444
f 3408/2207/3444 3452/2262/3494 3414/2213/3450
f 3452/2262/3494 3453/2263/3495 3414/2213/3450
f 3414/2213/3450 3453/2263/3495 3416/2215/3452
f 3453/2263/3495 3454/2264/3496 3416/2215/3452
f 3416/2215/3452 3454/2264/3496 3418/2217/3454
f 3454/2264/3496 3455/2265/3497 3418/2217/3454
f 3418/2217/3454 3455/2265/3497 3420/2219/3456
f 3457/2267/3499 3456/2266/3498 3392/2185/3422
f 3392/2185/3422 3456/2266/3498 3391/2184/3421
f 3456/2266/3498 3458/2268/3500 3391/2184/3421
f 3391/2184/3421 3458/2268/3500 3394/2187/3424
f 3458/2268/3500 3459/2269/3501 3394/2187/3424
f 3394/2187/3424 3459/2269/3501 3395/2189/3426
f 3459/2269/3501 3460/2270/3502 3395/2189/3426
f 3395/2189/3426 3460/2270/3502 3396/2191/3428
f 3460/2270/3502 3461/2271/3503 3396/2191/3428
f 3396/2191/3428 3461/2271/3503 3398/2193/3430
f 3461/2271/3503 3462/2272/3504 3398/2193/3430
f 3398/2193/3430 3462/2272/3504 3399/2195/3432
f 3462/2272/3504 3463/2273/3505 3399/2195/3432
f 3399/2195/3432 3463/2273/3505 3401/2197/3434
f 3463/2273/3505 3464/2274/3506 3401/2197/3434
f 3401/2197/3434 3464/2274/3506 3402/2199/3436
f 3464/2274/3506 3465/2275/3507 3402/2199/3436
f 3402/2199/3436 3465/2275/3507 3404/2201/3438
f 3465/2275/3507 3466/2276/3508 3404/2201/3438
f 3404/2201/3438 3466/2276/3508 3406/2203/3440
f 3466/2276/3508 3467/2277/3509 3406/2203/3440
f 3406/2203/3440 3467/2277/3509 3407/2205/3442
f 3469/2279/3511 3468/2278/3510 3445/2252/3487
f 3445/2252/3487 3468/2278/3510 3444/2250/3485
f 3468/2278/3510 3470/2280/3512 3444/2250/3485
f 3444/2250/3485 3470/2280/3512 3442/2248/3483
f 3470/2280/3512 3446/2255/3488 3442/2248/3483
f 3442/2248/3483 3446/2255/3488 3440/2245/3480
f 3447/2282/3489 3471/2281/3513 3432/2236/3471
f 3432/2236/3471 3471/2281/3513 3430/2234/3469
f 3471/2281/3513 3472/2283/3514 3430/2234/3469
f 3430/2234/3469 3472/2283/3514 3427/2231/3466
f 3472/2283/3514 3473/2284/3515 3427/2231/3466
f 3427/2231/3466 3473/2284/3515 3433/2237/3472
f 3473/2284/3515 3474/2285/3516 3433/2237/3472
f 3433/2237/3472 3474/2285/3516 3435/2239/3474
f 3474/2285/3516 3475/2286/3517 3435/2239/3474
f 3435/2239/3474 3475/2286/3517 3437/2241/3476
f 3475/2286/3517 3476/2287/3518 3437/2241/3476
f 3437/2241/3476 3476/2287/3518 3439/2243/3478
f 3387/2179/3416 3385/2177/3414 3381/2173/3410
f 3381/2173/3410 3385/2177/3414 3383/2175/3412
f 3385/2177/3414 282/2288/3519 3383/2175/3412
f 3383/2175/3412 282/2288/3519 273/2289/3520
f 3477/2291/3522 225/2290/3521 3344/2134/3373
f 3344/2134/3373 225/2290/3521 3342/2132/3371
f 225/2290/3521 224/2292/3523 3342/2132/3371
f 3342/2132/3371 224/2292/3523 3340/2130/3369
f 224/2292/3523 317/2293/3524 3340/2130/3369
f 3340/2130/3369 317/2293/3524 3337/2127/3366
f 317/2293/3524 175/2294/3525 3337/2127/3366
f 3337/2127/3366 175/2294/3525 3370/2160/3399
f 175/2294/3525 174/2295/3526 3370/2160/3399
f 3370/2160/3399 174/2295/3526 3368/2158/3397
f 174/2295/3526 306/2296/3527 3368/2158/3397
f 3368/2158/3397 306/2296/3527 3366/2156/3395
f 306/2296/3527 288/2297/3528 3366/2156/3395
f 3366/2156/3395 288/2297/3528 3364/2154/3393
f 288/2297/3528 287/2298/3529 3364/2154/3393
f 3364/2154/3393 287/2298/3529 3362/2152/3391
f 287/2298/3529 3478/2299/3530 3362/2152/3391
f 3362/2152/3391 3478/2299/3530 3360/2150/3389
f 3478/2299/3530 3479/2300/3531 3360/2150/3389
f 3360/2150/3389 3479/2300/3531 3358/2148/3387
f 3479/2300/3531 305/2301/3532 3358/2148/3387
f 3358/2148/3387 305/2301/3532 3356/2146/3385
f 305/2301/3532 3480/2302/3533 3356/2146/3385
f 3356/2146/3385 3480/2302/3533 3354/2144/3383
f 3480/2302/3533 303/2303/3534 3354/2144/3383
f 3354/2144/3383 303/2303/3534 3351/2141/3380
f 303/2303/3534 263/2304/3535 3351/2141/3380
f 3351/2141/3380 263/2304/3535 3390/2182/3419
f 263/2304/3535 262/2305/3536 3390/2182/3419
f 3390/2182/3419 262/2305/3536 3388/2180/3417
f 262/2305/3536 282/2288/3519 3388/2180/3417
f 3388/2180/3417 282/2288/3519 3385/2177/3414
f 273/2289/3520 272/2306/3537 3383/2175/3412
f 3383/2175/3412 272/2306/3537 3382/2174/3411
f 272/2306/3537 3481/2307/3538 3382/2174/3411
f 3382/2174/3411 3481/2307/3538 3347/2137/3376
f 3481/2307/3538 192/2308/3539 3347/2137/3376
f 3347/2137/3376 192/2308/3539 3346/2136/3375
f 192/2308/3539 3482/2309/3540 3346/2136/3375
f 3346/2136/3375 3482/2309/3540 3349/2139/3378
f 3482/2311/3540 293/2310/3541 3349/2172/3378
f 3349/2172/3378 293/2310/3541 3380/2170/3409
f 293/2310/3541 292/2312/3542 3380/2170/3409
f 3380/2170/3409 292/2312/3542 3378/2168/3407
f 292/2312/3542 318/2313/3543 3378/2168/3407
f 3378/2168/3407 318/2313/3543 3376/2166/3405
f 318/2313/3543 3483/2314/3544 3376/2166/3405
f 3376/2166/3405 3483/2314/3544 3374/2164/3403
f 3483/2314/3544 319/2315/3545 3374/2164/3403
f 3374/2164/3403 319/2315/3545 3371/2161/3400
v 2799.623 -18.5514 -1731.658
vt 5.015936 -2.702945
vn 0.1284856 0.9890798 0.07219727
v 2971.553 -33.01022 -1814.069
vt 5.445762 -2.496916
vn 0.1646644 0.9859226 0.02902019
v 2926.057 -30.5175 -1735.527
vt 5.332021 -2.693271
vn 0.1540158 0.9854471 0.07192349
v 2810.117 -17.24947 -1891.119
vt 5.042171 -2.304291
vn 0.09979706 0.9950056 0.002075258
v 2980.02 -35.96644 -1913.331
vt 5.46693 -2.248761
vn 0.2997535 0.9467196 -0.1177694
v 2806.017 -17.25101 -1990.39
vt 5.03192 -2.056113
vn 0.1479468 0.9884738 -0.03211229
v 2988.423 -49.01926 -1930.861
vt 5.487936 -2.204937
vn 0.1775332 0.9840787 0.008419937
v 2844.44 -17.25256 -2050.484
vt 5.127979 -1.905879
v 3011.208 -49.56972 -1992.283
vt 5.5449 -2.051382
vn 0.1560835 0.9832406 0.09421142
v 2869.845 -17.25456 -2098.351
vt 5.191492 -1.78621
v 3063.832 -48.16801 -2080.293
vt 5.67646 -1.831355
vn 0.1567274 0.980057 0.1221665
v 2917.327 -17.2568 -2143.25
vt 5.310197 -1.673965
v 3161.973 -51.22594 -2206.726
vt 5.921812 -1.515274
vn 0.1489945 0.9824176 0.1125002
v 3018.35 -17.26257 -2261.64
vt 5.562755 -1.377988
v 3216.149 -34.71018 -2345.956
vt 6.057251 -1.167199
vn 0.1479921 0.9873554 0.05681064
v 3041.88 -17.13468 -2386.302
vt 5.62158 -1.066332
vn 0.1184838 0.9911128 0.06047172
v 3185.329 -28.49525 -2584.7
vt 5.980201 -0.5703375
vn 0.1441535 0.9894639 0.01344426
v 3098.245 -17.07317 -2587.428
vt 5.762493 -0.5635185
vn 0.105373 0.9944236 0.004262337
v 3172.094 -28.38904 -2889.814
vt 5.947114 0.1924469
vn 0.1137629 0.992818 -0.03701722
v 3042.725 -17.08269 -2875.357
vt 5.623693 0.1563038
vn 0.09228817 0.9950899 -0.03576086
v 3030.255 -28.38707 -3080.87
vt 5.592517 0.6700873
vn 0.1001385 0.9935536 -0.05313542
v 2940.964 -17.08028 -3014.026
vt 5.369289 0.5029755
vn 0.08026881 0.9957222 -0.04576214
v 2943.275 -28.38511 -3361.433
vt 5.375068 1.371494
vn 0.1041511 0.9943873 -0.01861135
v 2807.456 -17.0781 -3285.064
vt 5.035521 1.180572
vn 0.06326295 0.9977898 -0.02032834
v 2957.878 -28.38548 -3772.503
vt 5.411574 2.39917
vn 0.1041262 0.9945592 0.003105296
v 2669.79 -17.07861 -3530.262
vt 4.691353 1.793568
vn 0.04670268 0.9988704 -0.008759083
v 2234.651 -43.21609 -1732.126
vt 3.603507 -2.701772
vn -0.3586325 0.9322609 0.04766721
v 2304.795 -28.48127 -1667.241
vt 3.778867 -2.863987
vn -0.2441886 0.9661089 0.08369838
v 2270.863 -43.75905 -1579.498
vt 3.694037 -3.083342
vn -0.2477227 0.9654455 0.08092207
v 2260.059 -28.49124 -1807.113
vt 3.667027 -2.514307
vn -0.3040453 0.9516288 0.04426017
v 2342.608 -17.18597 -1687.904
vt 3.873399 -2.812328
vn -0.2406505 0.9667522 0.08647224
v 2301.04 -17.1947 -1810.971
vt 3.769478 -2.50466
vn -0.2486365 0.9677406 0.04071718
v 2367.396 -43.33694 -1356.535
vt 3.935368 -3.64075
vn -0.1667953 0.9813532 0.09552523
v 2426.625 -28.47532 -1407.175
vt 4.083442 -3.514152
vn -0.1399686 0.9835254 0.1143963
v 2395.923 -48.82615 -1249.402
vt 4.006686 -3.908582
vn -0.1261363 0.9867685 0.1018692
v 2399.72 -28.47271 -1457.799
vt 4.01618 -3.38759
vn -0.1800881 0.9767446 0.1163536
v 2467.375 -28.48043 -1376.418
vt 4.185316 -3.591044
vn -0.1007649 0.9870057 0.1251642
v 2435.8 -17.16881 -1475.36
vt 4.106379 -3.343688
vn -0.1606473 0.9771465 0.1392014
v 2217.362 -49.08179 -1827.542
vt 3.560285 -2.463234
vn -0.3348386 0.9410894 0.04726226
v 2256.954 -28.48728 -1923.644
vt 3.659265 -2.222978
vn -0.2721526 0.9621775 0.01213743
v 2305.003 -17.18898 -1910.995
vt 3.779387 -2.254602
vn -0.2083351 0.9777907 -0.02284152
v -708.9562 -15.43917 -4447.716
vt -3.75551 4.087204
vn -0.01915547 0.998246 -0.05601721
v -1171.777 -29.35663 -4373.356
vt -4.912562 3.901303
vn -0.09975023 0.9942213 -0.03967093
v -947.6956 -19.16375 -4686.425
vt -4.352359 4.683976
vn -0.07984553 0.9956906 -0.04716621
v -963.3246 -4.100501 -4285.875
vt -4.391432 3.6826
vn -0.03462399 0.9987454 -0.03617665
v -1183.731 -21.70419 -4169.462
vt -4.942447 3.391568
vn -0.1336161 0.9910289 -0.002884198
v -1010.456 -4.11607 -3961.533
vt -4.509261 2.871746
vn -0.08942843 0.9958265 0.01822404
v -1305.084 -40.80105 -4165.495
vt -5.245831 3.381651
vn -0.1540527 0.9880297 0.008061436
v -1237.155 -43.92629 -3930.797
vt -5.076009 2.794905
vn -0.1584999 0.9857994 0.05547182
v -293.4937 -3.727389 -3348.007
vt -2.716855 1.33793
vn -0.0234552 0.9980148 0.05844776
v -572.0184 -24.25751 -3189.281
vt -3.413166 0.9411157
vn -0.06942362 0.9957799 0.06002141
v -435.4032 0.2225261 -3429.479
vt -3.071628 1.541611
vn -0.05364484 0.9967114 0.06073346
v -403.0058 -23.5141 -3039.291
vt -2.990635 0.5661408
vn -0.04713877 0.9982885 0.03460985
v -737.7385 -46.32116 -3030.846
vt -3.827466 0.5450269
vn -0.08417138 0.9947664 0.05792222
v -633.8402 -47.4264 -2861.758
vt -3.567721 0.1223066
vn -0.1015434 0.9945211 0.02482855
v 243.1937 -28.93141 -2926.738
vt -1.375136 0.2847571
vn -0.000901669 0.9974116 0.07189669
v 319.3326 -29.9624 -2998.332
vt -1.184789 0.4637421
vn 0.008127491 0.9990267 0.04335389
v 337.9438 -29.48881 -2865.796
vt -1.138261 0.1324018
vn -0.02041505 0.9983317 0.05400969
v 228.168 -20.36527 -3036.875
vt -1.4127 0.5600995
vn 0.01878862 0.9980298 0.0598613
v 320.9917 -21.40292 -3105.188
vt -1.180641 0.7308832
vn -0.0004434834 0.9963451 0.08541763
v 193.4134 -0.4068265 -3311.631
vt -1.499587 1.246989
vn 0.00583813 0.9965336 0.08298498
v 369.7816 -19.83746 -3100.634
vt -1.058666 0.7194977
vn -0.01612419 0.9957593 0.09057201
v 361.8702 -0.2554173 -3289.856
vt -1.078445 1.192553
vn -0.01503392 0.9939458 0.1088379
v 433.0996 -20.29532 -3100.411
vt -0.9003713 0.7189392
vn -0.000346748 0.9957485 0.09211214
v 530.327 -0.1040044 -3268.082
vt -0.6573031 1.138117
vn -0.0009825059 0.99442 0.1054882
v 473.1595 -27.47198 -2998.508
vt -0.8002217 0.4641821
vn 0.0003518024 0.9991925 0.0401764
v 563.4847 -26.83097 -3036.274
vt -0.5744087 0.558598
vn 0.01464559 0.9975098 0.06898987
v 491.7424 -26.40701 -2866.127
vt -0.7537645 0.1332306
vn 0.01493934 0.9984818 0.0530169
v 557.9398 -27.7136 -2915.44
vt -0.5882711 0.2565119
vn 0.03871807 0.9980259 0.04944818
v 1308.844 -48.69755 -2688.183
vt 1.288991 -0.3116295
vn -0.02692799 0.9828135 0.1826266
v 1458.855 -38.45112 -2738.509
vt 1.664017 -0.1858147
vn -0.01659255 0.9892778 0.1451002
v 1454.972 -50.80564 -2671.187
vt 1.65431 -0.3541217
vn -0.02015548 0.9842579 0.1755847
v 1310.256 -34.23494 -2771.389
vt 1.292519 -0.1036162
vn -0.01693967 0.9902856 0.1380126
v 1460.224 -26.85533 -2814.832
vt 1.66744 0.004991531
vn -0.0007064051 0.9966282 0.08204643
v 1303.737 -24.93111 -2898.232
vt 1.276221 0.2134925
vn 0.002941756 0.9967145 0.08094062
v 1518.059 -20.49934 -3036.556
vt 1.812026 0.5593012
vn 0.01160103 0.9987057 0.04951979
v 1346.384 -9.155938 -3088.473
vt 1.382838 0.6890936
vn 0.01279803 0.9975513 0.06875607
v 1002.218 -24.929 -2953.667
vt 0.5224251 0.3520795
vn -0.03462642 0.9979742 0.05337077
v 1164.749 -31.43725 -2811.606
vt 0.9287511 -0.003071785
vn -0.003815513 0.9906762 0.1361837
v 1022.916 -30.42905 -2788.215
vt 0.5741693 -0.06155086
vn -0.009499797 0.9914991 0.1297657
v 1135.444 -18.04904 -2953.616
vt 0.85549 0.3519526
vn -0.01938353 0.9973424 0.07023039
v 1051.232 -9.157382 -3237.989
vt 0.644959 1.062884
vn -0.04648285 0.9974995 0.05323579
v 1168.562 2.187458 -3221.551
vt 0.9382848 1.02179
vn -0.03350053 0.9972041 0.06679548
v 2157.162 -56.32129 -1944.707
vt 3.409784 -2.17032
vn -0.2542244 0.9593487 0.122556
v 2218.328 -31.99097 -1992.397
vt 3.5627 -2.051096
vn -0.1871589 0.9817787 0.03289508
v 2203.712 -50.8667 -1846.482
vt 3.52616 -2.415884
vn -0.2604034 0.9612802 0.09016854
v 2174.358 -39.32771 -2035.586
vt 3.452775 -1.943123
vn -0.1704153 0.9845012 0.0414238
v 2262.6 -28.08121 -2033.399
vt 3.673379 -1.948591
vn -0.09018862 0.9959142 -0.004569442
v 2198.788 -36.52987 -2067.479
vt 3.513849 -1.863391
vn -0.1353074 0.9906077 -0.01970254
v 2272.575 -25.88207 -1978.835
vt 3.698317 -2.085
vn -0.1504604 0.988533 -0.01281335
v 1806.492 -31.57329 -2805.987
vt 2.533108 -0.01712096
vn -0.004061213 0.9985307 0.0540353
v 1833.3 -37.25972 -2647.019
vt 2.60013 -0.4145416
vn -0.08540487 0.9931983 0.07913872
v 1738.383 -37.63795 -2715.567
vt 2.362837 -0.2431695
vn -0.03261045 0.993059 0.113005
v 1900.416 -31.83512 -2751.782
vt 2.767919 -0.1526324
vn -0.01167628 0.9994564 0.03082838
v 1904.105 -32.76307 -2631.972
vt 2.777143 -0.4521575
vn -0.07084862 0.996542 0.04341025
v 1978.549 -31.83599 -2720.275
vt 2.963252 -0.2314001
vn -0.004068122 0.9998916 0.0141424
v 1919.195 -32.87904 -2546.614
vt 2.814868 -0.6655536
vn -0.116047 0.9912342 0.06314761
v 2025.844 -33.1124 -2648.604
vt 3.08149 -0.4105767
vn -0.007537555 0.999945 -0.007290883
v 1967.663 -31.62629 -2466.597
vt 2.936037 -0.8655956
vn -0.1586947 0.9846794 0.07226578
v 2049.479 -28.71672 -2561.661
vt 3.140579 -0.6279345
vn -0.008477298 0.9998782 -0.01309946
v 1995.069 -33.9794 -2395.069
vt 3.004552 -1.044415
vn -0.1498078 0.9792527 0.1364612
v 2065.366 -25.5966 -2452.73
vt 3.180296 -0.9002631
vn -0.005014661 0.9993736 0.03503256
v 857.0947 -16.97307 -3150.753
vt 0.1596164 0.8447949
vn -0.01880014 0.997449 0.0688612
v 719.3145 -29.31997 -3006.696
vt -0.1848342 0.4846528
vn -0.004593921 0.9965694 0.08263292
v 730.8922 -10.30311 -3199.211
vt -0.1558899 0.9659412
vn 0.001078603 0.9955351 0.09438558
v 812.7885 -31.06234 -2942.779
vt 0.04885059 0.3248603
vn -0.03655972 0.997254 0.06440394
v 692.4763 -41.88492 -2909.315
vt -0.2519299 0.2412
vn 0.00714203 0.9981498 0.06038136
v 817.3673 -36.56519 -2814.429
vt 0.06029789 0.003985643
vn -0.03533855 0.9951533 0.0917657
v 1165.843 -52.30595 -2712.599
vt 0.9314861 -0.2505896
vn -0.00233973 0.9801519 0.1982339
v 1024.829 -51.80186 -2687.335
vt 0.5789513 -0.3137512
vn 0.003835163 0.9786926 0.2052948
v 2529.012 -44.3042 -1194.082
vt 4.33941 -4.046884
vn -0.05065169 0.991033 0.1236447
v 2505.824 -48.08262 -1183.609
vt 4.281439 -4.073065
vn -0.1059544 0.9869243 0.1214661
v 2534.228 -17.17176 -1409.985
vt 4.35245 -3.507124
vn -0.06543038 0.9893385 0.1301079
v 2584.917 -37.83836 -1248.482
vt 4.479172 -3.910884
vn 0.05780238 0.9913937 0.1174617
v 2573.454 -17.16957 -1410.385
vt 4.450515 -3.506125
v 2667.584 -39.92397 -1299.85
vt 4.68584 -3.782463
vn 0.08559315 0.9892103 0.118898
v 2629.927 -21.33535 -1443.473
vt 4.591697 -3.423407
v 2752.582 -43.8113 -1328.138
vt 4.898334 -3.711743
vn 0.1355205 0.984203 0.1139235
v 2701.793 -17.16401 -1491.179
vt 4.771363 -3.304142
v 2813.488 -51.54964 -1389.557
vt 5.050599 -3.558197
vn 0.2138173 0.9713684 0.1035634
v 2742.234 -18.18829 -1558.89
vt 4.872464 -3.134863
v 2837.789 -47.04037 -1492.856
vt 5.111351 -3.29995
vn 0.24163 0.9661428 0.09045891
v 2774.552 -19.21252 -1600.424
vt 4.953259 -3.031029
v 2866.465 -48.62094 -1546.453
vt 5.183041 -3.165956
vn 0.1630878 0.9807479 0.1074045
v 2904.586 -45.45819 -1587.231
vt 5.278345 -3.064012
vn 0.08312729 0.9863303 0.1422757
v 2902.093 -31.24405 -1682.975
vt 5.27211 -2.824652
vn 0.1180213 0.9864394 0.1140533
v 2466.057 -48.72323 -1195.8
vt 4.182021 -4.042589
vn -0.06755841 0.9915414 0.1108219
v 2330.347 -17.18717 -1954.497
vt 3.842746 -2.145847
vn -0.138857 0.9889101 -0.05268127
v 2362.327 -17.18537 -1995.202
vt 3.922698 -2.044083
vn -0.08635268 0.9923446 -0.08829056
v 2313.019 -23.27686 -2023.567
vt 3.799427 -1.97317
vn -0.06507573 0.9966487 -0.04956176
v 2474.429 -17.18176 -2062.522
vt 4.202952 -1.875782
vn -0.07246648 0.9949836 -0.06896438
v 2349.66 -29.05747 -2089.598
vt 3.891029 -1.808093
vn -0.01999083 0.9988222 -0.04420881
v 2521.316 -17.18253 -2171.39
vt 4.32017 -1.603612
vn -0.07785232 0.9969593 0.003326845
v 2346.077 -30.14277 -2187.142
vt 3.882072 -1.564233
vn -0.0373361 0.9993024 0.0007116542
v -694.9511 -21.3362 -3384.103
vt -3.720498 1.42817
vn -0.08653814 0.993547 0.07331786
v -942.5054 -11.04229 -3687.172
vt -4.339384 2.185842
vn -0.08933004 0.9941472 0.06075645
v -847.1963 -46.79062 -3287.126
vt -4.101111 1.185729
vn -0.1111425 0.9899568 0.08736557
v -1152.17 -42.4697 -3676.653
vt -4.863545 2.159547
vn -0.1381123 0.9866694 0.08607233
v -135.304 -27.39885 -2983.138
vt -2.321381 0.4257587
vn 0.01605414 0.9994457 0.02916257
v -255.0287 -27.09372 -2809.796
vt -2.620692 -0.007598162
vn -0.00324592 0.9977897 0.06636979
v -269.3815 -22.9726 -2981.88
vt -2.656574 0.4226123
vn 0.01153173 0.9994284 0.0317776
v -94.31786 -26.59221 -2837.577
vt -2.218915 0.06185615
vn 0.01884304 0.9987611 0.04605523
v -217.7193 -50.61869 -2589.518
vt -2.527419 -0.5582916
vn -0.0005066572 0.9944256 0.1054386
v 7.639506 -48.322 -2635.177
vt -1.964022 -0.4441454
vn 0.0253641 0.9947709 0.09893117
v 2240.135 -20.63778 -2512.87
vt 3.617217 -0.749912
vn -0.08120526 0.996516 0.01901344
v 2175.183 -31.92956 -2388.308
vt 3.454838 -1.061317
vn -0.02653894 0.9994354 0.02060137
v 2122.26 -31.90098 -2485.831
vt 3.322529 -0.8175108
vn -0.008138808 0.9999661 0.001239166
v 2291.365 -20.69078 -2437.918
vt 3.745293 -0.9372923
vn -0.07543906 0.996419 0.03818409
v 2226.606 -28.77046 -2313.319
vt 3.583395 -1.248792
vn -0.0474397 0.9982712 0.03469974
v 2359.591 -18.92825 -2383.081
vt 3.915857 -1.074385
vn -0.06118269 0.9974767 0.03601079
v 2297.848 -27.5003 -2261.498
vt 3.7615 -1.378344
vn -0.04567722 0.9984373 0.03219434
v 2453.951 -17.16569 -2311.55
vt 4.151756 -1.253213
vn -0.05306723 0.9973201 0.0503622
v 2488.931 -17.17761 -2258.093
vt 4.239206 -1.386857
vn -0.06557906 0.9969423 0.04248997
v 2022.144 -53.29026 -2292.622
vt 3.07224 -1.300533
vn -0.1241438 0.9733293 0.1929203
v 1958.578 -55.57776 -2328.604
vt 2.913326 -1.210577
vn -0.2232175 0.9569951 0.1852949
v 1913.375 -20.49779 -3034.519
vt 2.800317 0.5542096
vn 0.004076406 0.9989362 0.04593133
v 2121.799 -21.13044 -3080.439
vt 3.321377 0.6690106
vn -0.005895216 0.9993922 0.03435655
v 2037.252 -32.27531 -2783.519
vt 3.11001 -0.07329035
vn -0.01544121 0.9996207 0.02279948
v 2100.252 -32.11366 -2707.835
vt 3.267509 -0.2624993
vn -0.02689546 0.9996355 0.002336241
v 2115.13 -32.00732 -2607.827
vt 3.304705 -0.5125195
vn -0.02077525 0.9997057 -0.01251673
v 2122.384 -30.18375 -2349.84
vt 3.322839 -1.157488
vn -0.07460127 0.9948865 0.06808303
v 2158.501 -34.93443 -2244.375
vt 3.413131 -1.421149
vn -0.1226555 0.991365 0.04637865
v 2219.153 -34.2533 -2207.154
vt 3.56476 -1.514204
vn -0.08505609 0.9958399 0.03268345
v 2253.116 -26.84282 -2164.438
vt 3.649668 -1.620993
vn -0.07458271 0.9972147 -0.0002503707
v 2286.654 -22.92855 -2084.656
vt 3.733513 -1.820449
vn -0.0771778 0.9969743 -0.009248392
v 2296.657 -19.17367 -2861.665
vt 3.758523 0.1220746
vn -0.05382315 0.9984608 0.01338037
v 2292.867 -19.90572 -2686.047
vt 3.749048 -0.3169701
vn -0.07318047 0.9973145 -0.002905026
v 2223.812 -20.15206 -3005.664
vt 3.576409 0.4820716
vn -0.03725612 0.9989842 0.0253482
v 1621.722 -31.69316 -2782.794
vt 2.071185 -0.07510304
vn 0.002110894 0.9971175 0.07584209
v 1703.848 -20.49858 -3007.368
vt 2.276499 0.4863318
vn 0.006459967 0.9988955 0.0465391
v 1592.598 -38.91998 -2712.749
vt 1.998374 -0.250216
vn -0.0109835 0.9900703 0.1401431
v 1577.38 -51.04007 -2646.744
vt 1.960328 -0.4152282
vn -0.01971004 0.9843693 0.1750101
v 1708.38 -50.39905 -2642.696
vt 2.28783 -0.4253484
vn -0.05293608 0.9851104 0.1635701
v 2333.295 -28.47569 -1590.889
vt 3.850117 -3.054866
vn -0.2251464 0.9704969 0.08628318
v 2302.698 -43.4692 -1500.503
vt 3.773623 -3.280831
vn -0.22412 0.9708303 0.08519794
v 2379.68 -17.17485 -1597.798
vt 3.966079 -3.037593
vn -0.2261722 0.9701613 0.08736821
v 785.4401 -53.81301 -2702.465
vt -0.01952038 -0.2759252
vn -0.01629677 0.9922081 0.1235211
v 741.9095 -51.68494 -2704.507
vt -0.1283468 -0.2708197
vn 0.005261818 0.9943393 0.1061198
v 715.6863 -40.20697 -2767.244
vt -0.1939047 -0.1139764
vn 0.02083285 0.9965412 0.08044537
v 340.8074 -35.28623 -2776.75
vt -1.131102 -0.09021115
vn -0.03346479 0.99332 0.1104321
v 425.0947 -51.23038 -2661.776
vt -0.9203838 -0.3776476
vn 0.005818764 0.9909135 0.1343744
v 284.7257 -49.2225 -2685.948
vt -1.271306 -0.3172168
vn -0.04102316 0.9923192 0.1167033
v 428.4631 -39.30202 -2749.051
vt -0.9119629 -0.1594591
vn 0.01189889 0.9930437 0.1171438
v 590.5853 -51.68816 -2674.951
vt -0.5066572 -0.3447106
vn 0.01555116 0.990842 0.134127
v 582.5838 -40.2118 -2769.822
vt -0.526661 -0.1075323
vn 0.03337371 0.9944636 0.09964082
v 57.89322 -27.08867 -2876.833
vt -1.838387 0.1599939
vn 0.01433578 0.9986813 0.049296
v 170.6366 -50.90504 -2690.841
vt -1.556529 -0.3049859
vn 0.03709956 0.9947174 0.09571196
v -4.643175 -31.079 -2999.796
vt -1.994728 0.4674017
vn -0.009826747 0.9992335 0.03789242
v -11.63572 -6.266793 -3302.616
vt -2.01221 1.224454
vn -0.01116353 0.997269 0.07300571
v -97.16851 -8.711209 -3298.857
vt -2.226042 1.215054
vn 0.01981878 0.9976729 0.06523743
v 1823.285 -55.58549 -2545.578
vt 2.575091 -0.6681433
vn -0.1404968 0.9810607 0.1333435
v 1926.477 -53.58499 -2401.227
vt 2.833073 -1.029021
vn -0.2658653 0.95269 0.1472999
v 1866.232 -53.39515 -2495.375
vt 2.68246 -0.7936492
vn -0.2152648 0.9676955 0.131249
v 2085.802 -51.39243 -2270.007
vt 3.231384 -1.357069
vn -0.1709461 0.9763334 0.132478
v 3404.729 -65.54919 -3012.727
vt 6.528703 0.4997284
vn 0.1351952 0.9900801 -0.03825686
v 3412.935 -65.68472 -2556.322
vt 6.549216 -0.6412841
vn 0.1827218 0.9829046 0.02260932
v 3378.74 -81.39325 -2346.757
vt 6.463729 -1.165196
vn 0.2065588 0.9771892 0.04934197
v 3276.847 -65.52554 -3237.359
vt 6.208997 1.06131
vn 0.1199629 0.9909341 -0.06048465
v 3159.548 -65.52357 -3495.677
vt 5.91575 1.707105
vn 0.1448815 0.9893053 -0.01686221
v 3176.066 -58.05541 -3912.579
vt 5.957046 2.749358
vn 0.1611897 0.98681 0.01495894
v 2987.283 -39.35636 -1783.333
vt 5.485086 -2.573755
vn 0.2287616 0.9718794 0.05584305
v 2960.231 -45.10913 -1671.378
vt 5.417457 -2.853643
vn 0.2134957 0.9711248 0.1064708
v 2921.055 -44.68966 -1604.826
vt 5.319516 -3.020024
vn 0.1583261 0.9789919 0.1284821
v -625.0517 -51.52879 -2733.83
vt -3.54575 -0.1975133
vn -0.09035601 0.9946979 0.04910995
v -499.3685 -47.28984 -2654.575
vt -3.231542 -0.3956499
vn -0.02853904 0.9938106 0.1073588
v -442.1223 -21.13536 -2875.447
vt -3.088427 0.1565302
vn -0.05542383 0.9978545 0.03484858
v -171.6278 -6.901801 -3309.148
vt -2.41219 1.240784
vn 0.008762953 0.9983683 0.05642438
v -600.8633 -3.609431 -4289.146
vt -3.485278 3.690778
vn -0.004755361 0.9991702 -0.04045027
v -707.765 2.743949 -3809.532
vt -3.752533 2.491743
vn -0.04028801 0.9985657 0.03526149
v -670.0059 0.4998546 -3978.937
vt -3.658135 2.915256
vn -0.01821781 0.9998312 0.002345219
v 2121.835 -49.15457 -2172.908
vt 3.321468 -1.599817
vn -0.2107806 0.97575 0.05901976
v 3028.404 -46.74646 -1835.602
vt 5.587889 -2.443083
vn 0.3480863 0.934549 -0.07385089
v 892.045 -28.39223 -2925.435
vt 0.2469919 0.2815003
vn -0.02996455 0.998315 0.04969065
v 917.2056 -17.15962 -3127.914
vt 0.3098937 0.7876959
vn -0.02542731 0.9981999 0.05431621
v 879.5739 -35.7331 -2787.744
vt 0.2158142 -0.06272888
vn -0.03301264 0.9924778 0.1178895
v 875.7726 -63.7806 -2652.273
vt 0.2063109 -0.4014044
vn -0.03134837 0.9812654 0.190093
v 163.6347 -28.44075 -2927.656
vt -1.574034 0.2870514
vn 0.001740834 0.9978753 0.06512907
v 129.6724 -20.37254 -3050.477
vt -1.658939 0.5941041
vn -0.02215601 0.9978762 0.06125446
v 98.63651 -4.171919 -3308.701
vt -1.736529 1.239665
vn -0.02903286 0.9969186 0.07287186
v 2154.379 -36.99019 -2157.822
vt 3.402828 -1.637533
vn -0.1577556 0.9867463 0.03801101
v 2133.166 -45.07743 -2140.54
vt 3.349793 -1.680737
vn -0.2571108 0.9662567 0.01555537
v 2135.95 -44.61473 -2106.579
vt 3.356755 -1.765641
vn -0.184048 0.9826112 0.02452453
v 2205.693 -42.76543 -2124.99
vt 3.531111 -1.719612
vn -0.09567659 0.9953663 0.009574006
v 2141.833 -39.71627 -2081.708
vt 3.37146 -1.82782
vn -0.09118709 0.9950123 0.04043786
v 2361.795 -28.4701 -1514.537
vt 3.921366 -3.245746
vn -0.2084813 0.9728169 0.1008105
v 2334.532 -43.17934 -1421.507
vt 3.853208 -3.47832
vn -0.196364 0.9761963 0.09209697
v 2406.955 -17.16373 -1527.105
vt 4.034266 -3.214324
vn -0.2205479 0.9692102 0.1094991
v 3204.666 -57.81023 -1889.42
vt 6.028545 -2.308538
vn 0.0002601522 0.9999936 0.003538478
v 3120.539 -58.01493 -1825.389
vt 5.818227 -2.468615
vn 0.06339491 0.9977672 -0.02101654
v 3027.921 -57.73374 -1898.045
vt 5.586681 -2.286977
v -1270.087 -44.86055 -4428.213
vt -5.158337 4.038446
vn -0.1349 0.989724 -0.04741655
v -1051.977 -39.12099 -4815.536
vt -4.613064 5.006753
vn -0.1232442 0.990836 -0.05527044
v 395.0998 -28.113 -2979.061
vt -0.9953708 0.4155653
vn -0.0179304 0.9992537 0.03421218
v 418.0702 -27.07555 -2845.74
vt -0.9379451 0.08226204
vn -0.009958207 0.9985924 0.05209501
v 495.1645 -33.19652 -2804.555
vt -0.7452093 -0.02070057
vn 0.03309904 0.9934396 0.1094633
v 233.05 -52.79409 -2695.558
vt -1.400496 -0.2931921
vn -0.02009228 0.9953801 0.09388629
vn -0.0499788 0.9925764 0.1108784
vn -0.1238654 0.9907969 -0.05457833
v -1368.397 -60.36446 -4483.071
vt -5.404112 4.17559
vn -0.1361739 0.9897537 -0.04294309
v -1156.26 -59.07824 -4944.646
vt -4.873769 5.329529
v -1426.438 -59.89791 -4161.528
vt -5.549216 3.371733
vn -0.1536302 0.9880104 0.01526794
v -1343.58 -62.61528 -3916.368
vt -5.34207 2.758832
vn -0.1575374 0.9861455 0.05195132
v -1260.721 -58.74092 -3671.207
vt -5.134924 2.145931
vn -0.1408777 0.9873291 0.07303841
v -920.4269 -59.03431 -3240.48
vt -4.284188 1.069114
vn -0.1201598 0.9901345 0.0720773
v -823.558 -57.74701 -2948.798
vt -4.042016 0.3399085
vn -0.0956527 0.9944431 0.04397067
v -730.9455 -57.4856 -2787.075
vt -3.810484 -0.06440055
vn -0.07979233 0.9954934 0.05124464
v -680.5684 -60.75277 -2690.851
vt -3.684541 -0.3049603
vn -0.08267871 0.9954671 0.04700289
v -620.1375 -57.27211 -2577.854
vt -3.533464 -0.5874511
vn -0.04577405 0.9968464 0.06482112
v -454.8844 -63.30066 -2460.549
vt -3.120332 -0.8807141
vn -0.009608936 0.9958712 0.09026661
vn 0.000260586 0.995316 0.09667367
v -201.4072 -60.90403 -2493.211
vt -2.486639 -0.79906
v 57.9839 -59.0517 -2535.236
vt -1.838161 -0.6939983
vn 0.03042194 0.9949213 0.09594845
v 228.6439 -63.15876 -2595.146
vt -1.411511 -0.5442224
vn -0.002747353 0.9941524 0.1079507
vn 0.0443319 0.994343 0.09652237
vn -0.04986002 0.9916253 0.119135
v 421.7264 -63.15873 -2574.5
vt -0.9288046 -0.5958366
vn -0.002240289 0.9910602 0.1333964
v 598.5869 -63.16452 -2580.079
vt -0.4866532 -0.5818896
vn 0.0234609 0.9910341 0.1315329
v 768.1326 -63.16291 -2641.77
vt -0.06278911 -0.4276623
vn 0.03418496 0.9864503 0.1604587
vn 0.03956701 0.987952 0.1496168
vn 0.03196744 0.9844466 0.1727505
v 873.9266 -77.40192 -2586.482
vt 0.2016957 -0.5658832
vn -0.002637443 0.9810342 0.1938162
v 1026.741 -73.17467 -2586.455
vt 0.5837331 -0.5659515
vn 0.005735206 0.9785705 0.2058321
v 1166.937 -73.17465 -2613.592
vt 0.934221 -0.4981072
vn -0.01453761 0.9800531 0.198203
v 1307.433 -63.16015 -2604.978
vt 1.285462 -0.5196422
vn -0.03650331 0.9825045 0.1826262
v 1451.09 -63.16017 -2603.864
vt 1.644604 -0.5224285
vn -0.01929387 0.9842973 0.1754605
v 1562.161 -63.16015 -2580.739
vt 1.922282 -0.580241
vn -0.02388652 0.9844665 0.1739397
v 1678.377 -63.16015 -2569.824
vt 2.212822 -0.6075274
vn -0.0454359 0.9852369 0.1650567
v 1813.269 -73.91126 -2444.137
vt 2.550052 -0.9217449
vn -0.1795509 0.9711152 0.1571521
vn -0.1524355 0.9760779 0.1550334
vn -0.2296978 0.9606355 0.1562636
v 1885.292 -75.54369 -2335.857
vt 2.730109 -1.192446
vn -0.2535656 0.9545317 0.1567596
v 1922.088 -77.17612 -2262.139
vt 2.822099 -1.37674
vn -0.2289955 0.9508801 0.2082978
v 2049.219 -72.60112 -2190.175
vt 3.139928 -1.556652
vn -0.2040836 0.9620219 0.1812836
vn -0.1435908 0.9607988 0.2371649
v 2009.066 -76.38902 -2225.599
vt 3.039544 -1.468091
vn -0.1830184 0.9472507 0.2630976
vn -0.2141386 0.9667885 0.139515
v 2085.17 -63.37471 -2101.441
vt 3.229804 -1.778486
vn -0.3395584 0.9401382 0.02898682
vn -0.3367487 0.9409165 0.03572711
vn -0.3487338 0.9371631 0.01048021
vn -0.4248987 0.9050589 -0.01814844
v 2100.87 -59.12789 -2009.038
vt 3.269054 -2.009493
vn -0.3590357 0.9327372 0.03308563
vn -0.3103649 0.9484617 0.06398434
v 2139.966 -65 -1853.828
vt 3.366794 -2.397518
vn -0.2119756 0.9715808 0.1053424
v 2113.388 -65 -1946.344
vt 3.300349 -2.166229
vn -0.2084249 0.9705928 0.1204513
v 2196.821 -65 -1777.682
vt 3.508932 -2.587884
vn -0.3742473 0.9213057 0.1055208
vn -0.2832979 0.9500867 0.130681
vn -0.4451986 0.889224 0.1052558
v 2209.243 -65 -1657.14
vt 3.539986 -2.889238
vn -0.4835318 0.8725847 0.06923027
v 2236.931 -65 -1491.756
vt 3.609206 -3.302698
vn -0.3578205 0.9280146 0.1036983
v 2272.1 -65 -1410.117
vt 3.697129 -3.506795
vn -0.3004923 0.9457372 0.1236338
v 2307.269 -65 -1328.478
vt 3.785051 -3.710893
vn -0.2952885 0.9470668 0.1259725
v 2335.071 -65 -1255.272
vt 3.854557 -3.893909
vn -0.2752293 0.9525809 0.1297626
v 2381.308 -65 -1174.298
vt 3.970148 -4.096343
vn -0.2042553 0.9661087 0.1578405
v 2465.419 -65.00001 -1108.412
vt 4.180427 -4.261057
vn -0.1089433 0.9775492 0.1803575
v 2526.281 -65.00001 -1081.024
vt 4.332582 -4.32953
vn -0.0767993 0.9807767 0.1793847
vn -0.07960354 0.9808723 0.1776307
vn -0.02455764 0.984385 0.174307
v 2596.38 -65.00001 -1086.578
vt 4.507829 -4.315643
vn 0.06838399 0.9846088 0.1608388
v 2705.242 -65.00001 -1156.228
vt 4.779984 -4.141519
vn 0.1188281 0.9809093 0.1539371
v 2780.613 -65.00001 -1238.155
vt 4.96841 -3.936701
vn 0.1924352 0.9699822 0.1486711
v 2836.552 -65.00001 -1334.745
vt 5.10826 -3.695227
vn 0.2577936 0.9580242 0.1254273
v 2862.803 -58.04778 -1450.307
vt 5.173886 -3.406322
vn 0.2353795 0.9659793 0.1071463
v 2886.375 -57.57753 -1491.287
vt 5.232816 -3.30387
vn 0.1438542 0.9820758 0.121791
v 2907.08 -59.67234 -1491.487
vt 5.284579 -3.303371
vn 0.08446257 0.9874652 0.1333356
v 2940.017 -58.13527 -1526.677
vt 5.366922 -3.215396
vn 0.1463784 0.9817282 0.1215855
v 2916.412 -59.64466 -1478.571
vt 5.307909 -3.33566
vn 0.08948941 0.9878691 0.1269102
v 2994.406 -59.70077 -1607.229
vt 5.502894 -3.014016
vn 0.202525 0.9730694 0.1100879
v 3033.03 -57.81264 -1693.945
vt 5.599453 -2.797227
vn 0.1907035 0.977733 0.08758018
v 3076.788 -57.52647 -1757.874
vt 5.708848 -2.637404
vn 0.1529662 0.9881498 0.01269357
vn 0.3416582 0.9257941 -0.1617862
v 3046.676 -57.67739 -1965.671
vt 5.633568 -2.117912
vn 0.1667462 0.9828157 0.07917623
vn 0.3792741 0.9112063 -0.1607921
v 3111.826 -58.2942 -2059.67
vt 5.796444 -1.882914
vn 0.1642902 0.9807599 0.1054456
v 3195.186 -59.07986 -2194.027
vt 6.004843 -1.54702
vn 0.1674806 0.9755723 0.1421574
vn 0.1614939 0.9706911 0.1779841
vn -0.02448687 0.9945257 0.1015818
o beach_10_0
g polygon_0
usemtl sund1
f 3486/2318/3548 3485/2317/3547 3484/2316/3546
f 3484/2316/3546 3485/2317/3547 3487/2319/3549
f 3485/2317/3547 3488/2320/3550 3487/2319/3549
f 3487/2319/3549 3488/2320/3550 3489/2321/3551
f 3488/2320/3550 3490/2322/3552 3489/2321/3551
f 3489/2321/3551 3490/2322/3552 3491/2323/3552
f 3490/2322/3552 3492/2324/3553 3491/2323/3552
f 3491/2323/3552 3492/2324/3553 3493/2325/3553
f 3492/2324/3553 3494/2326/3554 3493/2325/3553
f 3493/2325/3553 3494/2326/3554 3495/2327/3554
f 3494/2326/3554 3496/2328/3555 3495/2327/3554
f 3495/2327/3554 3496/2328/3555 3497/2329/3555
f 3496/2328/3555 3498/2330/3556 3497/2329/3555
f 3497/2329/3555 3498/2330/3556 3499/2331/3557
f 3498/2330/3556 3500/2332/3558 3499/2331/3557
f 3499/2331/3557 3500/2332/3558 3501/2333/3559
f 3500/2332/3558 3502/2334/3560 3501/2333/3559
f 3501/2333/3559 3502/2334/3560 3503/2335/3561
f 3502/2334/3560 3504/2336/3562 3503/2335/3561
f 3503/2335/3561 3504/2336/3562 3505/2337/3563
f 3504/2336/3562 3506/2338/3564 3505/2337/3563
f 3505/2337/3563 3506/2338/3564 3507/2339/3565
f 3506/2338/3564 3508/2340/3566 3507/2339/3565
f 3507/2339/3565 3508/2340/3566 3509/2341/3567
f 3512/2344/3570 3511/2343/3569 3510/2342/3568
f 3510/2342/3568 3511/2343/3569 3513/2345/3571
f 3511/2343/3569 3514/2346/3572 3513/2345/3571
f 3513/2345/3571 3514/2346/3572 3515/2347/3573
f 3518/2350/3576 3517/2349/3575 3516/2348/3574
f 3516/2348/3574 3517/2349/3575 3519/2351/3577
f 3517/2349/3575 3520/2352/3578 3519/2351/3577
f 3519/2351/3577 3520/2352/3578 3521/2353/3579
f 3510/2342/3568 3513/2345/3571 3522/2354/3580
f 3522/2354/3580 3513/2345/3571 3523/2355/3581
f 3513/2345/3571 3515/2347/3573 3523/2355/3581
f 3523/2355/3581 3515/2347/3573 3524/2356/3582
f 3527/2359/3585 3526/2358/3584 3525/2357/3583
f 3525/2357/3583 3526/2358/3584 3528/2360/3586
f 3526/2358/3584 3529/2361/3587 3528/2360/3586
f 3528/2360/3586 3529/2361/3587 3530/2362/3588
f 3529/2361/3587 3531/2363/3589 3530/2362/3588
f 3530/2362/3588 3531/2363/3589 3532/2364/3590
f 3535/2367/3593 3534/2366/3592 3533/2365/3591
f 3533/2365/3591 3534/2366/3592 3536/2368/3594
f 3534/2366/3592 3537/2369/3595 3536/2368/3594
f 3536/2368/3594 3537/2369/3595 3538/2370/3596
f 3541/2373/3599 3540/2372/3598 3539/2371/3597
f 3539/2371/3597 3540/2372/3598 3542/2374/3600
f 3540/2372/3598 3543/2375/3601 3542/2374/3600
f 3542/2374/3600 3543/2375/3601 3544/2376/3602
f 3543/2375/3601 3545/2377/3603 3544/2376/3602
f 3544/2376/3602 3545/2377/3603 3546/2378/3604
f 3545/2377/3603 3547/2379/3605 3546/2378/3604
f 3546/2378/3604 3547/2379/3605 3548/2380/3606
f 3547/2379/3605 3549/2381/3607 3548/2380/3606
f 3548/2380/3606 3549/2381/3607 3550/2382/3608
f 3549/2381/3607 3551/2383/3609 3550/2382/3608
f 3550/2382/3608 3551/2383/3609 3552/2384/3610
f 3555/2387/3613 3554/2386/3612 3553/2385/3611
f 3553/2385/3611 3554/2386/3612 3556/2388/3614
f 3554/2386/3612 3557/2389/3615 3556/2388/3614
f 3556/2388/3614 3557/2389/3615 3558/2390/3616
f 3557/2389/3615 3559/2391/3617 3558/2390/3616
f 3558/2390/3616 3559/2391/3617 3560/2392/3618
f 3563/2395/3621 3562/2394/3620 3561/2393/3619
f 3561/2393/3619 3562/2394/3620 3564/2396/3622
f 3562/2394/3620 3556/2388/3614 3564/2396/3622
f 3564/2396/3622 3556/2388/3614 3558/2390/3616
f 3561/2393/3619 3564/2396/3622 3565/2397/3623
f 3565/2397/3623 3564/2396/3622 3566/2398/3624
f 3564/2396/3622 3558/2390/3616 3566/2398/3624
f 3566/2398/3624 3558/2390/3616 3560/2392/3618
f 3569/2401/3627 3568/2400/3626 3567/2399/3625
f 3567/2399/3625 3568/2400/3626 3570/2402/3628
f 3568/2400/3626 3571/2403/3629 3570/2402/3628
f 3570/2402/3628 3571/2403/3629 3572/2404/3630
f 3523/2355/3581 3573/2405/3631 3522/2354/3580
f 3522/2354/3580 3573/2405/3631 3569/2401/3627
f 3573/2405/3631 3568/2400/3626 3569/2401/3627
f 3576/2408/3634 3575/2407/3633 3574/2406/3632
f 3574/2406/3632 3575/2407/3633 3577/2409/3635
f 3575/2407/3633 3578/2410/3636 3577/2409/3635
f 3577/2409/3635 3578/2410/3636 3579/2411/3637
f 3578/2410/3636 3580/2412/3638 3579/2411/3637
f 3579/2411/3637 3580/2412/3638 3581/2413/3639
f 3580/2412/3638 3582/2414/3640 3581/2413/3639
f 3581/2413/3639 3582/2414/3640 3583/2415/3641
f 3582/2414/3640 3584/2416/3642 3583/2415/3641
f 3583/2415/3641 3584/2416/3642 3585/2417/3643
f 3588/2420/3646 3587/2419/3645 3586/2418/3644
f 3586/2418/3644 3587/2419/3645 3589/2421/3647
f 3587/2419/3645 3590/2422/3648 3589/2421/3647
f 3589/2421/3647 3590/2422/3648 3591/2423/3649
f 3593/2425/3651 3592/2424/3650 3563/2395/3621
f 3563/2395/3621 3592/2424/3650 3562/2394/3620
f 3592/2424/3650 3553/2385/3611 3562/2394/3620
f 3562/2394/3620 3553/2385/3611 3556/2388/3614
f 3595/2427/3653 3594/2426/3652 3520/2352/3578
f 3520/2352/3578 3594/2426/3652 3596/2428/3654
f 3594/2426/3652 3597/2429/3655 3596/2428/3654
f 3596/2428/3654 3597/2429/3655 3598/2430/3655
f 3597/2429/3655 3599/2431/3656 3598/2430/3655
f 3598/2430/3655 3599/2431/3656 3600/2432/3656
f 3599/2431/3656 3601/2433/3657 3600/2432/3656
f 3600/2432/3656 3601/2433/3657 3602/2434/3657
f 3601/2433/3657 3603/2435/3658 3602/2434/3657
f 3602/2434/3657 3603/2435/3658 3604/2436/3658
f 3603/2435/3658 3605/2437/3659 3604/2436/3658
f 3604/2436/3658 3605/2437/3659 3606/2438/3659
f 3605/2437/3659 3607/2439/3660 3606/2438/3659
f 3606/2438/3659 3607/2439/3660 3484/2316/3546
f 3607/2439/3660 3608/2440/3661 3484/2316/3546
f 3484/2316/3546 3608/2440/3661 3609/2441/3662
f 3484/2316/3546 3609/2441/3662 3486/2318/3548
f 3517/2349/3575 3518/2350/3576 3610/2442/3663
f 3520/2352/3578 3517/2349/3575 3610/2442/3663
f 3524/2356/3582 3611/2443/3664 3523/2355/3581
f 3523/2355/3581 3611/2443/3664 3573/2405/3631
f 3611/2443/3664 3612/2444/3665 3573/2405/3631
f 3573/2405/3631 3612/2444/3665 3613/2445/3666
f 3612/2444/3665 3614/2446/3667 3613/2445/3666
f 3613/2445/3666 3614/2446/3667 3615/2447/3668
f 3614/2446/3667 3616/2448/3669 3615/2447/3668
f 3615/2447/3668 3616/2448/3669 3617/2449/3670
f 3534/2366/3592 3535/2367/3593 3618/2450/3671
f 3621/2453/3674 3620/2452/3673 3619/2451/3672
f 3619/2451/3672 3620/2452/3673 3618/2450/3671
f 3620/2452/3673 3537/2369/3595 3618/2450/3671
f 3618/2450/3671 3537/2369/3595 3534/2366/3592
f 3624/2456/3677 3623/2455/3676 3622/2454/3675
f 3622/2454/3675 3623/2455/3676 3625/2457/3678
f 3623/2455/3676 3626/2458/3679 3625/2457/3678
f 3625/2457/3678 3626/2458/3679 3627/2459/3680
f 3630/2462/3683 3629/2461/3682 3628/2460/3681
f 3628/2460/3681 3629/2461/3682 3631/2463/3684
f 3629/2461/3682 3632/2464/3685 3631/2463/3684
f 3631/2463/3684 3632/2464/3685 3633/2465/3686
f 3632/2464/3685 3634/2466/3687 3633/2465/3686
f 3633/2465/3686 3634/2466/3687 3635/2467/3688
f 3634/2466/3687 3617/2449/3670 3635/2467/3688
f 3635/2467/3688 3617/2449/3670 3636/2468/3689
f 3584/2416/3642 3638/2470/3691 3637/2469/3690
f 3574/2406/3632 3577/2409/3635 3639/2471/3692
f 3639/2471/3692 3577/2409/3635 3640/2472/3693
f 3577/2409/3635 3579/2411/3637 3640/2472/3693
f 3640/2472/3693 3579/2411/3637 3641/2473/3694
f 3579/2411/3637 3581/2413/3639 3641/2473/3694
f 3641/2473/3694 3581/2413/3639 3642/2474/3695
f 3581/2413/3639 3583/2415/3641 3642/2474/3695
f 3642/2474/3695 3583/2415/3641 3643/2475/3696
f 3583/2415/3641 3585/2417/3643 3643/2475/3696
f 3643/2475/3696 3585/2417/3643 3630/2462/3683
f 3585/2417/3643 3644/2476/3697 3630/2462/3683
f 3630/2462/3683 3644/2476/3697 3629/2461/3682
f 3644/2476/3697 3645/2477/3698 3629/2461/3682
f 3629/2461/3682 3645/2477/3698 3632/2464/3685
f 3645/2477/3698 3646/2478/3699 3632/2464/3685
f 3632/2464/3685 3646/2478/3699 3634/2466/3687
f 3646/2478/3699 3647/2479/3700 3634/2466/3687
f 3634/2466/3687 3647/2479/3700 3617/2449/3670
f 3647/2479/3700 3648/2480/3701 3617/2449/3670
f 3617/2449/3670 3648/2480/3701 3615/2447/3668
f 3648/2480/3701 3571/2403/3629 3615/2447/3668
f 3615/2447/3668 3571/2403/3629 3613/2445/3666
f 3571/2403/3629 3568/2400/3626 3613/2445/3666
f 3613/2445/3666 3568/2400/3626 3573/2405/3631
f 3650/2482/3703 3649/2481/3702 3643/2475/3696
f 3643/2475/3696 3649/2481/3702 3642/2474/3695
f 3649/2481/3702 3651/2483/3704 3642/2474/3695
f 3642/2474/3695 3651/2483/3704 3641/2473/3694
f 3653/2485/3706 3652/2484/3705 3639/2471/3692
f 3639/2471/3692 3652/2484/3705 3574/2406/3632
f 3652/2484/3705 3654/2486/3707 3574/2406/3632
f 3574/2406/3632 3654/2486/3707 3576/2408/3634
f 3654/2486/3707 3655/2487/3708 3576/2408/3634
f 3576/2408/3634 3655/2487/3708 3656/2488/3709
f 3658/2490/3711 3657/2489/3710 3512/2344/3570
f 3512/2344/3570 3657/2489/3710 3511/2343/3569
f 3657/2489/3710 3659/2491/3712 3511/2343/3569
f 3511/2343/3569 3659/2491/3712 3514/2346/3572
f 3591/2423/3649 3590/2422/3648 3660/2492/3713
f 3660/2492/3713 3590/2422/3648 3661/2493/3714
f 3590/2422/3648 3662/2494/3715 3661/2493/3714
f 3665/2497/3718 3664/2496/3717 3663/2495/3716
f 3663/2495/3716 3664/2496/3717 3666/2498/3719
f 3664/2496/3717 3667/2499/3720 3666/2498/3719
f 3666/2498/3719 3667/2499/3720 3668/2500/3721
f 3667/2499/3720 3661/2493/3714 3668/2500/3721
f 3668/2500/3721 3661/2493/3714 3662/2494/3715
f 3670/2502/3723 3669/2501/3722 3627/2459/3680
f 3627/2459/3680 3669/2501/3722 3625/2457/3678
f 3669/2501/3722 3671/2503/3724 3625/2457/3678
f 3625/2457/3678 3671/2503/3724 3622/2454/3675
f 3671/2503/3724 3672/2504/3725 3622/2454/3675
f 3622/2454/3675 3672/2504/3725 3673/2505/3726
f 3521/2353/3579 3520/2352/3578 3596/2428/3654
f 3576/2408/3634 3656/2488/3709 3674/2506/3727
f 3575/2407/3633 3576/2408/3634 3674/2506/3727
f 3676/2508/3729 3675/2507/3728 3580/2412/3638
f 3580/2412/3638 3675/2507/3728 3582/2414/3640
f 3675/2507/3728 3638/2470/3691 3582/2414/3640
f 3582/2414/3640 3638/2470/3691 3584/2416/3642
f 3644/2476/3697 3585/2417/3643 3677/2509/3730
f 3677/2509/3730 3585/2417/3643 3637/2469/3690
f 3585/2417/3643 3584/2416/3642 3637/2469/3690
f 3641/2473/3694 3651/2483/3704 3640/2472/3693
f 3676/2508/3729 3580/2412/3638 3674/2506/3727
f 3674/2506/3727 3580/2412/3638 3575/2407/3633
f 3580/2412/3638 3578/2410/3636 3575/2407/3633
f 3502/2334/3560 3500/2332/3558 3678/2510/3731
f 3678/2510/3731 3500/2332/3558 3679/2511/3732
f 3500/2332/3558 3498/2330/3556 3679/2511/3732
f 3679/2511/3732 3498/2330/3556 3680/2512/3733
f 3678/2510/3731 3681/2513/3734 3502/2334/3560
f 3502/2334/3560 3681/2513/3734 3504/2336/3562
f 3681/2513/3734 3682/2514/3735 3504/2336/3562
f 3504/2336/3562 3682/2514/3735 3506/2338/3564
f 3682/2514/3735 3683/2515/3736 3506/2338/3564
f 3506/2338/3564 3683/2515/3736 3508/2340/3566
f 3485/2317/3547 3486/2318/3548 3684/2516/3737
f 3684/2516/3737 3486/2318/3548 3685/2517/3738
f 3486/2318/3548 3609/2441/3662 3685/2517/3738
f 3685/2517/3738 3609/2441/3662 3686/2518/3739
f 3608/2440/3661 3686/2518/3739 3609/2441/3662
f 3688/2520/3741 3623/2455/3676 3687/2519/3740
f 3687/2519/3740 3623/2455/3676 3689/2521/3742
f 3623/2455/3676 3624/2456/3677 3689/2521/3742
f 3689/2521/3742 3624/2456/3677 3536/2368/3594
f 3624/2456/3677 3690/2522/3743 3536/2368/3594
f 3536/2368/3594 3690/2522/3743 3533/2365/3591
f 3626/2458/3679 3623/2455/3676 3688/2520/3741
f 3528/2360/3586 3691/2523/3744 3525/2357/3583
f 3535/2367/3593 3692/2524/3745 3618/2450/3671
f 3618/2450/3671 3692/2524/3745 3619/2451/3672
f 3692/2524/3745 3693/2525/3746 3619/2451/3672
f 3619/2451/3672 3693/2525/3746 3530/2362/3588
f 3693/2525/3746 3691/2523/3744 3530/2362/3588
f 3530/2362/3588 3691/2523/3744 3528/2360/3586
f 3650/2482/3703 3643/2475/3696 3630/2462/3683
f 3628/2460/3681 3650/2482/3703 3630/2462/3683
f 3677/2509/3730 3694/2526/3747 3645/2477/3698
f 3644/2476/3697 3677/2509/3730 3645/2477/3698
f 3488/2320/3550 3485/2317/3547 3684/2516/3737
f 3695/2527/3748 3488/2320/3550 3684/2516/3737
f 3697/2529/3750 3696/2528/3749 3565/2397/3623
f 3565/2397/3623 3696/2528/3749 3561/2393/3619
f 3696/2528/3749 3698/2530/3751 3561/2393/3619
f 3561/2393/3619 3698/2530/3751 3563/2395/3621
f 3698/2530/3751 3699/2531/3752 3563/2395/3621
f 3563/2395/3621 3699/2531/3752 3593/2425/3651
f 3536/2368/3594 3538/2370/3596 3687/2519/3740
f 3689/2521/3742 3536/2368/3594 3687/2519/3740
f 3690/2522/3743 3624/2456/3677 3622/2454/3675
f 3673/2505/3726 3690/2522/3743 3622/2454/3675
f 3539/2371/3597 3542/2374/3600 3700/2532/3753
f 3700/2532/3753 3542/2374/3600 3701/2533/3754
f 3542/2374/3600 3544/2376/3602 3701/2533/3754
f 3701/2533/3754 3544/2376/3602 3702/2534/3755
f 3617/2449/3670 3616/2448/3669 3636/2468/3689
f 3646/2478/3699 3645/2477/3698 3703/2535/3756
f 3703/2535/3756 3645/2477/3698 3704/2536/3757
f 3645/2477/3698 3694/2526/3747 3704/2536/3757
f 3705/2537/3758 3703/2535/3756 3704/2536/3757
f 3646/2478/3699 3703/2535/3756 3647/2479/3700
f 3647/2479/3700 3703/2535/3756 3706/2538/3759
f 3703/2535/3756 3705/2537/3758 3706/2538/3759
f 3706/2538/3759 3705/2537/3758 3707/2539/3760
f 3567/2399/3625 3570/2402/3628 3707/2539/3760
f 3647/2479/3700 3706/2538/3759 3648/2480/3701
f 3648/2480/3701 3706/2538/3759 3572/2404/3630
f 3706/2538/3759 3707/2539/3760 3572/2404/3630
f 3572/2404/3630 3707/2539/3760 3570/2402/3628
f 3571/2403/3629 3648/2480/3701 3572/2404/3630
f 3709/2541/3762 3708/2540/3761 3658/2490/3711
f 3658/2490/3711 3708/2540/3761 3657/2489/3710
f 3708/2540/3761 3710/2542/3763 3657/2489/3710
f 3657/2489/3710 3710/2542/3763 3659/2491/3712
f 3710/2542/3763 3708/2540/3761 3521/2353/3579
f 3521/2353/3579 3708/2540/3761 3519/2351/3577
f 3708/2540/3761 3709/2541/3762 3519/2351/3577
f 3519/2351/3577 3709/2541/3762 3516/2348/3574
f 3713/2545/3765 3712/2544/3765 3711/2543/3764
f 3532/2364/3590 3621/2453/3674 3619/2451/3672
f 3530/2362/3588 3532/2364/3590 3619/2451/3672
f 3715/2547/3767 3714/2546/3766 3527/2359/3585
f 3527/2359/3585 3714/2546/3766 3526/2358/3584
f 3714/2546/3766 3531/2363/3589 3526/2358/3584
f 3526/2358/3584 3531/2363/3589 3529/2361/3587
f 3543/2375/3601 3540/2372/3598 3545/2377/3603
f 3545/2377/3603 3540/2372/3598 3716/2548/3768
f 3540/2372/3598 3541/2373/3599 3716/2548/3768
f 3716/2548/3768 3541/2373/3599 3717/2549/3769
f 3541/2373/3599 3663/2495/3716 3717/2549/3769
f 3717/2549/3769 3663/2495/3716 3666/2498/3719
f 3545/2377/3603 3716/2548/3768 3547/2379/3605
f 3547/2379/3605 3716/2548/3768 3549/2381/3607
f 3716/2548/3768 3717/2549/3769 3549/2381/3607
f 3549/2381/3607 3717/2549/3769 3551/2383/3609
f 3717/2549/3769 3666/2498/3719 3551/2383/3609
f 3551/2383/3609 3666/2498/3719 3718/2550/3770
f 3665/2497/3718 3663/2495/3716 3719/2551/3771
f 3719/2551/3771 3663/2495/3716 3539/2371/3597
f 3663/2495/3716 3541/2373/3599 3539/2371/3597
f 3700/2532/3753 3701/2533/3754 3669/2501/3722
f 3669/2501/3722 3701/2533/3754 3671/2503/3724
f 3701/2533/3754 3702/2534/3755 3671/2503/3724
f 3671/2503/3724 3702/2534/3755 3672/2504/3725
f 3669/2501/3722 3670/2502/3723 3700/2532/3753
f 3700/2532/3753 3670/2502/3723 3539/2371/3597
f 3670/2502/3723 3719/2551/3771 3539/2371/3597
f 3548/2380/3606 3550/2382/3608 3588/2420/3646
f 3588/2420/3646 3550/2382/3608 3587/2419/3645
f 3550/2382/3608 3552/2384/3610 3587/2419/3645
f 3587/2419/3645 3552/2384/3610 3590/2422/3648
f 3552/2384/3610 3668/2500/3721 3590/2422/3648
f 3590/2422/3648 3668/2500/3721 3662/2494/3715
f 3586/2418/3644 3589/2421/3647 3697/2529/3750
f 3697/2529/3750 3589/2421/3647 3696/2528/3749
f 3589/2421/3647 3591/2423/3649 3696/2528/3749
f 3696/2528/3749 3591/2423/3649 3698/2530/3751
f 3591/2423/3649 3660/2492/3713 3698/2530/3751
f 3698/2530/3751 3660/2492/3713 3699/2531/3752
f 3668/2500/3721 3552/2384/3610 3666/2498/3719
f 3666/2498/3719 3552/2384/3610 3718/2550/3770
f 3552/2384/3610 3551/2383/3609 3718/2550/3770
f 3559/2391/3617 3557/2389/3615 3653/2485/3706
f 3653/2485/3706 3557/2389/3615 3652/2484/3705
f 3557/2389/3615 3554/2386/3612 3652/2484/3705
f 3652/2484/3705 3554/2386/3612 3654/2486/3707
f 3554/2386/3612 3555/2387/3613 3654/2486/3707
f 3654/2486/3707 3555/2387/3613 3655/2487/3708
f 3595/2427/3772 3520/2352/3578 3610/2442/3663
f 3721/2553/3773 3720/2552/3774 3715/2547/3773
f 3715/2547/3773 3720/2552/3774 3714/2546/3774
f 3720/2552/3774 3722/2554/3775 3714/2546/3774
f 3714/2546/3774 3722/2554/3775 3531/2363/3775
f 3722/2554/3775 3723/2555/3776 3531/2363/3775
f 3531/2363/3775 3723/2555/3776 3532/2364/3776
f 3723/2555/3776 3724/2556/3777 3532/2364/3776
f 3532/2364/3776 3724/2556/3777 3621/2453/3777
f 3724/2556/3777 3725/2557/3778 3621/2453/3777
f 3621/2453/3777 3725/2557/3778 3620/2452/3778
f 3725/2557/3778 3726/2558/3779 3620/2452/3778
f 3620/2452/3778 3726/2558/3779 3537/2369/3779
f 3726/2558/3779 3727/2559/3780 3537/2369/3779
f 3537/2369/3779 3727/2559/3780 3538/2370/3780
f 3727/2559/3780 3728/2560/3781 3538/2370/3780
f 3538/2370/3780 3728/2560/3781 3687/2519/3781
f 3728/2560/3781 3729/2561/3782 3687/2519/3781
f 3687/2519/3781 3729/2561/3782 3688/2520/3782
f 3731/2563/3784 3626/2458/3784 3730/2562/3783
f 3730/2562/3783 3626/2458/3784 3729/2561/3782
f 3626/2458/3784 3688/2520/3782 3729/2561/3782
f 3731/2563/3784 3732/2564/3785 3626/2458/3784
f 3626/2458/3784 3732/2564/3785 3627/2459/3785
f 3732/2564/3785 3733/2565/3786 3627/2459/3785
f 3627/2459/3785 3733/2565/3786 3670/2502/3787
f 3733/2565/3786 3734/2566/3789 3665/2497/3788
f 3665/2497/3788 3734/2566/3789 3664/2496/3789
f 3734/2566/3789 3735/2567/3790 3664/2496/3789
f 3664/2496/3789 3735/2567/3790 3667/2499/3790
f 3735/2567/3790 3736/2568/3791 3667/2499/3790
f 3667/2499/3790 3736/2568/3791 3661/2493/3792
f 3660/2492/3793 3661/2493/3792 3736/2568/3791
f 3736/2568/3791 3737/2569/3794 3660/2492/3793
f 3660/2492/3793 3737/2569/3794 3699/2531/3794
f 3737/2569/3794 3738/2570/3795 3699/2531/3794
f 3699/2531/3794 3738/2570/3795 3593/2425/3795
f 3738/2570/3795 3739/2571/3796 3593/2425/3795
f 3593/2425/3795 3739/2571/3796 3592/2424/3796
f 3739/2571/3796 3740/2572/3797 3592/2424/3796
f 3592/2424/3796 3740/2572/3797 3553/2385/3797
f 3740/2572/3797 3741/2573/3798 3553/2385/3797
f 3553/2385/3797 3741/2573/3798 3555/2387/3798
f 3741/2573/3798 3742/2574/3799 3555/2387/3798
f 3555/2387/3798 3742/2574/3799 3655/2487/3799
f 3742/2574/3799 3743/2575/3800 3655/2487/3799
f 3655/2487/3799 3743/2575/3800 3656/2488/3800
f 3743/2575/3800 3744/2576/3801 3656/2488/3800
f 3656/2488/3800 3744/2576/3801 3674/2506/3802
f 3744/2576/3801 3676/2508/3803 3674/2506/3802
f 3744/2576/3801 3745/2577/3804 3676/2508/3803
f 3676/2508/3803 3745/2577/3804 3675/2507/3804
f 3745/2577/3804 3746/2578/3805 3675/2507/3804
f 3675/2507/3804 3746/2578/3805 3638/2470/3805
f 3637/2469/3807 3638/2470/3805 3747/2579/3806
f 3747/2579/3806 3638/2470/3805 3748/2580/3808
f 3638/2470/3805 3746/2578/3805 3748/2580/3808
f 3677/2509/3809 3637/2469/3807 3747/2579/3806
f 3677/2509/3809 3747/2579/3806 3749/2581/3810
f 3694/2526/3811 3677/2509/3809 3749/2581/3810
f 3705/2537/3813 3704/2536/3812 3749/2581/3810
f 3750/2582/3814 3705/2537/3813 3749/2581/3810
f 3704/2536/3812 3694/2526/3811 3749/2581/3810
f 3752/2584/3817 3751/2583/3816 3707/2539/3815
f 3707/2539/3815 3751/2583/3816 3567/2399/3816
f 3751/2583/3816 3753/2585/3818 3567/2399/3816
f 3567/2399/3816 3753/2585/3818 3569/2401/3819
f 3522/2354/3820 3569/2401/3819 3753/2585/3818
f 3753/2585/3818 3754/2586/3821 3522/2354/3820
f 3522/2354/3820 3754/2586/3821 3510/2342/3821
f 3754/2586/3821 3755/2587/3822 3510/2342/3821
f 3510/2342/3821 3755/2587/3822 3512/2344/3822
f 3755/2587/3822 3756/2588/3823 3512/2344/3822
f 3512/2344/3822 3756/2588/3823 3658/2490/3823
f 3756/2588/3823 3757/2589/3824 3658/2490/3823
f 3658/2490/3823 3757/2589/3824 3709/2541/3824
f 3757/2589/3824 3758/2590/3825 3709/2541/3824
f 3709/2541/3824 3758/2590/3825 3516/2348/3825
f 3758/2590/3825 3759/2591/3826 3516/2348/3825
f 3516/2348/3825 3759/2591/3826 3518/2350/3826
f 3759/2591/3826 3760/2592/3827 3518/2350/3826
f 3518/2350/3826 3760/2592/3827 3610/2442/3827
f 3760/2592/3827 3761/2593/3828 3610/2442/3827
f 3610/2442/3827 3761/2593/3828 3595/2427/3828
f 3761/2593/3830 3594/2426/3830 3595/2427/3829
f 3761/2593/3830 3762/2594/3831 3594/2426/3830
f 3594/2426/3830 3762/2594/3831 3597/2429/3831
f 3762/2594/3831 3763/2595/3832 3597/2429/3831
f 3597/2429/3831 3763/2595/3832 3599/2431/3832
f 3763/2595/3832 3764/2596/3833 3599/2431/3832
f 3599/2431/3832 3764/2596/3833 3601/2433/3833
f 3764/2596/3833 3765/2597/3834 3601/2433/3833
f 3601/2433/3833 3765/2597/3834 3603/2435/3834
f 3765/2597/3834 3766/2598/3835 3603/2435/3834
f 3603/2435/3834 3766/2598/3835 3605/2437/3835
f 3766/2598/3835 3767/2599/3836 3605/2437/3835
f 3605/2437/3835 3767/2599/3836 3607/2439/3836
f 3767/2599/3836 3768/2600/3837 3607/2439/3836
f 3607/2439/3836 3768/2600/3837 3608/2440/3837
f 3770/2602/3839 3769/2601/3838 3768/2600/3837
f 3768/2600/3837 3769/2601/3838 3608/2440/3837
f 3769/2601/3838 3686/2518/3838 3608/2440/3837
f 3769/2601/3838 3771/2603/3840 3686/2518/3838
f 3686/2518/3838 3771/2603/3840 3685/2517/3840
f 3771/2603/3840 3772/2604/3841 3685/2517/3840
f 3685/2517/3840 3772/2604/3841 3684/2516/3841
f 3772/2604/3841 3773/2605/3842 3684/2516/3841
f 3684/2516/3841 3773/2605/3842 3695/2527/3842
f 3773/2605/3842 3712/2544/3765 3695/2527/3842
f 3695/2527/3842 3712/2544/3765 3713/2545/3765
f 3713/2545/3845 3774/2606/3844 3490/2322/3843
f 3490/2322/3843 3774/2606/3844 3492/2324/3844
f 3774/2606/3844 3775/2607/3846 3492/2324/3844
f 3492/2324/3844 3775/2607/3846 3494/2326/3846
f 3775/2607/3846 3776/2608/3847 3494/2326/3846
f 3494/2326/3846 3776/2608/3847 3496/2328/3847
f 3498/2330/3848 3496/2328/3847 3776/2608/3847
f 3695/2527/3748 3713/2545/3845 3488/2320/3550
f 3488/2320/3550 3713/2545/3845 3490/2322/3843
f 3752/2584/3817 3707/2539/3815 3750/2582/3814
f 3750/2582/3814 3707/2539/3815 3705/2537/3813
f 3670/2502/3787 3733/2565/3786 3719/2551/3849
f 3719/2551/3849 3733/2565/3786 3665/2497/3788
v -817.9734 -47.49092 -1388.567
vt -0.2924722 1.166147
vn -0.3043936 0.936465 -0.1742924
v -683.5701 15.7859 -1378.552
vt 0.04353606 1.141111
vn -0.3631137 0.8844894 -0.2929625
v -707.0288 15.8078 -1339.334
vt -0.01511079 1.043065
vn -0.3989557 0.8921176 -0.212039
v -762.8539 -40.97225 -1450.277
vt -0.1546735 1.320422
vn -0.3007504 0.9213119 -0.2464418
v -651.1652 15.77177 -1409.829
vt 0.1245483 1.219302
vn -0.2866865 0.8855777 -0.3654625
v -702.8277 -39.64385 -1506.675
vt -0.00460801 1.461417
vn -0.2458829 0.9120762 -0.3281138
v -605.6033 15.75412 -1442.972
vt 0.2384529 1.302161
vn -0.2092393 0.8842183 -0.4175846
v -646.8513 -39.26454 -1535.18
vt 0.1353329 1.532681
vn -0.1827379 0.9082626 -0.3763853
v -543.9838 15.7474 -1465.186
vt 0.3925018 1.357695
vn -0.1224482 0.8872079 -0.4448242
v -579.3381 -39.51399 -1564.833
vt 0.3041159 1.606814
vn -0.1190286 0.9114902 -0.3937229
v -490.2079 15.74767 -1469.709
vt 0.5269416 1.369004
vn -0.05306736 0.8994221 -0.4338476
v -505.7128 -40.20111 -1581.602
vt 0.4881792 1.648735
vn -0.0669905 0.9237944 -0.3769828
v -452.2059 15.74694 -1464.162
vt 0.6219465 1.355135
vn 0.01082126 0.9178296 -0.3968271
v -441.0785 -40.06913 -1595.622
vt 0.6497649 1.683787
vn -0.005926466 0.9376719 -0.3474712
v -380.1634 15.74385 -1449.097
vt 0.8020528 1.317473
vn 0.1209174 0.9275389 -0.3536248
v -335.4832 -35.11512 -1571.507
vt 0.9137532 1.623498
vn 0.1088127 0.9420664 -0.3172864
v -302.8168 15.74397 -1410.367
vt 0.9954191 1.220647
vn 0.2399564 0.9263245 -0.2904201
v -229.1901 -39.13204 -1518.937
vt 1.179486 1.492072
vn 0.2133723 0.9417036 -0.260128
v -275.172 20.25843 -1353.958
vt 1.064531 1.079626
vn 0.306114 0.9309621 -0.1990066
v -145.4605 -40.13362 -1431.049
vt 1.38881 1.272353
vn 0.2670768 0.9456268 -0.1856339
v -248.729 15.79382 -1297.55
vt 1.130639 0.9386047
vn 0.3049994 0.945857 -0.1110404
v -88.95718 -40.50965 -1340.171
vt 1.530068 1.045157
vn 0.283919 0.9523997 -0.1110176
v -233.6545 15.79882 -1188.129
vt 1.168325 0.6650527
vn 0.2835058 0.9589704 0.0005036775
v -80.02876 -29.01907 -1207.677
vt 1.552389 0.7139217
vn 0.2688451 0.9629884 -0.01937982
v -263.8516 15.80312 -1113.337
vt 1.092832 0.4780731
vn 0.2585994 0.9626746 0.07990006
v -99.43972 -31.22447 -1075.029
vt 1.503862 0.3823031
vn 0.2235927 0.9732472 0.05287945
v -282.1448 15.80658 -1083.826
vt 1.047099 0.404295
vn 0.2227581 0.9679013 0.1163865
v -129.8167 -28.52977 -994.4093
vt 1.427919 0.1807537
vn 0.1821148 0.9788252 0.09346322
v -325.4319 15.81399 -1019.398
vt 0.9388814 0.2432265
vn 0.198213 0.9662008 0.1648261
v -185.3668 -28.52557 -925.1072
vt 1.289044 0.007498562
vn 0.1620988 0.9756919 0.1474762
v -358.6461 15.81913 -973.6807
vt 0.855846 0.1289321
vn 0.1803299 0.9611594 0.2089348
v -251.5063 -28.52263 -863.661
vt 1.123695 -0.146117
vn 0.1417256 0.9688088 0.2032814
v -385.6167 15.82247 -949.9224
vt 0.7884195 0.06953651
vn 0.1646474 0.9548617 0.2472455
v -297.905 -29.08951 -833.9792
vt 1.007699 -0.2203215
vn 0.1392107 0.9567842 0.2553121
v -411.3173 15.82563 -927.2831
vt 0.7241681 0.01293832
vn 0.1639819 0.9506831 0.2632709
v -357.4339 -34.2086 -783.4431
vt 0.8588765 -0.3466619
vn 0.1555969 0.9456489 0.2855482
v -444.3196 15.82837 -907.5828
vt 0.6416621 -0.03631258
vn 0.1056892 0.9552009 0.2764435
v -429.5623 -33.4866 -741.6849
vt 0.6785554 -0.4510572
vn 0.11385 0.946031 0.3034196
v -498.7719 15.83111 -896.5963
vt 0.5055314 -0.06377876
vn 0.03064076 0.9608735 0.2752876
v -521.3052 -32.99027 -729.8101
vt 0.4491981 -0.4807442
vn 0.04889882 0.9600179 0.275635
v -545.7772 15.83558 -904.884
vt 0.3880183 -0.04305959
vn -0.008066864 0.9684392 0.2491195
v -608.1637 -32.56034 -716.2447
vt 0.232052 -0.5146577
vn -0.002161187 0.9685956 0.2486321
v -602.5696 15.83849 -919.0974
vt 0.2460371 -0.007526159
vn -0.02456208 0.9753718 0.2191949
v -704.0052 -33.46124 -717.9113
vt -0.007551888 -0.5104913
vn 0.002080134 0.9698842 0.2435576
v -635.0931 15.83803 -944.2527
vt 0.1647285 0.05536234
vn -0.03373356 0.9829648 0.1806719
v -763.116 -25.47157 -739.0359
vt -0.1553287 -0.4576797
vn -0.00840087 0.9790611 0.2033933
v -657.9036 15.83757 -970.8731
vt 0.1077022 0.1219133
vn -0.170136 0.984906 0.03184367
v -897.8271 -26.06009 -757.8252
vt -0.4921066 -0.4107065
vn -0.2013915 0.9791485 0.02664071
v -680.7142 15.83711 -1003.036
vt 0.0506758 0.2023194
vn -0.2652742 0.9641727 0.0008505189
v -872.9417 -39.80462 -875.7658
vt -0.4298929 -0.115855
vn -0.2012923 0.9787287 -0.03964313
v -725.101 15.82206 -1273.24
vt -0.06029114 0.8778292
vn -0.4019451 0.9111981 -0.09032276
v -855.5557 -40.54474 -1197.928
vt -0.3864281 0.6895495
vn -0.3118746 0.9501207 -0.002229689
v -853.5951 -41.78801 -1299.395
vt -0.3815265 0.9432189
vn -0.3087124 0.9477454 -0.08046895
v -724.1386 15.82935 -1190.727
vt -0.05788529 0.6715484
vn -0.3904091 0.9206203 0.006240013
v -858.2733 -41.19205 -1106.3
vt -0.393222 0.4604797
vn -0.2896791 0.9566343 -0.03060772
v -713.8317 15.833 -1115.734
vt -0.03211808 0.4840642
vn -0.3635443 0.9314112 -0.01756763
v -879.2549 -40.64451 -1036.654
vt -0.445676 0.2863653
vn -0.2557106 0.9657493 -0.04404894
v -708.6782 15.83483 -1078.237
vt -0.01923432 0.3903228
vn -0.3237355 0.9456659 -0.03018777
v -889.4874 -40.66182 -970.6318
vt -0.4712573 0.1213101
vn -0.2170288 0.975971 0.01946656
v -699.9205 15.83665 -1045.828
vt 0.002660056 0.3093005
vn -0.2774759 0.9599614 0.0384869
v -880.1626 -40.52251 -939.9752
vt -0.4479452 0.0446685
vn -0.2025476 0.978703 0.03339009
v -692.1193 15.83687 -1024.659
vt 0.02216292 0.2563778
vn -0.2557703 0.9646023 0.06421778
v -881.7108 -40.38322 -910.5977
vt -0.4518156 -0.02877533
vn -0.1839038 0.9829435 -0.001206061
v -856.593 -55.59176 -1402.945
vt -0.3890212 1.202092
vn -0.2061414 0.9692453 -0.1344223
v -899.3613 -52.83415 -1306.783
vt -0.4959421 0.9616888
vn -0.2125112 0.9746612 -0.06981815
v -30.29374 -43.67645 -1204.744
vt 1.676727 0.7065902
vn 0.2787321 0.9596066 -0.03825529
v -96.54447 -56.76826 -1457.572
vt 1.5111 1.338659
vn 0.22757 0.9584651 -0.1719201
v -27.54284 -57.37161 -1353.845
vt 1.683604 1.079343
vn 0.2612687 0.9583336 -0.1154791
v 11.53754 -59.04053 -1207.887
vt 1.781305 0.7144473
vn 0.3032266 0.9521905 -0.03724095
v -51.52721 -38.86482 -1066.768
vt 1.623643 0.36165
vn 0.2456242 0.9689041 0.02989354
v -10.78884 -51.49852 -1062.959
vt 1.725489 0.3521273
vn 0.3022815 0.9526141 0.03394454
v -78.25912 -37.68289 -964.5422
vt 1.556813 0.1060859
vn 0.1953654 0.9769064 0.08652374
v -31.28222 -52.18117 -949.4386
vt 1.674256 0.06832695
vn 0.249065 0.9630529 0.1024484
v -120.0814 -42.69584 -881.3735
vt 1.452258 -0.1018357
vn 0.148608 0.9797555 0.1341452
v -82.66055 -54.82302 -843.6969
vt 1.54581 -0.1960273
vn 0.1714426 0.9754326 0.1383431
v -195.0195 -45.69553 -802.2778
vt 1.264912 -0.2995751
vn 0.08587577 0.9818262 0.1692416
v -162.5309 -55.0034 -748.041
vt 1.346134 -0.435167
vn 0.06879351 0.9876187 0.1409848
v -285.3948 -51.8471 -761.5089
vt 1.038974 -0.4014974
vn 0.06357726 0.9779623 0.1988658
v -264.1494 -60.75664 -698.7714
vt 1.092088 -0.558341
vn 0.01307915 0.9910071 0.1331683
v -345.8117 -57.97346 -710.4567
vt 0.887932 -0.5291277
vn 0.09828263 0.9718169 0.214272
v -343.4887 -62.57794 -661.4229
vt 0.8937395 -0.6517122
vn 0.04825659 0.9918072 0.1182783
v -432.0905 -49.90729 -707.3756
vt 0.672235 -0.5368304
vn 0.1036239 0.9625888 0.2503697
v -430.701 -57.65054 -657.0322
vt 0.6757088 -0.662689
vn 0.08456452 0.9820294 0.1687219
v -520.1229 -42.22617 -689.1824
vt 0.4521539 -0.5823134
vn 0.06634454 0.9628654 0.2617034
v -522.3036 -56.64465 -639.9411
vt 0.4467022 -0.7054167
vn 0.06550616 0.9666778 0.2474731
v -611.5875 -40.8931 -681.1382
vt 0.2234924 -0.6024239
vn -0.001932828 0.9660932 0.2581864
v -635.1408 -55.54082 -626.0295
vt 0.1646092 -0.7401958
vn -0.007614817 0.9633317 0.2682053
v -716.7556 -42.23269 -693.5907
vt -0.03942765 -0.5712928
vn 0.03845223 0.9548676 0.2945323
v -750.8566 -63.61722 -626.7276
vt -0.1246803 -0.7384505
vn 0.04816541 0.9457421 0.3213285
v -810.6262 -39.75566 -660.1528
vt -0.2741043 -0.6548874
vn 0.02414332 0.9623028 0.2709067
v -838.821 -54.24802 -615.7885
vt -0.3445914 -0.7657983
vn 0.03126637 0.9483867 0.315571
v -938.7751 -42.80471 -697.5588
vt -0.5944765 -0.5613724
vn -0.1952121 0.974165 0.1135553
v -971.7964 -53.41238 -665.6598
vt -0.6770297 -0.64112
vn -0.1654169 0.9767566 0.136322
v -934.2535 -41.51782 -770.9227
vt -0.5831726 -0.3779628
vn -0.2701272 0.9623467 -0.03033241
v -993.7846 -55.13597 -741.8463
vt -0.7320003 -0.4506538
vn -0.2373373 0.9714252 -0.002034072
v -929.8861 -42.54166 -841.785
vt -0.572254 -0.200807
vn -0.1760836 0.9830026 -0.05196571
v -980.9308 -54.03912 -809.1475
vt -0.6998657 -0.2824008
vn -0.219037 0.9745788 -0.04710579
v -963.7737 -51.93924 -878.1127
vt -0.6569731 -0.1099879
vn -0.1794143 0.9826029 -0.0479795
v -955.5432 -52.1433 -909.8722
vt -0.6363968 -0.0305891
vn -0.1484941 0.9889103 0.002415638
v -965.134 -52.34737 -943.7441
vt -0.6603738 0.0540908
vn -0.1556824 0.9878071 0.0003716679
v -945.5575 -52.32105 -1023.58
vt -0.6114325 0.2536807
vn -0.1863684 0.9807855 -0.05767653
v -912.109 -53.12268 -1106.068
vt -0.5278113 0.4599013
vn -0.2140093 0.9758646 -0.04345458
v -902.7383 -52.17194 -1201.179
vt -0.5043845 0.6976779
vn -0.2311352 0.972863 -0.01068226
v -204.2623 -52.6149 -1557.581
vt 1.241805 1.588683
vn 0.1864256 0.9553142 -0.2293912
v -320.2035 -50.49319 -1613.728
vt 0.9519526 1.729051
vn 0.09653064 0.9550079 -0.2804315
v -437.3302 -52.77105 -1641.202
vt 0.6591356 1.797736
vn -0.02266437 0.9546059 -0.2970083
v -510.1844 -52.84023 -1617.292
vt 0.4770001 1.73796
vn -0.08064343 0.9444507 -0.3186055
v -592.0211 -52.47841 -1595.536
vt 0.2724086 1.683572
vn -0.1152293 0.9328309 -0.3413925
v -658.7747 -52.11627 -1563.681
vt 0.1055246 1.603934
vn -0.1557139 0.9295865 -0.334099
v -717.0107 -52.6815 -1539.221
vt -0.04006562 1.542783
vn -0.204141 0.93515 -0.2895184
v -788.0599 -53.19618 -1472.9
vt -0.2176886 1.376981
vn -0.2361456 0.9513136 -0.1980853
v -126.3307 -65 -687.608
vt 1.436635 -0.5862496
vn 0.08910135 0.9906736 0.1030865
vn 0.01486968 0.9970619 0.07514264
v -240.4768 -65 -628.8663
vt 1.151269 -0.7331038
vn 0.02004276 0.9973937 0.06931139
v -340.9003 -65 -606.7872
vt 0.9002104 -0.7883016
vn 0.03152998 0.9930363 0.1135113
v -429.1527 -65 -600.9372
vt 0.6795795 -0.8029265
vn 0.02805285 0.9884394 0.1489984
v -524.7334 -65 -585.0741
vt 0.4406277 -0.8425843
vn -0.001950149 0.9937398 0.1117022
v -661.385 -65 -564.6247
vt 0.09899871 -0.8937078
vn 0.01123786 0.9953176 0.09600251
v -788.8536 -65 -552.2256
vt -0.2196729 -0.9247054
vn -0.01298258 0.9869153 0.1607156
v -870.2371 -65 -566.3556
vt -0.4231314 -0.8893805
vn -0.1203471 0.9841518 0.1302371
v -1008.59 -65 -630.1163
vt -0.7690146 -0.7299787
vn -0.1759571 0.9843323 0.01135895
v -1060.117 -65 -709.4481
vt -0.8978311 -0.5316494
vn -0.1712327 0.9851344 -0.01377133
v -1037.807 -65 -772.7811
vt -0.8420566 -0.3733169
vn -0.162519 0.9863714 -0.02567286
v -1055.212 -65 -841.9163
vt -0.8855692 -0.2004787
vn -0.1566618 0.9874983 -0.01744107
v -1039.536 -65.09172 -876.3301
vt -0.8463781 -0.1144444
vn -0.158376 0.9873394 -0.008826012
v -1049.423 -65.36797 -913.7847
vt -0.8710965 -0.02080774
vn -0.1892611 0.979019 -0.07551096
v -1019.435 -65.3316 -1009.013
vt -0.7961264 0.2172622
vn -0.2147739 0.9747896 -0.06047717
v -972.0953 -66.41634 -1105.811
vt -0.6777769 0.4592568
vn -0.2310916 0.9728051 -0.01571681
v -955.3113 -65.12751 -1204.802
vt -0.6358171 0.7067351
vn -0.2156013 0.9748078 -0.05714751
v -950.3563 -65.14228 -1315.015
vt -0.6234294 0.9822689
vn -0.1941851 0.9696019 -0.148877
v -899.6246 -64.61809 -1418.965
vt -0.4966003 1.242144
vn -0.2166981 0.9496043 -0.2264808
v -816.1458 -66.81665 -1498.109
vt -0.2879031 1.440003
vn -0.1885656 0.9358668 -0.2976512
v -732.8141 -67.20864 -1575.486
vt -0.07957413 1.633446
vn -0.1491858 0.9296227 -0.3369649
v -672.0602 -66.43627 -1595.439
vt 0.07231078 1.683327
vn -0.1280161 0.9326761 -0.3372346
v -606.153 -66.92397 -1629.747
vt 0.2370788 1.769099
vn -0.1031255 0.9431202 -0.3160527
v -515.167 -66.92331 -1657.059
vt 0.4645437 1.837378
vn -0.0247386 0.9553753 -0.2943571
v -433.1537 -66.92412 -1691.99
vt 0.669577 1.924705
vn 0.1008271 0.9542245 -0.2815838
v -303.1781 -67.62814 -1660.773
vt 0.994516 1.846663
vn 0.1785759 0.9558774 -0.2332576
v -176.4866 -67.63812 -1600.64
vt 1.311245 1.696331
vn 0.2266847 0.9581748 -0.1746854
v -42.03991 -75.30334 -1487.124
vt 1.647361 1.412541
vn 0.2631538 0.9593648 -0.1018295
v 40.88787 -76.15999 -1369.082
vt 1.854681 1.117436
vn 0.3058745 0.9516479 -0.02840963
v 58.14789 -76.1599 -1211.389
vt 1.897831 0.7232025
vn 0.3029865 0.9527172 0.0230012
v 34.60374 -65.57558 -1058.714
vt 1.838971 0.3415167
vn 0.2570684 0.9624255 0.08748099
v 21.06163 -68.33582 -932.6096
vt 1.805115 0.02625436
vn 0.192337 0.9746701 0.1141252
v -40.96445 -68.33569 -801.7158
vt 1.65005 -0.30098
o beach_6_0
g polygon_0
usemtl sund1
f 3779/2611/3852 3778/2610/3851 3777/2609/3850
f 3777/2609/3850 3778/2610/3851 3780/2612/3853
f 3778/2610/3851 3781/2613/3854 3780/2612/3853
f 3780/2612/3853 3781/2613/3854 3782/2614/3855
f 3781/2613/3854 3783/2615/3856 3782/2614/3855
f 3782/2614/3855 3783/2615/3856 3784/2616/3857
f 3783/2615/3856 3785/2617/3858 3784/2616/3857
f 3784/2616/3857 3785/2617/3858 3786/2618/3859
f 3785/2617/3858 3787/2619/3860 3786/2618/3859
f 3786/2618/3859 3787/2619/3860 3788/2620/3861
f 3787/2619/3860 3789/2621/3862 3788/2620/3861
f 3788/2620/3861 3789/2621/3862 3790/2622/3863
f 3789/2621/3862 3791/2623/3864 3790/2622/3863
f 3790/2622/3863 3791/2623/3864 3792/2624/3865
f 3791/2623/3864 3793/2625/3866 3792/2624/3865
f 3792/2624/3865 3793/2625/3866 3794/2626/3867
f 3793/2625/3866 3795/2627/3868 3794/2626/3867
f 3794/2626/3867 3795/2627/3868 3796/2628/3869
f 3795/2627/3868 3797/2629/3870 3796/2628/3869
f 3796/2628/3869 3797/2629/3870 3798/2630/3871
f 3797/2629/3870 3799/2631/3872 3798/2630/3871
f 3798/2630/3871 3799/2631/3872 3800/2632/3873
f 3799/2631/3872 3801/2633/3874 3800/2632/3873
f 3800/2632/3873 3801/2633/3874 3802/2634/3875
f 3801/2633/3874 3803/2635/3876 3802/2634/3875
f 3802/2634/3875 3803/2635/3876 3804/2636/3877
f 3803/2635/3876 3805/2637/3878 3804/2636/3877
f 3804/2636/3877 3805/2637/3878 3806/2638/3879
f 3805/2637/3878 3807/2639/3880 3806/2638/3879
f 3806/2638/3879 3807/2639/3880 3808/2640/3881
f 3807/2639/3880 3809/2641/3882 3808/2640/3881
f 3808/2640/3881 3809/2641/3882 3810/2642/3883
f 3809/2641/3882 3811/2643/3884 3810/2642/3883
f 3810/2642/3883 3811/2643/3884 3812/2644/3885
f 3811/2643/3884 3813/2645/3886 3812/2644/3885
f 3812/2644/3885 3813/2645/3886 3814/2646/3887
f 3813/2645/3886 3815/2647/3888 3814/2646/3887
f 3814/2646/3887 3815/2647/3888 3816/2648/3889
f 3815/2647/3888 3817/2649/3890 3816/2648/3889
f 3816/2648/3889 3817/2649/3890 3818/2650/3891
f 3817/2649/3890 3819/2651/3892 3818/2650/3891
f 3818/2650/3891 3819/2651/3892 3820/2652/3893
f 3819/2651/3892 3821/2653/3894 3820/2652/3893
f 3820/2652/3893 3821/2653/3894 3822/2654/3895
f 3821/2653/3894 3823/2655/3896 3822/2654/3895
f 3822/2654/3895 3823/2655/3896 3824/2656/3897
f 3823/2655/3896 3825/2657/3898 3824/2656/3897
f 3824/2656/3897 3825/2657/3898 3826/2658/3899
f 3829/2661/3902 3828/2660/3901 3827/2659/3900
f 3827/2659/3900 3828/2660/3901 3830/2662/3903
f 3828/2660/3901 3831/2663/3904 3830/2662/3903
f 3830/2662/3903 3831/2663/3904 3832/2664/3905
f 3831/2663/3904 3833/2665/3906 3832/2664/3905
f 3832/2664/3905 3833/2665/3906 3834/2666/3907
f 3833/2665/3906 3835/2667/3908 3834/2666/3907
f 3834/2666/3907 3835/2667/3908 3836/2668/3909
f 3835/2667/3908 3837/2669/3910 3836/2668/3909
f 3836/2668/3909 3837/2669/3910 3838/2670/3911
f 3837/2669/3910 3839/2671/3912 3838/2670/3911
f 3838/2670/3911 3839/2671/3912 3825/2657/3898
f 3779/2611/3852 3777/2609/3850 3827/2659/3900
f 3827/2659/3900 3777/2609/3850 3829/2661/3902
f 3777/2609/3850 3840/2672/3913 3829/2661/3902
f 3829/2661/3902 3840/2672/3913 3841/2673/3914
f 3842/2674/3915 3798/2630/3871 3800/2632/3873
f 3796/2628/3869 3798/2630/3871 3843/2675/3916
f 3843/2675/3916 3798/2630/3871 3844/2676/3917
f 3798/2630/3871 3842/2674/3915 3844/2676/3917
f 3844/2676/3917 3842/2674/3915 3845/2677/3918
f 3842/2674/3915 3846/2678/3919 3845/2677/3918
f 3845/2677/3918 3846/2678/3919 3847/2679/3920
f 3846/2678/3919 3848/2680/3921 3847/2679/3920
f 3847/2679/3920 3848/2680/3921 3849/2681/3922
f 3848/2680/3921 3850/2682/3923 3849/2681/3922
f 3849/2681/3922 3850/2682/3923 3851/2683/3924
f 3850/2682/3923 3852/2684/3925 3851/2683/3924
f 3851/2683/3924 3852/2684/3925 3853/2685/3926
f 3852/2684/3925 3854/2686/3927 3853/2685/3926
f 3853/2685/3926 3854/2686/3927 3855/2687/3928
f 3854/2686/3927 3856/2688/3929 3855/2687/3928
f 3855/2687/3928 3856/2688/3929 3857/2689/3930
f 3856/2688/3929 3858/2690/3931 3857/2689/3930
f 3857/2689/3930 3858/2690/3931 3859/2691/3932
f 3858/2690/3931 3860/2692/3933 3859/2691/3932
f 3859/2691/3932 3860/2692/3933 3861/2693/3934
f 3860/2692/3933 3862/2694/3935 3861/2693/3934
f 3861/2693/3934 3862/2694/3935 3863/2695/3936
f 3862/2694/3935 3864/2696/3937 3863/2695/3936
f 3863/2695/3936 3864/2696/3937 3865/2697/3938
f 3864/2696/3937 3866/2698/3939 3865/2697/3938
f 3865/2697/3938 3866/2698/3939 3867/2699/3940
f 3866/2698/3939 3868/2700/3941 3867/2699/3940
f 3867/2699/3940 3868/2700/3941 3869/2701/3942
f 3868/2700/3941 3870/2702/3943 3869/2701/3942
f 3869/2701/3942 3870/2702/3943 3871/2703/3944
f 3870/2702/3943 3872/2704/3945 3871/2703/3944
f 3871/2703/3944 3872/2704/3945 3873/2705/3946
f 3872/2704/3945 3839/2671/3912 3873/2705/3946
f 3873/2705/3946 3839/2671/3912 3874/2706/3947
f 3839/2671/3912 3837/2669/3910 3874/2706/3947
f 3874/2706/3947 3837/2669/3910 3875/2707/3948
f 3837/2669/3910 3835/2667/3908 3875/2707/3948
f 3875/2707/3948 3835/2667/3908 3876/2708/3949
f 3835/2667/3908 3833/2665/3906 3876/2708/3949
f 3876/2708/3949 3833/2665/3906 3877/2709/3950
f 3833/2665/3906 3831/2663/3904 3877/2709/3950
f 3877/2709/3950 3831/2663/3904 3878/2710/3951
f 3831/2663/3904 3828/2660/3901 3878/2710/3951
f 3878/2710/3951 3828/2660/3901 3879/2711/3952
f 3828/2660/3901 3829/2661/3902 3879/2711/3952
f 3879/2711/3952 3829/2661/3902 3841/2673/3914
f 3843/2675/3916 3880/2712/3953 3796/2628/3869
f 3796/2628/3869 3880/2712/3953 3794/2626/3867
f 3880/2712/3953 3881/2713/3954 3794/2626/3867
f 3794/2626/3867 3881/2713/3954 3792/2624/3865
f 3881/2713/3954 3882/2714/3955 3792/2624/3865
f 3792/2624/3865 3882/2714/3955 3790/2622/3863
f 3882/2714/3955 3883/2715/3956 3790/2622/3863
f 3790/2622/3863 3883/2715/3956 3788/2620/3861
f 3883/2715/3956 3884/2716/3957 3788/2620/3861
f 3788/2620/3861 3884/2716/3957 3786/2618/3859
f 3884/2716/3957 3885/2717/3958 3786/2618/3859
f 3786/2618/3859 3885/2717/3958 3784/2616/3857
f 3885/2717/3958 3886/2718/3959 3784/2616/3857
f 3784/2616/3857 3886/2718/3959 3782/2614/3855
f 3886/2718/3959 3887/2719/3960 3782/2614/3855
f 3782/2614/3855 3887/2719/3960 3780/2612/3853
f 3887/2719/3960 3840/2672/3913 3780/2612/3853
f 3780/2612/3853 3840/2672/3913 3777/2609/3850
f 3870/2702/3943 3824/2656/3897 3826/2658/3899
f 3872/2704/3945 3870/2702/3943 3826/2658/3899
f 3868/2700/3941 3866/2698/3939 3824/2656/3897
f 3824/2656/3897 3866/2698/3939 3822/2654/3895
f 3866/2698/3939 3864/2696/3937 3822/2654/3895
f 3822/2654/3895 3864/2696/3937 3820/2652/3893
f 3864/2696/3937 3862/2694/3935 3820/2652/3893
f 3820/2652/3893 3862/2694/3935 3818/2650/3891
f 3862/2694/3935 3860/2692/3933 3818/2650/3891
f 3818/2650/3891 3860/2692/3933 3816/2648/3889
f 3860/2692/3933 3858/2690/3931 3816/2648/3889
f 3816/2648/3889 3858/2690/3931 3814/2646/3887
f 3858/2690/3931 3856/2688/3929 3814/2646/3887
f 3814/2646/3887 3856/2688/3929 3812/2644/3885
f 3856/2688/3929 3854/2686/3927 3812/2644/3885
f 3812/2644/3885 3854/2686/3927 3810/2642/3883
f 3854/2686/3927 3852/2684/3925 3810/2642/3883
f 3810/2642/3883 3852/2684/3925 3808/2640/3881
f 3852/2684/3925 3850/2682/3923 3808/2640/3881
f 3808/2640/3881 3850/2682/3923 3806/2638/3879
f 3850/2682/3923 3848/2680/3921 3806/2638/3879
f 3806/2638/3879 3848/2680/3921 3804/2636/3877
f 3848/2680/3921 3846/2678/3919 3804/2636/3877
f 3804/2636/3877 3846/2678/3919 3802/2634/3875
f 3846/2678/3919 3842/2674/3915 3802/2634/3875
f 3802/2634/3875 3842/2674/3915 3800/2632/3873
f 3824/2656/3897 3870/2702/3943 3868/2700/3941
f 3853/2685/3961 3855/2687/3962 3888/2720/3961
f 3888/2720/3961 3855/2687/3962 3889/2721/3962
f 3855/2687/3962 3857/2689/3963 3889/2721/3962
f 3889/2721/3962 3857/2689/3963 3890/2722/3963
f 3857/2689/3963 3859/2691/3964 3890/2722/3963
f 3890/2722/3963 3859/2691/3964 3891/2723/3964
f 3859/2691/3964 3861/2693/3965 3891/2723/3964
f 3891/2723/3964 3861/2693/3965 3892/2724/3965
f 3861/2693/3965 3863/2695/3966 3892/2724/3965
f 3892/2724/3965 3863/2695/3966 3893/2725/3966
f 3863/2695/3966 3865/2697/3967 3893/2725/3966
f 3893/2725/3966 3865/2697/3967 3894/2726/3967
f 3865/2697/3967 3867/2699/3968 3894/2726/3967
f 3894/2726/3967 3867/2699/3968 3895/2727/3968
f 3867/2699/3968 3869/2701/3969 3895/2727/3968
f 3895/2727/3968 3869/2701/3969 3896/2728/3969
f 3869/2701/3969 3871/2703/3970 3896/2728/3969
f 3896/2728/3969 3871/2703/3970 3897/2729/3970
f 3871/2703/3970 3873/2705/3971 3897/2729/3970
f 3897/2729/3970 3873/2705/3971 3898/2730/3971
f 3873/2705/3971 3874/2706/3972 3898/2730/3971
f 3898/2730/3971 3874/2706/3972 3899/2731/3972
f 3874/2706/3972 3875/2707/3973 3899/2731/3972
f 3899/2731/3972 3875/2707/3973 3900/2732/3973
f 3875/2707/3973 3876/2708/3974 3900/2732/3973
f 3900/2732/3973 3876/2708/3974 3901/2733/3974
f 3876/2708/3974 3877/2709/3975 3901/2733/3974
f 3901/2733/3974 3877/2709/3975 3902/2734/3975
f 3877/2709/3975 3878/2710/3976 3902/2734/3975
f 3902/2734/3975 3878/2710/3976 3903/2735/3976
f 3878/2710/3976 3879/2711/3977 3903/2735/3976
f 3903/2735/3976 3879/2711/3977 3904/2736/3977
f 3879/2711/3977 3841/2673/3978 3904/2736/3977
f 3904/2736/3977 3841/2673/3978 3905/2737/3978
f 3841/2673/3978 3840/2672/3979 3905/2737/3978
f 3905/2737/3978 3840/2672/3979 3906/2738/3979
f 3840/2672/3979 3887/2719/3980 3906/2738/3979
f 3906/2738/3979 3887/2719/3980 3907/2739/3980
f 3887/2719/3980 3886/2718/3981 3907/2739/3980
f 3907/2739/3980 3886/2718/3981 3908/2740/3981
f 3886/2718/3981 3885/2717/3982 3908/2740/3981
f 3908/2740/3981 3885/2717/3982 3909/2741/3982
f 3885/2717/3982 3884/2716/3983 3909/2741/3982
f 3909/2741/3982 3884/2716/3983 3910/2742/3983
f 3884/2716/3983 3883/2715/3984 3910/2742/3983
f 3910/2742/3983 3883/2715/3984 3911/2743/3984
f 3883/2715/3984 3882/2714/3985 3911/2743/3984
f 3911/2743/3984 3882/2714/3985 3912/2744/3985
f 3882/2714/3985 3881/2713/3986 3912/2744/3985
f 3912/2744/3985 3881/2713/3986 3913/2745/3986
f 3881/2713/3986 3880/2712/3987 3913/2745/3986
f 3913/2745/3986 3880/2712/3987 3914/2746/3987
f 3880/2712/3987 3843/2675/3988 3914/2746/3987
f 3914/2746/3987 3843/2675/3988 3915/2747/3988
f 3843/2675/3988 3844/2676/3989 3915/2747/3988
f 3915/2747/3988 3844/2676/3989 3916/2748/3989
f 3844/2676/3989 3845/2677/3990 3916/2748/3989
f 3916/2748/3989 3845/2677/3990 3917/2749/3990
f 3845/2677/3990 3847/2679/3991 3917/2749/3990
f 3917/2749/3990 3847/2679/3991 3918/2750/3991
f 3847/2679/3991 3849/2681/3992 3918/2750/3991
f 3918/2750/3991 3849/2681/3992 3919/2751/3992
f 3849/2681/3992 3851/2683/3993 3919/2751/3992
f 3919/2751/3992 3851/2683/3993 3920/2752/3993
f 3851/2683/3993 3853/2685/3961 3920/2752/3993
f 3920/2752/3993 3853/2685/3961 3888/2720/3961
f 3825/2657/3898 3839/2671/3912 3826/2658/3899
f 3826/2658/3899 3839/2671/3912 3872/2704/3945
v -1560.902 -26.00644 514.5036
vt -5.246656 2.312814
vn -0.1464374 0.9890799 -0.01664303
v -1687.343 -40.46525 657.2078
vt -5.562758 1.956053
vn -0.1630125 0.9859226 0.03719422
v -1675.913 -37.97253 567.1623
vt -5.534184 2.181167
vn -0.1698582 0.9854472 -0.006477602
v -1508.655 -24.70449 665.5279
vt -5.11604 1.935253
vn -0.09277246 0.9950057 0.03683769
v -1656.603 -43.42147 751.969
vt -5.48591 1.71915
vn -0.2294656 0.9471189 0.2243021
v -1466.331 -24.70604 755.4179
vt -5.010229 1.710528
vn -0.1238696 0.9884738 0.08703884
v -1657.54 -56.47429 771.3857
vt -5.488251 1.670608
vn -0.1668727 0.9840788 0.06117477
v -1478.406 -24.70758 825.7162
vt -5.040416 1.534782
v -1654.688 -57.02475 836.8359
vt -5.481122 1.506983
vn -0.180418 0.9832407 -0.02621394
v -1483.231 -24.70958 879.6924
vt -5.05248 1.399842
v -1669.009 -55.62304 938.3745
vt -5.516925 1.253136
vn -0.1918662 0.9800571 -0.05172538
v -1509.554 -24.71183 939.5045
vt -5.118288 1.250311
v -1710.357 -58.68097 1092.994
vt -5.620296 0.8665884
vn -0.2093086 0.9778484 -0.001557926
v -1556.681 -24.71759 1087.832
vt -5.236104 0.8794928
v -1706.221 -65 1242.335
vt -5.609954 0.4932345
vn -0.1674269 0.9858725 0.004861754
v -1529.96 -24.58971 1211.85
vt -5.169301 0.5694485
vn -0.2060183 0.9782599 0.02375105
v -1585.117 -35.95028 1450.38
vt -5.307195 -0.02687776
vn -0.1229613 0.9922522 0.01777963
v -1503.807 -24.5282 1419.08
vt -5.10392 0.05137235
vn -0.1442781 0.9891894 0.0262326
v -1454.449 -35.84407 1726.415
vt -4.980523 -0.7169653
vn -0.07872455 0.9945089 0.06895295
v -1340.844 -24.53772 1662.86
vt -4.696512 -0.5580769
vn -0.07116141 0.99509 0.06878944
v -1249.553 -35.8421 1847.406
vt -4.468286 -1.019443
vn -0.06238815 0.995079 0.07697647
v -1193.223 -24.53531 1751.135
vt -4.32746 -0.7787656
vn -0.0562017 0.9957222 0.07333899
v -1060.459 -35.84014 2072.182
vt -3.995549 -1.581382
vn -0.07683821 0.9956557 0.05258887
v -964.9499 -24.53313 1949.068
vt -3.756777 -1.273597
vn -0.05040589 0.9977899 0.04329763
v -914.3015 -35.84051 2456.668
vt -3.630155 -2.542598
vn -0.08391118 0.9957618 0.03764853
v -742.877 -24.53364 2121.573
vt -3.201594 -1.704859
vn -0.03963722 0.9988704 0.02620598
v -1040.077 -50.67112 295.5634
vt -3.944595 2.860164
vn 0.3119845 0.932261 -0.1831801
v -1129.912 -35.93629 263.0049
vt -4.169182 2.94156
vn 0.1925302 0.9661089 -0.1719472
v -1132.712 -51.21408 168.9717
vt -4.176181 3.176643
vn 0.1968649 0.9654455 -0.1707609
v -1034.375 -35.94627 374.5317
vt -3.930341 2.662743
vn 0.2630037 0.9516287 -0.1588451
v -1156.734 -24.641 296.7293
vt -4.236238 2.857249
vn 0.1881926 0.9667521 -0.1731297
v -1070.642 -24.64972 393.9998
vt -4.021007 2.614073
vn 0.2133185 0.9677405 -0.1340657
v -1308.244 -50.79197 0.9854012
vt -4.615012 3.596609
vn 0.1166169 0.9813532 -0.1527951
v -1343.164 -35.93035 70.6495
vt -4.702312 3.422449
vn 0.0845675 0.9835255 -0.1597688
v -1376.132 -56.28118 -86.66485
vt -4.784731 3.815735
vn 0.07668465 0.9867686 -0.1428538
v -1298.713 -35.92774 106.8549
vt -4.591184 3.331935
vn 0.1207791 0.9767447 -0.1771505
v -1392.659 -35.93546 58.12841
vt -4.826048 3.453751
vn 0.04425878 0.9870058 -0.1544695
v -1325.143 -24.62384 137.0477
vt -4.657259 3.256453
vn 0.09399203 0.9771466 -0.1906567
v -987.0962 -56.53682 376.7792
vt -3.812142 2.657125
vn 0.3029494 0.9337257 -0.1907304
v -986.2661 -35.94231 480.7143
vt -3.810067 2.397287
vn 0.2226945 0.9684038 -0.1122551
v -1035.457 -24.644 487.7141
vt -3.933043 2.379787
vn 0.200858 0.9777907 -0.05984506
v 2727.002 -22.8942 1655.111
vt 5.473102 -0.5387051
vn 0.03940332 0.998246 0.04418414
v 3124.635 -36.81166 1406.877
vt 6.467185 0.08188015
vn 0.1073273 0.9942214 -0.002173634
v 3039.697 -26.61878 1782.391
vt 6.254841 -0.8569043
vn 0.09189467 0.9956908 0.01246226
v 2898.571 -11.55553 1407.2
vt 5.902024 0.08107358
vn 0.04595432 0.9987454 0.01989405
v 3056.481 -29.15922 1214.339
vt 6.296801 0.5632238
vn 0.124252 0.991029 -0.04922369
v 2816.066 -11.5711 1090.006
vt 5.695763 0.8740576
vn 0.07533547 0.9958265 -0.05151823
v 3166.773 -48.25608 1163.563
vt 6.57253 0.6901639
vn 0.138835 0.9880298 -0.06724579
v 3013.043 -51.38132 973.6564
vt 6.188205 1.164932
vn 0.1245245 0.9857995 -0.1126632
v 1917.132 -11.18242 803.0071
vt 3.448429 1.591555
vn -0.001079792 0.9980149 -0.06296927
v 2112.172 -31.71254 548.5873
vt 3.936027 2.227604
vn 0.04067082 0.99578 -0.08226848
v 2079.542 -7.232502 822.985
vt 3.854453 1.54161
vn 0.02585362 0.9967114 -0.07679794
v 1898.181 -30.96912 475.9915
vt 3.40105 2.409094
vn 0.03000154 0.9982886 -0.05019778
v 2203.37 -53.77618 338.2356
vt 4.164023 2.753484
vn 0.05507653 0.9947664 -0.08606035
v 2041.969 -54.88143 222.7572
vt 3.76052 3.042179
vn 0.08393549 0.9945212 -0.06230866
v 1258.98 -36.38644 623.1816
vt 1.803049 2.041119
vn -0.02708579 0.9974117 -0.06660561
v 1216.615 -37.41743 718.722
vt 1.697135 1.802267
vn -0.02432365 0.9990267 -0.03679644
v 1148.001 -36.94384 603.8117
vt 1.525602 2.089543
vn -0.002158155 0.9983317 -0.05769884
v 1315.592 -27.8203 718.8427
vt 1.944578 1.801966
vn -0.04055788 0.9980299 -0.04786904
v 1256.577 -28.85795 817.8385
vt 1.79704 1.554476
vn -0.03275811 0.9963452 -0.07888776
v 1454.304 -7.861855 958.5456
vt 2.291359 1.202708
vn -0.03760224 0.9965337 -0.0742069
v 1209.847 -27.29249 832.5862
vt 1.680215 1.517607
vn -0.02030912 0.9957594 -0.08972634
v 1290.61 -7.710445 1003.89
vt 1.882124 1.089348
vn -0.02840629 0.9939458 -0.1061357
v 1151.41 -27.75035 856.9661
vt 1.534124 1.456657
vn -0.03544662 0.9957486 -0.08501939
v 1126.917 -7.559032 1049.234
vt 1.472889 0.9759881
vn -0.04005451 0.9944201 -0.09759276
v 1074.926 -34.92701 778.6136
vt 1.342913 1.652539
vn -0.01592427 0.9991925 -0.03688744
v 1006.352 -34.286 848.489
vt 1.171478 1.47785
vn -0.04028453 0.9975098 -0.05789001
v 1006.399 -33.86204 663.8354
vt 1.171596 1.939484
vn -0.03435304 0.9984819 -0.04305635
v 964.5432 -35.16863 734.9824
vt 1.066956 1.761616
vn -0.05488037 0.998026 -0.03053455
v 184.315 -56.15258 817.1253
vt -0.8836142 1.556259
vn -0.04609678 0.9828135 -0.1787531
v 65.61573 -45.90615 921.75
vt -1.180362 1.294698
vn -0.04105012 0.9892778 -0.140158
v 43.05301 -58.26067 858.2019
vt -1.236769 1.453568
vn -0.04960346 0.984258 -0.169634
v 215.3221 -41.68997 894.35
vt -0.8060965 1.363197
vn -0.03797824 0.9902856 -0.1337613
v 93.98914 -34.31036 992.6155
vt -1.109429 1.117534
vn -0.02739326 0.9968288 -0.07471269
v 270.5818 -32.38614 1008.71
vt -0.6679473 1.077298
vn -0.02624567 0.9962863 -0.08200493
v 569.9669 -32.38403 942.7186
vt 0.08051543 1.242276
vn 0.007833357 0.9980584 -0.06179021
v 365.0286 -38.89228 874.9134
vt -0.4318304 1.411789
vn -0.04936256 0.9906762 -0.12698
v 486.65 -37.88408 798.285
vt -0.1277769 1.60336
vn -0.04435408 0.9928378 -0.1109318
v 447.1745 -25.50407 994.402
vt -0.2264656 1.113067
vn -0.01349994 0.9973662 -0.07126202
v 505.2623 -9.514626 1199.655
vt -0.08124615 0.5999351
vn 0.0168257 0.9970402 -0.0750191
v 635.1982 -16.61241 1223.763
vt 0.2435937 0.5396643
vn 0.03198183 0.9971785 -0.06791373
v 520.6913 -5.26757 1254.173
vt -0.0426735 0.4636389
v 611.5054 -22.34086 1121.684
vt 0.1843616 0.7948619
v 715.9673 -24.61465 1070.284
vt 0.4455163 0.9233627
vn -0.002486035 0.9982333 -0.05936357
v 700.3323 -27.7828 1014.901
vt 0.4064289 1.061821
v 780.2301 -24.4281 1067.991
vt 0.6061734 0.9290948
vn -0.02534584 0.9978406 -0.06059482
v 761.9838 -30.86727 972.5367
vt 0.5605575 1.167731
v -866.6847 -46.78274 551.8018
vt -3.511113 2.219568
vn 0.1409596 0.9845012 -0.1043439
v -967.1632 -58.32172 388.9328
vt -3.76231 2.62674
vn 0.2179893 0.9549327 -0.2014548
v -886.1251 -63.77632 461.3763
vt -3.559715 2.445632
vn 0.1866899 0.9593488 -0.2116523
v -923.975 -39.446 529.0743
vt -3.654339 2.276387
vn 0.1533542 0.9829926 -0.1010346
v -228.5437 -39.02832 1118.917
vt -1.915761 0.8017809
vn -0.01723873 0.9985307 -0.05137247
v -314.9744 -44.71475 982.8307
vt -2.131838 1.141996
vn 0.04797509 0.9931984 -0.1060911
v -200.8879 -45.09298 1009.146
vt -1.846622 1.076208
vn -0.01382687 0.9930592 -0.1168006
v -336.1454 -39.29015 1105.435
vt -2.184765 0.8354858
vn -0.001210186 0.9994565 -0.03294327
v -386.0663 -40.2181 996.4578
vt -2.309568 1.107928
vn 0.04843393 0.996542 -0.06751394
v -420.3821 -39.29102 1106.738
vt -2.395357 0.8322274
vn -0.001742421 0.9998917 -0.01461235
v -433.1162 -40.33407 923.6563
vt -2.427192 1.289932
vn 0.08242215 0.9912343 -0.1032527
v -491.7952 -40.56743 1059.055
vt -2.57389 0.9514349
vn 0.009777096 0.999945 0.003792076
v -508.8505 -39.08132 868.7371
vt -2.616528 1.42723
vn 0.118183 0.9846795 -0.128215
v -547.3352 -36.17175 988.1111
vt -2.71274 1.128795
vn 0.01289855 0.9998783 0.008779987
v -561.8799 -41.43443 813.463
vt -2.749102 1.565415
vn 0.08528832 0.9798889 -0.1803988
v -604.2725 -33.05163 893.8954
vt -2.855083 1.364334
vn -0.008757193 0.9994904 -0.03069535
v -626.6098 -60.74529 729.567
vt -2.910926 1.775155
vn 0.03994551 0.9748961 -0.2190479
v -696.7672 -37.63878 821.2178
vt -3.08632 1.546028
vn 0.03681595 0.9923506 -0.1178342
vn -0.002723631 0.9972042 -0.07467557
v 851.2642 -36.775 881.7388
vt 0.7837585 1.394725
vn -0.02569353 0.996482 -0.07977169
v 915.3464 -17.75814 1063.644
vt 0.9439641 0.9399618
vn -0.03333009 0.9953626 -0.09023521
v 740.306 -38.51737 859.1317
vt 0.5063632 1.451243
vn 0.01202831 0.9970732 -0.07550108
v 838.1846 -49.33995 781.5775
vt 0.7510595 1.645129
vn -0.01442084 0.9991459 -0.03872428
v 686.2496 -44.02021 742.6304
vt 0.371222 1.742497
vn 0.001342845 0.9960123 -0.08920625
v 325.5771 -59.76098 784.0995
vt -0.5304592 1.638824
vn -0.074816 0.9801519 -0.1835886
v 445.7167 -59.25689 706.0629
vt -0.2301102 1.833915
vn -0.08872316 0.9825938 -0.1632102
v -1520.259 -51.75922 -85.96747
vt -5.14505 3.813991
vn -0.001332512 0.991033 -0.1336106
v -1502.956 -55.53765 -104.6224
vt -5.101793 3.860628
vn 0.05047687 0.9869244 -0.1530765
v -1441.233 -24.62679 115.021
vt -4.947483 3.31152
vn 0.009777088 0.9893386 -0.1453051
v -1550.655 -45.29339 -14.129
vt -5.221038 3.634395
vn -0.09887605 0.9913938 -0.08580126
v -1477.226 -24.6246 130.6203
vt -5.037466 3.272522
v -1606.89 -47.37899 65.30804
vt -5.361626 3.435802
vn -0.125044 0.9892104 -0.0763341
v -1516.42 -28.79037 183.0395
vt -5.135451 3.141474
v -1674.234 -51.26633 124.3797
vt -5.529988 3.288123
vn -0.1691224 0.984203 -0.05236363
v -1564.124 -24.61905 254.9073
vt -5.254711 2.961804
v -1706.513 -59.00467 204.6284
vt -5.610685 3.087502
vn -0.2372531 0.9713686 -0.01241456
v -1575.1 -25.64331 333.0083
vt -5.282151 2.766552
v -1688.798 -54.4954 309.2582
vt -5.566396 2.825927
vn -0.2577949 0.966143 0.01046097
v -1588.755 -26.66755 383.8319
vt -5.316288 2.639493
v -1694.412 -56.07597 369.7847
vt -5.580432 2.674611
vn -0.1919951 0.9807481 -0.03565222
v -1713.709 -52.91322 422.1651
vt -5.628674 2.54366
vn -0.1318489 0.9863304 -0.09883451
v -1674.235 -38.69907 509.4283
vt -5.529989 2.325502
vn -0.1530465 0.9864395 -0.05927778
v -1461.576 -56.17826 -108.8295
vt -4.998342 3.871146
vn 0.01922676 0.9915414 -0.1283589
v -1041.92 -24.6422 537.6435
vt -3.949203 2.254964
vn 0.1484174 0.9889103 -0.005368885
v -979.2311 -33.3371 537.6404
vt -3.79248 2.254972
vn 0.1243772 0.9919978 -0.02169434
v -1055.586 -24.6404 587.5729
vt -3.983367 2.13014
vn 0.1138593 0.9923447 0.04783332
v -999.133 -30.73188 594.5667
vt -3.842234 2.112656
vn 0.079214 0.9966488 0.02040483
v -1132.752 -24.63679 693.139
vt -4.176283 1.866225
vn 0.09355874 0.9949837 0.03541533
v -1007.26 -36.5125 669.6438
vt -3.862551 1.924963
vn 0.03558813 0.9988223 0.03297785
v -1133.688 -24.63756 811.6709
vt -4.178623 1.569895
vn 0.07045218 0.9969593 -0.03329512
v -966.0831 -37.59779 758.1429
vt -3.75961 1.703715
vn 0.03413038 0.9993025 -0.01515305
v 2301.106 -28.79123 680.3893
vt 4.408363 1.898099
vn 0.05127962 0.993547 -0.101167
v 2646.915 -18.49732 863.5561
vt 5.272885 1.440182
vn 0.05872994 0.9941472 -0.09067526
v 2403.751 -54.24565 531.9069
vt 4.664976 2.269305
vn 0.06849893 0.9899569 -0.1236661
v 2836.044 -49.92473 772.4525
vt 5.745709 1.667941
vn 0.09385477 0.9866694 -0.1329464
v 1629.68 -34.85388 528.1904
vt 2.729798 2.278597
vn -0.02611797 0.9994457 -0.02064073
v 1672.704 -34.54874 321.9606
vt 2.837358 2.794171
vn -0.02277943 0.9977898 -0.06242261
v 1752.749 -30.42763 474.9698
vt 3.03747 2.411648
vn -0.02296582 0.9994285 -0.02480662
v 1535.39 -34.04724 409.9649
vt 2.494073 2.57416
vn -0.03524729 0.9987612 -0.03512508
v 1552.79 -58.07372 133.4536
vt 2.537574 3.265438
vn -0.04047375 0.9944257 -0.09736234
v 1362.842 -55.77703 263.034
vt 2.062704 2.941488
vn -0.06178782 0.994771 -0.0813202
v -741.9764 -28.0928 1017.178
vt -3.199343 1.056128
vn 0.06745104 0.996516 -0.04905269
v -730.4869 -39.38459 877.1691
vt -3.170619 1.40615
vn 0.01645733 0.9994355 -0.02928974
v -643.8492 -39.35601 946.4903
vt -2.954025 1.232847
vn 0.007019103 0.9999661 -0.004302179
v -818.2905 -28.14581 967.9989
vt -3.390128 1.179075
vn 0.05469345 0.9964191 -0.06448022
v -806.993 -36.22549 828.0301
vt -3.361884 1.528997
vn 0.0302439 0.9982712 -0.05039742
v -902.4555 -26.38328 943.9559
vt -3.600541 1.239183
vn 0.0423995 0.9974768 -0.05694185
v -892.7665 -34.95533 807.938
vt -3.576318 1.579227
vn 0.02959258 0.9984373 -0.04740424
v -1017.186 -24.62072 914.6757
vt -3.887367 1.312383
vn 0.02934839 0.9973202 -0.06701605
v -1070.179 -24.63263 878.9949
vt -4.019848 1.401585
vn 0.04393533 0.9969423 -0.06461979
v -554.0601 -63.03279 738.0442
vt -2.729552 1.753962
vn 0.1337551 0.9569952 -0.257429
v 302.6594 -17.74723 1186.762
vt -0.5877534 0.6321663
vn -0.05313361 0.9961902 -0.06915087
v 305.1492 -16.61097 1200.583
vt -0.5815288 0.5976156
v 126.7854 -27.95437 1219.399
vt -1.027438 0.5505752
vn -0.07057623 0.9951102 -0.06909993
v -238.3042 -27.95282 1371.019
vt -1.940162 0.1715243
vn -0.02159118 0.9989363 -0.04074463
v -412.5445 -28.58547 1494.266
vt -2.375763 -0.1365912
vn -0.007907612 0.9993923 -0.03394989
v -449.9223 -39.73034 1187.813
vt -2.469208 0.6295388
vn 0.005376852 0.9996208 -0.02700622
v -537.3661 -39.56869 1142.53
vt -2.687817 0.7427468
vn 0.02387805 0.9996355 -0.01259615
v -589.9091 -39.46235 1056.146
vt -2.819175 0.9587069
vn 0.02400533 0.9997058 0.00346782
v -771.0009 -42.38946 738.0519
vt -3.271904 1.753943
vn 0.09502317 0.9913651 -0.09036546
v -841.3468 -41.70833 727.3009
vt -3.447769 1.78082
vn 0.06569177 0.99584 -0.06314543
v -889.231 -34.29785 701.1243
vt -3.567479 1.846262
vn 0.06882804 0.9972148 -0.02872906
v -951.116 -30.38358 640.6244
vt -3.722192 1.997512
vn 0.07471332 0.9969744 -0.02144454
v -948.8519 -35.53624 584.0496
vt -3.716532 2.138948
vn 0.08488666 0.9959142 -0.03080829
v -658.6306 -26.6287 1360.552
vt -2.990978 0.1976919
vn 0.0444046 0.9984608 -0.03322946
v -723.3287 -27.36075 1197.242
vt -3.152724 0.6059673
vn 0.0685666 0.9973145 -0.02573809
v -535.5875 -27.60709 1464.967
vt -2.683371 -0.06334603
vn 0.02449047 0.9989842 -0.03782546
v -67.27729 -39.14819 1025.8
vt -1.512595 1.034574
vn -0.03139392 0.9971176 -0.0690717
v -55.75935 -27.95361 1264.641
vt -1.4838 0.4374695
vn -0.02402374 0.9988956 -0.04037921
v -67.63611 -46.37501 949.9417
vt -1.513492 1.224218
vn -0.04429425 0.9900703 -0.1334118
v -79.2407 -58.49509 883.2064
vt -1.542504 1.391057
vn -0.04979086 0.9843693 -0.1689315
v -201.5344 -57.85408 930.3421
vt -1.848238 1.273217
vn -0.01472994 0.9851105 -0.1712904
v -1185.822 -35.93071 203.71
vt -4.308958 3.089797
vn 0.1739781 0.9704969 -0.1669352
v -1192.721 -50.92422 108.5353
vt -4.326205 3.327734
vn 0.1734541 0.9708301 -0.165537
v -1225.885 -24.62988 228.0879
vt -4.409114 3.028853
vn 0.1745018 0.9701614 -0.168333
v 761.6311 -47.66199 659.6662
vt 0.5596759 1.949907
vn -0.04753226 0.9964662 -0.06925234
v 1110.787 -42.74126 522.8649
vt 1.432566 2.29191
vn -0.01204058 0.9933201 -0.1147613
v 988.4699 -58.68541 449.6393
vt 1.126773 2.474974
vn -0.0575383 0.9909136 -0.1215716
v 1127.211 -56.67752 417.4114
vt 1.473626 2.555544
vn -0.007510268 0.9923192 -0.1234753
v 1019.254 -46.75705 531.375
vt 1.203733 2.270635
vn -0.05645092 0.9930437 -0.1033322
v 841.0797 -59.14318 526.0387
vt 0.7582974 2.283976
vn -0.06641102 0.9908422 -0.1175646
v 885.291 -47.66682 610.3594
vt 0.8688255 2.073174
vn -0.06944455 0.9944636 -0.07886407
v 713.1053 -59.13997 612.0337
vt 0.4383615 2.068988
vn -0.08399557 0.9879578 -0.1299386
v 672.1973 -61.26804 627.0541
vt 0.3360913 2.031437
vn -0.04224631 0.9890388 -0.1414829
v 569.4636 -61 615.8757
vt 0.07925703 2.059383
vn -0.02174157 0.9884427 -0.1500281
v 618.5621 -43.18813 742.1927
vt 0.2020035 1.743591
vn -0.003721214 0.9947165 -0.1025927
v 1410.364 -34.5437 505.2418
vt 2.181508 2.335968
vn -0.03235207 0.9986814 -0.03986168
v 1234.248 -58.36007 377.6202
vt 1.741219 2.655022
vn -0.07135257 0.9947175 -0.07379683
v 1515.739 -38.53403 594.2747
vt 2.444945 2.113386
vn -0.005657481 0.9992335 -0.03873489
v 1639.765 -13.72182 870.6205
vt 2.75501 1.422521
vn -0.01805966 0.997269 -0.07161218
v 1717.127 -16.16624 833.9442
vt 2.948415 1.514212
vn -0.04359467 0.9976729 -0.05242328
v -345.1331 -63.04052 885.4604
vt -2.207234 1.385422
vn 0.07769719 0.9810607 -0.1774344
v -496.279 -61.04002 792.5042
vt -2.585099 1.617812
vn 0.1878098 0.9526901 -0.2389749
v -404.204 -60.85018 855.8732
vt -2.354912 1.45939
vn 0.1474121 0.9676956 -0.2045358
v -1621.105 -65 1930.014
vt -5.397165 -1.225961
vn -0.08628451 0.9938704 0.06911254
v -1805.884 -65 1512.605
vt -5.859111 -0.1824405
vn -0.1015954 0.9947821 0.009323725
v -1855.744 -65 1306.206
vt -5.983761 0.333558
vn -0.08931012 0.9954593 -0.03293335
v -1416.034 -65 2087.365
vt -4.884487 -1.619341
vn -0.06857118 0.9943842 0.08060986
v -1207.637 -65 2279.869
vt -4.363494 -2.1006
vn -0.1032148 0.9927348 0.06184031
v -1060.981 -65.51044 2670.474
vt -3.996854 -3.077111
vn -0.1280089 0.9905612 0.04901198
v -1713.773 -46.81139 634.9911
vt -5.628833 2.011595
vn -0.2324955 0.9718795 0.03736424
v -1732.314 -52.56416 521.3163
vt -5.675188 2.295782
vn -0.2380853 0.971125 -0.01521889
v -1722.053 -52.14468 444.774
vt -5.649535 2.487137
vn -0.1957914 0.978992 -0.05692439
v 1984.197 -58.98381 108.2792
vt 3.616091 3.328374
vn 0.06419764 0.9946979 -0.08034093
v 1837.602 -54.74487 84.04436
vt 3.249602 3.388962
vn -0.01538646 0.9938107 -0.1100166
v 1870.609 -28.59039 309.8144
vt 3.332121 2.824537
vn 0.03754385 0.9978546 -0.05363476
v 1789.74 -14.35683 814.5167
vt 3.129948 1.562781
vn -0.02998437 0.9983684 -0.04859464
v 2565.819 -11.06446 1550.954
vt 5.070145 -0.2783121
vn 0.02008861 0.9991702 0.03543002
v 2478.104 -4.711079 1067.463
vt 4.850858 0.9304159
vn 0.02343527 0.9985657 -0.04813819
v 2509.086 -6.955173 1238.238
vt 4.928313 0.5034786
vn 0.01587777 0.9998313 -0.009234984
v -764.9623 -56.6096 657.9554
vt -3.256808 1.954184
vn 0.1713252 0.9757501 -0.1362327
v -694.0534 -58.84746 733.4443
vt -3.079535 1.765462
vn 0.1044721 0.9711033 -0.2145784
v -1731.372 -54.20148 699.126
vt -5.672832 1.851258
vn -0.2909395 0.9352973 0.2014279
v 660.5338 -35.84726 873.923
vt 0.3069325 1.414265
vn 0.009584441 0.9982941 -0.05759497
v 598.7358 -25.42828 1066.668
vt 0.1524378 0.9324033
vn 0.01545742 0.9977371 -0.06543493
vn 0.004872493 0.9981706 -0.06026487
v 1332.653 -35.89577 593.1354
vt 1.987231 2.116234
vn -0.02689314 0.9978753 -0.05934291
v 1411.641 -27.82757 693.1326
vt 2.1847 1.866241
vn -0.003366803 0.9978762 -0.06505124
v 1540.507 -11.62695 919.0449
vt 2.506866 1.30146
vn -0.00154045 0.9969187 -0.07842737
v -800.8108 -44.44522 656.6892
vt -3.346429 1.957349
vn 0.130618 0.9867464 -0.09628294
v -787.9718 -52.53246 632.5266
vt -3.314331 2.017756
vn 0.2308963 0.9662571 -0.1141673
v -803.7247 -52.06976 602.3107
vt -3.353714 2.093296
vn 0.1600836 0.9826115 -0.09406318
v -860.8459 -50.22046 646.358
vt -3.496516 1.983177
vn 0.08445209 0.9953664 -0.04597309
v -818.8028 -47.1713 581.675
vt -3.391409 2.144885
vn 0.0683308 0.9950125 -0.07267188
v -876.8141 -43.9849 590.678
vt -3.536437 2.122378
vn 0.1323411 0.9906077 -0.03438171
v -1241.732 -35.92513 144.4151
vt -4.448733 3.238034
vn 0.1529797 0.9728169 -0.1738517
v -1252.731 -50.63437 48.09901
vt -4.476229 3.478825
vn 0.1451969 0.9761962 -0.1611174
v -1278.469 -24.61876 173.5326
vt -4.540574 3.165241
vn 0.1607255 0.9692104 -0.1865435
v -1872.907 -65 817.1617
vt -6.02667 1.556168
vn 0 1 -2.027291E-08
v -1820.244 -65 725.4894
vt -5.89501 1.785349
vn -0.04762632 0.9979399 0.04298514
v -1706.681 -65 756.4813
vt -5.611104 1.707869
v 3236.532 -52.31557 1419.258
vt 6.746927 0.05092859
vn 0.1427265 0.989724 -0.008684041
v 3185.929 -46.57602 1860.879
vt 6.620421 -1.053126
vn 0.1350349 0.9908361 0.003079346
v 1139.31 -35.56803 730.383
vt 1.503872 1.773115
vn 0.003239309 0.9992537 -0.03849
v 1066.375 -34.53058 616.4416
vt 1.321534 2.057969
vn -0.01105107 0.9985925 -0.05187417
v 979.3375 -40.65155 608.4229
vt 1.103942 2.078015
vn -0.07300541 0.9934396 -0.08802269
v 1178.564 -60.24912 406.2021
vt 1.602007 2.583567
vn -0.01793929 0.9953802 -0.09432132
vn -0.03425875 0.9987839 -0.03545437
vn -0.04205708 0.9977022 -0.05311765
v 287.6714 -24.58716 1103.568
vt -0.6252234 0.8401512
vn 0.006837438 0.9970087 -0.07698681
v 479.38 -16.63907 1108.2
vt -0.1459519 0.8285725
vn 0.02329959 0.9973469 -0.06896582
vn 0.00300455 0.9925765 -0.1215851
vn 0.1188274 0.9929121 0.002366985
v 3348.429 -65 1431.638
vt 7.02667 0.01997739
vn 0.1229992 0.9923466 -0.01092978
v 3332.161 -65 1939.368
vt 6.986001 -1.249347
v 3277.065 -65 1112.787
vt 6.84826 0.8171042
vn 0.1136776 0.9917879 -0.05860144
v 3105.514 -65 919.0358
vt 6.419384 1.301483
vn 0.1014233 0.9907659 -0.08997978
v 2933.964 -65 725.2845
vt 5.990508 1.785861
vn 0.08536966 0.9903549 -0.1091292
v 2453.124 -65 460.4862
vt 4.788407 2.447857
vn 0.07513741 0.9917256 -0.1040893
v 2250.598 -65 229.3031
vt 4.282094 3.025815
vn 0.06648093 0.9949512 -0.07518159
v 2102.457 -65 116.2291
vt 3.911739 3.3085
vn 0.05282427 0.9962149 -0.06903163
v 2018.669 -65 47.11606
vt 3.702272 3.481282
vn 0.04939557 0.9967561 -0.06353953
v 1919.105 -65 -33.54964
vt 3.453361 3.682946
vn 0.01472869 0.9980547 -0.06057903
v 1721.27 -65 -77.48478
vt 2.958772 3.792784
vn -0.01430622 0.9981713 -0.05873196
vn -0.02684381 0.9975998 -0.06382736
v 1500.363 -65 51.03667
vt 2.406506 3.471481
v 1277.642 -65 190.4827
vt 1.849704 3.122866
vn -0.04598631 0.9972421 -0.05825345
v 1143.635 -65 311.9579
vt 1.514686 2.819178
vn -0.01891103 0.9982283 -0.05641545
vn -0.05137256 0.9978917 -0.03966156
vn 0.01360133 0.9972314 -0.07310717
v 957.6858 -65 367.9037
vt 1.049813 2.679313
vn -0.02860099 0.9972997 -0.06764141
v 796.8684 -65 441.718
vt 0.6477692 2.494777
vn -0.03791916 0.997595 -0.0580215
v 664.5796 -65 564.4012
vt 0.3170471 2.188069
vn -0.03621433 0.9977059 -0.05719629
vn -0.05794222 0.9968738 -0.053715
vn -0.03161272 0.9978467 -0.05746869
v 545.6187 -65 554.5297
vt 0.01964492 2.212748
vn -0.008150044 0.9982401 -0.05873872
v 404.7834 -65 613.8408
vt -0.3324434 2.064471
vn -0.02792886 0.9983805 -0.04956134
v 286.1255 -65 693.2855
vt -0.629088 1.865859
vn -0.02111118 0.997817 -0.0625748
v 153.3079 -65 739.9006
vt -0.961132 1.749321
vn -0.02534529 0.9958838 -0.08702332
v 20.49028 -65 794.6539
vt -1.293176 1.612438
vn -0.03047616 0.9949864 -0.09525438
v -90.84529 -65 816.4711
vt -1.571515 1.557895
vn -0.02473284 0.9953226 -0.09338696
v -202.1809 -65 851.5385
vt -1.849854 1.470226
vn -0.01393939 0.9973502 -0.07140227
v -375.2917 -65 788.09
vt -2.282631 1.628847
vn 0.0293509 0.9985327 -0.04550912
vn 0.02854982 0.9985964 -0.04461024
vn 0.0433268 0.9981642 -0.04232112
v -483.7075 -65 716.2712
vt -2.553671 1.808394
vn 0.02374792 0.9988325 -0.04206875
v -546.2402 -65 662.6253
vt -2.710002 1.942509
vn 0.0169704 0.9989257 -0.04312083
v -691.3397 -65 645.671
vt -3.072751 1.984895
vn 0.04705055 0.9966775 -0.06648586
vn 0.02074426 0.9980252 -0.05929049
v -640.5819 -65 662.7243
vt -2.945857 1.942262
vn 0.01739847 0.9986269 -0.04941176
vn 0.06186672 0.9952626 -0.07499985
v -758.9238 -65 577.8589
vt -3.241711 2.154425
vn 0.1910744 0.9769098 -0.09559185
vn 0.180476 0.9802202 -0.08122052
vn 0.2362265 0.9662542 -0.1027121
vn 0.3429742 0.9302508 -0.1303922
v -809.2712 -65 498.8023
vt -3.36758 2.352067
vn 0.3147345 0.9379711 -0.1454391
vn 0.2462315 0.9599586 -0.1336023
v -905.5656 -65 370.9507
vt -3.608316 2.671696
vn 0.04245275 0.9960522 -0.07795995
v -845.1502 -65 445.8875
vt -3.457277 2.484354
vn 0.1292388 0.9829957 -0.1304479
v -987.5268 -65 322.8551
vt -3.813219 2.791935
vn 0.2046587 0.9695681 -0.1343594
vn 0.1340034 0.9844849 -0.113281
vn 0.262463 0.9507962 -0.1646197
v -1045.779 -65 216.595
vt -3.958848 3.057585
vn 0.2930695 0.9406894 -0.1709201
v -1135.511 -65 74.93842
vt -4.18318 3.411726
vn 0.1974406 0.9672375 -0.1595898
v -1199.62 -65 13.36061
vt -4.343452 3.565671
vn 0.1552288 0.9755492 -0.1555888
v -1263.729 -65 -48.21713
vt -4.503725 3.719615
vn 0.1512181 0.9760869 -0.1561651
v -1317.776 -65 -104.8841
vt -4.638841 3.861283
vn 0.1234774 0.9815353 -0.1460883
v -1391.825 -65 -161.5511
vt -4.823965 4.00295
vn 0.06840332 0.9890365 -0.1308732
v -1494.92 -65 -189.6077
vt -5.081702 4.073092
vn 0.01816649 0.9930489 -0.1162922
v -1561.642 -65 -191.2156
vt -5.248506 4.077112
vn 0.003236396 0.993887 -0.1103545
vn 0.05737717 0.9875018 -0.1467925
vn 0.003060997 0.991864 -0.1272654
v -1624.084 -65 -158.8783
vt -5.404611 3.996268
vn -0.08323302 0.992615 -0.0882482
v -1697.36 -65 -52.42336
vt -5.587801 3.730131
vn -0.1225796 0.9903627 -0.06446636
v -1735.005 -65 52.34119
vt -5.681914 3.46822
vn -0.1565473 0.9871451 -0.03220886
v -1749.051 -65 163.0729
vt -5.717029 3.19139
vn -0.1968424 0.9804163 0.006079508
v -1728.37 -65 279.7604
vt -5.665327 2.899672
vn -0.2200177 0.9754903 0.003307613
v -1734.18 -65 326.6784
vt -5.679852 2.782377
vn -0.1587001 0.9855864 -0.05859762
v -1753.183 -65 334.9019
vt -5.72736 2.761818
vn -0.1129049 0.9900629 -0.08383306
v -1769.872 -65 380.1198
vt -5.769082 2.648773
vn -0.1711524 0.9841471 -0.04648979
v -1766.798 -65 326.6231
vt -5.761397 2.782515
vn -0.1386147 0.9884748 -0.06085631
v -1788.716 -65 475.4703
vt -5.816192 2.410397
vn -0.2099092 0.9774979 -0.02087901
v -1790.639 -65 570.3793
vt -5.820998 2.173124
vn -0.2044084 0.9788842 -0.00169944
v -1806.14 -65 646.2829
vt -5.859753 1.983365
vn -0.1440455 0.9884951 0.04613469
vn -0.2489005 0.9265233 0.2821401
v -1697.706 -65 826.0835
vt -5.588665 1.533864
vn -0.1782926 0.9839383 -0.008786811
vn -0.2842912 0.912378 0.2945249
v -1721.245 -65 938.0044
vt -5.647514 1.254062
vn -0.175539 0.9839324 -0.03260666
v -1745.895 -65 1094.187
vt -5.709138 0.8636041
vn -0.1749129 0.9845395 0.009351271
vn -0.1733679 0.9837622 0.04642755
vn -0.004838409 0.9984796 -0.05490949
vn -0.003256316 0.9973558 -0.07260019
vn -0.02271078 0.9968857 -0.07551893
vn -0.05106811 0.9970387 -0.05749661
vn 0.01387401 0.9720309 -0.2344428
vn 0.001902619 0.9986943 -0.05104962
o beach_5_0
g polygon_0
usemtl sund1
f 3923/2755/3996 3922/2754/3995 3921/2753/3994
f 3921/2753/3994 3922/2754/3995 3924/2756/3997
f 3922/2754/3995 3925/2757/3998 3924/2756/3997
f 3924/2756/3997 3925/2757/3998 3926/2758/3999
f 3925/2757/3998 3927/2759/4000 3926/2758/3999
f 3926/2758/3999 3927/2759/4000 3928/2760/4000
f 3927/2759/4000 3929/2761/4001 3928/2760/4000
f 3928/2760/4000 3929/2761/4001 3930/2762/4001
f 3929/2761/4001 3931/2763/4002 3930/2762/4001
f 3930/2762/4001 3931/2763/4002 3932/2764/4002
f 3931/2763/4002 3933/2765/4003 3932/2764/4002
f 3932/2764/4002 3933/2765/4003 3934/2766/4003
f 3933/2765/4003 3935/2767/4004 3934/2766/4003
f 3934/2766/4003 3935/2767/4004 3936/2768/4005
f 3935/2767/4004 3937/2769/4006 3936/2768/4005
f 3936/2768/4005 3937/2769/4006 3938/2770/4007
f 3937/2769/4006 3939/2771/4008 3938/2770/4007
f 3938/2770/4007 3939/2771/4008 3940/2772/4009
f 3939/2771/4008 3941/2773/4010 3940/2772/4009
f 3940/2772/4009 3941/2773/4010 3942/2774/4011
f 3941/2773/4010 3943/2775/4012 3942/2774/4011
f 3942/2774/4011 3943/2775/4012 3944/2776/4013
f 3943/2775/4012 3945/2777/4014 3944/2776/4013
f 3944/2776/4013 3945/2777/4014 3946/2778/4015
f 3949/2781/4018 3948/2780/4017 3947/2779/4016
f 3947/2779/4016 3948/2780/4017 3950/2782/4019
f 3948/2780/4017 3951/2783/4020 3950/2782/4019
f 3950/2782/4019 3951/2783/4020 3952/2784/4021
f 3955/2787/4024 3954/2786/4023 3953/2785/4022
f 3953/2785/4022 3954/2786/4023 3956/2788/4025
f 3954/2786/4023 3957/2789/4026 3956/2788/4025
f 3956/2788/4025 3957/2789/4026 3958/2790/4027
f 3947/2779/4016 3950/2782/4019 3959/2791/4028
f 3959/2791/4028 3950/2782/4019 3960/2792/4029
f 3950/2782/4019 3952/2784/4021 3960/2792/4029
f 3960/2792/4029 3952/2784/4021 3961/2793/4030
f 3964/2796/4033 3963/2795/4032 3962/2794/4031
f 3962/2794/4031 3963/2795/4032 3965/2797/4034
f 3963/2795/4032 3966/2798/4035 3965/2797/4034
f 3965/2797/4034 3966/2798/4035 3967/2799/4036
f 3966/2798/4035 3968/2800/4037 3967/2799/4036
f 3967/2799/4036 3968/2800/4037 3969/2801/4038
f 3972/2804/4041 3971/2803/4040 3970/2802/4039
f 3970/2802/4039 3971/2803/4040 3973/2805/4042
f 3971/2803/4040 3974/2806/4043 3973/2805/4042
f 3973/2805/4042 3974/2806/4043 3975/2807/4044
f 3978/2810/4047 3977/2809/4046 3976/2808/4045
f 3976/2808/4045 3977/2809/4046 3979/2811/4048
f 3977/2809/4046 3980/2812/4049 3979/2811/4048
f 3979/2811/4048 3980/2812/4049 3981/2813/4050
f 3980/2812/4049 3982/2814/4051 3981/2813/4050
f 3981/2813/4050 3982/2814/4051 3983/2815/4052
f 3982/2814/4051 3984/2816/4053 3983/2815/4052
f 3983/2815/4052 3984/2816/4053 3985/2817/4054
f 3984/2816/4053 3986/2818/4055 3985/2817/4054
f 3985/2817/4054 3986/2818/4055 3987/2819/4056
f 3986/2818/4055 3988/2820/4057 3987/2819/4056
f 3987/2819/4056 3988/2820/4057 3989/2821/4058
f 3992/2824/4061 3991/2823/4060 3990/2822/4059
f 3990/2822/4059 3991/2823/4060 3993/2825/4062
f 3991/2823/4060 3994/2826/4063 3993/2825/4062
f 3993/2825/4062 3994/2826/4063 3995/2827/4064
f 3998/2830/4067 3997/2829/4066 3996/2828/4065
f 3996/2828/4065 3997/2829/4066 3999/2831/4068
f 3997/2829/4066 3993/2825/4062 3999/2831/4068
f 3999/2831/4068 3993/2825/4062 3995/2827/4064
f 4002/2834/4069 4001/2833/4070 4000/2832/4069
f 4000/2832/4069 4001/2833/4070 4003/2835/4070
f 4001/2833/4070 4004/2836/4071 4003/2835/4070
f 4003/2835/4070 4004/2836/4071 4005/2837/4071
f 4004/2836/4071 4006/2838/4072 4005/2837/4071
f 4005/2837/4071 4006/2838/4072 4007/2839/4072
f 4010/2842/4075 4009/2841/4074 4008/2840/4073
f 4008/2840/4073 4009/2841/4074 4011/2843/4076
f 4009/2841/4074 3959/2791/4028 4011/2843/4076
f 4011/2843/4076 3959/2791/4028 3960/2792/4029
f 4014/2846/4079 4013/2845/4078 4012/2844/4077
f 4012/2844/4077 4013/2845/4078 4015/2847/4080
f 4013/2845/4078 4016/2848/4081 4015/2847/4080
f 4015/2847/4080 4016/2848/4081 4017/2849/4082
f 4016/2848/4081 4018/2850/4083 4017/2849/4082
f 4017/2849/4082 4018/2850/4083 4019/2851/4084
f 4018/2850/4083 4020/2852/4085 4019/2851/4084
f 4019/2851/4084 4020/2852/4085 4021/2853/4086
f 4020/2852/4085 4022/2854/4087 4021/2853/4086
f 4021/2853/4086 4022/2854/4087 4023/2855/4088
f 4022/2854/4087 4024/2856/4089 4023/2855/4088
f 4023/2855/4088 4024/2856/4089 4025/2857/4090
f 4027/2859/4093 4026/2858/4092 4007/2839/4091
f 4007/2839/4091 4026/2858/4092 4028/2860/4094
f 4026/2858/4092 4029/2861/4095 4028/2860/4094
f 4028/2860/4094 4029/2861/4095 4030/2862/4096
f 4032/2864/4098 4031/2863/4097 3998/2830/4067
f 3998/2830/4067 4031/2863/4097 3997/2829/4066
f 4031/2863/4097 3990/2822/4059 3997/2829/4066
f 3997/2829/4066 3990/2822/4059 3993/2825/4062
f 4034/2866/4100 4033/2865/4099 3957/2789/4026
f 3957/2789/4026 4033/2865/4099 4035/2867/4101
f 4033/2865/4099 4036/2868/4102 4035/2867/4101
f 4035/2867/4101 4036/2868/4102 4037/2869/4102
f 4036/2868/4102 4038/2870/4103 4037/2869/4102
f 4037/2869/4102 4038/2870/4103 4039/2871/4103
f 4038/2870/4103 4040/2872/4104 4039/2871/4103
f 4039/2871/4103 4040/2872/4104 4041/2873/4104
f 4040/2872/4104 4042/2874/4105 4041/2873/4104
f 4041/2873/4104 4042/2874/4105 4043/2875/4105
f 4042/2874/4105 4044/2876/4106 4043/2875/4105
f 4043/2875/4105 4044/2876/4106 4045/2877/4106
f 4044/2876/4106 4046/2878/4107 4045/2877/4106
f 4045/2877/4106 4046/2878/4107 3921/2753/3994
f 4046/2878/4107 4047/2879/4108 3921/2753/3994
f 3921/2753/3994 4047/2879/4108 4048/2880/4109
f 3921/2753/3994 4048/2880/4109 3923/2755/3996
f 3954/2786/4023 3955/2787/4024 4049/2881/4110
f 3957/2789/4026 3954/2786/4023 4049/2881/4110
f 3961/2793/4030 4050/2882/4111 3960/2792/4029
f 3960/2792/4029 4050/2882/4111 4051/2883/4112
f 4050/2882/4111 4052/2884/4113 4051/2883/4112
f 4051/2883/4112 4052/2884/4113 4053/2885/4114
f 4052/2884/4113 4054/2886/4115 4053/2885/4114
f 4053/2885/4114 4054/2886/4115 4055/2887/4116
f 4054/2886/4115 4056/2888/4117 4055/2887/4116
f 4055/2887/4116 4056/2888/4117 4057/2889/4118
f 3971/2803/4040 3972/2804/4041 4058/2890/4119
f 4061/2893/4122 4060/2892/4121 4059/2891/4120
f 4059/2891/4120 4060/2892/4121 4058/2890/4119
f 4060/2892/4121 3974/2806/4043 4058/2890/4119
f 4058/2890/4119 3974/2806/4043 3971/2803/4040
f 4064/2896/4125 4063/2895/4124 4062/2894/4123
f 4062/2894/4123 4063/2895/4124 4065/2897/4126
f 4063/2895/4124 4066/2898/4127 4065/2897/4126
f 4065/2897/4126 4066/2898/4127 4067/2899/4128
f 4070/2902/4131 4069/2901/4130 4068/2900/4129
f 4068/2900/4129 4069/2901/4130 4071/2903/4132
f 4069/2901/4130 4072/2904/4133 4071/2903/4132
f 4071/2903/4132 4072/2904/4133 4073/2905/4134
f 4072/2904/4133 4074/2906/4135 4073/2905/4134
f 4073/2905/4134 4074/2906/4135 4075/2907/4136
f 4074/2906/4135 4057/2889/4118 4075/2907/4136
f 4075/2907/4136 4057/2889/4118 4076/2908/4137
f 4022/2854/4087 4077/2909/4138 4024/2856/4089
f 4080/2912/4140 4079/2911/4139 4078/2910/4139
f 4012/2844/4077 4015/2847/4080 4081/2913/4141
f 4081/2913/4141 4015/2847/4080 4082/2914/4142
f 4015/2847/4080 4017/2849/4082 4082/2914/4142
f 4082/2914/4142 4017/2849/4082 4083/2915/4143
f 4017/2849/4082 4019/2851/4084 4083/2915/4143
f 4083/2915/4143 4019/2851/4084 4084/2916/4144
f 4019/2851/4084 4021/2853/4086 4084/2916/4144
f 4084/2916/4144 4021/2853/4086 4085/2917/4145
f 4021/2853/4086 4023/2855/4088 4085/2917/4145
f 4085/2917/4145 4023/2855/4088 4070/2902/4131
f 4023/2855/4088 4025/2857/4090 4070/2902/4131
f 4070/2902/4131 4025/2857/4090 4069/2901/4130
f 4025/2857/4090 4086/2918/4146 4069/2901/4130
f 4069/2901/4130 4086/2918/4146 4072/2904/4133
f 4086/2918/4146 4087/2919/4147 4072/2904/4133
f 4072/2904/4133 4087/2919/4147 4074/2906/4135
f 4087/2919/4147 4088/2920/4148 4074/2906/4135
f 4074/2906/4135 4088/2920/4148 4057/2889/4118
f 4088/2920/4148 4089/2921/4149 4057/2889/4118
f 4057/2889/4118 4089/2921/4149 4055/2887/4116
f 4089/2921/4149 4090/2922/4150 4055/2887/4116
f 4055/2887/4116 4090/2922/4150 4053/2885/4114
f 4090/2922/4150 4011/2843/4076 4053/2885/4114
f 4053/2885/4114 4011/2843/4076 4051/2883/4112
f 4092/2924/4152 4091/2923/4151 4085/2917/4145
f 4085/2917/4145 4091/2923/4151 4084/2916/4144
f 4091/2923/4151 4093/2925/4153 4084/2916/4144
f 4084/2916/4144 4093/2925/4153 4083/2915/4143
f 4095/2927/4155 4094/2926/4154 4081/2913/4141
f 4081/2913/4141 4094/2926/4154 4012/2844/4077
f 4094/2926/4154 4096/2928/4156 4012/2844/4077
f 4012/2844/4077 4096/2928/4156 4014/2846/4079
f 4096/2928/4156 4097/2929/4157 4014/2846/4079
f 4014/2846/4079 4097/2929/4157 4098/2930/4158
f 4100/2932/4160 4099/2931/4159 3949/2781/4018
f 3949/2781/4018 4099/2931/4159 3948/2780/4017
f 4099/2931/4159 4101/2933/4161 3948/2780/4017
f 3948/2780/4017 4101/2933/4161 3951/2783/4020
f 4030/2862/4096 4029/2861/4095 4102/2934/4162
f 4105/2937/4165 4104/2936/4164 4103/2935/4163
f 4103/2935/4163 4104/2936/4164 4106/2938/4166
f 4104/2936/4164 4107/2939/4167 4106/2938/4166
f 4106/2938/4166 4107/2939/4167 4108/2940/4168
f 4107/2939/4167 4109/2941/4169 4108/2940/4168
f 4108/2940/4168 4109/2941/4169 4102/2934/4162
f 4109/2941/4169 4110/2942/4170 4102/2934/4162
f 4102/2934/4162 4110/2942/4170 4030/2862/4096
f 4110/2942/4170 4111/2943/4171 4030/2862/4096
f 4030/2862/4096 4111/2943/4171 4112/2944/4172
f 4111/2943/4171 4032/2864/4098 4112/2944/4172
f 4112/2944/4172 4032/2864/4098 3998/2830/4067
f 4114/2946/4174 4113/2945/4173 4067/2899/4128
f 4067/2899/4128 4113/2945/4173 4065/2897/4126
f 4113/2945/4173 4115/2947/4175 4065/2897/4126
f 4065/2897/4126 4115/2947/4175 4062/2894/4123
f 4115/2947/4175 4116/2948/4176 4062/2894/4123
f 4062/2894/4123 4116/2948/4176 4117/2949/4177
f 3958/2790/4027 3957/2789/4026 4035/2867/4101
f 4014/2846/4079 4098/2930/4158 4118/2950/4178
f 4013/2845/4078 4014/2846/4079 4118/2950/4178
f 4120/2952/4180 4119/2951/4179 4018/2850/4083
f 4018/2850/4083 4119/2951/4179 4020/2852/4085
f 4119/2951/4179 4077/2909/4138 4020/2852/4085
f 4020/2852/4085 4077/2909/4138 4022/2854/4087
f 4083/2915/4143 4093/2925/4153 4082/2914/4142
f 4120/2952/4180 4018/2850/4083 4118/2950/4178
f 4118/2950/4178 4018/2850/4083 4013/2845/4078
f 4018/2850/4083 4016/2848/4081 4013/2845/4078
f 3939/2771/4008 3937/2769/4006 4121/2953/4181
f 4121/2953/4181 3937/2769/4006 4122/2954/4182
f 3937/2769/4006 3935/2767/4004 4122/2954/4182
f 4122/2954/4182 3935/2767/4004 4123/2955/4183
f 4121/2953/4181 4124/2956/4184 3939/2771/4008
f 3939/2771/4008 4124/2956/4184 3941/2773/4010
f 4124/2956/4184 4125/2957/4185 3941/2773/4010
f 3941/2773/4010 4125/2957/4185 3943/2775/4012
f 4125/2957/4185 4126/2958/4186 3943/2775/4012
f 3943/2775/4012 4126/2958/4186 3945/2777/4014
f 3922/2754/3995 3923/2755/3996 4127/2959/4187
f 4127/2959/4187 3923/2755/3996 4128/2960/4188
f 3923/2755/3996 4048/2880/4109 4128/2960/4188
f 4128/2960/4188 4048/2880/4109 4129/2961/4189
f 4047/2879/4108 4129/2961/4189 4048/2880/4109
f 4131/2963/4191 4063/2895/4124 4130/2962/4190
f 4130/2962/4190 4063/2895/4124 4132/2964/4192
f 4063/2895/4124 4064/2896/4125 4132/2964/4192
f 4132/2964/4192 4064/2896/4125 3973/2805/4042
f 4064/2896/4125 4133/2965/4193 3973/2805/4042
f 3973/2805/4042 4133/2965/4193 3970/2802/4039
f 4066/2898/4127 4063/2895/4124 4131/2963/4191
f 3965/2797/4034 4134/2966/4194 3962/2794/4031
f 3972/2804/4041 4135/2967/4195 4058/2890/4119
f 4058/2890/4119 4135/2967/4195 4059/2891/4120
f 4135/2967/4195 4136/2968/4196 4059/2891/4120
f 4059/2891/4120 4136/2968/4196 3967/2799/4036
f 4136/2968/4196 4134/2966/4194 3967/2799/4036
f 3967/2799/4036 4134/2966/4194 3965/2797/4034
f 4002/2834/4069 4000/2832/4069 4078/2910/4139
f 4079/2911/4139 4002/2834/4069 4078/2910/4139
f 4092/2924/4152 4085/2917/4145 4070/2902/4131
f 4068/2900/4129 4092/2924/4152 4070/2902/4131
f 4138/2970/4198 4137/2969/4197 4086/2918/4146
f 4025/2857/4090 4138/2970/4198 4086/2918/4146
f 3925/2757/3998 3922/2754/3995 4127/2959/4187
f 4139/2971/4199 3925/2757/3998 4127/2959/4187
f 3998/2830/4067 3996/2828/4065 4112/2944/4172
f 4112/2944/4172 3996/2828/4065 4140/2972/4200
f 3996/2828/4065 4141/2973/4201 4140/2972/4200
f 4140/2972/4200 4141/2973/4201 4005/2837/4202
f 3973/2805/4042 3975/2807/4044 4130/2962/4190
f 4132/2964/4192 3973/2805/4042 4130/2962/4190
f 4133/2965/4193 4064/2896/4125 4062/2894/4123
f 4117/2949/4177 4133/2965/4193 4062/2894/4123
f 3976/2808/4045 3979/2811/4048 4142/2974/4203
f 4142/2974/4203 3979/2811/4048 4143/2975/4204
f 3979/2811/4048 3981/2813/4050 4143/2975/4204
f 4143/2975/4204 3981/2813/4050 4144/2976/4205
f 4057/2889/4118 4056/2888/4117 4076/2908/4137
f 4087/2919/4147 4086/2918/4146 4145/2977/4206
f 4145/2977/4206 4086/2918/4146 4146/2978/4207
f 4086/2918/4146 4137/2969/4197 4146/2978/4207
f 4147/2979/4208 4145/2977/4206 4146/2978/4207
f 4087/2919/4147 4145/2977/4206 4088/2920/4148
f 4088/2920/4148 4145/2977/4206 4148/2980/4209
f 4145/2977/4206 4147/2979/4208 4148/2980/4209
f 4148/2980/4209 4147/2979/4208 4149/2981/4210
f 4010/2842/4075 4008/2840/4073 4149/2981/4210
f 4088/2920/4148 4148/2980/4209 4089/2921/4149
f 4089/2921/4149 4148/2980/4209 4150/2982/4211
f 4148/2980/4209 4149/2981/4210 4150/2982/4211
f 4150/2982/4211 4149/2981/4210 4008/2840/4073
f 4090/2922/4150 4089/2921/4149 4150/2982/4211
f 4150/2982/4211 4008/2840/4073 4011/2843/4076
f 4090/2922/4150 4150/2982/4211 4011/2843/4076
f 4152/2984/4213 4151/2983/4212 4100/2932/4160
f 4100/2932/4160 4151/2983/4212 4099/2931/4159
f 4151/2983/4212 4153/2985/4214 4099/2931/4159
f 4099/2931/4159 4153/2985/4214 4101/2933/4161
f 4153/2985/4214 4151/2983/4212 3958/2790/4027
f 3958/2790/4027 4151/2983/4212 3956/2788/4025
f 4151/2983/4212 4152/2984/4213 3956/2788/4025
f 3956/2788/4025 4152/2984/4213 3953/2785/4022
f 4156/2988/4216 4155/2987/4216 4154/2986/4215
f 3969/2801/4038 4061/2893/4122 4059/2891/4120
f 3967/2799/4036 3969/2801/4038 4059/2891/4120
f 4158/2990/4218 4157/2989/4217 3964/2796/4033
f 3964/2796/4033 4157/2989/4217 3963/2795/4032
f 4157/2989/4217 3968/2800/4037 3963/2795/4032
f 3963/2795/4032 3968/2800/4037 3966/2798/4035
f 3980/2812/4049 3977/2809/4046 3982/2814/4051
f 3982/2814/4051 3977/2809/4046 4159/2991/4219
f 3977/2809/4046 3978/2810/4047 4159/2991/4219
f 4159/2991/4219 3978/2810/4047 4160/2992/4220
f 3978/2810/4047 4103/2935/4163 4160/2992/4220
f 4160/2992/4220 4103/2935/4163 4106/2938/4166
f 3982/2814/4051 4159/2991/4219 3984/2816/4053
f 3984/2816/4053 4159/2991/4219 3986/2818/4055
f 4159/2991/4219 4160/2992/4220 3986/2818/4055
f 3986/2818/4055 4160/2992/4220 3988/2820/4057
f 4160/2992/4220 4106/2938/4166 3988/2820/4057
f 3988/2820/4057 4106/2938/4166 4161/2993/4221
f 4105/2937/4165 4103/2935/4163 4162/2994/4222
f 4162/2994/4222 4103/2935/4163 3976/2808/4045
f 4103/2935/4163 3978/2810/4047 3976/2808/4045
f 4142/2974/4203 4143/2975/4204 4113/2945/4173
f 4113/2945/4173 4143/2975/4204 4115/2947/4175
f 4143/2975/4204 4144/2976/4205 4115/2947/4175
f 4115/2947/4175 4144/2976/4205 4116/2948/4176
f 4113/2945/4173 4114/2946/4174 4142/2974/4203
f 4142/2974/4203 4114/2946/4174 3976/2808/4045
f 4114/2946/4174 4162/2994/4222 3976/2808/4045
f 3985/2817/4054 3987/2819/4056 4027/2859/4093
f 4027/2859/4093 3987/2819/4056 4026/2858/4092
f 3987/2819/4056 3989/2821/4058 4026/2858/4092
f 4026/2858/4092 3989/2821/4058 4029/2861/4095
f 3989/2821/4058 4108/2940/4168 4029/2861/4095
f 4029/2861/4095 4108/2940/4168 4102/2934/4162
f 4112/2944/4172 4140/2972/4200 4030/2862/4096
f 4030/2862/4096 4140/2972/4200 4028/2860/4094
f 4140/2972/4200 4005/2837/4202 4028/2860/4094
f 4028/2860/4094 4005/2837/4202 4007/2839/4091
f 4108/2940/4168 3989/2821/4058 4106/2938/4166
f 4106/2938/4166 3989/2821/4058 4161/2993/4221
f 3989/2821/4058 3988/2820/4057 4161/2993/4221
f 4095/2927/4155 4080/2912/4223 4094/2926/4154
f 4094/2926/4154 4080/2912/4223 3994/2826/4063
f 4080/2912/4223 4078/2910/4224 3994/2826/4063
f 3994/2826/4063 4078/2910/4224 4163/2995/4224
f 4078/2910/4224 4000/2832/4225 4163/2995/4224
f 4163/2995/4224 4000/2832/4225 4164/2996/4225
f 4000/2832/4225 4003/2835/4226 4164/2996/4225
f 4164/2996/4225 4003/2835/4226 4141/2973/4226
f 3994/2826/4063 3991/2823/4060 4094/2926/4154
f 4094/2926/4154 3991/2823/4060 4096/2928/4156
f 3991/2823/4060 3992/2824/4061 4096/2928/4156
f 4096/2928/4156 3992/2824/4061 4097/2929/4157
f 4034/2866/4227 3957/2789/4026 4049/2881/4110
f 4166/2998/4228 4165/2997/4229 4158/2990/4228
f 4158/2990/4228 4165/2997/4229 4157/2989/4229
f 4165/2997/4229 4167/2999/4230 4157/2989/4229
f 4157/2989/4229 4167/2999/4230 3968/2800/4230
f 4167/2999/4230 4168/3000/4231 3968/2800/4230
f 3968/2800/4230 4168/3000/4231 3969/2801/4231
f 4168/3000/4231 4169/3001/4232 3969/2801/4231
f 3969/2801/4231 4169/3001/4232 4061/2893/4232
f 4169/3001/4232 4170/3002/4233 4061/2893/4232
f 4061/2893/4232 4170/3002/4233 4060/2892/4233
f 4170/3002/4233 4171/3003/4234 4060/2892/4233
f 4060/2892/4233 4171/3003/4234 3974/2806/4234
f 4171/3003/4234 4172/3004/4235 3974/2806/4234
f 3974/2806/4234 4172/3004/4235 3975/2807/4235
f 4172/3004/4235 4173/3005/4236 3975/2807/4235
f 3975/2807/4235 4173/3005/4236 4130/2962/4236
f 4173/3005/4236 4174/3006/4237 4130/2962/4236
f 4130/2962/4236 4174/3006/4237 4131/2963/4237
f 4176/3008/4239 4066/2898/4239 4175/3007/4238
f 4175/3007/4238 4066/2898/4239 4174/3006/4237
f 4066/2898/4239 4131/2963/4237 4174/3006/4237
f 4176/3008/4239 4177/3009/4240 4066/2898/4239
f 4066/2898/4239 4177/3009/4240 4067/2899/4240
f 4177/3009/4240 4178/3010/4241 4067/2899/4240
f 4067/2899/4240 4178/3010/4241 4114/2946/4242
f 4178/3010/4241 4179/3011/4244 4105/2937/4243
f 4105/2937/4243 4179/3011/4244 4104/2936/4244
f 4179/3011/4244 4180/3012/4245 4104/2936/4244
f 4104/2936/4244 4180/3012/4245 4107/2939/4245
f 4180/3012/4245 4181/3013/4246 4107/2939/4245
f 4107/2939/4245 4181/3013/4246 4109/2941/4247
f 4110/2942/4248 4109/2941/4247 4181/3013/4246
f 4181/3013/4246 4182/3014/4249 4110/2942/4248
f 4110/2942/4248 4182/3014/4249 4111/2943/4249
f 4182/3014/4249 4183/3015/4250 4111/2943/4249
f 4111/2943/4249 4183/3015/4250 4032/2864/4250
f 4183/3015/4250 4184/3016/4251 4032/2864/4250
f 4032/2864/4250 4184/3016/4251 4031/2863/4251
f 4184/3016/4251 4185/3017/4252 4031/2863/4251
f 4031/2863/4251 4185/3017/4252 3990/2822/4252
f 4185/3017/4252 4186/3018/4253 3990/2822/4252
f 3990/2822/4252 4186/3018/4253 3992/2824/4253
f 4186/3018/4253 4187/3019/4254 3992/2824/4253
f 3992/2824/4253 4187/3019/4254 4097/2929/4254
f 4187/3019/4254 4188/3020/4255 4097/2929/4254
f 4097/2929/4254 4188/3020/4255 4098/2930/4255
f 4188/3020/4255 4189/3021/4256 4098/2930/4255
f 4098/2930/4255 4189/3021/4256 4118/2950/4257
f 4189/3021/4256 4120/2952/4258 4118/2950/4257
f 4189/3021/4256 4190/3022/4259 4120/2952/4258
f 4120/2952/4258 4190/3022/4259 4119/2951/4259
f 4190/3022/4259 4191/3023/4260 4119/2951/4259
f 4119/2951/4259 4191/3023/4260 4077/2909/4260
f 4024/2856/4262 4077/2909/4260 4192/3024/4261
f 4192/3024/4261 4077/2909/4260 4193/3025/4263
f 4077/2909/4260 4191/3023/4260 4193/3025/4263
f 4138/2970/4264 4024/2856/4262 4192/3024/4261
f 4138/2970/4264 4192/3024/4261 4194/3026/4265
f 4137/2969/4266 4138/2970/4264 4194/3026/4265
f 4147/2979/4268 4146/2978/4267 4194/3026/4265
f 4195/3027/4269 4147/2979/4268 4194/3026/4265
f 4146/2978/4267 4137/2969/4266 4194/3026/4265
f 4197/3029/4272 4196/3028/4271 4149/2981/4270
f 4149/2981/4270 4196/3028/4271 4010/2842/4271
f 4196/3028/4271 4198/3030/4273 4010/2842/4271
f 4010/2842/4271 4198/3030/4273 4009/2841/4274
f 3959/2791/4275 4009/2841/4274 4198/3030/4273
f 4198/3030/4273 4199/3031/4276 3959/2791/4275
f 3959/2791/4275 4199/3031/4276 3947/2779/4276
f 4199/3031/4276 4200/3032/4277 3947/2779/4276
f 3947/2779/4276 4200/3032/4277 3949/2781/4277
f 4200/3032/4277 4201/3033/4278 3949/2781/4277
f 3949/2781/4277 4201/3033/4278 4100/2932/4278
f 4201/3033/4278 4202/3034/4279 4100/2932/4278
f 4100/2932/4278 4202/3034/4279 4152/2984/4279
f 4202/3034/4279 4203/3035/4280 4152/2984/4279
f 4152/2984/4279 4203/3035/4280 3953/2785/4280
f 4203/3035/4280 4204/3036/4281 3953/2785/4280
f 3953/2785/4280 4204/3036/4281 3955/2787/4281
f 4204/3036/4281 4205/3037/4282 3955/2787/4281
f 3955/2787/4281 4205/3037/4282 4049/2881/4282
f 4205/3037/4282 4206/3038/4283 4049/2881/4282
f 4049/2881/4282 4206/3038/4283 4034/2866/4283
f 4206/3038/4285 4033/2865/4285 4034/2866/4284
f 4206/3038/4285 4207/3039/4286 4033/2865/4285
f 4033/2865/4285 4207/3039/4286 4036/2868/4286
f 4207/3039/4286 4208/3040/4287 4036/2868/4286
f 4036/2868/4286 4208/3040/4287 4038/2870/4287
f 4208/3040/4287 4209/3041/4288 4038/2870/4287
f 4038/2870/4287 4209/3041/4288 4040/2872/4288
f 4209/3041/4288 4210/3042/4289 4040/2872/4288
f 4040/2872/4288 4210/3042/4289 4042/2874/4289
f 4210/3042/4289 4211/3043/4290 4042/2874/4289
f 4042/2874/4289 4211/3043/4290 4044/2876/4290
f 4211/3043/4290 4212/3044/4291 4044/2876/4290
f 4044/2876/4290 4212/3044/4291 4046/2878/4291
f 4212/3044/4291 4213/3045/4292 4046/2878/4291
f 4046/2878/4291 4213/3045/4292 4047/2879/4292
f 4215/3047/4294 4214/3046/4293 4213/3045/4292
f 4213/3045/4292 4214/3046/4293 4047/2879/4292
f 4214/3046/4293 4129/2961/4293 4047/2879/4292
f 4214/3046/4293 4216/3048/4295 4129/2961/4293
f 4129/2961/4293 4216/3048/4295 4128/2960/4295
f 4216/3048/4295 4217/3049/4296 4128/2960/4295
f 4128/2960/4295 4217/3049/4296 4127/2959/4296
f 4217/3049/4296 4218/3050/4297 4127/2959/4296
f 4127/2959/4296 4218/3050/4297 4139/2971/4297
f 4218/3050/4297 4155/2987/4216 4139/2971/4297
f 4139/2971/4297 4155/2987/4216 4156/2988/4216
f 4156/2988/4300 4219/3051/4299 3927/2759/4298
f 3927/2759/4298 4219/3051/4299 3929/2761/4299
f 4219/3051/4299 4220/3052/4301 3929/2761/4299
f 3929/2761/4299 4220/3052/4301 3931/2763/4301
f 4220/3052/4301 4221/3053/4302 3931/2763/4301
f 3931/2763/4301 4221/3053/4302 3933/2765/4302
f 3935/2767/4303 3933/2765/4302 4221/3053/4302
f 4003/2835/4226 4005/2837/4304 4141/2973/4226
f 3996/2828/4065 3999/2831/4068 4141/2973/4201
f 4141/2973/4201 3999/2831/4068 4164/2996/4305
f 3999/2831/4068 3995/2827/4064 4164/2996/4305
f 4164/2996/4305 3995/2827/4064 4163/2995/4306
f 3994/2826/4063 4163/2995/4306 3995/2827/4064
f 4027/2859/4307 4007/2839/4072 4006/2838/4072
f 4025/2857/4090 4024/2856/4308 4138/2970/4198
f 3960/2792/4029 4051/2883/4112 4011/2843/4076
f 4139/2971/4199 4156/2988/4300 3925/2757/3998
f 3925/2757/3998 4156/2988/4300 3927/2759/4298
f 4197/3029/4272 4149/2981/4270 4195/3027/4269
f 4195/3027/4269 4149/2981/4270 4147/2979/4268
f 4114/2946/4242 4178/3010/4241 4162/2994/4309
f 4162/2994/4309 4178/3010/4241 4105/2937/4243
v 331.4959 -9.998163 39.76159
vt 1.184165 0.4198084
vn 0.1420102 0.9895123 0.02642894
v 393.1469 -17.22958 -46.12757
vt 1.338292 0.6345313
vn 0.1132095 0.9935586 0.00499643
v 389.0914 -18.59702 51.57666
vt 1.328153 0.3902707
vn 0.1316528 0.990804 0.03122352
v 326.5567 -9.998163 -52.781
vt 1.171817 0.6511649
vn 0.1147539 0.9933926 -0.001654614
v 400.8215 -18.26764 -103.5912
vt 1.357479 0.7781903
vn 0.100767 0.9948942 -0.005611112
v 319.7629 -9.998161 -90.76246
vt 1.154832 0.7461185
vn 0.1002048 0.9949197 -0.009685094
v 383.6451 -16.80118 -155.108
vt 1.314538 0.9069824
vn 0.09345821 0.9955647 -0.0107936
v 312.969 -9.998163 -128.7439
vt 1.137847 0.8410721
vn 0.08610784 0.9959866 -0.0244158
v -41.96749 -14.02336 -346.3885
vt 0.2505062 1.385184
vn 0.007385683 0.9804479 -0.1966401
v 5.265242 -9.998161 -330.0555
vt 0.368588 1.344351
vn 0.003766266 0.9771314 -0.2126028
v -36.89571 -9.998163 -325.4296
vt 0.2631857 1.332786
vn -0.008735099 0.9813495 -0.1920337
v 3.159556 -14.02336 -345.797
vt 0.3633238 1.383705
vn 0.003998237 0.9769369 -0.2134906
v 62.05762 -9.998163 -322.5102
vt 0.510569 1.325488
vn 0.0265848 0.9840853 -0.1756965
v 58.56377 -14.02336 -344.1929
vt 0.5018344 1.379695
vn 0.005024584 0.9871066 -0.1599857
v 128.3293 -9.998161 -297.3642
vt 0.6762483 1.262623
vn 0.02741916 0.9924737 -0.1193485
v 121.5134 -14.02336 -335.9265
vt 0.6592084 1.359029
vn 0.01930938 0.9932611 -0.1142784
v 36.49897 -16.36346 360.998
vt 0.4466724 -0.3832825
vn 0.007445554 0.9888974 0.148413
v -41.95873 -9.998127 317.3348
vt 0.2505281 -0.2741247
vn -0.01095364 0.990074 0.1401193
v 26.36983 -9.99819 317.6382
vt 0.4213495 -0.2748832
vn 0.003722787 0.9887739 0.1493729
v -38.91433 -15.52723 356.0496
vt 0.2581391 -0.3709115
vn -0.006429074 0.9901304 0.1400017
v -66.43824 -9.998165 311.536
vt 0.1893293 -0.2596276
vn -0.02167142 0.9910548 0.1316842
v -68.5229 -15.84874 355.3128
vt 0.1841177 -0.3690697
vn -0.01395952 0.9911523 0.1319933
v -90.91772 -9.998161 305.7373
vt 0.1281307 -0.2451309
vn -0.01551291 0.9936244 0.1116685
v -97.59544 -15.2843 347.8307
vt 0.1114363 -0.3503643
vn -0.0037923 0.9934149 0.1145093
v -152.342 -9.998163 287.7786
vt -0.02543015 -0.2002342
vn -0.02243133 0.9970916 0.07283685
v -167.0605 -14.42465 343.2906
vt -0.06222638 -0.3390141
vn -0.005366072 0.9960593 0.08852724
v 140.3011 -14.64261 -339.2916
vt 0.7061778 1.367441
vn 0.02645996 0.9936873 -0.1090201
v 177.5173 -9.998159 -287.8858
vt 0.7992182 1.238927
vn 0.05093916 0.992798 -0.1084312
v 192.2614 -15.24841 -324.8922
vt 0.8360785 1.331443
vn 0.05146118 0.9928252 -0.107935
v 217.0317 -9.998161 -257.9597
vt 0.8980041 1.164112
vn 0.07306584 0.9935097 -0.08717687
v 240.3564 -15.53184 -298.9659
vt 0.956316 1.266627
vn 0.06716468 0.9935439 -0.09142977
v 236.9355 -9.998163 -225.0694
vt 0.9477637 1.081886
vn 0.07183633 0.9949972 -0.06942733
v 296.9457 -16.34669 -260.2545
vt 1.097789 1.169849
vn 0.06891168 0.9949544 -0.07291708
v 282.1841 -9.998163 -181.7315
vt 1.060885 0.973541
vn 0.06934934 0.9959155 -0.05781871
v 339.0029 -15.67532 -208.0457
vt 1.202932 1.039327
vn 0.06802089 0.995837 -0.06067882
v 382.894 -17.10451 -178.1603
vt 1.31266 0.964613
vn 0.07935157 0.9962255 -0.03518671
v -221.681 -14.0241 -284.7641
vt -0.1987775 1.231123
vn -0.07286284 0.9929067 -0.09395319
v -147.751 -9.998161 -305.7008
vt -0.01395245 1.283464
vn -0.05339161 0.9914199 -0.1193151
v -206.8691 -9.998163 -253.5746
vt -0.1617479 1.153149
vn -0.07678483 0.9928068 -0.09186256
v -160.051 -14.02375 -333.7729
vt -0.04470262 1.353645
vn -0.04882297 0.9914176 -0.1212743
v -66.4916 -9.998165 -322.1824
vt 0.1891959 1.324668
vn -0.01638166 0.9875686 -0.1563329
v -75.38312 -14.02336 -346.8266
vt 0.1669672 1.386279
vn -0.00670248 0.9871319 -0.1597675
v -335.8139 -14.02169 -164.8402
vt -0.4841098 0.9313129
vn -0.08274616 0.9952312 -0.05165115
v -264.6783 -9.998165 -202.549
vt -0.3062707 1.025585
vn -0.07915761 0.9942929 -0.07152355
v -304.6606 -9.998165 -136.3406
vt -0.4062266 0.860064
vn -0.08676282 0.995122 -0.04695279
v -287.9803 -14.0228 -232.2797
vt -0.3645258 1.099912
vn -0.07556894 0.9943634 -0.07436825
v -359.2081 -13.18465 98.42627
vt -0.5425954 0.2731467
vn -0.06719141 0.997237 0.03168036
v -331.9216 -9.998163 43.89311
vt -0.474379 0.4094796
vn -0.06450993 0.9978831 0.008224676
v -318.2465 -9.998163 87.53677
vt -0.4401914 0.3003705
vn -0.06798428 0.9972905 0.02810265
v -380.9095 -13.18465 51.09502
vt -0.5968487 0.3914748
vn -0.06377618 0.9978769 0.01320597
v -324.8373 -9.998163 9.295754
vt -0.4566683 0.495973
vn -0.0666955 0.9977239 -0.00993022
v -377.1647 -13.18465 9.702048
vt -0.5874869 0.4949572
vn -0.06610351 0.9977152 -0.01395464
v -325.1697 -9.998163 -32.62932
vt -0.4574994 0.6007857
vn -0.07731918 0.9969169 -0.01335299
v -366.2683 -13.43303 -39.57161
vt -0.5602458 0.6181414
vn -0.07594548 0.9968408 -0.02325058
v -323.4009 -9.998165 -52.70031
vt -0.4530774 0.6509631
vn -0.08782206 0.9960071 -0.01603461
v -360.1742 -13.49462 -65.28064
vt -0.5450104 0.6824139
vn -0.08658441 0.9960348 -0.02044137
v -314.4301 -9.998163 -107.2298
vt -0.4306503 0.7872868
vn -0.08907056 0.9956681 -0.02667513
v -350.7438 -13.71682 -127.8447
vt -0.5214345 0.838824
vn -0.08666141 0.9957784 -0.03025174
v 225.9809 -9.998163 252.7416
vt 0.9203771 -0.1126417
vn 0.1000451 0.9883198 0.1149561
v 325.5042 -16.82026 182.9894
vt 1.169185 0.06173879
vn 0.1356972 0.9877576 0.07694878
v 247.6505 -15.40994 278.795
vt 0.9745511 -0.1777751
vn 0.09976438 0.9882124 0.1161176
v 287.1838 -9.998163 157.7305
vt 1.073384 0.1248862
vn 0.1352465 0.9877557 0.07776325
v 365.4542 -17.54464 104.4976
vt 1.26906 0.2579685
vn 0.1514927 0.9869692 0.05423744
v 327.6347 -9.998163 81.79232
vt 1.174512 0.3147316
vn 0.1520065 0.9871168 0.04994557
v 378.5507 -18.12772 75.176
vt 1.301802 0.3312724
vn 0.1499803 0.9876678 0.04492497
v 182.0851 -16.55179 319.7026
vt 0.8106377 -0.2800441
vn 0.07196724 0.9871408 0.1427364
v 94.69837 -9.998163 317.9417
vt 0.5921709 -0.2756418
vn 0.03907192 0.9880861 0.1488597
v 160.3397 -9.998159 285.3415
vt 0.7562741 -0.1941414
vn 0.07156682 0.9871367 0.1429659
v 110.2246 -15.89713 351.3999
vt 0.6309864 -0.3592875
vn 0.04246218 0.9880912 0.1478941
v -195.9837 -13.94448 330.5028
vt -0.1345343 -0.3070446
vn -0.02778166 0.9977195 0.06151323
v -232.2367 -9.998163 214.2936
vt -0.2251667 -0.01652157
vn -0.04545912 0.9980775 0.04212718
v -272.3156 -13.84731 265.8683
vt -0.3253639 -0.1454583
vn -0.04543504 0.9980769 0.04216805
v -275.1105 -9.998165 160.2844
vt -0.3323514 0.1185015
vn -0.05389345 0.9978311 0.03779573
v -318.4092 -14.53244 219.134
vt -0.440598 -0.02862275
vn -0.05644973 0.9977561 0.03600284
v -304.0412 -9.998165 121.468
vt -0.404678 0.2155424
vn -0.06657104 0.9972458 0.03269497
v -333.9709 -13.0247 150.8144
vt -0.4795023 0.1421764
vn -0.06641989 0.9972609 0.03254215
v 200.5051 -22.10322 348.809
vt 0.8566878 -0.3528101
vn 0.1261625 0.9728442 0.1940544
v 274.4507 -22.10303 311.0169
vt 1.041552 -0.2583299
vn 0.180859 0.9626981 0.201252
v 221.9084 -36.75116 395.8447
vt 0.9101961 -0.4703994
vn 0.120908 0.9803962 0.1555781
v 287.7328 -36.75116 328.2539
vt 1.074757 -0.3014224
vn 0.1617532 0.9712377 0.1747379
v 272.6275 -45.41138 482.6919
vt 1.036994 -0.6875174
vn 0.145156 0.9753291 0.1663216
v 349.9155 -45.41138 402.8269
vt 1.230214 -0.4878548
vn 0.1479418 0.9770405 0.1533135
v 306.9977 -68.07433 529.4871
vt 1.122919 -0.8045052
vn 0.2266084 0.9372993 0.2647994
v 398.1349 -68.07433 456.4059
vt 1.350762 -0.6218023
vn 0.2333491 0.9420466 0.2410321
v -342.7498 -13.16578 134.1823
vt -0.5014494 0.1837567
vn -0.07094159 0.9970038 0.03083443
v -441.4497 -19.58239 120.2899
vt -0.7481993 0.2184876
vn -0.1784398 0.9786599 0.1019014
v -420.4679 -19.52563 159.7097
vt -0.6957447 0.1199382
vn -0.1774225 0.9809203 0.07947706
v -491.7067 -36.75116 130.6032
vt -0.8738418 0.1927044
vn -0.2052499 0.9717984 0.116105
v -472.4439 -36.75117 172.6646
vt -0.8256847 0.08755088
vn -0.1991973 0.9766054 0.08100875
v -546.498 -44.50263 140.3149
vt -1.01082 0.1684251
vn -0.2022482 0.9748861 0.0932352
v -531.7604 -44.50263 190.916
vt -0.9739761 0.04192227
vn -0.1999305 0.978245 0.05535864
v -623.5919 -68.07433 149.6972
vt -1.203555 0.1449694
vn -0.2820958 0.9516526 0.12157
v -613.4235 -68.24945 222.2583
vt -1.178134 -0.03643334
vn -0.2834564 0.9560224 0.07532292
v -594.1118 -44.50263 77.00443
vt -1.129854 0.3267013
vn -0.2211958 0.9729682 0.06637298
v -660.1026 -68.07433 81.54758
vt -1.294832 0.3153434
vn -0.3199264 0.9432368 0.08917118
v -594.0917 -44.50263 3.607523
vt -1.129804 0.5101936
vn -0.2325218 0.9713261 -0.04959128
v -656.0627 -68.07433 -3.938586
vt -1.284732 0.5290588
vn -0.3476501 0.9346535 -0.0745801
v -562.8423 -44.50263 -79.78553
vt -1.051681 0.7186762
vn -0.2249913 0.9685363 -0.1063785
v -617.8066 -68.07433 -93.44772
vt -1.189092 0.7528316
vn -0.3439593 0.9251033 -0.1608598
v -541.0097 -44.50263 -117.2108
vt -0.9970993 0.8122393
vn -0.2312274 0.9702226 -0.07212465
v -599.7866 -68.07433 -130.5061
vt -1.144042 0.8454776
vn -0.3532184 0.9287467 -0.1125449
v -529.5637 -44.50263 -217.351
vt -0.9684842 1.06259
vn -0.2319971 0.971355 -0.05144814
v -587.6782 -68.07433 -230.9284
vt -1.113771 1.096533
vn -0.3544638 0.9318725 -0.07725916
v -501.769 -44.50263 -298.2427
vt -0.8989977 1.264819
vn -0.1938 0.9742826 -0.1149567
v -557.0917 -68.07433 -329.7268
vt -1.037304 1.343529
vn -0.2996047 0.9379997 -0.1743377
v -422.634 -44.50263 -380.8366
vt -0.70116 1.471304
vn -0.1491877 0.9748227 -0.1657219
v -462.9802 -68.07433 -433.626
vt -0.8020254 1.603277
vn -0.226218 0.9408892 -0.252097
v -326.6109 -44.50263 -451.4694
vt -0.4611022 1.647886
vn -0.1097783 0.975399 -0.1911688
v -361.5919 -68.07433 -508.9639
vt -0.5485548 1.791622
vn -0.1579368 0.9487858 -0.2736081
v -219.0316 -44.50263 -488.5199
vt -0.192154 1.740512
vn -0.06834517 0.9802026 -0.1858272
v -262.472 -68.07433 -559.0427
vt -0.3007552 1.916819
vn -0.1109557 0.9686226 -0.222394
v -205.3875 -36.75117 -441.8347
vt -0.1580437 1.623799
vn -0.04465562 0.9791237 -0.1982992
v -251.4198 -22.10726 -347.3856
vt -0.2731246 1.387676
vn -0.103645 0.9830943 -0.1509415
v -280.7425 -36.75117 -404.1081
vt -0.3464313 1.529483
vn -0.09944221 0.9826802 -0.1563677
v -184.7468 -22.10623 -390.1354
vt -0.106442 1.494551
vn -0.05405582 0.9811278 -0.1856508
v 526.1239 -36.75116 -211.3598
vt 1.670735 1.047612
vn 0.1051551 0.9940117 -0.02971771
v 432.098 -22.10503 -212.933
vt 1.43567 1.051545
vn 0.1054282 0.9924896 -0.06204176
v 506.5107 -36.75116 -261.7032
vt 1.621702 1.17347
vn 0.09748929 0.9925104 -0.07361378
v 438.7464 -22.10502 -175.6623
vt 1.452291 0.9583681
vn 0.1222687 0.9922962 -0.01996475
v -12.50862 -45.41138 606.9506
vt 0.3241534 -0.9981642
vn 0.03836101 0.9765888 0.2116666
v 109.6019 -68.07433 634.7762
vt 0.6294298 -1.067728
vn 0.1046802 0.9290841 0.3547461
v 3.343303 -68.07433 666.9839
vt 0.3637832 -1.148247
vn 0.06737162 0.9407613 0.3323089
v 90.12268 -45.41138 584.9401
vt 0.5807316 -0.9431378
vn 0.0651959 0.9728448 0.2220867
v 215.8605 -68.07433 602.5684
vt 0.8950763 -0.9872085
vn 0.1748375 0.9308023 0.3209966
v 193.1845 -45.41138 547.9595
vt 0.8383862 -0.8506863
vn 0.1106686 0.9735144 0.2000554
v 520.3694 -68.07433 316.8032
vt 1.656348 -0.2727957
vn 0.2912796 0.9310647 0.2197151
v 474.1562 -44.50263 285.0544
vt 1.540815 -0.1934235
vn 0.1785257 0.9742568 0.1376671
v 563.2365 -68.07433 243.6679
vt 1.763516 -0.08995736
vn 0.3239036 0.922533 0.2098077
v 519.4697 -44.50263 210.3513
vt 1.654099 -0.006665826
vn 0.1984097 0.9718146 0.1273183
v 587.7456 -68.07433 212.9521
vt 1.824789 -0.01316786
vn 0.2952744 0.9325286 0.2078545
v 538.2065 -44.50263 179.5748
vt 1.700941 0.07027531
vn 0.1836543 0.9748549 0.1262098
v 640.9033 -68.07434 146.333
vt 1.957683 0.1533799
vn 0.266454 0.9496861 0.1646166
v 577.6614 -44.50263 114.7677
vt 1.799578 0.2322931
vn 0.169859 0.9801707 0.1020454
v 724.9058 -68.07434 3.642584
vt 2.16769 0.5101059
vn 0.2401953 0.966906 0.08601701
v 636.6429 -44.50263 -16.50751
vt 1.947032 0.5604811
vn 0.1581832 0.9859319 0.05400383
v 746.4114 -68.07434 -65.48914
vt 2.221453 0.6829352
vn 0.2081725 0.9773517 0.03805005
v 637.6914 -44.50263 -76.0854
vt 1.949653 0.7094259
vn 0.1511087 0.9882764 0.02181446
v 775.7626 -68.07433 -159.8407
vt 2.294832 0.9188141
vn 0.1796779 0.9837176 -0.003937473
v 638.8284 -44.50263 -140.685
vt 1.952496 0.8709248
vn 0.1447728 0.9894395 -0.007095485
v 730.7771 -68.07433 -313.0623
vt 2.182368 1.301868
vn 0.1594126 0.9846142 -0.07157158
v 615.7631 -44.50263 -248.2232
vt 1.894833 1.13977
vn 0.1315657 0.9897783 -0.05503912
v 694.6438 -68.07433 -363.7586
vt 2.092034 1.428609
vn 0.1538067 0.9831263 -0.09902543
v 602.6521 -44.50263 -271.8575
vt 1.862055 1.198856
vn 0.1185399 0.9901301 -0.07477055
v 667.0189 -68.07433 -402.5173
vt 2.022972 1.525506
vn 0.1507491 0.9832484 -0.102456
v 576.6396 -44.50263 -318.7485
vt 1.797024 1.316084
vn 0.1064526 0.9909191 -0.08214124
v -51.37705 -22.10503 -387.7211
vt 0.2269823 1.488515
vn 0.05365764 0.9589537 -0.2784396
v -15.35431 -36.75117 -416.5594
vt 0.3170392 1.560611
vn 0.009736135 0.9666156 -0.2560457
v -1.068182 -22.10503 -377.4025
vt 0.3527545 1.462719
vn 0.007540273 0.9593139 -0.2822408
v -58.08688 -36.75117 -427.9316
vt 0.2102078 1.589041
vn 0.0633898 0.9619682 -0.2657043
v -32.77491 -45.08743 -469.5406
vt 0.2734877 1.693064
vn 0.0005719083 0.987513 -0.1575365
v -67.8257 -44.86398 -476.0289
vt 0.1858607 1.709285
vn 0.06163993 0.985704 -0.156806
v 191.3691 -36.75116 -490.1331
vt 0.8338476 1.744545
vn 0.02083149 0.9893621 -0.1439743
v 107.8285 -22.10504 -413.3508
vt 0.6249961 1.552589
vn -0.0455182 0.9833466 -0.1759476
v 98.38316 -36.75116 -470.562
vt 0.6013829 1.695617
vn -0.07320197 0.9811222 -0.1789993
v 159.5367 -22.10504 -406.6581
vt 0.7542667 1.535858
vn 0.03324414 0.9897842 -0.1386438
v 118.035 -16.07756 -355.6063
vt 0.6505123 1.408228
vn 0.004060586 0.9935727 -0.1131236
v 144.2177 -16.16202 -353.008
vt 0.7159691 1.401732
vn 0.03245233 0.9937832 -0.1064975
v 249.8316 -36.75116 -458.7657
vt 0.9800041 1.666127
vn 0.07790334 0.9902521 -0.115464
v 268.0628 -22.10504 -347.6751
vt 1.025582 1.3884
vn 0.08283819 0.9881631 -0.129118
v 211.5168 -22.10505 -373.2212
vt 0.8842168 1.452265
vn 0.0755931 0.9890163 -0.1270135
v 309.5436 -36.75116 -396.9968
vt 1.129284 1.511704
vn 0.09509027 0.9877879 -0.1234217
v 351.3771 -22.10503 -292.1686
vt 1.233868 1.249634
vn 0.09386257 0.987895 -0.1235049
v 387.5354 -36.75116 -343.2284
vt 1.324263 1.377283
vn 0.09027482 0.9871258 -0.1320345
v 403.3534 -22.10503 -237.8482
vt 1.363808 1.113833
vn 0.09036342 0.9907255 -0.1014758
v 464.8012 -36.75116 -299.691
vt 1.517428 1.26844
vn 0.08323077 0.9900342 -0.1135993
v -28.46883 -36.75116 510.4088
vt 0.2842529 -0.7568095
vn 0.008042566 0.9935235 0.1133416
v 45.63309 -22.10345 400.0983
vt 0.4695077 -0.4810334
vn 0.02141124 0.9883285 0.1508253
v 63.37138 -36.75117 491.4892
vt 0.5138534 -0.7095107
vn 0.02801366 0.992434 0.1195406
v -35.29341 -22.10337 402.0956
vt 0.2671914 -0.4860268
vn 0.002723943 0.9902233 0.1394643
v 154.2797 -36.75116 457.1849
vt 0.7411242 -0.62375
vn 0.06665453 0.9897738 0.1261148
v 126.5596 -22.1034 386.6011
vt 0.6718239 -0.4472904
vn 0.06731912 0.9845213 0.1618206
v 487.1469 -36.75116 78.8155
vt 1.573292 0.3221736
vn 0.1173581 0.9914711 0.05667626
v 438.0422 -22.10502 -41.64181
vt 1.450531 0.6233169
vn 0.1291076 0.9914122 0.02081108
v 540.6398 -36.75116 -31.9907
vt 1.707024 0.5991891
vn 0.110812 0.9935066 0.02579521
v 412.5826 -22.1042 56.39562
vt 1.386881 0.3782233
vn 0.147312 0.9874711 0.05656873
v 355.1791 -22.10323 202.5498
vt 1.243373 0.01283801
vn 0.2002556 0.9705845 0.1336544
v 393.9749 -36.75116 229.5751
vt 1.340362 -0.05472553
vn 0.1636656 0.9788941 0.1223922
v -262.2002 -36.75116 411.6079
vt -0.3000755 -0.5098073
vn -0.09364496 0.9794092 0.1788524
v -181.0184 -18.6224 395.934
vt -0.09712117 -0.4706225
vn -0.04228241 0.985311 0.1654519
v -180.5352 -36.75117 473.8834
vt -0.09591317 -0.6654961
vn -0.0699728 0.9844844 0.1609167
v -247.7158 -18.62239 381.1475
vt -0.2638646 -0.4336562
vn -0.09802053 0.9766104 0.191374
v 388.3026 -22.10379 118.2148
vt 1.326181 0.2236755
vn 0.1820601 0.9798152 0.08256076
v 440.6281 -36.75116 153.5807
vt 1.456995 0.1352607
vn 0.1408658 0.9872367 0.07430022
v -357.5374 -36.75116 372.137
vt -0.5384186 -0.41113
vn -0.1306635 0.9769722 0.1686786
v -322.0526 -18.62402 329.8715
vt -0.4497066 -0.3054663
vn -0.1273864 0.979695 0.1548239
v -133.9433 -68.07433 694.9717
vt 0.02056666 -1.218217
vn -0.02842289 0.9709871 0.2374365
v -195.016 -45.41138 571.7355
vt -0.1321151 -0.9101262
vn -0.08539592 0.9871459 0.1350947
v -127.1444 -45.41138 602.8452
vt 0.03756404 -0.9879005
vn -0.02608682 0.9865651 0.1612723
v -246.0277 -68.07434 666.9879
vt -0.2596443 -1.148257
vn -0.1180075 0.9751552 0.1874742
v -268.9874 -45.41138 505.8156
vt -0.3170436 -0.7453265
vn -0.09297977 0.9858019 0.1398191
v -310.9968 -68.07433 589.6361
vt -0.422067 -0.9548779
vn -0.1388103 0.9713281 0.1930112
v -333.2517 -44.50263 477.3106
vt -0.4777043 -0.674064
vn -0.06721726 0.9850661 0.1585136
v -382.7538 -68.07433 546.6257
vt -0.6014594 -0.8473518
vn -0.1026722 0.9677204 0.2301642
v -418.4536 -44.50263 435.406
vt -0.690709 -0.5693027
vn -0.1072029 0.9849914 0.1352755
v -467.4731 -68.07433 521.036
vt -0.8132578 -0.7833776
vn -0.1614205 0.966502 0.1995427
v -489.3607 -44.50263 351.4395
vt -0.8679767 -0.3593863
vn -0.1833735 0.9778429 0.1009816
v -513.6643 -68.07434 440.7155
vt -0.9287358 -0.5825764
vn -0.2876256 0.9454729 0.1528152
v -524.9697 -44.50263 259.4256
vt -0.9569992 -0.1293515
vn -0.2097191 0.9748709 0.07513128
v -569.8371 -68.07433 309.5813
vt -1.069168 -0.2547407
vn -0.3204681 0.9398448 0.1182877
v -69.82648 -45.41138 607.6025
vt 0.1808587 -0.999794
vn 0.01143525 0.9822544 0.1872045
v -65.3 -68.07433 683.6861
vt 0.1921749 -1.190003
vn 0.02810563 0.9580456 0.2852343
v -73.21695 -36.75116 508.8392
vt 0.1723826 -0.7528857
vn -0.006359479 0.9936494 0.1123405
v -117.965 -36.75117 501.8604
vt 0.06051232 -0.7354386
vn -0.01981858 0.9923118 0.1221661
v -70.75156 -22.10341 402.1134
vt 0.1785461 -0.4860711
vn -0.006807081 0.9908462 0.1348237
v -106.2097 -22.10341 402.1312
vt 0.08990069 -0.4861155
vn -0.004042195 0.9903291 0.1386793
v 401.0185 -22.104 85.83878
vt 1.357971 0.3046154
vn 0.1669872 0.9831545 0.07431406
v 459.3602 -36.75116 123.4743
vt 1.503825 0.2105266
vn 0.1264379 0.9895956 0.06865889
v -109.675 -36.75117 -441.6606
vt 0.08123752 1.623364
vn 0.02958517 0.9691685 -0.2446162
v -93.23527 -22.10503 -396.3064
vt 0.1223368 1.509978
vn 0.01972983 0.970668 -0.2396127
v -334.7655 -22.10337 -291.9724
vt -0.4814887 1.249143
vn -0.1276977 0.982051 -0.1388131
v -365.0087 -36.75116 -328.6903
vt -0.5570968 1.340938
vn -0.126724 0.9821926 -0.1387037
v 363.8454 -44.50263 -448.7942
vt 1.265038 1.641198
vn 0.08179199 0.9893729 -0.1202136
v 364.2633 -68.07433 -567.3992
vt 1.266083 1.93771
vn 0.1626626 0.965403 -0.2038084
v 426.634 -68.07433 -499.4409
vt 1.42201 1.767815
vn 0.1200985 0.954812 -0.2718647
v 301.5715 -44.50263 -515.0986
vt 1.109354 1.806959
vn 0.1115819 0.9829144 -0.1463858
v 249.9474 -68.07433 -648.8617
vt 0.9802934 2.141366
vn 0.0651345 0.9770849 -0.2026392
v 200.8702 -44.50263 -552.707
vt 0.8576004 1.90098
vn 0.03781917 0.9865166 -0.1592318
v 135.7106 -68.07434 -679.6017
vt 0.6947014 2.218217
vn -0.03262222 0.9847385 -0.170956
v 99.38997 -44.50263 -533.2703
vt 0.6038998 1.852388
vn -0.04684588 0.9877689 -0.1487211
v 34.44239 -68.07434 -652.3951
vt 0.4415309 2.1502
vn -0.06329612 0.9868629 -0.1486447
v 23.18462 -45.01872 -477.3759
vt 0.4133865 1.712652
vn -0.06218142 0.9876389 -0.1438851
v -48.46528 -68.07433 -610.6874
vt 0.2342617 2.045931
vn 0.02664462 0.9801493 -0.1964622
v 530.1247 -44.31573 -414.5959
vt 1.680737 1.555702
vn 0.09481224 0.9814147 -0.1668404
v 413.6855 -44.50263 -403.2328
vt 1.389639 1.527294
vn 0.01635318 0.9995071 -0.02680017
v 416.5477 -43.07067 -425.1949
vt 1.396794 1.5822
vn 0.02585808 0.9900945 -0.1380003
v 505.6079 -44.50263 -362.6134
vt 1.619445 1.425746
vn 0.06231018 0.9959396 -0.0649753
v -529.6765 -36.75116 71.99912
vt -0.9687662 0.3392146
vn -0.2141092 0.9739859 0.07422061
v -479.2661 -19.58239 65.55481
vt -0.8427402 0.3553253
vn -0.1858556 0.9806207 0.06197441
v -436.0818 -36.75116 -256.6566
vt -0.7347797 1.160854
vn -0.1633141 0.98049 -0.109398
v -423.6535 -21.18305 -169.2347
vt -0.7037087 0.9422992
vn -0.1997253 0.9779662 -0.06076036
v -465.2643 -36.75116 -189.5674
vt -0.8077357 0.993131
vn -0.2102633 0.976032 -0.05613229
v -398.3627 -22.10002 -222.0608
vt -0.6404817 1.074364
vn -0.16009 0.9808818 -0.1106438
v -396.4513 -19.3428 212.0769
vt -0.6357033 -0.01097989
vn -0.1682027 0.9828179 0.07600516
v -448.0942 -36.75116 238.5905
vt -0.7648105 -0.07726383
vn -0.1818682 0.98041 0.07563103
v -412.9373 -36.75116 309.6432
vt -0.6769181 -0.2548957
vn -0.1613329 0.9813915 0.1041274
v -362.0563 -19.10321 278.4575
vt -0.5497159 -0.1769313
vn -0.1526483 0.9834668 0.0974246
v 438.436 -22.10502 -109.5442
vt 1.451515 0.7930729
vn 0.1224402 0.992467 -0.00418909
v 542.7883 -36.75116 -126.293
vt 1.712396 0.8349448
vn 0.1037059 0.994601 -0.003727945
v 51.54893 -22.10504 -387.7271
vt 0.4842972 1.48853
vn -0.0645097 0.9703901 -0.2327692
v 37.5184 -36.75116 -426.4524
vt 0.449221 1.585343
vn -0.08464636 0.9725141 -0.2169131
v -124.5076 -44.50263 -486.5215
vt 0.04415606 1.735516
vn 0.0163904 0.9875656 -0.1563508
v -473.2858 -36.75116 -101.1279
vt -0.8277894 0.7720321
vn -0.228372 0.9715786 -0.06229959
v -488.993 -36.75116 -64.11729
vt -0.8670574 0.6795056
vn -0.2187822 0.9697821 -0.1079682
v -532.6837 -36.75116 9.563085
vt -0.9762841 0.4953046
vn -0.2194974 0.9740891 -0.05450898
v 592.0171 -39.31409 -133.6701
vt 1.835468 0.8533877
vn 0.08675271 0.9962151 -0.00542781
v 573.8015 -39.41058 -230.9668
vt 1.789929 1.096629
vn 0.08153144 0.9961119 -0.03337263
v 198.0682 -17.31614 -339.4666
vt 0.8505954 1.367879
vn 0.05362391 0.9925569 -0.1093406
v 561.1534 -68.07433 -479.5999
vt 1.758308 1.718212
vn 0.1158904 0.9503607 -0.288763
v 611.61 -68.07433 -442.8615
vt 1.88445 1.626366
vn 0.1657026 0.969232 -0.1820216
v -482.2263 -19.58239 10.51779
vt -0.8501408 0.4929179
vn -0.1955843 0.9793243 -0.05167839
v -434.0065 -20.5147 -90.53909
vt -0.7295912 0.7455601
vn -0.2185942 0.973998 -0.05953586
v -448.7849 -20.32948 -53.51015
vt -0.7665372 0.6529878
vn -0.2055208 0.9735561 -0.09974807
v -227.6555 -68.07433 -574.1225
vt -0.2137138 1.954519
vn -0.1253038 0.9596621 -0.2516893
v -135.0676 -44.70545 -549.5482
vt 0.01775607 1.893083
vn -0.03260548 0.9686534 -0.2462671
v -145.2966 -68.07433 -609.7938
vt -0.00781659 2.043697
vn -0.07466875 0.9339243 -0.3495856
o beach_9_0
g polygon_0
usemtl sand_s2
f 4224/3056/4312 4223/3055/4311 4222/3054/4310
f 4222/3054/4310 4223/3055/4311 4225/3057/4313
f 4223/3055/4311 4226/3058/4314 4225/3057/4313
f 4225/3057/4313 4226/3058/4314 4227/3059/4315
f 4226/3058/4314 4228/3060/4316 4227/3059/4315
f 4227/3059/4315 4228/3060/4316 4229/3061/4317
f 4232/3064/4320 4231/3063/4319 4230/3062/4318
f 4230/3062/4318 4231/3063/4319 4233/3065/4321
f 4231/3063/4319 4234/3066/4322 4233/3065/4321
f 4233/3065/4321 4234/3066/4322 4235/3067/4323
f 4234/3066/4322 4236/3068/4324 4235/3067/4323
f 4235/3067/4323 4236/3068/4324 4237/3069/4325
f 4240/3072/4328 4239/3071/4327 4238/3070/4326
f 4238/3070/4326 4239/3071/4327 4241/3073/4329
f 4239/3071/4327 4242/3074/4330 4241/3073/4329
f 4241/3073/4329 4242/3074/4330 4243/3075/4331
f 4242/3074/4330 4244/3076/4332 4243/3075/4331
f 4243/3075/4331 4244/3076/4332 4245/3077/4333
f 4244/3076/4332 4246/3078/4334 4245/3077/4333
f 4245/3077/4333 4246/3078/4334 4247/3079/4335
f 4236/3068/4324 4249/3081/4337 4248/3080/4336
f 4248/3080/4336 4249/3081/4337 4250/3082/4338
f 4249/3081/4337 4251/3083/4339 4250/3082/4338
f 4250/3082/4338 4251/3083/4339 4252/3084/4340
f 4251/3083/4339 4253/3085/4341 4252/3084/4340
f 4252/3084/4340 4253/3085/4341 4254/3086/4342
f 4253/3085/4341 4255/3087/4343 4254/3086/4342
f 4254/3086/4342 4255/3087/4343 4256/3088/4344
f 4255/3087/4343 4229/3061/4317 4256/3088/4344
f 4256/3088/4344 4229/3061/4317 4257/3089/4345
f 4257/3089/4345 4229/3061/4317 4228/3060/4316
f 4260/3092/4348 4259/3091/4347 4258/3090/4346
f 4258/3090/4346 4259/3091/4347 4261/3093/4349
f 4259/3091/4347 4262/3094/4350 4261/3093/4349
f 4261/3093/4349 4262/3094/4350 4263/3095/4351
f 4262/3094/4350 4232/3064/4320 4263/3095/4351
f 4263/3095/4351 4232/3064/4320 4230/3062/4318
f 4266/3098/4354 4265/3097/4353 4264/3096/4352
f 4264/3096/4352 4265/3097/4353 4267/3099/4355
f 4265/3097/4353 4260/3092/4348 4267/3099/4355
f 4267/3099/4355 4260/3092/4348 4258/3090/4346
f 4270/3102/4358 4269/3101/4357 4268/3100/4356
f 4268/3100/4356 4269/3101/4357 4271/3103/4359
f 4269/3101/4357 4272/3104/4360 4271/3103/4359
f 4271/3103/4359 4272/3104/4360 4273/3105/4361
f 4272/3104/4360 4274/3106/4362 4273/3105/4361
f 4273/3105/4361 4274/3106/4362 4275/3107/4363
f 4274/3106/4362 4276/3108/4364 4275/3107/4363
f 4275/3107/4363 4276/3108/4364 4277/3109/4365
f 4276/3108/4364 4278/3110/4366 4277/3109/4365
f 4277/3109/4365 4278/3110/4366 4279/3111/4367
f 4278/3110/4366 4266/3098/4354 4279/3111/4367
f 4279/3111/4367 4266/3098/4354 4264/3096/4352
f 4282/3114/4370 4281/3113/4369 4280/3112/4368
f 4280/3112/4368 4281/3113/4369 4283/3115/4371
f 4281/3113/4369 4284/3116/4372 4283/3115/4371
f 4283/3115/4371 4284/3116/4372 4285/3117/4373
f 4284/3116/4372 4286/3118/4374 4285/3117/4373
f 4285/3117/4373 4286/3118/4374 4222/3054/4310
f 4289/3121/4377 4288/3120/4376 4287/3119/4375
f 4287/3119/4375 4288/3120/4376 4290/3122/4378
f 4288/3120/4376 4240/3072/4328 4290/3122/4378
f 4290/3122/4378 4240/3072/4328 4238/3070/4326
f 4246/3078/4334 4292/3124/4380 4291/3123/4379
f 4291/3123/4379 4292/3124/4380 4293/3125/4381
f 4292/3124/4380 4294/3126/4382 4293/3125/4381
f 4293/3125/4381 4294/3126/4382 4295/3127/4383
f 4294/3126/4382 4296/3128/4384 4295/3127/4383
f 4295/3127/4383 4296/3128/4384 4297/3129/4385
f 4246/3078/4334 4291/3123/4379 4247/3079/4335
f 4289/3121/4377 4287/3119/4375 4280/3112/4368
f 4280/3112/4368 4287/3119/4375 4282/3114/4370
f 4287/3119/4375 4298/3130/4386 4282/3114/4370
f 4282/3114/4370 4298/3130/4386 4299/3131/4387
f 4298/3130/4386 4300/3132/4388 4299/3131/4387
f 4299/3131/4387 4300/3132/4388 4301/3133/4389
f 4300/3132/4388 4302/3134/4390 4301/3133/4389
f 4301/3133/4389 4302/3134/4390 4303/3135/4391
f 4302/3134/4390 4304/3136/4392 4303/3135/4391
f 4303/3135/4391 4304/3136/4392 4305/3137/4393
f 4297/3129/4385 4296/3128/4384 4306/3138/4394
f 4248/3080/4336 4237/3069/4325 4236/3068/4324
f 4270/3102/4358 4268/3100/4356 4296/3128/4384
f 4296/3128/4384 4268/3100/4356 4306/3138/4394
f 4268/3100/4356 4307/3139/4395 4306/3138/4394
f 4306/3138/4394 4307/3139/4395 4308/3140/4396
f 4307/3139/4395 4309/3141/4397 4308/3140/4396
f 4308/3140/4396 4309/3141/4397 4310/3142/4398
f 4309/3141/4397 4311/3143/4399 4310/3142/4398
f 4310/3142/4398 4311/3143/4399 4312/3144/4400
f 4311/3143/4399 4313/3145/4401 4312/3144/4400
f 4312/3144/4400 4313/3145/4401 4314/3146/4402
f 4311/3143/4399 4315/3147/4403 4313/3145/4401
f 4313/3145/4401 4315/3147/4403 4316/3148/4404
f 4315/3147/4403 4317/3149/4405 4316/3148/4404
f 4316/3148/4404 4317/3149/4405 4318/3150/4406
f 4317/3149/4405 4319/3151/4407 4318/3150/4406
f 4318/3150/4406 4319/3151/4407 4320/3152/4408
f 4319/3151/4407 4321/3153/4409 4320/3152/4408
f 4320/3152/4408 4321/3153/4409 4322/3154/4410
f 4321/3153/4409 4323/3155/4411 4322/3154/4410
f 4322/3154/4410 4323/3155/4411 4324/3156/4412
f 4323/3155/4411 4325/3157/4413 4324/3156/4412
f 4324/3156/4412 4325/3157/4413 4326/3158/4414
f 4325/3157/4413 4327/3159/4415 4326/3158/4414
f 4326/3158/4414 4327/3159/4415 4328/3160/4416
f 4327/3159/4415 4329/3161/4417 4328/3160/4416
f 4328/3160/4416 4329/3161/4417 4330/3162/4418
f 4329/3161/4417 4331/3163/4419 4330/3162/4418
f 4330/3162/4418 4331/3163/4419 4332/3164/4420
f 4335/3167/4423 4334/3166/4422 4333/3165/4421
f 4333/3165/4421 4334/3166/4422 4336/3168/4424
f 4334/3166/4422 4258/3090/4346 4336/3168/4424
f 4336/3168/4424 4258/3090/4346 4261/3093/4349
f 4339/3171/4427 4338/3170/4426 4337/3169/4425
f 4337/3169/4425 4338/3170/4426 4340/3172/4428
f 4338/3170/4426 4257/3089/4345 4340/3172/4428
f 4340/3172/4428 4257/3089/4345 4228/3060/4316
f 4343/3175/4431 4342/3174/4430 4341/3173/4429
f 4341/3173/4429 4342/3174/4430 4344/3176/4432
f 4342/3174/4430 4345/3177/4433 4344/3176/4432
f 4344/3176/4432 4345/3177/4433 4346/3178/4434
f 4345/3177/4433 4304/3136/4392 4346/3178/4434
f 4346/3178/4434 4304/3136/4392 4302/3134/4390
f 4305/3137/4393 4347/3179/4435 4303/3135/4391
f 4303/3135/4391 4347/3179/4435 4348/3180/4436
f 4347/3179/4435 4349/3181/4437 4348/3180/4436
f 4348/3180/4436 4349/3181/4437 4350/3182/4438
f 4349/3181/4437 4351/3183/4439 4350/3182/4438
f 4350/3182/4438 4351/3183/4439 4352/3184/4440
f 4351/3183/4439 4353/3185/4441 4352/3184/4440
f 4352/3184/4440 4353/3185/4441 4354/3186/4442
f 4353/3185/4441 4355/3187/4443 4354/3186/4442
f 4354/3186/4442 4355/3187/4443 4356/3188/4444
f 4355/3187/4443 4357/3189/4445 4356/3188/4444
f 4356/3188/4444 4357/3189/4445 4358/3190/4446
f 4357/3189/4445 4359/3191/4447 4358/3190/4446
f 4358/3190/4446 4359/3191/4447 4360/3192/4448
f 4359/3191/4447 4361/3193/4449 4360/3192/4448
f 4360/3192/4448 4361/3193/4449 4362/3194/4450
f 4361/3193/4449 4363/3195/4451 4362/3194/4450
f 4362/3194/4450 4363/3195/4451 4364/3196/4452
f 4363/3195/4451 4365/3197/4453 4364/3196/4452
f 4364/3196/4452 4365/3197/4453 4366/3198/4454
f 4369/3201/4457 4368/3200/4456 4367/3199/4455
f 4367/3199/4455 4368/3200/4456 4370/3202/4458
f 4368/3200/4456 4371/3203/4459 4370/3202/4458
f 4370/3202/4458 4371/3203/4459 4372/3204/4460
f 4375/3207/4463 4374/3206/4462 4373/3205/4461
f 4373/3205/4461 4374/3206/4462 4376/3208/4464
f 4374/3206/4462 4377/3209/4465 4376/3208/4464
f 4376/3208/4464 4377/3209/4465 4378/3210/4466
f 4377/3209/4465 4237/3069/4325 4378/3210/4466
f 4378/3210/4466 4237/3069/4325 4248/3080/4336
f 4381/3213/4469 4380/3212/4468 4379/3211/4467
f 4379/3211/4467 4380/3212/4468 4382/3214/4470
f 4380/3212/4468 4383/3215/4471 4382/3214/4470
f 4382/3214/4470 4383/3215/4471 4384/3216/4472
f 4383/3215/4471 4385/3217/4473 4384/3216/4472
f 4384/3216/4472 4385/3217/4473 4386/3218/4474
f 4385/3217/4473 4338/3170/4426 4386/3218/4474
f 4386/3218/4474 4338/3170/4426 4339/3171/4427
f 4389/3221/4477 4388/3220/4476 4387/3219/4475
f 4387/3219/4475 4388/3220/4476 4390/3222/4478
f 4388/3220/4476 4238/3070/4326 4390/3222/4478
f 4390/3222/4478 4238/3070/4326 4241/3073/4329
f 4300/3132/4388 4298/3130/4386 4391/3223/4479
f 4391/3223/4479 4298/3130/4386 4392/3224/4480
f 4298/3130/4386 4287/3119/4375 4392/3224/4480
f 4392/3224/4480 4287/3119/4375 4290/3122/4378
f 4395/3227/4483 4394/3226/4482 4393/3225/4481
f 4393/3225/4481 4394/3226/4482 4396/3228/4484
f 4394/3226/4482 4223/3055/4311 4396/3228/4484
f 4396/3228/4484 4223/3055/4311 4224/3056/4312
f 4398/3230/4486 4397/3229/4485 4301/3133/4389
f 4301/3133/4389 4397/3229/4485 4299/3131/4387
f 4397/3229/4485 4281/3113/4369 4299/3131/4387
f 4299/3131/4387 4281/3113/4369 4282/3114/4370
f 4401/3233/4489 4400/3232/4488 4399/3231/4487
f 4399/3231/4487 4400/3232/4488 4402/3234/4490
f 4400/3232/4488 4247/3079/4335 4402/3234/4490
f 4402/3234/4490 4247/3079/4335 4291/3123/4379
f 4404/3236/4492 4403/3235/4491 4398/3230/4486
f 4398/3230/4486 4403/3235/4491 4397/3229/4485
f 4403/3235/4491 4284/3116/4372 4397/3229/4485
f 4397/3229/4485 4284/3116/4372 4281/3113/4369
f 4399/3231/4487 4402/3234/4490 4405/3237/4493
f 4405/3237/4493 4402/3234/4490 4406/3238/4494
f 4402/3234/4490 4291/3123/4379 4406/3238/4494
f 4406/3238/4494 4291/3123/4379 4293/3125/4381
f 4409/3241/4497 4408/3240/4496 4407/3239/4495
f 4407/3239/4495 4408/3240/4496 4410/3242/4498
f 4408/3240/4496 4411/3243/4499 4410/3242/4498
f 4410/3242/4498 4411/3243/4499 4412/3244/4500
f 4411/3243/4499 4413/3245/4501 4412/3244/4500
f 4412/3244/4500 4413/3245/4501 4414/3246/4502
f 4413/3245/4501 4415/3247/4503 4414/3246/4502
f 4414/3246/4502 4415/3247/4503 4416/3248/4504
f 4415/3247/4503 4417/3249/4505 4416/3248/4504
f 4416/3248/4504 4417/3249/4505 4418/3250/4506
f 4417/3249/4505 4419/3251/4507 4418/3250/4506
f 4418/3250/4506 4419/3251/4507 4420/3252/4508
f 4419/3251/4507 4312/3144/4400 4420/3252/4508
f 4420/3252/4508 4312/3144/4400 4314/3146/4402
f 4422/3254/4510 4421/3253/4509 4407/3239/4495
f 4407/3239/4495 4421/3253/4509 4409/3241/4497
f 4421/3253/4509 4423/3255/4511 4409/3241/4497
f 4409/3241/4497 4423/3255/4511 4424/3256/4512
f 4423/3255/4511 4425/3257/4513 4424/3256/4512
f 4424/3256/4512 4425/3257/4513 4426/3258/4514
f 4425/3257/4513 4243/3075/4331 4426/3258/4514
f 4426/3258/4514 4243/3075/4331 4245/3077/4333
f 4424/3256/4512 4426/3258/4514 4401/3233/4489
f 4401/3233/4489 4426/3258/4514 4400/3232/4488
f 4426/3258/4514 4245/3077/4333 4400/3232/4488
f 4400/3232/4488 4245/3077/4333 4247/3079/4335
f 4428/3260/4516 4427/3259/4515 4404/3236/4492
f 4404/3236/4492 4427/3259/4515 4403/3235/4491
f 4427/3259/4515 4286/3118/4374 4403/3235/4491
f 4403/3235/4491 4286/3118/4374 4284/3116/4372
f 4333/3165/4421 4336/3168/4424 4429/3261/4517
f 4429/3261/4517 4336/3168/4424 4430/3262/4518
f 4336/3168/4424 4261/3093/4349 4430/3262/4518
f 4430/3262/4518 4261/3093/4349 4263/3095/4351
f 4432/3264/4520 4431/3263/4519 4335/3167/4423
f 4335/3167/4423 4431/3263/4519 4334/3166/4422
f 4431/3263/4519 4267/3099/4355 4334/3166/4422
f 4334/3166/4422 4267/3099/4355 4258/3090/4346
f 4435/3267/4523 4434/3266/4522 4433/3265/4521
f 4433/3265/4521 4434/3266/4522 4436/3268/4524
f 4434/3266/4522 4437/3269/4525 4436/3268/4524
f 4436/3268/4524 4437/3269/4525 4438/3270/4526
f 4437/3269/4525 4439/3271/4527 4438/3270/4526
f 4438/3270/4526 4439/3271/4527 4440/3272/4528
f 4439/3271/4527 4441/3273/4529 4440/3272/4528
f 4440/3272/4528 4441/3273/4529 4442/3274/4530
f 4441/3273/4529 4443/3275/4531 4442/3274/4530
f 4442/3274/4530 4443/3275/4531 4371/3203/4459
f 4446/3278/4534 4445/3277/4533 4444/3276/4532
f 4444/3276/4532 4445/3277/4533 4447/3279/4535
f 4445/3277/4533 4384/3216/4472 4447/3279/4535
f 4447/3279/4535 4384/3216/4472 4386/3218/4474
f 4391/3223/4479 4392/3224/4480 4389/3221/4477
f 4389/3221/4477 4392/3224/4480 4388/3220/4476
f 4392/3224/4480 4290/3122/4378 4388/3220/4476
f 4388/3220/4476 4290/3122/4378 4238/3070/4326
f 4309/3141/4397 4307/3139/4395 4448/3280/4536
f 4448/3280/4536 4307/3139/4395 4449/3281/4537
f 4307/3139/4395 4268/3100/4356 4449/3281/4537
f 4449/3281/4537 4268/3100/4356 4271/3103/4359
f 4452/3284/4540 4451/3283/4539 4450/3282/4538
f 4450/3282/4538 4451/3283/4539 4453/3285/4541
f 4451/3283/4539 4279/3111/4367 4453/3285/4541
f 4453/3285/4541 4279/3111/4367 4264/3096/4352
f 4450/3282/4538 4453/3285/4541 4432/3264/4520
f 4432/3264/4520 4453/3285/4541 4431/3263/4519
f 4453/3285/4541 4264/3096/4352 4431/3263/4519
f 4431/3263/4519 4264/3096/4352 4267/3099/4355
f 4372/3204/4460 4371/3203/4459 4443/3275/4531
f 4455/3287/4543 4454/3286/4542 4310/3142/4398
f 4310/3142/4398 4454/3286/4542 4308/3140/4396
f 4454/3286/4542 4297/3129/4385 4308/3140/4396
f 4308/3140/4396 4297/3129/4385 4306/3138/4394
f 4405/3237/4493 4406/3238/4494 4456/3288/4544
f 4456/3288/4544 4406/3238/4494 4457/3289/4545
f 4406/3238/4494 4293/3125/4381 4457/3289/4545
f 4457/3289/4545 4293/3125/4381 4295/3127/4383
f 4459/3291/4547 4458/3290/4546 4395/3227/4483
f 4395/3227/4483 4458/3290/4546 4394/3226/4482
f 4458/3290/4546 4226/3058/4314 4394/3226/4482
f 4394/3226/4482 4226/3058/4314 4223/3055/4311
f 4337/3169/4425 4340/3172/4428 4459/3291/4547
f 4459/3291/4547 4340/3172/4428 4458/3290/4546
f 4340/3172/4428 4228/3060/4316 4458/3290/4546
f 4458/3290/4546 4228/3060/4316 4226/3058/4314
f 4461/3293/4549 4460/3292/4548 4375/3207/4463
f 4375/3207/4463 4460/3292/4548 4374/3206/4462
f 4460/3292/4548 4235/3067/4323 4374/3206/4462
f 4374/3206/4462 4235/3067/4323 4377/3209/4465
f 4432/3264/4520 4335/3167/4423 4327/3159/4415
f 4327/3159/4415 4335/3167/4423 4329/3161/4417
f 4335/3167/4423 4333/3165/4421 4329/3161/4417
f 4329/3161/4417 4333/3165/4421 4331/3163/4419
f 4333/3165/4421 4429/3261/4517 4331/3163/4419
f 4331/3163/4419 4429/3261/4517 4462/3294/4550
f 4429/3261/4517 4370/3202/4458 4462/3294/4550
f 4462/3294/4550 4370/3202/4458 4372/3204/4460
f 4327/3159/4415 4325/3157/4413 4432/3264/4520
f 4432/3264/4520 4325/3157/4413 4450/3282/4538
f 4325/3157/4413 4323/3155/4411 4450/3282/4538
f 4450/3282/4538 4323/3155/4411 4452/3284/4540
f 4323/3155/4411 4321/3153/4409 4452/3284/4540
f 4452/3284/4540 4321/3153/4409 4463/3295/4551
f 4321/3153/4409 4319/3151/4407 4463/3295/4551
f 4463/3295/4551 4319/3151/4407 4464/3296/4552
f 4319/3151/4407 4317/3149/4405 4464/3296/4552
f 4464/3296/4552 4317/3149/4405 4465/3297/4553
f 4317/3149/4405 4315/3147/4403 4465/3297/4553
f 4465/3297/4553 4315/3147/4403 4448/3280/4536
f 4315/3147/4403 4311/3143/4399 4448/3280/4536
f 4448/3280/4536 4311/3143/4399 4309/3141/4397
f 4461/3293/4549 4375/3207/4463 4442/3274/4530
f 4442/3274/4530 4375/3207/4463 4440/3272/4528
f 4375/3207/4463 4373/3205/4461 4440/3272/4528
f 4440/3272/4528 4373/3205/4461 4438/3270/4526
f 4373/3205/4461 4379/3211/4467 4438/3270/4526
f 4438/3270/4526 4379/3211/4467 4436/3268/4524
f 4379/3211/4467 4382/3214/4470 4436/3268/4524
f 4436/3268/4524 4382/3214/4470 4433/3265/4521
f 4382/3214/4470 4384/3216/4472 4433/3265/4521
f 4433/3265/4521 4384/3216/4472 4445/3277/4533
f 4303/3135/4391 4348/3180/4436 4301/3133/4389
f 4301/3133/4389 4348/3180/4436 4398/3230/4486
f 4348/3180/4436 4350/3182/4438 4398/3230/4486
f 4398/3230/4486 4350/3182/4438 4404/3236/4492
f 4350/3182/4438 4352/3184/4440 4404/3236/4492
f 4404/3236/4492 4352/3184/4440 4428/3260/4516
f 4352/3184/4440 4354/3186/4442 4428/3260/4516
f 4428/3260/4516 4354/3186/4442 4393/3225/4481
f 4354/3186/4442 4356/3188/4444 4393/3225/4481
f 4393/3225/4481 4356/3188/4444 4395/3227/4483
f 4300/3132/4388 4391/3223/4479 4302/3134/4390
f 4302/3134/4390 4391/3223/4479 4346/3178/4434
f 4391/3223/4479 4389/3221/4477 4346/3178/4434
f 4346/3178/4434 4389/3221/4477 4344/3176/4432
f 4389/3221/4477 4387/3219/4475 4344/3176/4432
f 4344/3176/4432 4387/3219/4475 4341/3173/4429
f 4387/3219/4475 4423/3255/4511 4341/3173/4429
f 4341/3173/4429 4423/3255/4511 4421/3253/4509
f 4424/3256/4512 4401/3233/4489 4409/3241/4497
f 4409/3241/4497 4401/3233/4489 4408/3240/4496
f 4401/3233/4489 4399/3231/4487 4408/3240/4496
f 4408/3240/4496 4399/3231/4487 4411/3243/4499
f 4466/3298/4554 4358/3190/4446 4360/3192/4448
f 4399/3231/4487 4405/3237/4493 4413/3245/4501
f 4413/3245/4501 4405/3237/4493 4415/3247/4503
f 4405/3237/4493 4456/3288/4544 4415/3247/4503
f 4415/3247/4503 4456/3288/4544 4417/3249/4505
f 4456/3288/4544 4455/3287/4543 4417/3249/4505
f 4417/3249/4505 4455/3287/4543 4419/3251/4507
f 4455/3287/4543 4310/3142/4398 4419/3251/4507
f 4419/3251/4507 4310/3142/4398 4312/3144/4400
f 4399/3231/4487 4413/3245/4501 4411/3243/4499
f 4362/3194/4450 4467/3299/4555 4360/3192/4448
f 4360/3192/4448 4467/3299/4555 4466/3298/4554
f 4467/3299/4555 4337/3169/4425 4466/3298/4554
f 4466/3298/4554 4337/3169/4425 4459/3291/4547
f 4364/3196/4452 4467/3299/4555 4362/3194/4450
f 4373/3205/4461 4376/3208/4464 4379/3211/4467
f 4379/3211/4467 4376/3208/4464 4381/3213/4469
f 4376/3208/4464 4378/3210/4466 4381/3213/4469
f 4381/3213/4469 4378/3210/4466 4468/3300/4556
f 4378/3210/4466 4248/3080/4336 4468/3300/4556
f 4468/3300/4556 4248/3080/4336 4250/3082/4338
f 4470/3302/4558 4469/3301/4557 4444/3276/4532
f 4386/3218/4474 4339/3171/4427 4366/3198/4454
f 4447/3279/4535 4386/3218/4474 4366/3198/4454
f 4456/3288/4544 4457/3289/4545 4455/3287/4543
f 4455/3287/4543 4457/3289/4545 4454/3286/4542
f 4457/3289/4545 4295/3127/4383 4454/3286/4542
f 4454/3286/4542 4295/3127/4383 4297/3129/4385
f 4341/3173/4429 4421/3253/4509 4422/3254/4510
f 4343/3175/4431 4341/3173/4429 4422/3254/4510
f 4387/3219/4475 4390/3222/4478 4423/3255/4511
f 4423/3255/4511 4390/3222/4478 4425/3257/4513
f 4390/3222/4478 4241/3073/4329 4425/3257/4513
f 4425/3257/4513 4241/3073/4329 4243/3075/4331
f 4448/3280/4536 4449/3281/4537 4465/3297/4553
f 4465/3297/4553 4449/3281/4537 4471/3303/4559
f 4449/3281/4537 4271/3103/4359 4471/3303/4559
f 4471/3303/4559 4271/3103/4359 4273/3105/4361
f 4368/3200/4456 4369/3201/4457 4461/3293/4549
f 4461/3293/4549 4369/3201/4457 4460/3292/4548
f 4369/3201/4457 4233/3065/4321 4460/3292/4548
f 4460/3292/4548 4233/3065/4321 4235/3067/4323
f 4461/3293/4549 4442/3274/4530 4371/3203/4459
f 4368/3200/4456 4461/3293/4549 4371/3203/4459
f 4463/3295/4551 4472/3304/4560 4452/3284/4540
f 4452/3284/4540 4472/3304/4560 4451/3283/4539
f 4472/3304/4560 4277/3109/4365 4451/3283/4539
f 4451/3283/4539 4277/3109/4365 4279/3111/4367
f 4464/3296/4552 4473/3305/4561 4463/3295/4551
f 4463/3295/4551 4473/3305/4561 4472/3304/4560
f 4473/3305/4561 4275/3107/4363 4472/3304/4560
f 4472/3304/4560 4275/3107/4363 4277/3109/4365
f 4465/3297/4553 4471/3303/4559 4464/3296/4552
f 4464/3296/4552 4471/3303/4559 4473/3305/4561
f 4471/3303/4559 4273/3105/4361 4473/3305/4561
f 4473/3305/4561 4273/3105/4361 4275/3107/4363
f 4377/3209/4465 4235/3067/4323 4237/3069/4325
f 4369/3201/4457 4367/3199/4455 4233/3065/4321
f 4233/3065/4321 4367/3199/4455 4230/3062/4318
f 4367/3199/4455 4430/3262/4518 4230/3062/4318
f 4230/3062/4318 4430/3262/4518 4263/3095/4351
f 4338/3170/4426 4385/3217/4473 4257/3089/4345
f 4257/3089/4345 4385/3217/4473 4256/3088/4344
f 4385/3217/4473 4383/3215/4471 4256/3088/4344
f 4256/3088/4344 4383/3215/4471 4254/3086/4342
f 4383/3215/4471 4380/3212/4468 4254/3086/4342
f 4254/3086/4342 4380/3212/4468 4252/3084/4340
f 4380/3212/4468 4468/3300/4556 4252/3084/4340
f 4252/3084/4340 4468/3300/4556 4250/3082/4338
f 4468/3300/4556 4380/3212/4468 4381/3213/4469
f 4367/3199/4455 4370/3202/4458 4429/3261/4517
f 4430/3262/4518 4367/3199/4455 4429/3261/4517
f 4393/3225/4481 4396/3228/4484 4428/3260/4516
f 4428/3260/4516 4396/3228/4484 4427/3259/4515
f 4396/3228/4484 4224/3056/4312 4427/3259/4515
f 4427/3259/4515 4224/3056/4312 4286/3118/4374
f 4224/3056/4312 4222/3054/4310 4286/3118/4374
f 4366/3198/4454 4339/3171/4427 4364/3196/4452
f 4364/3196/4452 4339/3171/4427 4467/3299/4555
f 4339/3171/4427 4337/3169/4425 4467/3299/4555
f 4395/3227/4483 4356/3188/4444 4459/3291/4547
f 4459/3291/4547 4356/3188/4444 4466/3298/4554
f 4356/3188/4444 4358/3190/4446 4466/3298/4554
f 4444/3276/4532 4469/3301/4557 4435/3267/4523
f 4446/3278/4534 4444/3276/4532 4435/3267/4523
f 4365/3197/4453 4470/3302/4558 4366/3198/4454
f 4366/3198/4454 4470/3302/4558 4447/3279/4535
f 4470/3302/4558 4444/3276/4532 4447/3279/4535
f 4331/3163/4419 4462/3294/4550 4332/3164/4420
f 4332/3164/4420 4462/3294/4550 4474/3306/4562
f 4462/3294/4550 4475/3307/4563 4474/3306/4562
f 4372/3204/4460 4443/3275/4531 4475/3307/4563
f 4462/3294/4550 4372/3204/4460 4475/3307/4563
f 4474/3306/4562 4475/3307/4563 4476/3308/4564
f 4476/3308/4564 4475/3307/4563 4443/3275/4531
f 4445/3277/4533 4446/3278/4534 4433/3265/4521
f 4433/3265/4521 4446/3278/4534 4435/3267/4523
