<?xml version="1.0" encoding="utf-8"?>
<COLLADA xmlns:xsi="http://www.w3.org/2001/XMLSchema-instance" xmlns:xsd="http://www.w3.org/2001/XMLSchema" version="1.4.1" xmlns="http://www.collada.org/2005/11/COLLADASchema">
    <asset>
        <created>2022-10-28T08:36:20.1089358-05:00</created>
        <modified>2022-10-28T08:36:20.1089358-05:00</modified>
        <unit name="Meter" />
        <contributor>
            <authoring_tool>IONET Exporter</authoring_tool>
        </contributor>
    </asset>
    <library_images>
        <image id="Texture_4_CMP-image" name="Texture_4_CMP">
            <init_from>Texture_4_CMP.png</init_from>
        </image>
        <image id="Texture_29_CMP-image" name="Texture_29_CMP">
            <init_from>Texture_29_CMP.png</init_from>
        </image>
        <image id="Texture_5_CMP-image" name="Texture_5_CMP">
            <init_from>Texture_5_CMP.png</init_from>
        </image>
        <image id="Texture_3_CMP-image" name="Texture_3_CMP">
            <init_from>Texture_3_CMP.png</init_from>
        </image>
        <image id="Texture_4_CMP-image_0" name="Texture_4_CMP">
            <init_from>Texture_4_CMP.png</init_from>
        </image>
        <image id="Texture_5_CMP-image_0" name="Texture_5_CMP">
            <init_from>Texture_5_CMP.png</init_from>
        </image>
        <image id="Texture_29_CMP-image_0" name="Texture_29_CMP">
            <init_from>Texture_29_CMP.png</init_from>
        </image>
        <image id="Texture_31_CMP-image" name="Texture_31_CMP">
            <init_from>Texture_31_CMP.png</init_from>
        </image>
        <image id="Texture_27_CMP-image" name="Texture_27_CMP">
            <init_from>Texture_27_CMP.png</init_from>
        </image>
    </library_images>
    <library_materials>
        <material id="l_s0" name="l_s0">
            <instance_effect url="#l_s0-effect" />
        </material>
        <material id="su_s0" name="su_s0">
            <instance_effect url="#su_s0-effect" />
        </material>
        <material id="th_s10" name="th_s10">
            <instance_effect url="#th_s10-effect" />
        </material>
        <material id="th_s51" name="th_s51">
            <instance_effect url="#th_s51-effect" />
        </material>
        <material id="l_s1" name="l_s1">
            <instance_effect url="#l_s1-effect" />
        </material>
        <material id="th_s11" name="th_s11">
            <instance_effect url="#th_s11-effect" />
        </material>
        <material id="su_s1" name="su_s1">
            <instance_effect url="#su_s1-effect" />
        </material>
        <material id="stair_s" name="stair_s">
            <instance_effect url="#stair_s-effect" />
        </material>
        <material id="to_s1" name="to_s1">
            <instance_effect url="#to_s1-effect" />
        </material>
    </library_materials>
    <library_effects>
        <effect id="l_s0-effect" name="l_s0">
            <profile_COMMON>
                <newparam sid="Texture_4_CMP-image_surface">
                    <surface type="2D">
                        <init_from>Texture_4_CMP-image</init_from>
                    </surface>
                </newparam>
                <newparam sid="Texture_4_CMP-image_sampler">
                    <sampler2D>
                        <source>Texture_4_CMP-image_surface</source>
                        <wrap_s>CLAMP</wrap_s>
                        <wrap_t>CLAMP</wrap_t>
                    </sampler2D>
                </newparam>
                <technique sid="standard">
                    <phong>
                        <emission>
                            <color sid="emission">0 0 0 1</color>
                        </emission>
                        <ambient>
                            <color sid="ambient">0 0 0 1</color>
                        </ambient>
                        <diffuse>
                            <texture texture="Texture_4_CMP-image_sampler" texcoord="CHANNEL0" />
                        </diffuse>
                        <specular>
                            <color sid="specular">0.2352941 0.4588235 0.7607843 0.5607843</color>
                        </specular>
                        <reflective>
                            <color sid="reflective">1 1 1 1</color>
                        </reflective>
                        <shininess>
                            <float sid="shininess">50</float>
                        </shininess>
                        <reflectivity>
                            <float sid="reflectivity">1</float>
                        </reflectivity>
                        <transparency>
                            <float sid="transparency">1</float>
                        </transparency>
                    </phong>
                </technique>
            </profile_COMMON>
        </effect>
        <effect id="su_s0-effect" name="su_s0">
            <profile_COMMON>
                <newparam sid="Texture_29_CMP-image_surface">
                    <surface type="2D">
                        <init_from>Texture_29_CMP-image</init_from>
                    </surface>
                </newparam>
                <newparam sid="Texture_29_CMP-image_sampler">
                    <sampler2D>
                        <source>Texture_29_CMP-image_surface</source>
                        <wrap_s>CLAMP</wrap_s>
                        <wrap_t>CLAMP</wrap_t>
                    </sampler2D>
                </newparam>
                <technique sid="standard">
                    <phong>
                        <emission>
                            <color sid="emission">0 0 0 1</color>
                        </emission>
                        <ambient>
                            <color sid="ambient">0 0 0 1</color>
                        </ambient>
                        <diffuse>
                            <texture texture="Texture_29_CMP-image_sampler" texcoord="CHANNEL0" />
                        </diffuse>
                        <specular>
                            <color sid="specular">0.2352941 0.4588235 0.7607843 0.5607843</color>
                        </specular>
                        <reflective>
                            <color sid="reflective">1 1 1 1</color>
                        </reflective>
                        <shininess>
                            <float sid="shininess">50</float>
                        </shininess>
                        <reflectivity>
                            <float sid="reflectivity">1</float>
                        </reflectivity>
                        <transparency>
                            <float sid="transparency">1</float>
                        </transparency>
                    </phong>
                </technique>
            </profile_COMMON>
        </effect>
        <effect id="th_s10-effect" name="th_s10">
            <profile_COMMON>
                <newparam sid="Texture_5_CMP-image_surface">
                    <surface type="2D">
                        <init_from>Texture_5_CMP-image</init_from>
                    </surface>
                </newparam>
                <newparam sid="Texture_5_CMP-image_sampler">
                    <sampler2D>
                        <source>Texture_5_CMP-image_surface</source>
                        <wrap_s>CLAMP</wrap_s>
                        <wrap_t>CLAMP</wrap_t>
                    </sampler2D>
                </newparam>
                <technique sid="standard">
                    <phong>
                        <emission>
                            <color sid="emission">0 0 0 1</color>
                        </emission>
                        <ambient>
                            <color sid="ambient">0 0 0 1</color>
                        </ambient>
                        <diffuse>
                            <texture texture="Texture_5_CMP-image_sampler" texcoord="CHANNEL0" />
                        </diffuse>
                        <specular>
                            <color sid="specular">0.227451 0.5137255 0.07058824 0.4352941</color>
                        </specular>
                        <reflective>
                            <color sid="reflective">1 1 1 1</color>
                        </reflective>
                        <shininess>
                            <float sid="shininess">50</float>
                        </shininess>
                        <reflectivity>
                            <float sid="reflectivity">1</float>
                        </reflectivity>
                        <transparency>
                            <float sid="transparency">1</float>
                        </transparency>
                    </phong>
                </technique>
            </profile_COMMON>
        </effect>
        <effect id="th_s51-effect" name="th_s51">
            <profile_COMMON>
                <newparam sid="Texture_3_CMP-image_surface">
                    <surface type="2D">
                        <init_from>Texture_3_CMP-image</init_from>
                    </surface>
                </newparam>
                <newparam sid="Texture_3_CMP-image_sampler">
                    <sampler2D>
                        <source>Texture_3_CMP-image_surface</source>
                        <wrap_s>CLAMP</wrap_s>
                        <wrap_t>CLAMP</wrap_t>
                    </sampler2D>
                </newparam>
                <technique sid="standard">
                    <phong>
                        <emission>
                            <color sid="emission">0 0 0 1</color>
                        </emission>
                        <ambient>
                            <color sid="ambient">0 0 0 1</color>
                        </ambient>
                        <diffuse>
                            <texture texture="Texture_3_CMP-image_sampler" texcoord="CHANNEL0" />
                        </diffuse>
                        <specular>
                            <color sid="specular">0.227451 0.5137255 0.07058824 0.4352941</color>
                        </specular>
                        <reflective>
                            <color sid="reflective">1 1 1 1</color>
                        </reflective>
                        <shininess>
                            <float sid="shininess">50</float>
                        </shininess>
                        <reflectivity>
                            <float sid="reflectivity">1</float>
                        </reflectivity>
                        <transparency>
                            <float sid="transparency">1</float>
                        </transparency>
                    </phong>
                </technique>
            </profile_COMMON>
        </effect>
        <effect id="l_s1-effect" name="l_s1">
            <profile_COMMON>
                <newparam sid="Texture_4_CMP-image_0_surface">
                    <surface type="2D">
                        <init_from>Texture_4_CMP-image_0</init_from>
                    </surface>
                </newparam>
                <newparam sid="Texture_4_CMP-image_0_sampler">
                    <sampler2D>
                        <source>Texture_4_CMP-image_0_surface</source>
                        <wrap_s>CLAMP</wrap_s>
                        <wrap_t>CLAMP</wrap_t>
                    </sampler2D>
                </newparam>
                <technique sid="standard">
                    <phong>
                        <emission>
                            <color sid="emission">0 0 0 1</color>
                        </emission>
                        <ambient>
                            <color sid="ambient">0 0 0 1</color>
                        </ambient>
                        <diffuse>
                            <texture texture="Texture_4_CMP-image_0_sampler" texcoord="CHANNEL0" />
                        </diffuse>
                        <specular>
                            <color sid="specular">0.2352941 0.4588235 0.7607843 0.5607843</color>
                        </specular>
                        <reflective>
                            <color sid="reflective">1 1 1 1</color>
                        </reflective>
                        <shininess>
                            <float sid="shininess">50</float>
                        </shininess>
                        <reflectivity>
                            <float sid="reflectivity">1</float>
                        </reflectivity>
                        <transparency>
                            <float sid="transparency">1</float>
                        </transparency>
                    </phong>
                </technique>
            </profile_COMMON>
        </effect>
        <effect id="th_s11-effect" name="th_s11">
            <profile_COMMON>
                <newparam sid="Texture_5_CMP-image_0_surface">
                    <surface type="2D">
                        <init_from>Texture_5_CMP-image_0</init_from>
                    </surface>
                </newparam>
                <newparam sid="Texture_5_CMP-image_0_sampler">
                    <sampler2D>
                        <source>Texture_5_CMP-image_0_surface</source>
                        <wrap_s>CLAMP</wrap_s>
                        <wrap_t>CLAMP</wrap_t>
                    </sampler2D>
                </newparam>
                <technique sid="standard">
                    <phong>
                        <emission>
                            <color sid="emission">0 0 0 1</color>
                        </emission>
                        <ambient>
                            <color sid="ambient">0 0 0 1</color>
                        </ambient>
                        <diffuse>
                            <texture texture="Texture_5_CMP-image_0_sampler" texcoord="CHANNEL0" />
                        </diffuse>
                        <specular>
                            <color sid="specular">0.227451 0.5137255 0.07058824 0.4352941</color>
                        </specular>
                        <reflective>
                            <color sid="reflective">1 1 1 1</color>
                        </reflective>
                        <shininess>
                            <float sid="shininess">50</float>
                        </shininess>
                        <reflectivity>
                            <float sid="reflectivity">1</float>
                        </reflectivity>
                        <transparency>
                            <float sid="transparency">1</float>
                        </transparency>
                    </phong>
                </technique>
            </profile_COMMON>
        </effect>
        <effect id="su_s1-effect" name="su_s1">
            <profile_COMMON>
                <newparam sid="Texture_29_CMP-image_0_surface">
                    <surface type="2D">
                        <init_from>Texture_29_CMP-image_0</init_from>
                    </surface>
                </newparam>
                <newparam sid="Texture_29_CMP-image_0_sampler">
                    <sampler2D>
                        <source>Texture_29_CMP-image_0_surface</source>
                        <wrap_s>CLAMP</wrap_s>
                        <wrap_t>CLAMP</wrap_t>
                    </sampler2D>
                </newparam>
                <technique sid="standard">
                    <phong>
                        <emission>
                            <color sid="emission">0 0 0 1</color>
                        </emission>
                        <ambient>
                            <color sid="ambient">0 0 0 1</color>
                        </ambient>
                        <diffuse>
                            <texture texture="Texture_29_CMP-image_0_sampler" texcoord="CHANNEL0" />
                        </diffuse>
                        <specular>
                            <color sid="specular">0.2352941 0.4588235 0.7607843 0.5607843</color>
                        </specular>
                        <reflective>
                            <color sid="reflective">1 1 1 1</color>
                        </reflective>
                        <shininess>
                            <float sid="shininess">50</float>
                        </shininess>
                        <reflectivity>
                            <float sid="reflectivity">1</float>
                        </reflectivity>
                        <transparency>
                            <float sid="transparency">1</float>
                        </transparency>
                    </phong>
                </technique>
            </profile_COMMON>
        </effect>
        <effect id="stair_s-effect" name="stair_s">
            <profile_COMMON>
                <newparam sid="Texture_31_CMP-image_surface">
                    <surface type="2D">
                        <init_from>Texture_31_CMP-image</init_from>
                    </surface>
                </newparam>
                <newparam sid="Texture_31_CMP-image_sampler">
                    <sampler2D>
                        <source>Texture_31_CMP-image_surface</source>
                        <wrap_s>CLAMP</wrap_s>
                        <wrap_t>CLAMP</wrap_t>
                    </sampler2D>
                </newparam>
                <technique sid="standard">
                    <phong>
                        <emission>
                            <color sid="emission">0 0 0 1</color>
                        </emission>
                        <ambient>
                            <color sid="ambient">0 0 0 1</color>
                        </ambient>
                        <diffuse>
                            <texture texture="Texture_31_CMP-image_sampler" texcoord="CHANNEL0" />
                        </diffuse>
                        <specular>
                            <color sid="specular">0.2352941 0.4588235 0.7607843 0.5607843</color>
                        </specular>
                        <reflective>
                            <color sid="reflective">1 1 1 1</color>
                        </reflective>
                        <shininess>
                            <float sid="shininess">50</float>
                        </shininess>
                        <reflectivity>
                            <float sid="reflectivity">1</float>
                        </reflectivity>
                        <transparency>
                            <float sid="transparency">1</float>
                        </transparency>
                    </phong>
                </technique>
            </profile_COMMON>
        </effect>
        <effect id="to_s1-effect" name="to_s1">
            <profile_COMMON>
                <newparam sid="Texture_27_CMP-image_surface">
                    <surface type="2D">
                        <init_from>Texture_27_CMP-image</init_from>
                    </surface>
                </newparam>
                <newparam sid="Texture_27_CMP-image_sampler">
                    <sampler2D>
                        <source>Texture_27_CMP-image_surface</source>
                        <wrap_s>CLAMP</wrap_s>
                        <wrap_t>CLAMP</wrap_t>
                    </sampler2D>
                </newparam>
                <technique sid="standard">
                    <phong>
                        <emission>
                            <color sid="emission">0 0 0 1</color>
                        </emission>
                        <ambient>
                            <color sid="ambient">0 0 0 1</color>
                        </ambient>
                        <diffuse>
                            <texture texture="Texture_27_CMP-image_sampler" texcoord="CHANNEL0" />
                        </diffuse>
                        <specular>
                            <color sid="specular">0.2352941 0.4588235 0.7607843 0.5607843</color>
                        </specular>
                        <reflective>
                            <color sid="reflective">1 1 1 1</color>
                        </reflective>
                        <shininess>
                            <float sid="shininess">50</float>
                        </shininess>
                        <reflectivity>
                            <float sid="reflectivity">1</float>
                        </reflectivity>
                        <transparency>
                            <float sid="transparency">1</float>
                        </transparency>
                    </phong>
                </technique>
            </profile_COMMON>
        </effect>
    </library_effects>
    <library_geometries>
        <geometry id="wood_1_0-geometry" name="wood_1_0">
            <mesh>
                <source id="wood_1_0-geometry-POSITION">
                    <float_array id="wood_1_0-geometry-POSITION-array" count="342">2983.477 361.9281 -432.3303 3039.367 361.9281 -507.163 3039.902 397.8155 -506.395 2983.477 361.9281 -432.3303 3039.902 397.8155 -506.395 2984.189 397.8155 -431.7987 3039.367 361.9281 -507.163 3095.258 361.9281 -581.9957 3095.616 397.8155 -580.9912 3039.367 361.9281 -507.163 3095.616 397.8155 -580.9912 3039.902 397.8155 -506.395 3095.258 361.9281 -581.9957 3151.679 361.9281 -657.5394 3151.859 397.8155 -656.2961 3095.258 361.9281 -581.9957 3151.859 397.8155 -656.2961 3095.616 397.8155 -580.9912 3151.679 361.9281 -657.5394 3156.412 361.9281 -654.0042 3156.574 397.8155 -652.7747 3151.679 361.9281 -657.5394 3156.574 397.8155 -652.7747 3151.859 397.8155 -656.2961 3058.244 361.9281 -376.4888 2983.477 361.9281 -432.3303 2984.009 397.8155 -433.042 3058.244 361.9281 -376.4888 2984.009 397.8155 -433.042 3058.631 397.8155 -377.3086 3133.011 361.9281 -320.6474 3058.244 361.9281 -376.4888 3058.631 397.8155 -377.3086 3133.011 361.9281 -320.6474 3058.631 397.8155 -377.3086 3133.254 397.8155 -321.5752 3351.297 361.9281 -157.6163 3282.546 361.9282 -208.9646 3282.499 397.8155 -210.1085 3351.297 361.9281 -157.6163 3282.499 397.8155 -210.1085 3351.117 397.8155 -158.8595 3282.546 361.9282 -208.9646 3195.373 361.3013 -273.7954 3195.47 397.1887 -274.8313 3282.546 361.9282 -208.9646 3195.47 397.1887 -274.8313 3282.499 397.8155 -210.1085 3471.77 397.8155 -320.4047 3472.718 361.9281 -320.189 3519.499 361.9281 -382.8254 3471.77 397.8155 -320.4047 3519.499 361.9281 -382.8254 3518.256 397.8155 -382.6452 3416.107 397.8155 -245.8764 3416.701 361.9281 -245.1866 3472.718 361.9281 -320.189 3416.107 397.8155 -245.8764 3472.718 361.9281 -320.189 3471.77 397.8155 -320.4047 3360.444 397.8155 -171.348 3360.684 361.9281 -170.1842 3416.701 361.9281 -245.1866 3360.444 397.8155 -171.348 3416.701 361.9281 -245.1866 3416.107 397.8155 -245.8764 3351.117 397.8155 -158.8595 3351.297 361.9281 -157.6163 3360.684 361.9281 -170.1842 3351.117 397.8155 -158.8595 3360.684 361.9281 -170.1842 3360.444 397.8155 -171.348 3039.902 -430.8655 -506.3949 3039.367 -394.9781 -507.1629 2983.477 -394.9781 -432.3303 3039.902 -430.8655 -506.3949 2983.477 -394.9781 -432.3303 2984.188 -430.8655 -431.7987 3095.616 -430.8655 -580.9911 3095.258 -394.9781 -581.9957 3039.367 -394.9781 -507.1629 3095.616 -430.8655 -580.9911 3039.367 -394.9781 -507.1629 3039.902 -430.8655 -506.3949 3151.859 -430.8655 -656.2961 3151.679 -394.9781 -657.5393 3095.258 -394.9781 -581.9957 3151.859 -430.8655 -656.2961 3095.258 -394.9781 -581.9957 3095.616 -430.8655 -580.9911 2984.009 -430.8655 -433.042 2983.477 -394.9782 -432.3303 3058.244 -394.9782 -376.4888 2984.009 -430.8655 -433.042 3058.244 -394.9782 -376.4888 3058.631 -430.8655 -377.3086 3058.631 -430.8655 -377.3086 3058.244 -394.9782 -376.4888 3133.012 -394.9782 -320.6475 3058.631 -430.8655 -377.3086 3133.012 -394.9782 -320.6475 3133.254 -430.8655 -321.5753 3282.499 -430.8655 -210.1085 3282.546 -394.9781 -208.9646 3351.298 -394.9781 -157.6163 3282.499 -430.8655 -210.1085 3351.298 -394.9781 -157.6163 3351.117 -430.8655 -158.8595 3195.471 -430.2386 -274.8312 3195.373 -394.3513 -273.7954 3282.546 -394.9781 -208.9646 3195.471 -430.2386 -274.8312 3282.546 -394.9781 -208.9646 3282.499 -430.8655 -210.1085</float_array>
                    <technique_common>
                        <accessor count="114" offset="0" source="wood_1_0-geometry-POSITION-array" stride="3">
                            <param name="X" type="float" />
                            <param name="Y" type="float" />
                            <param name="Z" type="float" />
                        </accessor>
                    </technique_common>
                </source>
                <source id="wood_1_0-geometry-NORMAL">
                    <float_array id="wood_1_0-geometry-NORMAL-array" count="63">-0.8009567 0.02474305 -0.5982108 -0.8009561 0.02474286 -0.5982116 -0.8009571 0.02474656 -0.59821 0.5982016 0.02474625 -0.8009635 -0.5982109 0.02474459 0.8009565 -0.5982103 0.02474764 0.8009569 -0.5982111 0.02474246 0.8009565 -0.5974517 0.02476133 0.8015225 -0.596692 0.02478017 0.8020877 -0.8009569 -0.0247483 -0.5982103 -0.8009561 -0.02474899 -0.5982114 -0.8009569 -0.02474711 -0.5982103 -0.8009536 -0.0247433 -0.5982148 -0.8009567 -0.02474158 -0.5982109 -0.8009549 -0.02474474 -0.5982131 -0.8009574 -0.02474306 -0.5982099 -0.5982099 -0.02474651 0.8009573 -0.5982089 -0.02474967 0.8009579 -0.5974509 -0.02475908 0.8015231 -0.5982094 -0.0247391 0.8009579 -0.596692 -0.02477904 0.8020877</float_array>
                    <technique_common>
                        <accessor count="21" offset="0" source="wood_1_0-geometry-NORMAL-array" stride="3">
                            <param name="X" type="float" />
                            <param name="Y" type="float" />
                            <param name="Z" type="float" />
                        </accessor>
                    </technique_common>
                </source>
                <source id="wood_1_0-geometry-TEXCOORD">
                    <float_array id="wood_1_0-geometry-TEXCOORD-array" count="32">0.001783669 -0.06070817 0.9925487 -0.06070817 0.9925484 0.9069645 0.001783311 0.9069645 0.9925485 0.9069645 0.001243517 0.2302061 0.06384853 0.2302061 0.06384587 0.6160502 0.001240969 0.6160502 0.001783371 0.9069645 0.001783311 -0.06070817 0.9925483 -0.06070817 0.9925487 0.9069645 0.001783609 0.9069645 0.1709429 0.9069645 0.170943 -0.06070817</float_array>
                    <technique_common>
                        <accessor count="16" offset="0" source="wood_1_0-geometry-TEXCOORD-array" stride="2">
                            <param name="S" type="float" />
                            <param name="T" type="float" />
                        </accessor>
                    </technique_common>
                </source>
                <source id="wood_1_0-geometry-COLOR">
                    <float_array id="wood_1_0-geometry-COLOR-array" count="32">0.6745098 0.7882353 0.9137255 1 0.8352941 0.8941177 0.945098 1 1 1 0.9764706 1 0.8196079 0.9490196 0.9764706 1 0.8196079 0.9529412 0.9764706 1 0.8156863 0.9490196 0.9764706 1 0.6862745 0.8039216 0.9294118 1 0.6862745 0.8039216 0.9254902 1</float_array>
                    <technique_common>
                        <accessor count="8" offset="0" source="wood_1_0-geometry-COLOR-array" stride="4">
                            <param name="R" type="double" />
                            <param name="G" type="double" />
                            <param name="B" type="double" />
                            <param name="A" type="double" />
                        </accessor>
                    </technique_common>
                </source>
                <vertices id="wood_1_0-vertices">
                    <input semantic="POSITION" source="#wood_1_0-geometry-POSITION" />
                </vertices>
                <triangles count="38" material="l_s0">
                    <input semantic="VERTEX" source="#wood_1_0-vertices" offset="0" set="0" />
                    <input semantic="NORMAL" source="#wood_1_0-geometry-NORMAL" offset="1" set="0" />
                    <input semantic="TEXCOORD" source="#wood_1_0-geometry-TEXCOORD" offset="2" set="0" />
                    <input semantic="COLOR" source="#wood_1_0-geometry-COLOR" offset="3" set="0" />
                    <p>2 0 2 0 1 0 1 0 0 0 0 0 5 0 3 0 4 0 2 0 3 0 0 0 8 1 2 0 7 1 1 0 6 1 0 0 11 1 3 0 10 1 2 0 9 1 0 0 14 2 4 1 13 2 1 1 12 2 0 0 17 2 3 0 16 2 4 1 15 2 0 0 20 3 7 2 19 3 6 2 18 3 5 1 23 3 8 1 22 3 7 2 21 3 5 1 26 4 4 4 25 4 1 4 24 4 0 3 29 4 9 4 28 4 4 4 27 4 0 3 32 5 12 4 31 5 11 3 30 5 10 5 35 5 13 3 34 5 12 4 33 5 10 5 38 7 9 5 37 7 0 5 36 6 1 5 41 6 12 5 40 7 9 5 39 6 1 5 44 8 13 5 43 8 0 5 42 7 11 5 47 7 12 5 46 8 13 5 45 7 11 5 50 9 1 7 49 9 10 6 48 9 13 6 53 9 4 6 52 9 1 7 51 9 13 6 56 10 11 6 55 10 0 6 54 10 13 6 59 10 12 6 58 10 11 6 57 10 13 6 62 11 11 6 61 11 15 6 60 11 14 6 65 11 4 6 64 11 11 6 63 11 14 6 68 12 15 6 67 12 0 6 66 12 9 6 71 12 14 6 70 12 15 6 69 12 9 6 74 13 0 0 73 13 1 0 72 13 2 0 77 13 3 0 76 13 0 0 75 13 2 0 80 14 0 0 79 14 1 0 78 14 2 0 83 14 3 0 82 14 0 0 81 14 2 0 86 15 0 0 85 15 1 1 84 15 4 1 89 15 3 0 88 15 0 0 87 15 4 1 92 16 0 3 91 16 1 4 90 16 4 4 95 16 9 4 94 16 0 3 93 16 4 4 98 17 10 5 97 17 11 3 96 17 12 4 101 17 13 3 100 17 10 5 99 17 12 4 104 19 1 5 103 18 0 5 102 18 9 5 107 19 12 5 106 19 1 5 105 18 9 5 110 18 11 5 109 20 0 5 108 20 13 5 113 18 12 5 112 18 11 5 111 20 13 5</p>
                </triangles>
            </mesh>
        </geometry>
        <geometry id="wood_1_1-geometry" name="wood_1_1">
            <mesh>
                <source id="wood_1_1-geometry-POSITION">
                    <float_array id="wood_1_1-geometry-POSITION-array" count="972">3525.971 414.451 -375.634 3518.188 414.451 -382.4675 3518.115 361.2167 -383.578 3525.971 414.451 -375.634 3518.115 361.2167 -383.578 3527.082 361.2167 -375.7062 3363.373 414.4509 -160.0746 3355.59 414.4509 -166.9081 3355.517 361.2167 -168.0186 3363.373 414.4509 -160.0746 3355.517 361.2167 -168.0186 3364.483 361.2167 -160.1468 3205.564 415.2676 -277.342 3195.543 415.2676 -286.1406 3195.45 359.2011 -287.5704 3205.564 415.2676 -277.342 3195.45 359.2011 -287.5704 3206.994 359.2011 -277.4349 3138.407 415.2682 -326.0555 3127.401 415.2651 -333.5861 3127.143 359.1982 -334.9802 3138.407 415.2682 -326.0555 3127.143 359.1982 -334.9802 3139.821 359.2018 -326.3055 2994.94 414.451 -436.6936 2987.156 414.451 -443.5271 2987.084 361.2167 -444.6376 2994.94 414.451 -436.6936 2987.084 361.2167 -444.6376 2996.05 361.2167 -436.7657 3153.897 414.451 -654.786 3146.114 414.451 -661.6195 3146.042 361.2167 -662.73 3153.897 414.451 -654.786 3146.042 361.2167 -662.73 3155.008 361.2167 -654.8582 3069.68 204.1128 -566.785 3077.501 204.1128 -560.9886 2984.672 346.5488 -435.7359 3069.68 204.1128 -566.785 2984.672 346.5488 -435.7359 2976.851 346.5488 -441.5323 3445.91 204.1128 -287.9481 3453.731 204.1128 -282.1517 3360.902 346.5488 -156.899 3445.91 204.1128 -287.9481 3360.902 346.5488 -156.899 3353.081 346.5488 -162.6954 3519.137 414.451 -367.8507 3511.354 414.451 -374.6841 3518.188 414.451 -382.4675 3519.137 414.451 -367.8507 3518.188 414.451 -382.4675 3525.971 414.451 -375.634 3147.064 414.451 -647.0026 3139.281 414.451 -653.8361 3146.114 414.451 -661.6194 3147.064 414.451 -647.0026 3146.114 414.451 -661.6194 3153.897 414.451 -654.7859 2988.106 414.451 -428.9103 2980.323 414.451 -435.7437 2987.156 414.451 -443.5271 2988.106 414.451 -428.9103 2987.156 414.451 -443.5271 2994.94 414.451 -436.6936 3130.876 415.27 -315.0493 3119.87 415.267 -322.5797 3127.401 415.265 -333.5861 3130.876 415.27 -315.0493 3127.401 415.265 -333.5861 3138.407 415.2681 -326.0556 3196.766 415.2675 -267.3204 3186.744 415.2675 -276.1189 3195.543 415.2675 -286.1406 3196.766 415.2675 -267.3204 3195.543 415.2675 -286.1406 3205.564 415.2675 -277.342 3356.54 414.451 -152.2913 3348.756 414.451 -159.1248 3355.59 414.451 -166.9082 3356.54 414.451 -152.2913 3355.59 414.451 -166.9082 3363.373 414.451 -160.0747 3205.564 415.2675 -277.342 3206.994 359.2011 -277.4349 3196.859 359.2011 -265.8906 3205.564 415.2675 -277.342 3196.859 359.2011 -265.8906 3196.766 415.2675 -267.3204 3138.407 415.2681 -326.0556 3139.821 359.2017 -326.3055 3131.146 359.204 -313.6269 3138.407 415.2681 -326.0556 3131.146 359.204 -313.6269 3130.876 415.2701 -315.0493 3146.114 414.451 -661.6195 3139.281 414.451 -653.8361 3138.17 361.2167 -653.764 3146.114 414.451 -661.6195 3138.17 361.2167 -653.764 3146.042 361.2167 -662.73 2987.156 414.451 -443.5271 2980.323 414.451 -435.7437 2979.212 361.2167 -435.6716 2987.156 414.451 -443.5271 2979.212 361.2167 -435.6716 2987.084 361.2167 -444.6376 3127.401 415.265 -333.5861 3119.87 415.267 -322.5797 3118.468 359.2004 -322.3016 3127.401 415.265 -333.5861 3118.468 359.2004 -322.3016 3127.143 359.1982 -334.9803 3195.543 415.2675 -286.1406 3186.744 415.2675 -276.1189 3185.314 359.2011 -276.0261 3195.543 415.2675 -286.1406 3185.314 359.2011 -276.0261 3195.45 359.2011 -287.5704 3355.59 414.451 -166.9082 3348.756 414.451 -159.1248 3347.646 361.2167 -159.0527 3355.59 414.451 -166.9082 3347.646 361.2167 -159.0527 3355.518 361.2167 -168.0186 3518.188 414.451 -382.4675 3511.354 414.451 -374.6841 3510.244 361.2167 -374.612 3518.188 414.451 -382.4675 3510.244 361.2167 -374.612 3518.115 361.2167 -383.578 3363.373 414.451 -160.0747 3364.484 361.2167 -160.1468 3356.612 361.2167 -151.1808 3363.373 414.451 -160.0747 3356.612 361.2167 -151.1808 3356.54 414.451 -152.2913 3525.971 414.451 -375.634 3527.082 361.2167 -375.7062 3519.21 361.2167 -366.7402 3525.971 414.451 -375.634 3519.21 361.2167 -366.7402 3519.137 414.451 -367.8507 3153.897 414.451 -654.786 3155.008 361.2167 -654.8582 3147.136 361.2167 -645.8922 3153.897 414.451 -654.786 3147.136 361.2167 -645.8922 3147.064 414.451 -647.0027 2994.94 414.451 -436.6936 2996.05 361.2167 -436.7657 2988.178 361.2167 -427.7998 2994.94 414.451 -436.6936 2988.178 361.2167 -427.7998 2988.106 414.451 -428.9102 2980.762 339.3618 -430.4606 2984.672 346.5488 -435.7359 3077.501 204.1128 -560.9886 2980.762 339.3618 -430.4606 3077.501 204.1128 -560.9886 3073.592 196.9259 -555.7133 2976.851 346.5488 -441.5323 2972.942 339.3618 -436.257 3065.771 196.9259 -561.5097 2976.851 346.5488 -441.5323 3065.771 196.9259 -561.5097 3069.68 204.1128 -566.785 3353.081 346.5488 -162.6954 3349.172 339.3618 -157.4201 3442 196.9259 -282.6728 3353.081 346.5488 -162.6954 3442 196.9259 -282.6728 3445.91 204.1128 -287.9481 3356.992 339.3618 -151.6237 3360.902 346.5488 -156.899 3453.731 204.1128 -282.1517 3356.992 339.3618 -151.6237 3453.731 204.1128 -282.1517 3449.822 196.9259 -276.8764 3348.756 414.4509 -159.1248 3356.539 414.4509 -152.2913 3356.612 361.2167 -151.1808 3348.756 414.4509 -159.1248 3356.612 361.2167 -151.1808 3347.646 361.2167 -159.0527 3511.354 414.451 -374.6842 3519.137 414.451 -367.8507 3519.21 361.2167 -366.7402 3511.354 414.451 -374.6842 3519.21 361.2167 -366.7402 3510.244 361.2167 -374.6121 3186.744 415.2676 -276.1189 3196.766 415.2676 -267.3204 3196.859 359.2011 -265.8906 3186.744 415.2676 -276.1189 3196.859 359.2011 -265.8906 3185.314 359.2011 -276.0261 3119.87 415.267 -322.5797 3130.876 415.2701 -315.0493 3131.146 359.204 -313.6269 3119.87 415.267 -322.5797 3131.146 359.204 -313.6269 3118.468 359.2005 -322.3016 2980.323 414.451 -435.7437 2988.106 414.451 -428.9102 2988.178 361.2167 -427.7997 2980.323 414.451 -435.7437 2988.178 361.2167 -427.7997 2979.212 361.2167 -435.6715 3139.281 414.4509 -653.8361 3147.064 414.4509 -647.0027 3147.136 361.2166 -645.8922 3139.281 414.4509 -653.8361 3147.136 361.2166 -645.8922 3138.17 361.2166 -653.764 2972.941 339.3618 -436.257 2980.762 339.3618 -430.4606 3073.591 196.9258 -555.7133 2972.941 339.3618 -436.257 3073.591 196.9258 -555.7133 3065.77 196.9258 -561.5097 3349.172 339.3618 -157.4202 3356.992 339.3618 -151.6238 3449.822 196.9258 -276.8764 3349.172 339.3618 -157.4202 3449.822 196.9258 -276.8764 3442 196.9258 -282.6728 3138.17 -394.2667 -653.7641 3139.281 -447.501 -653.8362 3146.114 -447.501 -661.6196 3138.17 -394.2667 -653.7641 3146.114 -447.501 -661.6196 3146.042 -394.2667 -662.73 2979.212 -394.2668 -435.6717 2980.323 -447.5011 -435.7438 2987.156 -447.5011 -443.5272 2979.212 -394.2668 -435.6717 2987.156 -447.5011 -443.5272 2987.084 -394.2668 -444.6376 3118.468 -392.2504 -322.3016 3119.87 -448.317 -322.5797 3127.401 -448.315 -333.5861 3118.468 -392.2504 -322.3016 3127.401 -448.315 -333.5861 3127.143 -392.2482 -334.9802 3185.314 -392.2511 -276.0261 3186.744 -448.3175 -276.1189 3195.542 -448.3175 -286.1406 3185.314 -392.2511 -276.0261 3195.542 -448.3175 -286.1406 3195.449 -392.2511 -287.5704 3347.646 -394.2667 -159.0526 3348.756 -447.5009 -159.1247 3355.59 -447.5009 -166.9081 3347.646 -394.2667 -159.0526 3355.59 -447.5009 -166.9081 3355.517 -394.2667 -168.0186 3510.243 -394.2667 -374.612 3511.354 -447.5009 -374.6841 3518.187 -447.5009 -382.4675 3510.243 -394.2667 -374.612 3518.187 -447.5009 -382.4675 3518.115 -394.2667 -383.5779 3065.771 -229.9759 -561.5097 2972.942 -372.4119 -436.257 2976.851 -379.5988 -441.5323 3065.771 -229.9759 -561.5097 2976.851 -379.5988 -441.5323 3069.68 -237.1628 -566.785 3442 -229.9759 -282.6728 3349.172 -372.4119 -157.4202 3353.081 -379.5988 -162.6954 3442 -229.9759 -282.6728 3353.081 -379.5988 -162.6954 3445.91 -237.1628 -287.9481 3356.612 -394.2667 -151.1808 3356.539 -447.5009 -152.2913 3348.756 -447.5009 -159.1248 3356.612 -394.2667 -151.1808 3348.756 -447.5009 -159.1248 3347.646 -394.2667 -159.0527 3519.21 -394.2667 -366.7402 3519.137 -447.501 -367.8507 3511.354 -447.501 -374.6841 3519.21 -394.2667 -366.7402 3511.354 -447.501 -374.6841 3510.244 -394.2667 -374.612 3196.859 -392.2511 -265.8906 3196.766 -448.3176 -267.3204 3186.744 -448.3176 -276.1189 3196.859 -392.2511 -265.8906 3186.744 -448.3176 -276.1189 3185.314 -392.2511 -276.0261 3131.146 -392.254 -313.6269 3130.876 -448.3201 -315.0493 3119.87 -448.317 -322.5797 3131.146 -392.254 -313.6269 3119.87 -448.317 -322.5797 3118.468 -392.2505 -322.3016 2988.178 -394.2667 -427.7997 2988.106 -447.5009 -428.9101 2980.323 -447.5009 -435.7436 2988.178 -394.2667 -427.7997 2980.323 -447.5009 -435.7436 2979.212 -394.2667 -435.6715 3147.136 -394.2667 -645.8922 3147.064 -447.5009 -647.0027 3139.281 -447.5009 -653.8361 3147.136 -394.2667 -645.8922 3139.281 -447.5009 -653.8361 3138.17 -394.2667 -653.764 3073.592 -229.9758 -555.7133 2980.762 -372.4118 -430.4606 2972.942 -372.4118 -436.257 3073.592 -229.9758 -555.7133 2972.942 -372.4118 -436.257 3065.771 -229.9758 -561.5097 3449.822 -229.9759 -276.8764 3356.992 -372.4119 -151.6238 3349.172 -372.4119 -157.4202 3449.822 -229.9759 -276.8764 3349.172 -372.4119 -157.4202 3442 -229.9759 -282.6728</float_array>
                    <technique_common>
                        <accessor count="324" offset="0" source="wood_1_1-geometry-POSITION-array" stride="3">
                            <param name="X" type="float" />
                            <param name="Y" type="float" />
                            <param name="Z" type="float" />
                        </accessor>
                    </technique_common>
                </source>
                <source id="wood_1_1-geometry-NORMAL">
                    <float_array id="wood_1_1-geometry-NORMAL-array" count="162">0.6596957 0.01478015 -0.7513875 0.6596944 0.01477875 -0.7513886 0.6596607 0.01806768 -0.7513463 0.5645905 0.01792041 -0.8251766 0.6596942 0.01477893 -0.7513888 0.659696 0.01477898 -0.7513872 0.4016208 0.7382739 -0.5418969 0.4016242 0.7382705 -0.5418992 0 1 1.544195E-06 0 1 1.544199E-06 0 1 1.544196E-06 -0.0001064598 0.9999999 -0.0002507066 0 1 1.30632E-06 0 1 1.544184E-06 0.751353 0.01806623 0.6596531 0.8251726 0.01829777 0.5645842 -0.7513894 0.01478454 -0.6596933 -0.7513894 0.01478438 -0.6596934 -0.8251771 0.01783487 -0.5645925 -0.7513539 0.01806728 -0.6596522 -0.75139 0.01478441 -0.6596927 -0.7513897 0.01478012 -0.6596931 0.751389 0.01478327 0.6596938 0.7513888 0.01478134 0.6596942 0.7513872 0.01477855 0.6596961 0.75139 0.01478137 0.6596928 0.8034023 -6.508502E-06 0.5954366 -0.8034022 6.315106E-06 -0.5954367 -0.8034028 1.291365E-05 -0.5954359 0.8034022 -9.999637E-06 0.5954367 -0.6596928 0.01477935 0.75139 -0.6596949 0.0147777 0.7513882 -0.6596599 0.01806461 0.7513471 -0.5645935 0.01821436 0.8251681 -0.6596937 0.01477952 0.7513893 -0.6596919 0.01477921 0.7513909 -0.4016217 -0.7382723 0.5418984 -0.4016192 -0.7382761 0.5418952 -0.7513906 -0.01478243 -0.6596922 -0.75139 -0.01478224 -0.6596928 -0.8251772 -0.01783852 -0.5645922 -0.7513536 -0.01806878 -0.6596524 -0.7513905 -0.01478238 -0.6596922 -0.7513902 -0.01478159 -0.6596925 -0.803402 1.182928E-06 -0.5954369 -0.8034028 -9.292151E-06 -0.5954358 -0.6596931 -0.01478076 0.7513898 -0.6596943 -0.01477847 0.7513887 -0.6596602 -0.01806502 0.7513469 -0.5645939 -0.018216 0.8251678 -0.6596933 -0.01477863 0.7513896 -0.6596929 -0.01478067 0.7513899 -0.4016268 0.7382653 0.5419042 -0.4016217 0.7382724 0.5418983</float_array>
                    <technique_common>
                        <accessor count="54" offset="0" source="wood_1_1-geometry-NORMAL-array" stride="3">
                            <param name="X" type="float" />
                            <param name="Y" type="float" />
                            <param name="Z" type="float" />
                        </accessor>
                    </technique_common>
                </source>
                <source id="wood_1_1-geometry-TEXCOORD">
                    <float_array id="wood_1_1-geometry-TEXCOORD-array" count="34">1 0.9859543 0 0.9859543 0 -1.192093E-07 1 -1.192093E-07 -7.450581E-09 0.9859543 -7.537153E-09 -1.192093E-07 0 1 1 1 1 0 0 0 0.9929774 0.9929774 0.007023096 0.9929774 0.007023096 -0.007023096 0.9929774 -0.007023096 0.007023061 0.9929774 -7.537153E-09 0.9859543 0.3333333 0</float_array>
                    <technique_common>
                        <accessor count="17" offset="0" source="wood_1_1-geometry-TEXCOORD-array" stride="2">
                            <param name="S" type="float" />
                            <param name="T" type="float" />
                        </accessor>
                    </technique_common>
                </source>
                <source id="wood_1_1-geometry-COLOR">
                    <float_array id="wood_1_1-geometry-COLOR-array" count="88">1 1 0.9764706 1 0.6352941 0.7450981 0.8627451 1 0.6352941 0.7450981 0.8666667 1 0.6352941 0.7490196 0.8666667 1 0.6980392 0.8156863 0.945098 1 0.6980392 0.8196079 0.945098 1 0.6431373 0.7568628 0.8784314 1 0.6431373 0.7568628 0.8745098 1 0.6509804 0.7647059 0.8862745 1 0.6470588 0.7607843 0.8823529 1 0.6745098 0.7882353 0.9137255 1 0.6745098 0.7882353 0.9098039 1 0.6901961 0.8078431 0.9333333 1 0.6862745 0.8039216 0.9294118 1 0.8431373 0.9764706 0.9764706 1 0.8392157 0.9764706 0.9764706 1 0.8470588 0.9843137 0.9764706 1 0.8039216 0.9333333 0.9764706 1 0.8509804 0.9882353 0.9764706 1 0.8509804 0.9843137 0.9764706 1 0.654902 0.7372549 0.8352941 1 0.6588235 0.7411765 0.8392157 1</float_array>
                    <technique_common>
                        <accessor count="22" offset="0" source="wood_1_1-geometry-COLOR-array" stride="4">
                            <param name="R" type="double" />
                            <param name="G" type="double" />
                            <param name="B" type="double" />
                            <param name="A" type="double" />
                        </accessor>
                    </technique_common>
                </source>
                <vertices id="wood_1_1-vertices">
                    <input semantic="POSITION" source="#wood_1_1-geometry-POSITION" />
                </vertices>
                <triangles count="108" material="su_s0">
                    <input semantic="VERTEX" source="#wood_1_1-vertices" offset="0" set="0" />
                    <input semantic="NORMAL" source="#wood_1_1-geometry-NORMAL" offset="1" set="0" />
                    <input semantic="TEXCOORD" source="#wood_1_1-geometry-TEXCOORD" offset="2" set="0" />
                    <input semantic="COLOR" source="#wood_1_1-geometry-COLOR" offset="3" set="0" />
                    <p>2 0 2 0 1 0 1 0 0 0 0 0 5 0 3 0 4 0 2 0 3 0 0 0 8 1 2 0 7 1 1 0 6 1 0 0 11 1 3 0 10 1 2 0 9 1 0 0 14 2 3 0 13 2 0 0 12 2 4 0 17 2 5 0 16 2 3 0 15 2 4 0 20 3 2 0 19 3 1 0 18 3 0 0 23 3 3 0 22 3 2 0 21 3 0 0 26 4 3 0 25 4 0 0 24 4 4 0 29 4 5 0 28 4 3 0 27 4 4 0 32 5 3 0 31 5 0 0 30 5 4 0 35 5 5 0 34 5 3 0 33 5 4 0 38 6 8 0 37 6 7 0 36 6 6 0 41 6 9 0 40 6 8 0 39 6 6 0 44 7 8 0 43 7 7 0 42 7 6 0 47 7 9 0 46 7 8 0 45 7 6 0 50 8 12 0 49 8 11 0 48 8 10 0 53 8 13 0 52 8 12 0 51 8 10 0 56 9 13 0 55 9 10 0 54 9 14 0 59 9 12 0 58 9 13 0 57 9 14 0 62 10 13 0 61 10 10 0 60 10 14 0 65 10 12 0 64 10 13 0 63 10 14 0 68 11 12 0 67 11 11 0 66 11 10 0 71 11 13 0 70 11 12 0 69 11 10 0 74 12 13 0 73 12 10 0 72 12 14 0 77 12 12 0 76 12 13 0 75 12 14 0 80 13 12 0 79 13 11 0 78 13 10 0 83 13 13 0 82 13 12 0 81 13 10 0 86 14 5 0 85 14 3 0 84 14 0 0 89 14 15 0 88 14 5 0 87 14 0 0 92 15 3 0 91 15 2 0 90 15 1 0 95 15 0 0 94 15 3 0 93 15 1 0 98 16 15 1 97 16 5 1 96 16 3 1 101 16 0 1 100 16 15 1 99 16 3 1 104 17 15 1 103 17 5 3 102 17 3 2 107 17 0 1 106 17 15 1 105 17 3 2 110 18 0 4 109 18 3 5 108 18 2 4 113 18 1 4 112 18 0 4 111 18 2 4 116 19 15 6 115 19 5 6 114 19 3 6 119 19 0 7 118 19 15 6 117 19 3 6 122 20 0 8 121 20 3 8 120 20 2 8 125 20 1 8 124 20 0 8 123 20 2 8 128 21 0 9 127 21 3 9 126 21 2 9 131 21 1 9 130 21 0 9 129 21 2 9 134 22 3 0 133 22 2 0 132 22 1 0 137 22 0 0 136 22 3 0 135 22 1 0 140 23 3 0 139 23 2 0 138 23 1 0 143 23 0 0 142 23 3 0 141 23 1 0 146 24 5 0 145 24 3 0 144 24 0 0 149 24 15 0 148 24 5 0 147 24 0 0 152 25 5 0 151 25 3 0 150 25 0 0 155 25 15 0 154 25 5 0 153 25 0 0 158 26 8 0 157 26 7 0 156 26 6 0 161 26 9 0 160 26 8 0 159 26 6 0 164 27 9 11 163 27 6 10 162 27 7 10 167 27 8 11 166 27 9 11 165 27 7 10 170 28 9 13 169 28 6 12 168 28 7 12 173 28 8 13 172 28 9 13 171 28 7 12 176 29 8 0 175 29 7 0 174 29 6 0 179 29 9 0 178 29 8 0 177 29 6 0 182 30 2 15 181 30 1 14 180 30 0 14 185 30 3 15 184 30 2 15 183 30 0 14 188 31 2 16 187 31 1 16 186 31 0 16 191 31 3 16 190 31 2 16 189 31 0 16 194 32 3 14 193 32 0 14 192 32 4 14 197 32 5 14 196 32 3 14 195 32 4 14 200 33 2 17 199 33 1 17 198 33 0 17 203 33 3 17 202 33 2 17 201 33 0 17 206 34 3 14 205 34 0 14 204 34 4 14 209 34 5 14 208 34 3 14 207 34 4 14 212 35 3 19 211 35 0 18 210 35 4 18 215 35 5 19 214 35 3 19 213 35 4 18 218 36 8 20 217 36 7 20 216 36 6 20 221 36 16 20 220 36 8 20 219 36 6 20 224 37 8 21 223 37 7 20 222 37 6 20 227 37 9 21 226 37 8 21 225 37 6 20 230 38 3 1 229 38 5 1 228 38 15 1 233 38 0 1 232 38 3 1 231 38 15 1 236 39 3 2 235 39 5 3 234 39 15 1 239 39 0 1 238 39 3 2 237 39 15 1 242 40 2 4 241 40 3 5 240 40 0 4 245 40 1 4 244 40 2 4 243 40 0 4 248 41 3 6 247 41 5 6 246 41 15 6 251 41 0 7 250 41 3 6 249 41 15 6 254 42 2 8 253 42 3 8 252 42 0 8 257 42 1 8 256 42 2 8 255 42 0 8 260 43 2 9 259 43 3 9 258 43 0 9 263 43 1 9 262 43 2 9 261 43 0 9 266 44 7 10 265 44 6 10 264 44 9 11 269 44 8 11 268 44 7 10 267 44 9 11 272 45 7 12 271 45 6 12 270 45 9 13 275 45 8 13 274 45 7 12 273 45 9 13 278 46 0 14 277 46 1 14 276 46 2 15 281 46 3 15 280 46 0 14 279 46 2 15 284 47 0 16 283 47 1 16 282 47 2 16 287 47 3 16 286 47 0 16 285 47 2 16 290 48 4 14 289 48 0 14 288 48 3 14 293 48 5 14 292 48 4 14 291 48 3 14 296 49 0 17 295 49 1 17 294 49 2 17 299 49 3 17 298 49 0 17 297 49 2 17 302 50 4 14 301 50 0 14 300 50 3 14 305 50 5 14 304 50 4 14 303 50 3 14 308 51 4 18 307 51 0 18 306 51 3 19 311 51 5 19 310 51 4 18 309 51 3 19 314 52 6 20 313 52 7 20 312 52 8 20 317 52 16 20 316 52 6 20 315 52 8 20 320 53 6 20 319 53 7 20 318 53 8 21 323 53 9 21 322 53 6 20 321 53 8 21</p>
                </triangles>
            </mesh>
        </geometry>
        <geometry id="wood_1_2-geometry" name="wood_1_2">
            <mesh>
                <source id="wood_1_2-geometry-POSITION">
                    <float_array id="wood_1_2-geometry-POSITION-array" count="54">3145.758 361.9281 -672.3685 3535.399 361.9281 -381.3569 3357.219 361.9281 -142.7871 3145.758 361.9281 -672.3685 3357.219 361.9281 -142.7871 2967.577 361.9281 -433.7987 2967.577 338.8496 -433.7987 3357.219 338.8496 -142.7871 3535.399 338.8496 -381.357 2967.577 338.8496 -433.7987 3535.399 338.8496 -381.357 3145.758 338.8496 -672.3685 3535.399 -371.8996 -381.3569 3357.219 -371.8996 -142.7871 2967.577 -371.8996 -433.7987 3535.399 -371.8996 -381.3569 2967.577 -371.8996 -433.7987 3145.758 -371.8996 -672.3685</float_array>
                    <technique_common>
                        <accessor count="18" offset="0" source="wood_1_2-geometry-POSITION-array" stride="3">
                            <param name="X" type="float" />
                            <param name="Y" type="float" />
                            <param name="Z" type="float" />
                        </accessor>
                    </technique_common>
                </source>
                <source id="wood_1_2-geometry-NORMAL">
                    <float_array id="wood_1_2-geometry-NORMAL-array" count="9">0 1 5.057015E-08 0 -1 1.131617E-08 0 1 3.373282E-08</float_array>
                    <technique_common>
                        <accessor count="3" offset="0" source="wood_1_2-geometry-NORMAL-array" stride="3">
                            <param name="X" type="float" />
                            <param name="Y" type="float" />
                            <param name="Z" type="float" />
                        </accessor>
                    </technique_common>
                </source>
                <source id="wood_1_2-geometry-TEXCOORD">
                    <float_array id="wood_1_2-geometry-TEXCOORD-array" count="16">0.8096344 0.9577926 0.8096347 0.04164708 0.1914409 0.04164708 0.1914409 0.9577928 0.08488462 0.2167308 0.9891638 0.2167308 0.9891638 0.765151 0.08488462 0.765151</float_array>
                    <technique_common>
                        <accessor count="8" offset="0" source="wood_1_2-geometry-TEXCOORD-array" stride="2">
                            <param name="S" type="float" />
                            <param name="T" type="float" />
                        </accessor>
                    </technique_common>
                </source>
                <source id="wood_1_2-geometry-COLOR">
                    <float_array id="wood_1_2-geometry-COLOR-array" count="16">0.8901961 0.9294118 0.9529412 1 1 1 0.9764706 1 0.8352941 0.8941177 0.945098 1 0.454902 0.5333334 0.5411765 1</float_array>
                    <technique_common>
                        <accessor count="4" offset="0" source="wood_1_2-geometry-COLOR-array" stride="4">
                            <param name="R" type="double" />
                            <param name="G" type="double" />
                            <param name="B" type="double" />
                            <param name="A" type="double" />
                        </accessor>
                    </technique_common>
                </source>
                <vertices id="wood_1_2-vertices">
                    <input semantic="POSITION" source="#wood_1_2-geometry-POSITION" />
                </vertices>
                <triangles count="6" material="th_s10">
                    <input semantic="VERTEX" source="#wood_1_2-vertices" offset="0" set="0" />
                    <input semantic="NORMAL" source="#wood_1_2-geometry-NORMAL" offset="1" set="0" />
                    <input semantic="TEXCOORD" source="#wood_1_2-geometry-TEXCOORD" offset="2" set="0" />
                    <input semantic="COLOR" source="#wood_1_2-geometry-COLOR" offset="3" set="0" />
                    <p>2 0 2 1 1 0 1 1 0 0 0 0 5 0 3 2 4 0 2 1 3 0 0 0 8 1 6 3 7 1 5 3 6 1 4 3 11 1 7 3 10 1 6 3 9 1 4 3 14 2 4 3 13 2 5 3 12 2 6 3 17 2 7 3 16 2 4 3 15 2 6 3</p>
                </triangles>
            </mesh>
        </geometry>
        <geometry id="wood_1_3-geometry" name="wood_1_3">
            <mesh>
                <source id="wood_1_3-geometry-POSITION">
                    <float_array id="wood_1_3-geometry-POSITION-array" count="126">2967.577 361.9281 -433.7987 3357.219 361.9281 -142.7871 3357.219 338.8496 -142.7871 2967.577 361.9281 -433.7987 3357.219 338.8496 -142.7871 2967.577 338.8496 -433.7987 3145.758 338.8496 -672.3685 3535.399 338.8496 -381.3569 3535.399 361.9281 -381.3569 3145.758 338.8496 -672.3685 3535.399 361.9281 -381.3569 3145.758 361.9281 -672.3685 3357.219 361.9281 -142.7871 3535.399 361.9281 -381.3569 3535.399 338.8496 -381.3569 3357.219 361.9281 -142.7871 3535.399 338.8496 -381.3569 3357.219 338.8496 -142.7871 3145.758 361.9281 -672.3685 2967.577 361.9281 -433.7987 2967.577 338.8496 -433.7987 3145.758 361.9281 -672.3685 2967.577 338.8496 -433.7987 3145.758 338.8496 -672.3685 3357.219 -371.8996 -142.7871 3357.219 -394.9781 -142.7871 2967.577 -394.9781 -433.7987 3357.219 -371.8996 -142.7871 2967.577 -394.9781 -433.7987 2967.577 -371.8996 -433.7987 3535.399 -394.9782 -381.3569 3535.399 -371.8997 -381.3569 3145.758 -371.8996 -672.3685 3535.399 -394.9782 -381.3569 3145.758 -371.8996 -672.3685 3145.758 -394.9781 -672.3685 2967.577 -371.8996 -433.7987 2967.577 -394.9781 -433.7987 3145.758 -394.9781 -672.3685 2967.577 -371.8996 -433.7987 3145.758 -394.9781 -672.3685 3145.758 -371.8996 -672.3685</float_array>
                    <technique_common>
                        <accessor count="42" offset="0" source="wood_1_3-geometry-POSITION-array" stride="3">
                            <param name="X" type="float" />
                            <param name="Y" type="float" />
                            <param name="Z" type="float" />
                        </accessor>
                    </technique_common>
                </source>
                <source id="wood_1_3-geometry-NORMAL">
                    <float_array id="wood_1_3-geometry-NORMAL-array" count="21">-0.5983937 -1.582686E-06 0.8012022 0.5983939 1.609213E-06 -0.8012021 0.8012022 4.184302E-06 0.5983937 -0.8012017 -4.454569E-06 -0.5983943 -0.5983936 1.582426E-06 0.8012022 0.5983942 1.609213E-06 -0.8012019 -0.8012019 2.479505E-08 -0.5983941</float_array>
                    <technique_common>
                        <accessor count="7" offset="0" source="wood_1_3-geometry-NORMAL-array" stride="3">
                            <param name="X" type="float" />
                            <param name="Y" type="float" />
                            <param name="Z" type="float" />
                        </accessor>
                    </technique_common>
                </source>
                <source id="wood_1_3-geometry-TEXCOORD">
                    <float_array id="wood_1_3-geometry-TEXCOORD-array" count="32">1.000762 0.0003731847 0.08461677 0.0003737211 0.08461685 0.9990667 1.000763 0.9990633 1.002552 2.086163E-06 0.08640683 -4.649162E-06 0.08640671 0.9994351 1.002552 0.9994444 0.1914409 0.9969307 0.8096347 0.9969307 0.8096349 0.001478374 0.1914409 0.001478434 0.8096344 -0.0005530119 0.1914409 -0.0005528927 0.191441 0.9979613 0.8096344 0.9979613</float_array>
                    <technique_common>
                        <accessor count="16" offset="0" source="wood_1_3-geometry-TEXCOORD-array" stride="2">
                            <param name="S" type="float" />
                            <param name="T" type="float" />
                        </accessor>
                    </technique_common>
                </source>
                <source id="wood_1_3-geometry-COLOR">
                    <float_array id="wood_1_3-geometry-COLOR-array" count="24">0.8196079 0.9490196 0.9764706 1 0.8156863 0.945098 0.9764706 1 0.8352941 0.8941177 0.945098 1 1 1 0.9764706 1 0.8901961 0.9294118 0.9529412 1 0.6745098 0.7882353 0.9098039 1</float_array>
                    <technique_common>
                        <accessor count="6" offset="0" source="wood_1_3-geometry-COLOR-array" stride="4">
                            <param name="R" type="double" />
                            <param name="G" type="double" />
                            <param name="B" type="double" />
                            <param name="A" type="double" />
                        </accessor>
                    </technique_common>
                </source>
                <vertices id="wood_1_3-vertices">
                    <input semantic="POSITION" source="#wood_1_3-geometry-POSITION" />
                </vertices>
                <triangles count="14" material="th_s51">
                    <input semantic="VERTEX" source="#wood_1_3-vertices" offset="0" set="0" />
                    <input semantic="NORMAL" source="#wood_1_3-geometry-NORMAL" offset="1" set="0" />
                    <input semantic="TEXCOORD" source="#wood_1_3-geometry-TEXCOORD" offset="2" set="0" />
                    <input semantic="COLOR" source="#wood_1_3-geometry-COLOR" offset="3" set="0" />
                    <p>2 0 2 1 1 0 1 1 0 0 0 0 5 0 3 0 4 0 2 1 3 0 0 0 8 1 6 3 7 1 5 3 6 1 4 2 11 1 7 4 10 1 6 3 9 1 4 2 14 2 10 3 13 2 9 3 12 2 8 3 17 2 11 3 16 2 10 3 15 2 8 3 20 3 14 5 19 3 13 2 18 3 12 4 23 3 15 2 22 3 14 5 21 3 12 4 26 4 0 0 25 4 1 1 24 4 2 1 29 4 3 0 28 4 0 0 27 4 2 1 32 5 4 2 31 5 5 3 30 5 6 3 35 5 7 4 34 5 4 2 33 5 6 3 38 6 12 4 37 6 13 2 36 6 14 5 41 6 15 2 40 6 12 4 39 6 14 5</p>
                </triangles>
            </mesh>
        </geometry>
        <geometry id="wood_2_0-geometry" name="wood_2_0">
            <mesh>
                <source id="wood_2_0-geometry-POSITION">
                    <float_array id="wood_2_0-geometry-POSITION-array" count="918">2147.257 430.8391 1179.236 2147.5 466.9819 1178.309 2091.686 495.4067 1278.025 2147.257 430.8391 1179.236 2091.686 495.4067 1278.025 2091.468 459.2639 1278.953 2043.806 485.7692 1370.953 2091.468 459.2639 1278.953 2091.686 495.4067 1278.025 2043.806 485.7692 1370.953 2091.686 495.4067 1278.025 2042.973 526.8036 1370.821 2147.5 466.9819 1178.309 2147.257 430.8391 1179.236 2214.531 396.4833 1083.022 2147.5 466.9819 1178.309 2214.531 396.4833 1083.022 2214.773 432.6261 1082.094 2214.773 432.6261 1082.094 2214.531 396.4833 1083.022 2287.93 369.0852 978.0467 2214.773 432.6261 1082.094 2287.93 369.0852 978.0467 2288.172 405.228 977.1189 2288.172 405.228 977.1189 2287.93 369.0852 978.0467 2361.261 342.9562 871.9733 2288.172 405.228 977.1189 2361.261 342.9562 871.9733 2361.503 379.0991 871.0455 2361.503 379.0991 871.0455 2361.261 342.9562 871.9733 2449.146 318.7447 744.5918 2361.503 379.0991 871.0455 2449.146 318.7447 744.5918 2449.389 354.8875 743.664 2535.701 332.7664 621.191 2535.458 296.6236 622.1188 2606.686 282.7482 523.1562 2535.701 332.7664 621.191 2606.686 282.7482 523.1562 2606.978 318.891 522.1268 2671.198 273.8325 430.57 2671.49 309.9753 429.5407 2606.978 318.891 522.1268 2671.198 273.8325 430.57 2606.978 318.891 522.1268 2606.686 282.7482 523.1562 2860.549 277.3124 164.1789 2860.792 313.4553 163.2511 2796.094 308.8357 254.2394 2860.549 277.3124 164.1789 2796.094 308.8357 254.2394 2795.852 272.6929 255.1672 3044.413 344.4989 -81.98711 2983.274 329.495 -2.594858 2983.031 293.3521 -1.667063 3044.413 344.4989 -81.98711 2983.031 293.3521 -1.667063 3044.171 308.356 -81.05932 2983.274 329.495 -2.594858 2927.445 320.2328 74.0099 2927.202 284.09 74.93769 2983.274 329.495 -2.594858 2927.202 284.09 74.93769 2983.031 293.3521 -1.667063 2927.202 284.09 74.93769 2927.445 320.2328 74.0099 2860.792 313.4553 163.2511 2927.202 284.09 74.93769 2860.792 313.4553 163.2511 2860.549 277.3124 164.1789 3122.766 329.7903 -183.1187 3123.009 365.9331 -184.0465 3044.413 344.4989 -81.98711 3122.766 329.7903 -183.1187 3044.413 344.4989 -81.98711 3044.171 308.356 -81.05932 3123.009 365.9331 -184.0465 3122.766 329.7903 -183.1187 3193.243 353.292 -276.4207 3123.009 365.9331 -184.0465 3193.243 353.292 -276.4207 3193.485 396.3292 -277.3485 2795.852 272.6929 255.1672 2796.094 308.8357 254.2394 2741.952 307.7564 328.5305 2795.852 272.6929 255.1672 2741.952 307.7564 328.5305 2741.709 271.6136 329.4583 2741.709 271.6136 329.4583 2741.952 307.7564 328.5305 2671.49 309.9753 429.5407 2741.709 271.6136 329.4583 2671.49 309.9753 429.5407 2671.198 273.8325 430.57 2449.389 354.8875 743.664 2449.146 318.7447 744.5918 2535.458 296.6236 622.1188 2449.389 354.8875 743.664 2535.458 296.6236 622.1188 2535.701 332.7664 621.191 1961.473 526.8036 1315.263 1962.291 485.7692 1315.055 2030.23 458.3129 1239.189 1961.473 526.8036 1315.263 2030.23 458.3129 1239.189 2030.448 494.4557 1238.262 2875.075 319.4962 48.7991 2874.833 283.3534 49.7269 2931.438 292.7038 -30.94206 2875.075 319.4962 48.7991 2931.438 292.7038 -30.94206 2931.681 328.8466 -31.86986 3057.264 328.6475 -216.3904 3129.305 353.3758 -322.5692 3129.547 396.413 -323.497 3057.264 328.6475 -216.3904 3129.547 396.413 -323.497 3057.506 364.7903 -217.3182 2985.222 307.0555 -110.2115 3057.264 328.6475 -216.3904 3057.506 364.7903 -217.3182 2985.222 307.0555 -110.2115 3057.506 364.7903 -217.3182 2985.464 343.1983 -111.1393 2931.681 328.8466 -31.86986 2931.438 292.7038 -30.94206 2985.222 307.0555 -110.2115 2931.681 328.8466 -31.86986 2985.222 307.0555 -110.2115 2985.464 343.1983 -111.1393 2810.357 276.6096 139.9549 2874.833 283.3534 49.7269 2875.075 319.4962 48.7991 2810.357 276.6096 139.9549 2875.075 319.4962 48.7991 2810.599 312.7524 139.0271 2697.134 271.0808 302.9663 2748.468 272.0751 229.8092 2748.289 309.0062 229.4632 2697.134 271.0808 302.9663 2748.289 309.0062 229.4632 2696.532 308.8002 303.2021 2626.806 310.452 399.9382 2561.603 318.8004 493.5333 2561.311 282.6577 494.5627 2626.806 310.452 399.9382 2561.311 282.6577 494.5627 2626.966 273.5208 400.3351 2404.571 318.2119 718.1 2489.82 296.3119 597.1356 2490.062 332.4547 596.2078 2404.571 318.2119 718.1 2490.062 332.4547 596.2078 2404.813 354.3547 717.1722 2404.813 354.3547 717.1722 2315.758 382.1534 846.2481 2315.516 346.0106 847.1759 2404.813 354.3547 717.1722 2315.516 346.0106 847.1759 2404.571 318.2119 718.1 2315.758 382.1534 846.2481 2242.686 408.7874 951.9291 2242.444 372.6446 952.8569 2315.758 382.1534 846.2481 2242.444 372.6446 952.8569 2315.516 346.0106 847.1759 2242.686 408.7874 951.9291 2169.547 436.086 1056.533 2169.305 399.9431 1057.46 2242.686 408.7874 951.9291 2169.305 399.9431 1057.46 2242.444 372.6446 952.8569 2169.547 436.086 1056.533 2102.924 466.4491 1151.817 2102.682 430.3063 1152.745 2169.547 436.086 1056.533 2102.682 430.3063 1152.745 2169.305 399.9431 1057.46 2102.924 466.4491 1151.817 2030.448 494.4557 1238.262 2030.23 458.3129 1239.189 2102.924 466.4491 1151.817 2030.23 458.3129 1239.189 2102.682 430.3063 1152.745 2748.468 272.0751 229.8092 2810.357 276.6096 139.9549 2810.599 312.7524 139.0271 2748.468 272.0751 229.8092 2810.599 312.7524 139.0271 2748.289 309.0062 229.4632 2696.532 308.8002 303.2021 2626.806 310.452 399.9382 2626.966 273.5208 400.3351 2696.532 308.8002 303.2021 2626.966 273.5208 400.3351 2697.134 271.0808 302.9663 2489.82 296.3119 597.1356 2561.311 282.6577 494.5627 2561.603 318.8004 493.5333 2489.82 296.3119 597.1356 2561.603 318.8004 493.5333 2490.062 332.4547 596.2078 2030.23 -492.5015 1239.19 1962.291 -519.9576 1315.055 1961.473 -560.9921 1315.263 2030.23 -492.5015 1239.19 1961.473 -560.9921 1315.263 2030.448 -528.6442 1238.262 2931.439 -326.8925 -30.94207 2874.833 -317.5421 49.7269 2875.075 -353.6848 48.79911 2931.439 -326.8925 -30.94207 2875.075 -353.6848 48.79911 2931.681 -363.0353 -31.86986 3129.548 -430.6016 -323.497 3129.305 -387.5644 -322.5692 3057.264 -362.8361 -216.3904 3129.548 -430.6016 -323.497 3057.264 -362.8361 -216.3904 3057.506 -398.9789 -217.3182 3057.506 -398.9789 -217.3182 3057.264 -362.8361 -216.3904 2985.222 -341.2441 -110.2115 3057.506 -398.9789 -217.3182 2985.222 -341.2441 -110.2115 2985.465 -377.387 -111.1393 2985.222 -341.2441 -110.2115 2931.439 -326.8925 -30.94207 2931.681 -363.0353 -31.86986 2985.222 -341.2441 -110.2115 2931.681 -363.0353 -31.86986 2985.465 -377.387 -111.1393 2875.075 -353.6848 48.79911 2874.833 -317.5421 49.7269 2810.357 -310.7982 139.9549 2875.075 -353.6848 48.79911 2810.357 -310.7982 139.9549 2810.599 -346.941 139.0271 2748.289 -343.1948 229.4632 2748.468 -306.2637 229.8092 2697.134 -305.2694 302.9663 2748.289 -343.1948 229.4632 2697.134 -305.2694 302.9663 2696.532 -342.9888 303.2021 2561.311 -316.8463 494.5627 2561.603 -352.9891 493.5333 2626.806 -344.6406 399.9381 2561.311 -316.8463 494.5627 2626.806 -344.6406 399.9381 2626.966 -307.7094 400.3351 2490.062 -366.6433 596.2077 2489.82 -330.5005 597.1355 2404.571 -352.4004 718.1 2490.062 -366.6433 596.2077 2404.571 -352.4004 718.1 2404.813 -388.5432 717.1722 2315.516 -380.1992 847.176 2315.758 -416.342 846.2482 2404.813 -388.5432 717.1722 2315.516 -380.1992 847.176 2404.813 -388.5432 717.1722 2404.571 -352.4004 718.1 2242.444 -406.8332 952.8571 2242.686 -442.976 951.9293 2315.758 -416.342 846.2482 2242.444 -406.8332 952.8571 2315.758 -416.342 846.2482 2315.516 -380.1992 847.176 2169.305 -434.1317 1057.46 2169.547 -470.2746 1056.533 2242.686 -442.976 951.9293 2169.305 -434.1317 1057.46 2242.686 -442.976 951.9293 2242.444 -406.8332 952.8571 2102.682 -464.4949 1152.745 2102.924 -500.6377 1151.817 2169.547 -470.2746 1056.533 2102.682 -464.4949 1152.745 2169.547 -470.2746 1056.533 2169.305 -434.1317 1057.46 2030.23 -492.5015 1239.19 2030.448 -528.6442 1238.262 2102.924 -500.6377 1151.817 2030.23 -492.5015 1239.19 2102.924 -500.6377 1151.817 2102.682 -464.4949 1152.745 2810.599 -346.941 139.0271 2810.357 -310.7982 139.9549 2748.468 -306.2637 229.8092 2810.599 -346.941 139.0271 2748.468 -306.2637 229.8092 2748.289 -343.1948 229.4632 2626.966 -307.7094 400.3351 2626.806 -344.6406 399.9381 2696.532 -342.9888 303.2021 2626.966 -307.7094 400.3351 2696.532 -342.9888 303.2021 2697.134 -305.2694 302.9663 2561.603 -352.9891 493.5333 2561.311 -316.8463 494.5627 2489.82 -330.5005 597.1355 2561.603 -352.9891 493.5333 2489.82 -330.5005 597.1355 2490.062 -366.6433 596.2077</float_array>
                    <technique_common>
                        <accessor count="306" offset="0" source="wood_2_0-geometry-POSITION-array" stride="3">
                            <param name="X" type="float" />
                            <param name="Y" type="float" />
                            <param name="Z" type="float" />
                        </accessor>
                    </technique_common>
                </source>
                <source id="wood_2_0-geometry-NORMAL">
                    <float_array id="wood_2_0-geometry-NORMAL-array" count="162">-0.8482964 -0.008053469 -0.5294605 -0.8809999 -0.01016284 -0.4730073 -0.8882968 -0.01338794 -0.4590746 -0.8208313 -0.009159906 -0.5710972 -0.8221046 -0.009104137 -0.5692638 -0.823724 -0.009032679 -0.5669191 -0.8210256 -0.009150825 -0.5708181 -0.815235 -0.009532331 -0.5790518 -0.8166015 -0.009710198 -0.5771202 -0.8205684 -0.009525525 -0.5714689 -0.8078107 -0.009713665 -0.5893619 -0.8113952 -0.00956359 -0.5844198 -0.7912471 -0.01039551 -0.6114081 -0.7994998 -0.01006001 -0.6005821 -0.8041847 -0.009865948 -0.5942976 -0.793913 -0.009845823 -0.6079516 -0.7966164 -0.009291855 -0.6044137 -0.8142025 -0.009562929 -0.5805021 -0.747183 -0.01200904 -0.6645098 -0.7577626 -0.01177796 -0.6524241 -0.8156476 -0.009385132 -0.578473 -0.8224034 -0.009089962 -0.5688322 -0.8265529 -0.008519653 -0.5627946 -0.8264745 -0.008136161 -0.5629154 -0.8266776 -0.008901162 -0.5626055 -0.8182924 -0.009339768 -0.5747263 -0.8149089 -0.009480893 -0.5795115 -0.8208798 -0.009302471 -0.5710253 -0.8161271 -0.009606693 -0.5777926 -0.8209318 -0.009527542 -0.5709468 -0.8210793 -0.009151073 -0.5707408 -0.8195744 -0.009332643 -0.5728968 -0.8237665 -0.009032053 -0.5668572 -0.8220942 -0.009104082 -0.5692787 -0.8207493 -0.009163097 -0.5712151 -0.7952615 -0.01036051 -0.606178 -0.7577622 0.0117799 -0.6524245 -0.7471809 0.01201236 -0.6645122 -0.8224034 0.009091087 -0.5688322 -0.8156469 0.009383675 -0.5784739 -0.8264744 0.008137581 -0.5629156 -0.8265529 0.008521517 -0.5627945 -0.8266776 0.008903491 -0.5626054 -0.8182918 0.009338671 -0.5747272 -0.8208798 0.009301846 -0.5710253 -0.8149089 0.009480651 -0.5795115 -0.8209318 0.009526836 -0.5709468 -0.8161271 0.0096077 -0.5777925 -0.8195744 0.009332269 -0.5728968 -0.8210794 0.009150834 -0.5707406 -0.8237672 0.009031988 -0.5668563 -0.8220946 0.009104064 -0.5692782 -0.8207487 0.009162131 -0.571216 -0.7952617 0.01036066 -0.6061777</float_array>
                    <technique_common>
                        <accessor count="54" offset="0" source="wood_2_0-geometry-NORMAL-array" stride="3">
                            <param name="X" type="float" />
                            <param name="Y" type="float" />
                            <param name="Z" type="float" />
                        </accessor>
                    </technique_common>
                </source>
                <source id="wood_2_0-geometry-TEXCOORD">
                    <float_array id="wood_2_0-geometry-TEXCOORD-array" count="38">0.9925482 0.005649924 0.9925483 0.9973723 0.001783609 0.9973723 0.001783609 0.005649984 0.001783609 0.005650043 0.9925482 0.9973723 0.9925486 0.005649924 0.001783609 0.005649924 0.001243532 0.9973723 0.9925486 0.9973723 0.9925483 0.005649924 0.9925485 0.9973723 0.9925484 0.005649924 0.9925485 0.005649924 0.9925484 0.9973723 0.001243472 0.005649984 0.001243517 0.005649984 0.001243502 0.005649984 0.001243532 0.005649984</float_array>
                    <technique_common>
                        <accessor count="19" offset="0" source="wood_2_0-geometry-TEXCOORD-array" stride="2">
                            <param name="S" type="float" />
                            <param name="T" type="float" />
                        </accessor>
                    </technique_common>
                </source>
                <source id="wood_2_0-geometry-COLOR">
                    <float_array id="wood_2_0-geometry-COLOR-array" count="108">0.7254902 0.8470588 0.9764706 1 0.7490196 0.8745098 0.9764706 1 0.7568628 0.8823529 0.9764706 1 0.7058824 0.8235294 0.9529412 1 0.7019608 0.8196079 0.9490196 1 0.7019608 0.8235294 0.9490196 1 0.6980392 0.8156863 0.9411765 1 0.6980392 0.8156863 0.945098 1 0.6980392 0.8196079 0.945098 1 0.7019608 0.8196079 0.945098 1 0.6901961 0.8039216 0.9294118 1 0.6901961 0.8039216 0.9333333 1 0.6941177 0.8078431 0.9372549 1 0.6901961 0.8078431 0.9372549 1 0.6745098 0.7921569 0.9137255 1 0.682353 0.7960784 0.9215686 1 0.6745098 0.7882353 0.9137255 1 0.6862745 0.8039216 0.9294118 1 0.6862745 0.8 0.9254902 1 0.6784314 0.7921569 0.9176471 1 0.6941177 0.8117647 0.9372549 1 0.654902 0.772549 0.8941177 1 0.654902 0.7686275 0.8901961 1 0.6627451 0.7764706 0.8980392 1 0.6627451 0.7764706 0.9019608 1 0.6941177 0.8117647 0.9411765 1 0.7019608 0.8235294 0.9529412 1</float_array>
                    <technique_common>
                        <accessor count="27" offset="0" source="wood_2_0-geometry-COLOR-array" stride="4">
                            <param name="R" type="double" />
                            <param name="G" type="double" />
                            <param name="B" type="double" />
                            <param name="A" type="double" />
                        </accessor>
                    </technique_common>
                </source>
                <vertices id="wood_2_0-vertices">
                    <input semantic="POSITION" source="#wood_2_0-geometry-POSITION" />
                </vertices>
                <triangles count="102" material="l_s1">
                    <input semantic="VERTEX" source="#wood_2_0-vertices" offset="0" set="0" />
                    <input semantic="NORMAL" source="#wood_2_0-geometry-NORMAL" offset="1" set="0" />
                    <input semantic="TEXCOORD" source="#wood_2_0-geometry-TEXCOORD" offset="2" set="0" />
                    <input semantic="COLOR" source="#wood_2_0-geometry-COLOR" offset="3" set="0" />
                    <p>2 1 2 1 1 0 1 0 0 0 0 0 5 1 3 1 4 1 2 1 3 0 0 0 8 1 5 1 7 1 0 1 6 2 4 2 11 2 2 2 10 1 5 1 9 2 4 2 14 3 6 3 13 0 4 0 12 0 2 0 17 3 5 3 16 3 6 3 15 0 2 0 20 4 0 3 19 3 7 3 18 3 2 3 23 4 5 3 22 4 0 3 21 3 2 3 26 5 0 3 25 4 4 3 24 4 8 3 29 5 5 3 28 5 0 3 27 4 8 3 32 6 0 4 31 5 7 3 30 5 2 3 35 6 9 5 34 6 0 4 33 5 2 3 38 8 10 6 37 7 4 6 36 7 2 6 41 8 1 7 40 8 10 6 39 7 2 6 44 8 2 7 43 9 11 9 42 9 10 8 47 8 4 6 46 8 2 7 45 9 10 8 50 11 2 12 49 10 11 11 48 10 6 10 53 11 3 13 52 11 2 12 51 10 6 10 56 13 3 15 55 13 2 15 54 12 1 14 59 12 6 16 58 13 3 15 57 12 1 14 62 14 3 18 61 14 2 17 60 13 1 15 65 13 12 15 64 14 3 18 63 13 1 15 68 10 2 11 67 14 1 17 66 14 6 18 71 10 3 10 70 10 2 11 69 14 6 18 74 12 2 14 73 15 1 19 72 15 10 14 77 12 3 16 76 12 2 14 75 15 10 14 80 16 10 19 79 15 3 14 78 15 2 19 83 16 11 19 82 16 10 19 81 15 2 19 86 17 2 20 85 11 14 12 84 11 13 13 89 17 4 20 88 17 2 20 87 11 13 13 92 9 2 9 91 17 1 20 90 17 6 20 95 9 4 8 94 9 2 9 93 17 6 20 98 7 0 6 97 6 15 4 96 6 2 5 101 7 5 6 100 7 0 6 99 6 2 5 104 19 6 23 103 18 3 22 102 18 2 21 107 19 1 24 106 19 6 23 105 18 2 21 110 21 10 6 109 20 16 12 108 20 2 20 113 21 14 6 112 21 10 6 111 20 2 20 116 23 14 7 115 23 10 7 114 22 16 7 119 22 2 9 118 23 14 7 117 22 16 7 122 22 14 9 121 22 10 7 120 24 16 9 125 24 2 9 124 22 14 9 123 24 16 9 128 24 10 9 127 21 16 6 126 21 2 6 131 24 14 9 130 24 10 9 129 21 2 6 134 20 1 20 133 20 13 12 132 25 3 20 137 25 8 25 136 20 1 20 135 25 3 20 140 27 1 6 139 27 13 6 138 26 3 20 143 26 2 20 142 27 1 6 141 26 3 20 146 29 17 7 145 29 2 7 144 28 1 25 149 28 13 20 148 29 17 7 147 28 1 25 152 31 14 7 151 31 10 7 150 30 17 9 155 30 2 4 154 31 14 7 153 30 17 9 158 32 3 5 157 32 2 3 156 30 1 4 161 30 13 9 160 32 3 5 159 30 1 4 164 33 17 5 163 33 2 26 162 32 1 3 167 32 13 5 166 33 17 5 165 32 1 3 170 34 3 5 169 34 2 26 168 33 14 26 173 33 13 5 172 34 3 5 171 33 14 26 176 35 3 17 175 35 2 17 174 34 11 26 179 34 10 5 178 35 3 17 177 34 11 26 182 19 3 23 181 19 2 24 180 35 1 17 185 35 13 17 184 19 3 23 183 35 1 17 188 25 14 25 187 25 13 20 186 27 18 6 191 27 2 6 190 25 14 25 189 27 18 6 194 28 3 20 193 28 2 25 192 26 1 20 197 26 10 20 196 28 3 20 195 26 1 20 200 29 1 7 199 29 10 7 198 31 3 7 203 31 2 7 202 29 1 7 201 31 3 7 206 37 2 21 205 37 3 22 204 36 6 23 209 36 1 24 208 37 2 21 207 36 6 23 212 39 2 20 211 39 16 20 210 38 10 6 215 38 14 6 214 39 2 20 213 38 10 6 218 41 16 7 217 40 10 7 216 40 14 7 221 41 2 9 220 41 16 7 219 40 14 7 224 42 16 9 223 41 10 7 222 41 14 9 227 42 2 9 226 42 16 9 225 41 14 9 230 38 2 6 229 38 16 6 228 42 10 9 233 42 14 9 232 38 2 6 231 42 10 9 236 43 3 20 235 39 13 20 234 39 1 20 239 43 8 20 238 43 3 20 237 39 1 20 242 45 3 25 241 44 13 25 240 44 1 25 245 45 2 25 244 45 3 25 243 44 1 25 248 47 1 6 247 46 2 7 246 46 17 7 251 47 13 6 250 47 1 6 249 46 17 7 254 49 17 4 253 48 10 7 252 48 14 7 257 49 2 4 256 49 17 4 255 48 14 7 260 49 1 4 259 50 2 5 258 50 3 5 263 49 13 4 262 49 1 4 261 50 3 5 266 50 1 5 265 51 2 26 264 51 17 5 269 50 13 5 268 50 1 5 267 51 17 5 272 51 14 26 271 52 2 26 270 52 3 5 275 51 13 5 274 51 14 26 273 52 3 5 278 52 11 26 277 53 2 17 276 53 3 17 281 52 10 5 280 52 11 26 279 53 3 17 284 53 1 17 283 36 2 24 282 36 3 23 287 53 13 17 286 53 1 17 285 36 3 23 290 44 18 25 289 43 13 20 288 43 14 20 293 44 2 25 292 44 18 25 291 43 14 20 296 45 1 25 295 47 2 6 294 47 3 6 299 45 10 25 298 45 1 25 297 47 3 6 302 48 3 7 301 46 10 7 300 46 1 7 305 48 2 7 304 48 3 7 303 46 1 7</p>
                </triangles>
            </mesh>
        </geometry>
        <geometry id="wood_2_1-geometry" name="wood_2_1">
            <mesh>
                <source id="wood_2_1-geometry-POSITION">
                    <float_array id="wood_2_1-geometry-POSITION-array" count="306">2671.446 274.7365 427.2693 2628.055 274.0033 398.8824 2696.557 272.0638 304.3894 2671.446 274.7365 427.2693 2696.557 272.0638 304.3894 2738.48 272.5966 334.9064 3113.958 329.3101 -175.0146 3057.003 328.4933 -216.118 3129.305 353.3757 -322.5692 3113.958 329.3101 -175.0146 3129.305 353.3757 -322.5692 3201.362 354.3609 -285.1781 2209.844 400.6019 1081.019 2165.268 400.0691 1054.527 2239.109 371.7108 949.8453 2209.844 400.6019 1081.019 2239.109 371.7108 949.8453 2283.685 372.2436 976.3372 2921.463 283.8784 83.05527 2874.079 283.259 50.56821 2931.544 295.7618 -31.16231 2921.463 283.8784 83.05527 2931.544 295.7618 -31.16231 2980.735 296.4101 1.990202 2356.785 347.0547 871.288 2312.209 346.5219 844.7961 2405.404 318.0668 716.7089 2356.785 347.0547 871.288 2405.404 318.0668 716.7089 2448.242 318.8891 745.9205 2090.082 461.9906 1282.238 2029.006 461.0886 1239.141 2102.682 430.3062 1152.745 2090.082 461.9906 1282.238 2102.682 430.3062 1152.745 2147.257 430.8391 1179.236 2532.107 297.5588 625.7366 2489.146 296.7562 596.7056 2560.185 282.7409 494.5215 2532.107 297.5588 625.7366 2560.185 282.7409 494.5215 2603.741 283.4468 522.6542 2794.963 272.9837 259.5841 2750.514 272.422 229.4186 2811.981 277.3035 140.7405 2794.963 272.9837 259.5841 2811.981 277.3035 140.7405 2857.131 277.894 173.1601 3039.118 308.3632 -75.90157 2986.176 307.6307 -113.2242 3057.003 328.4934 -216.118 3039.118 308.3632 -75.90157 3057.003 328.4934 -216.118 3113.958 329.3101 -175.0147 2147.257 430.8391 1179.236 2102.682 430.3063 1152.745 2165.268 400.0691 1054.527 2147.257 430.8391 1179.236 2165.268 400.0691 1054.527 2209.844 400.6019 1081.019 2283.686 372.2436 976.3372 2239.11 371.7108 949.8454 2312.209 346.522 844.7962 2283.686 372.2436 976.3372 2312.209 346.522 844.7962 2356.785 347.0548 871.2881 2448.242 318.8891 745.9206 2405.404 318.0668 716.709 2489.146 296.7562 596.7057 2448.242 318.8891 745.9206 2489.146 296.7562 596.7057 2532.107 297.5589 625.7368 2603.741 283.4469 522.6543 2560.185 282.741 494.5216 2628.056 274.0034 398.8824 2603.741 283.4469 522.6543 2628.056 274.0034 398.8824 2671.446 274.7365 427.2693 2738.48 272.5966 334.9064 2696.558 272.0638 304.3895 2750.514 272.422 229.4185 2738.48 272.5966 334.9064 2750.514 272.422 229.4185 2794.963 272.9836 259.584 2857.131 277.894 173.1601 2811.981 277.3034 140.7404 2874.079 283.259 50.56822 2857.131 277.894 173.1601 2874.079 283.259 50.56822 2921.464 283.8784 83.05527 2980.735 296.4102 1.990207 2931.544 295.7618 -31.16231 2986.176 307.6307 -113.2242 2980.735 296.4102 1.990207 2986.176 307.6307 -113.2242 3039.118 308.3632 -75.90157 2042.86 483.0592 1371.353 1965.284 481.788 1311.649 2029.006 461.0887 1239.141 2042.86 483.0592 1371.353 2029.006 461.0887 1239.141 2090.083 461.9906 1282.239</float_array>
                    <technique_common>
                        <accessor count="102" offset="0" source="wood_2_1-geometry-POSITION-array" stride="3">
                            <param name="X" type="float" />
                            <param name="Y" type="float" />
                            <param name="Z" type="float" />
                        </accessor>
                    </technique_common>
                </source>
                <source id="wood_2_1-geometry-NORMAL">
                    <float_array id="wood_2_1-geometry-NORMAL-array" count="51">0.0001566962 0.9997642 -0.02171317 -0.1046745 0.9832098 0.1494712 0.1024999 0.9760082 -0.1920983 -0.07848372 0.9922525 0.09630881 0.08523004 0.9838046 -0.1576843 0.1339116 0.9655274 -0.2232142 0.04977363 0.9935842 -0.101553 -0.03473337 0.9989052 0.03133465 -0.1053454 0.9861454 0.1281389 0.1200382 0.9677574 -0.2214418 0.09059189 0.9808943 -0.1721611 0.06819501 0.9894184 -0.1280649 0.02921939 0.9970953 -0.07033657 -0.01065438 0.9999391 -0.002870086 -0.03984264 0.998476 0.03818843 -0.07759821 0.992637 0.09300686 0.1140322 0.9780361 -0.1744766</float_array>
                    <technique_common>
                        <accessor count="17" offset="0" source="wood_2_1-geometry-NORMAL-array" stride="3">
                            <param name="X" type="float" />
                            <param name="Y" type="float" />
                            <param name="Z" type="float" />
                        </accessor>
                    </technique_common>
                </source>
                <source id="wood_2_1-geometry-TEXCOORD">
                    <float_array id="wood_2_1-geometry-TEXCOORD-array" count="56">0.3319348 0.4915857 0.3319348 0.3158562 0.1290033 0.3158562 0.1290033 0.4915857 0.6359525 0.4915857 0.6359525 0.3158562 0.4102718 0.3158562 0.4113142 0.4915857 0.3819962 0.4915857 0.3819962 0.3158562 0.1170682 0.3158562 0.1170682 0.4915857 0.9759216 0.4915857 0.9826968 0.3158562 0.7762665 0.3158562 0.7729912 0.4915857 0.8464856 0.4915857 0.8464856 0.3158562 0.6266025 0.3158562 0.6266025 0.4915857 0.3387101 0.4915857 0.3387101 0.3158562 0.1629812 0.3158562 0.1629812 0.4915857 0.4122533 0.4915857 0.4122533 0.3158562 0.1201716 0.3158562 0.1201716 0.4915857</float_array>
                    <technique_common>
                        <accessor count="28" offset="0" source="wood_2_1-geometry-TEXCOORD-array" stride="2">
                            <param name="S" type="float" />
                            <param name="T" type="float" />
                        </accessor>
                    </technique_common>
                </source>
                <source id="wood_2_1-geometry-COLOR">
                    <float_array id="wood_2_1-geometry-COLOR-array" count="4">1 1 0.9764706 1</float_array>
                    <technique_common>
                        <accessor count="1" offset="0" source="wood_2_1-geometry-COLOR-array" stride="4">
                            <param name="R" type="double" />
                            <param name="G" type="double" />
                            <param name="B" type="double" />
                            <param name="A" type="double" />
                        </accessor>
                    </technique_common>
                </source>
                <vertices id="wood_2_1-vertices">
                    <input semantic="POSITION" source="#wood_2_1-geometry-POSITION" />
                </vertices>
                <triangles count="34" material="th_s11">
                    <input semantic="VERTEX" source="#wood_2_1-vertices" offset="0" set="0" />
                    <input semantic="NORMAL" source="#wood_2_1-geometry-NORMAL" offset="1" set="0" />
                    <input semantic="TEXCOORD" source="#wood_2_1-geometry-TEXCOORD" offset="2" set="0" />
                    <input semantic="COLOR" source="#wood_2_1-geometry-COLOR" offset="3" set="0" />
                    <p>2 0 2 0 1 0 1 0 0 0 0 0 5 0 3 0 4 0 2 0 3 0 0 0 8 1 6 0 7 1 5 0 6 1 4 0 11 1 7 0 10 1 6 0 9 1 4 0 14 2 10 0 13 2 9 0 12 2 8 0 17 2 11 0 16 2 10 0 15 2 8 0 20 3 14 0 19 3 13 0 18 3 12 0 23 3 15 0 22 3 14 0 21 3 12 0 26 4 10 0 25 4 9 0 24 4 8 0 29 4 11 0 28 4 10 0 27 4 8 0 32 5 18 0 31 5 17 0 30 5 16 0 35 5 19 0 34 5 18 0 33 5 16 0 38 6 2 0 37 6 1 0 36 6 0 0 41 6 3 0 40 6 2 0 39 6 0 0 44 7 22 0 43 7 21 0 42 7 20 0 47 7 23 0 46 7 22 0 45 7 20 0 50 8 2 0 49 8 1 0 48 8 0 0 53 8 3 0 52 8 2 0 51 8 0 0 56 9 2 0 55 9 1 0 54 9 0 0 59 9 3 0 58 9 2 0 57 9 0 0 62 10 10 0 61 10 9 0 60 10 8 0 65 10 11 0 64 10 10 0 63 10 8 0 68 11 26 0 67 11 25 0 66 11 24 0 71 11 27 0 70 11 26 0 69 11 24 0 74 12 2 0 73 12 1 0 72 12 0 0 77 12 3 0 76 12 2 0 75 12 0 0 80 13 22 0 79 13 21 0 78 13 20 0 83 13 23 0 82 13 22 0 81 13 20 0 86 14 22 0 85 14 21 0 84 14 20 0 89 14 23 0 88 14 22 0 87 14 20 0 92 15 22 0 91 15 21 0 90 15 20 0 95 15 23 0 94 15 22 0 93 15 20 0 98 16 22 0 97 16 21 0 96 16 20 0 101 16 23 0 100 16 22 0 99 16 20 0</p>
                </triangles>
            </mesh>
        </geometry>
        <geometry id="wood_2_2-geometry" name="wood_2_2">
            <mesh>
                <source id="wood_2_2-geometry-POSITION">
                    <float_array id="wood_2_2-geometry-POSITION-array" count="1224">2696.558 272.0638 304.3895 2628.056 274.0034 398.8824 2628.415 261.8338 398.6475 2696.558 272.0638 304.3895 2628.415 261.8338 398.6475 2696.892 259.8938 304.142 3129.305 353.3758 -322.5692 3057.003 328.4934 -216.118 3057.347 316.3234 -216.3526 3129.305 353.3758 -322.5692 3057.347 316.3234 -216.3526 3129.615 341.2057 -322.8467 2239.11 371.7108 949.8454 2165.268 400.0691 1054.527 2165.579 387.8991 1054.249 2239.11 371.7108 949.8454 2165.579 387.8991 1054.249 2239.42 359.5408 949.5679 2931.544 295.7618 -31.16231 2874.079 283.259 50.56822 2874.411 271.089 50.31656 2931.544 295.7618 -31.16231 2874.411 271.089 50.31656 2931.875 283.5919 -31.4151 2405.404 318.0668 716.709 2312.209 346.5219 844.7961 2312.52 334.352 844.5187 2405.404 318.0668 716.709 2312.52 334.352 844.5187 2405.785 305.8975 716.4937 2102.682 430.3063 1152.745 2029.006 461.0886 1239.141 2029.368 446.8751 1238.817 2102.682 430.3063 1152.745 2029.368 446.8751 1238.817 2102.992 418.1363 1152.467 2560.185 282.741 494.5216 2489.146 296.7563 596.7057 2489.522 284.5869 596.4861 2560.185 282.741 494.5216 2489.522 284.5869 596.4861 2560.538 270.5714 494.2808 2811.98 277.3034 140.7404 2750.514 272.422 229.4186 2750.842 260.252 229.162 2811.98 277.3034 140.7404 2750.842 260.252 229.162 2812.316 265.1335 140.4944 3057.003 328.4934 -216.118 2986.176 307.6307 -113.2242 2986.515 295.4607 -113.4661 3057.003 328.4934 -216.118 2986.515 295.4607 -113.4661 3057.347 316.3234 -216.3526 2165.268 400.0691 1054.527 2102.682 430.3063 1152.745 2102.992 418.1363 1152.467 2165.268 400.0691 1054.527 2102.992 418.1363 1152.467 2165.579 387.8991 1054.249 2312.209 346.5219 844.7961 2239.11 371.7108 949.8454 2239.42 359.5408 949.5679 2312.209 346.5219 844.7961 2239.42 359.5408 949.5679 2312.52 334.352 844.5187 2489.146 296.7563 596.7057 2405.404 318.0668 716.709 2405.785 305.8975 716.4937 2489.146 296.7563 596.7057 2405.785 305.8975 716.4937 2489.522 284.5869 596.4861 2628.056 274.0034 398.8824 2560.185 282.741 494.5216 2560.538 270.5714 494.2808 2628.056 274.0034 398.8824 2560.538 270.5714 494.2808 2628.415 261.8338 398.6475 2750.514 272.422 229.4186 2696.558 272.0638 304.3895 2696.892 259.8938 304.142 2750.514 272.422 229.4186 2696.892 259.8938 304.142 2750.842 260.252 229.162 2874.079 283.259 50.56822 2811.98 277.3034 140.7404 2812.316 265.1335 140.4944 2874.079 283.259 50.56822 2812.316 265.1335 140.4944 2874.411 271.089 50.31656 2986.176 307.6307 -113.2242 2931.544 295.7618 -31.16231 2931.875 283.5919 -31.4151 2986.176 307.6307 -113.2242 2931.875 283.5919 -31.4151 2986.515 295.4607 -113.4661 2029.006 461.0886 1239.141 1965.284 481.788 1311.649 1965.698 465.5309 1311.278 2029.006 461.0886 1239.141 1965.698 465.5309 1311.278 2029.368 446.8751 1238.817 2628.415 261.8338 398.6475 2671.805 262.567 427.0344 2738.815 260.4266 334.6589 2628.415 261.8338 398.6475 2738.815 260.4266 334.6589 2696.892 259.8938 304.142 3057.347 316.3234 -216.3526 3114.303 317.1401 -175.2493 3201.673 342.1909 -285.4556 3057.347 316.3234 -216.3526 3201.673 342.1909 -285.4556 3129.616 341.2057 -322.8467 2165.579 387.8991 1054.249 2210.154 388.4319 1080.741 2283.996 360.0736 976.0598 2165.579 387.8991 1054.249 2283.996 360.0736 976.0598 2239.42 359.5408 949.568 2874.411 271.089 50.31656 2921.795 271.7085 82.8036 2981.066 284.2402 1.737413 2874.411 271.089 50.31656 2981.066 284.2402 1.737413 2931.875 283.5919 -31.4151 2312.52 334.352 844.5188 2357.095 334.8849 871.0107 2448.623 306.7199 745.7054 2312.52 334.352 844.5188 2448.623 306.7199 745.7054 2405.785 305.8976 716.4938 2029.368 446.8751 1238.817 2090.445 447.777 1281.914 2147.568 418.6691 1178.959 2029.368 446.8751 1238.817 2147.568 418.6691 1178.959 2102.992 418.1363 1152.467 2489.522 284.5869 596.486 2532.483 285.3896 625.517 2604.094 271.2773 522.4135 2489.522 284.5869 596.486 2604.094 271.2773 522.4135 2560.538 270.5714 494.2807 2750.842 260.252 229.162 2795.291 260.8137 259.3275 2857.467 265.724 172.914 2750.842 260.252 229.162 2857.467 265.724 172.914 2812.316 265.1334 140.4944 2986.514 295.4607 -113.4661 3039.457 296.1932 -76.1434 3114.302 317.1401 -175.2493 2986.514 295.4607 -113.4661 3114.302 317.1401 -175.2493 3057.347 316.3234 -216.3526 2102.992 418.1363 1152.467 2147.567 418.6691 1178.959 2210.154 388.4319 1080.741 2102.992 418.1363 1152.467 2210.154 388.4319 1080.741 2165.578 387.8991 1054.249 2239.42 359.5408 949.568 2283.996 360.0736 976.0598 2357.096 334.8848 871.0106 2239.42 359.5408 949.568 2357.096 334.8848 871.0106 2312.52 334.352 844.5187 2405.785 305.8975 716.4937 2448.623 306.7198 745.7052 2532.484 285.3895 625.517 2405.785 305.8975 716.4937 2532.484 285.3895 625.517 2489.523 284.5869 596.486 2560.538 270.5714 494.2808 2604.094 271.2773 522.4135 2671.805 262.5669 427.0344 2560.538 270.5714 494.2808 2671.805 262.5669 427.0344 2628.415 261.8338 398.6475 2696.892 259.8938 304.142 2738.815 260.4266 334.6589 2795.291 260.8137 259.3275 2696.892 259.8938 304.142 2795.291 260.8137 259.3275 2750.842 260.252 229.162 2812.316 265.1334 140.4944 2857.467 265.724 172.914 2921.795 271.7084 82.8036 2812.316 265.1334 140.4944 2921.795 271.7084 82.8036 2874.411 271.089 50.31655 2931.875 283.5919 -31.41511 2981.066 284.2402 1.737409 3039.457 296.1933 -76.14341 2931.875 283.5919 -31.41511 3039.457 296.1933 -76.14341 2986.515 295.4607 -113.4661 1965.698 465.5309 1311.278 2043.275 466.8021 1370.982 2090.445 447.7771 1281.914 1965.698 465.5309 1311.278 2090.445 447.7771 1281.914 2029.368 446.8751 1238.817 2628.415 -296.0224 398.6475 2628.056 -308.192 398.8825 2696.558 -306.2524 304.3895 2628.415 -296.0224 398.6475 2696.558 -306.2524 304.3895 2696.893 -294.0824 304.142 3057.347 -350.512 -216.3526 3057.003 -362.682 -216.118 3129.305 -387.5643 -322.5692 3057.347 -350.512 -216.3526 3129.305 -387.5643 -322.5692 3129.615 -375.3943 -322.8467 2165.579 -422.0876 1054.249 2165.268 -434.2576 1054.527 2239.109 -405.8993 949.8453 2165.579 -422.0876 1054.249 2239.109 -405.8993 949.8453 2239.42 -393.7293 949.5678 2874.41 -305.2776 50.31655 2874.079 -317.4476 50.56821 2931.544 -329.9504 -31.16231 2874.41 -305.2776 50.31655 2931.544 -329.9504 -31.16231 2931.875 -317.7804 -31.41511 2312.52 -368.5405 844.5185 2312.209 -380.7105 844.796 2405.404 -352.2555 716.709 2312.52 -368.5405 844.5185 2405.404 -352.2555 716.709 2405.785 -340.0862 716.4937 2029.368 -481.0637 1238.817 2029.006 -495.2773 1239.141 2102.682 -464.4948 1152.745 2029.368 -481.0637 1238.817 2102.682 -464.4948 1152.745 2102.992 -452.3249 1152.467 2489.522 -318.7755 596.4861 2489.146 -330.9449 596.7057 2560.185 -316.9296 494.5216 2489.522 -318.7755 596.4861 2560.185 -316.9296 494.5216 2560.538 -304.76 494.2808 2750.842 -294.4406 229.1621 2750.514 -306.6106 229.4186 2811.98 -311.492 140.7404 2750.842 -294.4406 229.1621 2811.98 -311.492 140.7404 2812.316 -299.3221 140.4944 2986.514 -329.6493 -113.4661 2986.176 -341.8192 -113.2242 3057.003 -362.682 -216.118 2986.514 -329.6493 -113.4661 3057.003 -362.682 -216.118 3057.347 -350.512 -216.3526 2102.992 -452.3249 1152.467 2102.682 -464.4948 1152.745 2165.268 -434.2576 1054.527 2102.992 -452.3249 1152.467 2165.268 -434.2576 1054.527 2165.579 -422.0876 1054.249 2239.42 -393.7293 949.5678 2239.109 -405.8993 949.8453 2312.209 -380.7105 844.796 2239.42 -393.7293 949.5678 2312.209 -380.7105 844.796 2312.52 -368.5405 844.5185 2405.785 -340.0862 716.4937 2405.404 -352.2555 716.709 2489.146 -330.9449 596.7057 2405.785 -340.0862 716.4937 2489.146 -330.9449 596.7057 2489.522 -318.7755 596.4861 2560.538 -304.76 494.2808 2560.185 -316.9296 494.5216 2628.056 -308.192 398.8825 2560.538 -304.76 494.2808 2628.056 -308.192 398.8825 2628.415 -296.0224 398.6475 2696.893 -294.0824 304.142 2696.558 -306.2524 304.3895 2750.514 -306.6106 229.4186 2696.893 -294.0824 304.142 2750.514 -306.6106 229.4186 2750.842 -294.4406 229.1621 2812.316 -299.3221 140.4944 2811.98 -311.492 140.7404 2874.079 -317.4476 50.56821 2812.316 -299.3221 140.4944 2874.079 -317.4476 50.56821 2874.41 -305.2776 50.31655 2931.875 -317.7804 -31.41511 2931.544 -329.9504 -31.16231 2986.176 -341.8192 -113.2242 2931.875 -317.7804 -31.41511 2986.176 -341.8192 -113.2242 2986.514 -329.6493 -113.4661 1965.698 -499.7195 1311.278 1965.284 -515.9766 1311.649 2029.006 -495.2773 1239.141 1965.698 -499.7195 1311.278 2029.006 -495.2773 1239.141 2029.368 -481.0637 1238.817 2738.815 -294.6152 334.6589 2671.805 -296.7556 427.0344 2628.415 -296.0224 398.6475 2738.815 -294.6152 334.6589 2628.415 -296.0224 398.6475 2696.892 -294.0824 304.142 3201.673 -376.3795 -285.4556 3114.303 -351.3287 -175.2493 3057.347 -350.512 -216.3526 3201.673 -376.3795 -285.4556 3057.347 -350.512 -216.3526 3129.616 -375.3943 -322.8467 2283.996 -394.2622 976.0598 2210.154 -422.6205 1080.741 2165.579 -422.0877 1054.249 2283.996 -394.2622 976.0598 2165.579 -422.0877 1054.249 2239.42 -393.7294 949.568 2981.066 -318.4288 1.737418 2921.795 -305.8971 82.80361 2874.411 -305.2777 50.31657 2981.066 -318.4288 1.737418 2874.411 -305.2777 50.31657 2931.875 -317.7805 -31.4151 2448.623 -340.9085 745.7054 2357.095 -369.0735 871.0107 2312.52 -368.5406 844.5189 2448.623 -340.9085 745.7054 2312.52 -368.5406 844.5189 2405.785 -340.0862 716.4939 2147.568 -452.8576 1178.959 2090.445 -481.9656 1281.914 2029.368 -481.0636 1238.817 2147.568 -452.8576 1178.959 2029.368 -481.0636 1238.817 2102.992 -452.3248 1152.467 2604.094 -305.4659 522.4135 2532.483 -319.5782 625.517 2489.522 -318.7755 596.486 2604.094 -305.4659 522.4135 2489.522 -318.7755 596.486 2560.538 -304.76 494.2807 2857.467 -299.9126 172.914 2795.291 -295.0022 259.3275 2750.842 -294.4406 229.162 2857.467 -299.9126 172.914 2750.842 -294.4406 229.162 2812.316 -299.322 140.4944 3114.302 -351.3287 -175.2493 3039.456 -330.3818 -76.1434 2986.514 -329.6493 -113.4661 3114.302 -351.3287 -175.2493 2986.514 -329.6493 -113.4661 3057.346 -350.512 -216.3526 2210.154 -422.6205 1080.741 2147.567 -452.8577 1178.959 2102.992 -452.3249 1152.467 2210.154 -422.6205 1080.741 2102.992 -452.3249 1152.467 2165.578 -422.0877 1054.249 2357.096 -369.0734 871.0105 2283.996 -394.2621 976.0598 2239.42 -393.7293 949.5679 2357.096 -369.0734 871.0105 2239.42 -393.7293 949.5679 2312.52 -368.5405 844.5186 2532.484 -319.5781 625.517 2448.623 -340.9084 745.7052 2405.785 -340.0861 716.4937 2532.484 -319.5781 625.517 2405.785 -340.0861 716.4937 2489.523 -318.7755 596.486 2671.805 -296.7555 427.0344 2604.094 -305.4658 522.4135 2560.538 -304.7599 494.2808 2671.805 -296.7555 427.0344 2560.538 -304.7599 494.2808 2628.415 -296.0224 398.6475 2795.291 -295.0023 259.3275 2738.816 -294.6152 334.6589 2696.893 -294.0824 304.142 2795.291 -295.0023 259.3275 2696.893 -294.0824 304.142 2750.842 -294.4406 229.162 2921.795 -305.897 82.8036 2857.467 -299.9126 172.914 2812.316 -299.322 140.4944 2921.795 -305.897 82.8036 2812.316 -299.322 140.4944 2874.41 -305.2776 50.31655 3039.457 -330.3819 -76.1434 2981.066 -318.4288 1.737409 2931.875 -317.7805 -31.4151 3039.457 -330.3819 -76.1434 2931.875 -317.7805 -31.4151 2986.515 -329.6493 -113.4661 2090.445 -481.9657 1281.914 2043.275 -500.9907 1370.982 1965.698 -499.7196 1311.278 2090.445 -481.9657 1281.914 1965.698 -499.7196 1311.278 2029.368 -481.0638 1238.817</float_array>
                    <technique_common>
                        <accessor count="408" offset="0" source="wood_2_2-geometry-POSITION-array" stride="3">
                            <param name="X" type="float" />
                            <param name="Y" type="float" />
                            <param name="Z" type="float" />
                        </accessor>
                    </technique_common>
                </source>
                <source id="wood_2_2-geometry-NORMAL">
                    <float_array id="wood_2_2-geometry-NORMAL-array" count="210">-0.8106922 -0.01073234 -0.5853742 -0.8128781 -0.01201747 -0.5823099 -0.826176 -0.01034766 -0.5633171 -0.8243446 -0.01113618 -0.5659788 -0.8199115 -0.007868834 -0.5724363 -0.8315957 -0.008556487 -0.5553156 -0.8244638 -0.0109546 -0.5658087 -0.8202503 -0.0106401 -0.5719058 -0.8154546 -0.01322437 -0.57867 -0.8156744 -0.00954151 -0.5784326 -0.8051249 -0.007016408 -0.5930638 -0.7567408 -0.004394087 -0.6537002 -0.818978 -0.0132126 -0.5736727 -0.8216097 -0.01459202 -0.5698637 -0.822371 -0.01080488 -0.568849 -0.8165999 -0.01032452 -0.5771118 -0.8270488 -0.01176129 -0.5620071 -0.7517279 -0.004131989 -0.6594605 -0.0001576292 -0.9997642 0.02171483 0.1046637 -0.9832137 -0.1494536 -0.1025006 -0.976008 0.1920989 0.07848322 -0.9922525 -0.09630869 -0.08524121 -0.9838011 0.1577002 -0.1250939 -0.9696846 0.2099126 -0.04977041 -0.9935849 0.101548 0.03473357 -0.9989052 -0.03133535 0.1053468 -0.986145 -0.1281411 -0.120038 -0.9677573 0.2214419 -0.09059207 -0.9808944 0.1721603 -0.06819481 -0.9894185 0.1280645 -0.02922032 -0.9970952 0.07033705 0.01065496 -0.9999391 0.002869522 0.03984251 -0.998476 -0.03818788 0.07760052 -0.9926365 -0.09301039 -0.1023688 -0.9819849 0.1588282 -0.8128777 0.01201585 -0.5823105 -0.810693 0.01072468 -0.5853733 -0.8243443 0.01113122 -0.5659793 -0.826176 0.01033705 -0.5633172 -0.8315977 0.008555595 -0.5553125 -0.8199129 0.007869881 -0.5724342 -0.820251 0.01063655 -0.5719048 -0.824464 0.01095428 -0.5658084 -0.8156735 0.009540025 -0.5784338 -0.8154541 0.01322171 -0.5786707 -0.7567405 0.00439158 -0.6537007 -0.805124 0.007011157 -0.593065 -0.8216095 0.01459367 -0.5698639 -0.8189772 0.01321831 -0.5736738 -0.8166004 0.01032288 -0.5771112 -0.8223717 0.01080681 -0.568848 -0.8270487 0.01176423 -0.5620071 -0.7517296 0.00413149 -0.6594585 -0.0001576311 0.9997642 0.02171475 0.1046639 0.9832136 -0.1494539 -0.1025004 0.9760081 0.1920986 0.07848325 0.9922525 -0.09630853 -0.08524138 0.983801 0.1577006 -0.1250942 0.9696845 0.2099126 -0.04977053 0.9935849 0.101548 0.03473372 0.9989052 -0.03133553 0.1053469 0.986145 -0.128141 -0.120038 0.9677573 0.221442 -0.09059171 0.9808945 0.1721602 -0.06819475 0.9894185 0.1280643 -0.02922039 0.9970952 0.07033727 0.01065494 0.9999391 0.002869475 0.03984243 0.998476 -0.03818782 0.07760043 0.9926365 -0.09301046 -0.1023693 0.9819847 0.1588289</float_array>
                    <technique_common>
                        <accessor count="70" offset="0" source="wood_2_2-geometry-NORMAL-array" stride="3">
                            <param name="X" type="float" />
                            <param name="Y" type="float" />
                            <param name="Z" type="float" />
                        </accessor>
                    </technique_common>
                </source>
                <source id="wood_2_2-geometry-TEXCOORD">
                    <float_array id="wood_2_2-geometry-TEXCOORD-array" count="60">0.1290033 0.9977992 0.3319348 0.9977992 0.3319348 0.002907932 0.1290033 0.002907932 0.4102718 0.9977992 0.6359525 0.9977992 0.6359525 0.002907932 0.4102718 0.002907932 0.1170682 0.9977992 0.3819962 0.9977992 0.3818623 0.002907932 0.1175263 0.002907932 0.7762665 0.9977992 0.9826968 0.9977992 0.9826968 0.002907932 0.7762665 0.002907932 0.3819962 0.002907932 0.1170682 0.002907932 0.6266025 0.9977992 0.8464856 0.9977992 0.8464856 0.002907932 0.6266025 0.002907932 0.1629812 0.9977992 0.3387101 0.9977992 0.3387101 0.002907932 0.1629812 0.002907932 0.1201716 0.9977992 0.4122533 0.9977992 0.4122533 0.002907932 0.1201716 0.002907932</float_array>
                    <technique_common>
                        <accessor count="30" offset="0" source="wood_2_2-geometry-TEXCOORD-array" stride="2">
                            <param name="S" type="float" />
                            <param name="T" type="float" />
                        </accessor>
                    </technique_common>
                </source>
                <source id="wood_2_2-geometry-COLOR">
                    <float_array id="wood_2_2-geometry-COLOR-array" count="48">0.6901961 0.8078431 0.9333333 1 0.6941177 0.8078431 0.9372549 1 0.6980392 0.8156863 0.945098 1 0.6980392 0.8156863 0.9411765 1 0.7019608 0.8196079 0.9490196 1 0.7098039 0.8313726 0.9607843 1 0.6941177 0.8117647 0.9411765 1 0.6941177 0.8117647 0.9372549 1 0.6627451 0.7764706 0.8980392 1 0.7019608 0.8196079 0.945098 1 0.6588235 0.772549 0.8980392 1 0.454902 0.5333334 0.5411765 1</float_array>
                    <technique_common>
                        <accessor count="12" offset="0" source="wood_2_2-geometry-COLOR-array" stride="4">
                            <param name="R" type="double" />
                            <param name="G" type="double" />
                            <param name="B" type="double" />
                            <param name="A" type="double" />
                        </accessor>
                    </technique_common>
                </source>
                <vertices id="wood_2_2-vertices">
                    <input semantic="POSITION" source="#wood_2_2-geometry-POSITION" />
                </vertices>
                <triangles count="136" material="th_s51">
                    <input semantic="VERTEX" source="#wood_2_2-vertices" offset="0" set="0" />
                    <input semantic="NORMAL" source="#wood_2_2-geometry-NORMAL" offset="1" set="0" />
                    <input semantic="TEXCOORD" source="#wood_2_2-geometry-TEXCOORD" offset="2" set="0" />
                    <input semantic="COLOR" source="#wood_2_2-geometry-COLOR" offset="3" set="0" />
                    <p>2 1 2 1 1 1 1 1 0 0 0 0 5 0 3 0 4 1 2 1 3 0 0 0 8 3 6 3 7 3 5 3 6 2 4 2 11 2 7 2 10 3 6 3 9 2 4 2 14 5 10 5 13 5 9 5 12 4 8 4 17 4 11 4 16 5 10 5 15 4 8 4 20 7 14 6 19 7 13 6 18 6 12 2 23 6 15 2 22 7 14 6 21 6 12 2 26 9 16 2 25 9 9 2 24 8 8 3 29 8 17 3 28 9 16 2 27 8 8 3 32 11 20 8 31 11 19 8 30 10 18 7 35 10 21 7 34 11 20 8 33 10 18 7 38 13 2 9 37 13 1 9 36 12 0 3 41 12 3 3 40 13 2 9 39 12 0 3 44 15 24 7 43 15 23 7 42 14 22 3 47 14 25 3 46 15 24 7 45 14 22 3 50 16 2 9 49 16 1 9 48 3 0 3 53 3 3 3 52 16 2 9 51 3 0 3 56 10 2 7 55 10 1 7 54 5 0 5 59 5 3 5 58 10 2 7 57 5 0 5 62 4 16 4 61 4 9 4 60 9 8 2 65 9 17 2 64 4 16 4 63 9 8 2 68 8 28 3 67 8 27 3 66 13 26 9 71 13 29 9 70 8 28 3 69 13 26 9 74 12 2 3 73 12 1 3 72 1 0 1 77 1 3 1 76 12 2 3 75 1 0 1 80 0 24 0 79 0 23 0 78 15 22 7 83 15 25 7 82 0 24 0 81 15 22 7 86 14 24 3 85 14 23 3 84 7 22 6 89 7 25 6 88 14 24 3 87 7 22 6 92 6 24 2 91 6 23 2 90 16 22 9 95 16 25 9 94 6 24 2 93 16 22 9 98 17 24 10 97 17 23 10 96 11 22 8 101 11 25 8 100 17 24 10 99 11 22 8 104 18 2 11 103 18 1 11 102 18 0 11 107 18 3 11 106 18 2 11 105 18 0 11 110 19 6 11 109 19 5 11 108 19 4 11 113 19 7 11 112 19 6 11 111 19 4 11 116 20 16 11 115 20 9 11 114 20 8 11 119 20 17 11 118 20 16 11 117 20 8 11 122 21 14 11 121 21 13 11 120 21 12 11 125 21 15 11 124 21 14 11 123 21 12 11 128 22 16 11 127 22 9 11 126 22 8 11 131 22 17 11 130 22 16 11 129 22 8 11 134 23 24 11 133 23 23 11 132 23 22 11 137 23 25 11 136 23 24 11 135 23 22 11 140 24 2 11 139 24 1 11 138 24 0 11 143 24 3 11 142 24 2 11 141 24 0 11 146 25 24 11 145 25 23 11 144 25 22 11 149 25 25 11 148 25 24 11 147 25 22 11 152 26 2 11 151 26 1 11 150 26 0 11 155 26 3 11 154 26 2 11 153 26 0 11 158 27 2 11 157 27 1 11 156 27 0 11 161 27 3 11 160 27 2 11 159 27 0 11 164 28 16 11 163 28 9 11 162 28 8 11 167 28 17 11 166 28 16 11 165 28 8 11 170 29 2 11 169 29 1 11 168 29 0 11 173 29 3 11 172 29 2 11 171 29 0 11 176 30 2 11 175 30 1 11 174 30 0 11 179 30 3 11 178 30 2 11 177 30 0 11 182 31 24 11 181 31 23 11 180 31 22 11 185 31 25 11 184 31 24 11 183 31 22 11 188 32 24 11 187 32 23 11 186 32 22 11 191 32 25 11 190 32 24 11 189 32 22 11 194 33 24 11 193 33 23 11 192 33 22 11 197 33 25 11 196 33 24 11 195 33 22 11 200 34 24 11 199 34 23 11 198 34 22 11 203 34 25 11 202 34 24 11 201 34 22 11 206 36 0 0 205 35 1 1 204 35 2 1 209 36 3 0 208 36 0 0 207 35 2 1 212 38 4 2 211 37 5 3 210 37 6 3 215 38 7 2 214 38 4 2 213 37 6 3 218 40 8 4 217 39 9 5 216 39 10 5 221 40 11 4 220 40 8 4 219 39 10 5 224 42 12 2 223 41 13 3 222 41 14 3 227 42 15 2 226 42 12 2 225 41 14 3 230 44 8 2 229 43 9 2 228 43 16 2 233 44 17 2 232 44 8 2 231 43 16 2 236 46 18 7 235 45 19 8 234 45 20 8 239 46 21 7 238 46 18 7 237 45 20 8 242 48 0 3 241 47 1 2 240 47 2 2 245 48 3 3 244 48 0 3 243 47 2 2 248 50 22 3 247 49 23 7 246 49 24 7 251 50 25 3 250 50 22 3 249 49 24 7 254 37 0 3 253 51 1 9 252 51 2 9 257 37 3 3 256 37 0 3 255 51 2 9 260 39 0 5 259 46 1 7 258 46 2 7 263 39 3 5 262 39 0 5 261 46 2 7 266 43 8 2 265 40 9 4 264 40 16 4 269 43 17 2 268 43 8 2 267 40 16 4 272 47 26 2 271 44 27 2 270 44 28 2 275 47 29 2 274 47 26 2 273 44 28 2 278 35 0 1 277 48 1 3 276 48 2 3 281 35 3 1 280 35 0 1 279 48 2 3 284 49 22 7 283 36 23 0 282 36 24 0 287 49 25 7 286 49 22 7 285 36 24 0 290 41 22 3 289 50 23 3 288 50 24 3 293 41 25 3 292 41 22 3 291 50 24 3 296 51 22 9 295 42 23 2 294 42 24 2 299 51 25 9 298 51 22 9 297 42 24 2 302 45 22 8 301 52 23 10 300 52 24 10 305 45 25 8 304 45 22 8 303 52 24 10 308 53 0 11 307 53 1 11 306 53 2 11 311 53 3 11 310 53 0 11 309 53 2 11 314 54 4 11 313 54 5 11 312 54 6 11 317 54 7 11 316 54 4 11 315 54 6 11 320 55 8 11 319 55 9 11 318 55 16 11 323 55 17 11 322 55 8 11 321 55 16 11 326 56 12 11 325 56 13 11 324 56 14 11 329 56 15 11 328 56 12 11 327 56 14 11 332 57 8 11 331 57 9 11 330 57 16 11 335 57 17 11 334 57 8 11 333 57 16 11 338 58 22 11 337 58 23 11 336 58 24 11 341 58 25 11 340 58 22 11 339 58 24 11 344 59 0 11 343 59 1 11 342 59 2 11 347 59 3 11 346 59 0 11 345 59 2 11 350 60 22 11 349 60 23 11 348 60 24 11 353 60 25 11 352 60 22 11 351 60 24 11 356 61 0 11 355 61 1 11 354 61 2 11 359 61 3 11 358 61 0 11 357 61 2 11 362 62 0 11 361 62 1 11 360 62 2 11 365 62 3 11 364 62 0 11 363 62 2 11 368 63 8 11 367 63 9 11 366 63 16 11 371 63 17 11 370 63 8 11 369 63 16 11 374 64 0 11 373 64 1 11 372 64 2 11 377 64 3 11 376 64 0 11 375 64 2 11 380 65 0 11 379 65 1 11 378 65 2 11 383 65 3 11 382 65 0 11 381 65 2 11 386 66 22 11 385 66 23 11 384 66 24 11 389 66 25 11 388 66 22 11 387 66 24 11 392 67 22 11 391 67 23 11 390 67 24 11 395 67 25 11 394 67 22 11 393 67 24 11 398 68 22 11 397 68 23 11 396 68 24 11 401 68 25 11 400 68 22 11 399 68 24 11 404 69 22 11 403 69 23 11 402 69 24 11 407 69 25 11 406 69 22 11 405 69 24 11</p>
                </triangles>
            </mesh>
        </geometry>
        <geometry id="wood_3_0-geometry" name="wood_3_0">
            <mesh>
                <source id="wood_3_0-geometry-POSITION">
                    <float_array id="wood_3_0-geometry-POSITION-array" count="72">-779.0404 252.5969 -1148.947 -630.6981 252.5969 -928.2891 -630.6981 241.5439 -928.2891 -779.0404 252.5969 -1148.947 -630.6981 241.5439 -928.2891 -779.0404 241.5439 -1148.947 -691.7789 241.544 -1207.611 -543.4365 241.5439 -986.9526 -543.4365 252.597 -986.9526 -691.7789 241.544 -1207.611 -543.4365 252.597 -986.9526 -691.7789 252.597 -1207.611 -691.7789 252.597 -1207.611 -543.4365 252.597 -986.9526 -630.698 252.597 -928.2891 -691.7789 252.597 -1207.611 -630.698 252.597 -928.2891 -779.0403 252.597 -1148.947 -779.0403 241.5439 -1148.947 -630.698 241.5439 -928.2891 -543.4365 241.5439 -986.9526 -779.0403 241.5439 -1148.947 -543.4365 241.5439 -986.9526 -691.7789 241.5439 -1207.611</float_array>
                    <technique_common>
                        <accessor count="24" offset="0" source="wood_3_0-geometry-POSITION-array" stride="3">
                            <param name="X" type="float" />
                            <param name="Y" type="float" />
                            <param name="Z" type="float" />
                        </accessor>
                    </technique_common>
                </source>
                <source id="wood_3_0-geometry-NORMAL">
                    <float_array id="wood_3_0-geometry-NORMAL-array" count="12">-0.8298968 1.849827E-06 0.5579169 0.8298966 -5.840229E-07 -0.5579173 0 1 -5.183817E-08 0 -1 -1.983854E-08</float_array>
                    <technique_common>
                        <accessor count="4" offset="0" source="wood_3_0-geometry-NORMAL-array" stride="3">
                            <param name="X" type="float" />
                            <param name="Y" type="float" />
                            <param name="Z" type="float" />
                        </accessor>
                    </technique_common>
                </source>
                <source id="wood_3_0-geometry-TEXCOORD">
                    <float_array id="wood_3_0-geometry-TEXCOORD-array" count="24">0.1840516 0.9577928 0.1840516 0.04164708 0.1576976 0.04164708 0.1576978 0.9577928 0.8371737 0.9577926 0.8371739 0.0416472 0.8137668 0.04164708 0.8137665 0.9577926 0.08488462 0.2167308 0.9891638 0.2167308 0.9891638 0.765151 0.08488462 0.765151</float_array>
                    <technique_common>
                        <accessor count="12" offset="0" source="wood_3_0-geometry-TEXCOORD-array" stride="2">
                            <param name="S" type="float" />
                            <param name="T" type="float" />
                        </accessor>
                    </technique_common>
                </source>
                <source id="wood_3_0-geometry-COLOR">
                    <float_array id="wood_3_0-geometry-COLOR-array" count="16">0.8156863 0.9372549 0.9764706 1 0.8156863 0.9411765 0.9764706 1 1 1 0.9764706 1 0.4117647 0.4196078 0.4705882 1</float_array>
                    <technique_common>
                        <accessor count="4" offset="0" source="wood_3_0-geometry-COLOR-array" stride="4">
                            <param name="R" type="double" />
                            <param name="G" type="double" />
                            <param name="B" type="double" />
                            <param name="A" type="double" />
                        </accessor>
                    </technique_common>
                </source>
                <vertices id="wood_3_0-vertices">
                    <input semantic="POSITION" source="#wood_3_0-geometry-POSITION" />
                </vertices>
                <triangles count="8" material="th_s11">
                    <input semantic="VERTEX" source="#wood_3_0-vertices" offset="0" set="0" />
                    <input semantic="NORMAL" source="#wood_3_0-geometry-NORMAL" offset="1" set="0" />
                    <input semantic="TEXCOORD" source="#wood_3_0-geometry-TEXCOORD" offset="2" set="0" />
                    <input semantic="COLOR" source="#wood_3_0-geometry-COLOR" offset="3" set="0" />
                    <p>2 0 2 1 1 0 1 1 0 0 0 0 5 0 3 0 4 0 2 1 3 0 0 0 8 1 6 2 7 1 5 2 6 1 4 2 11 1 7 2 10 1 6 2 9 1 4 2 14 2 1 2 13 2 6 2 12 2 7 2 17 2 0 2 16 2 1 2 15 2 7 2 20 3 10 3 19 3 9 3 18 3 8 3 23 3 11 3 22 3 10 3 21 3 8 3</p>
                </triangles>
            </mesh>
        </geometry>
        <geometry id="wood_3_1-geometry" name="wood_3_1">
            <mesh>
                <source id="wood_3_1-geometry-POSITION">
                    <float_array id="wood_3_1-geometry-POSITION-array" count="684">-767.8386 288.6718 -1146.985 -767.092 252.282 -1146.84 -773.8559 252.282 -1142.282 -767.8386 288.6718 -1146.985 -773.8559 252.282 -1142.282 -773.7104 288.6718 -1143.029 -771.7948 288.6718 -1152.857 -777.6665 288.6718 -1148.901 -778.4131 252.282 -1149.046 -771.7948 288.6718 -1152.857 -778.4131 252.282 -1149.046 -771.6492 252.282 -1153.604 -767.8386 288.6718 -1146.985 -771.7948 288.6718 -1152.857 -771.6492 252.282 -1153.604 -767.8386 288.6718 -1146.985 -771.6492 252.282 -1153.604 -767.092 252.282 -1146.84 -777.6664 288.6718 -1148.901 -773.7103 288.6718 -1143.029 -773.8558 252.2819 -1142.282 -777.6664 288.6718 -1148.901 -773.8558 252.2819 -1142.282 -778.413 252.2819 -1149.046 -773.7104 288.6718 -1143.029 -777.6665 288.6718 -1148.901 -771.7948 288.6718 -1152.857 -773.7104 288.6718 -1143.029 -771.7948 288.6718 -1152.857 -767.8386 288.6718 -1146.985 -710.7892 288.6718 -1062.375 -710.0426 252.282 -1062.229 -716.8065 252.282 -1057.672 -710.7892 288.6718 -1062.375 -716.8065 252.282 -1057.672 -716.6609 288.6718 -1058.419 -714.7454 288.6718 -1068.247 -720.6171 288.6718 -1064.29 -721.3637 252.282 -1064.436 -714.7454 288.6718 -1068.247 -721.3637 252.282 -1064.436 -714.5998 252.282 -1068.993 -710.7891 288.6718 -1062.375 -714.7452 288.6718 -1068.247 -714.5997 252.2819 -1068.993 -710.7891 288.6718 -1062.375 -714.5997 252.2819 -1068.993 -710.0425 252.2819 -1062.229 -720.6171 288.6718 -1064.291 -716.6609 288.6718 -1058.419 -716.8065 252.2819 -1057.672 -720.6171 288.6718 -1064.291 -716.8065 252.2819 -1057.672 -721.3637 252.2819 -1064.436 -716.6609 288.6718 -1058.419 -720.6171 288.6718 -1064.29 -714.7454 288.6718 -1068.247 -716.6609 288.6718 -1058.419 -714.7454 288.6718 -1068.247 -710.7892 288.6718 -1062.375 -683.1781 288.6718 -1020.982 -682.4315 252.282 -1020.836 -689.1954 252.282 -1016.279 -683.1781 288.6718 -1020.982 -689.1954 252.282 -1016.279 -689.0499 288.6718 -1017.025 -687.1343 288.6718 -1026.853 -693.006 288.6718 -1022.897 -693.7526 252.282 -1023.043 -687.1343 288.6718 -1026.853 -693.7526 252.282 -1023.043 -686.9887 252.282 -1027.6 -683.178 288.6718 -1020.982 -687.1342 288.6718 -1026.853 -686.9886 252.282 -1027.6 -683.178 288.6718 -1020.982 -686.9886 252.282 -1027.6 -682.4314 252.282 -1020.836 -693.006 288.6718 -1022.897 -689.0499 288.6718 -1017.025 -689.1954 252.2819 -1016.279 -693.006 288.6718 -1022.897 -689.1954 252.2819 -1016.279 -693.7526 252.2819 -1023.043 -689.0499 288.6718 -1017.025 -693.006 288.6718 -1022.897 -687.1343 288.6718 -1026.853 -689.0499 288.6718 -1017.025 -687.1343 288.6718 -1026.853 -683.1781 288.6718 -1020.982 -688.3524 288.6718 -1200.792 -687.6058 252.282 -1200.646 -694.3696 252.282 -1196.089 -688.3524 288.6718 -1200.792 -694.3696 252.282 -1196.089 -694.2241 288.6718 -1196.836 -692.3085 288.6718 -1206.664 -698.1802 288.6718 -1202.708 -698.9269 252.282 -1202.853 -692.3085 288.6718 -1206.664 -698.9269 252.282 -1202.853 -692.163 252.282 -1207.41 -688.3523 288.6718 -1200.792 -692.3085 288.6718 -1206.664 -692.1629 252.282 -1207.41 -688.3523 288.6718 -1200.792 -692.1629 252.282 -1207.41 -687.6057 252.282 -1200.646 -698.1803 288.6718 -1202.708 -694.2242 288.6718 -1196.836 -694.3697 252.282 -1196.089 -698.1803 288.6718 -1202.708 -694.3697 252.282 -1196.089 -698.9269 252.282 -1202.853 -694.2241 288.6718 -1196.836 -698.1802 288.6718 -1202.708 -692.3085 288.6718 -1206.664 -694.2241 288.6718 -1196.836 -692.3085 288.6718 -1206.664 -688.3524 288.6718 -1200.792 -544.9894 288.6718 -987.1345 -544.2428 252.282 -986.9889 -551.0067 252.282 -982.4316 -544.9894 288.6718 -987.1345 -551.0067 252.282 -982.4316 -550.8611 288.6718 -983.1783 -548.9456 288.6718 -993.0062 -554.8173 288.6718 -989.05 -555.5639 252.282 -989.1956 -548.9456 288.6718 -993.0062 -555.5639 252.282 -989.1956 -548.8 252.282 -993.7528 -544.9894 288.6718 -987.1345 -548.9456 288.6718 -993.0062 -548.8 252.282 -993.7528 -544.9894 288.6718 -987.1345 -548.8 252.282 -993.7528 -544.2429 252.282 -986.9889 -554.8173 288.6718 -989.05 -550.8611 288.6718 -983.1783 -551.0067 252.282 -982.4316 -554.8173 288.6718 -989.05 -551.0067 252.282 -982.4316 -555.5639 252.282 -989.1956 -550.8611 288.6718 -983.1783 -554.8173 288.6718 -989.05 -548.9456 288.6718 -993.0062 -550.8611 288.6718 -983.1783 -548.9456 288.6718 -993.0062 -544.9894 288.6718 -987.1345 -624.2449 288.6718 -933.7016 -623.4983 252.282 -933.556 -630.2621 252.282 -928.9988 -624.2449 288.6718 -933.7016 -630.2621 252.282 -928.9988 -630.1166 288.6718 -929.7454 -628.201 288.6718 -939.5733 -634.0728 288.6718 -935.6171 -634.8194 252.282 -935.7627 -628.201 288.6718 -939.5733 -634.8194 252.282 -935.7627 -628.0555 252.282 -940.3199 -624.2449 288.6718 -933.7015 -628.2011 288.6718 -939.5732 -628.0555 252.282 -940.3199 -624.2449 288.6718 -933.7015 -628.0555 252.282 -940.3199 -623.4984 252.282 -933.556 -634.0728 288.6718 -935.6171 -630.1166 288.6718 -929.7454 -630.2621 252.282 -928.9987 -634.0728 288.6718 -935.6171 -630.2621 252.282 -928.9987 -634.8194 252.282 -935.7626 -630.1166 288.6718 -929.7454 -634.0728 288.6718 -935.6171 -628.201 288.6718 -939.5733 -630.1166 288.6718 -929.7454 -628.201 288.6718 -939.5733 -624.2449 288.6718 -933.7016 -772.6383 242.3387 -1151.753 -769.0136 242.3387 -1146.921 -698.1589 161.4133 -1200.075 -772.6383 242.3387 -1151.753 -698.1589 161.4133 -1200.075 -701.7837 161.4133 -1204.907 -698.5246 165.8727 -1207.352 -694.8999 165.8727 -1202.52 -765.7545 246.7981 -1149.366 -698.5246 165.8727 -1207.352 -765.7545 246.7981 -1149.366 -769.3793 246.7981 -1154.198 -769.0137 242.3387 -1146.921 -765.7546 246.798 -1149.366 -694.9 165.8727 -1202.52 -769.0137 242.3387 -1146.921 -694.9 165.8727 -1202.52 -698.159 161.4133 -1200.075 -769.3793 246.798 -1154.198 -772.6384 242.3387 -1151.753 -701.7838 161.4133 -1204.907 -769.3793 246.798 -1154.198 -701.7838 161.4133 -1204.907 -698.5247 165.8727 -1207.352 -620.5811 242.3387 -949.0599 -616.9564 242.3387 -944.2281 -546.1017 161.4133 -997.3822 -620.5811 242.3387 -949.0599 -546.1017 161.4133 -997.3822 -549.7264 161.4133 -1002.214 -546.4673 165.8727 -1004.659 -542.8426 165.8727 -999.8271 -613.6972 246.798 -946.673 -546.4673 165.8727 -1004.659 -613.6972 246.798 -946.673 -617.322 246.798 -951.5048 -616.9564 242.3387 -944.2281 -613.6973 246.798 -946.673 -542.8427 165.8727 -999.8271 -616.9564 242.3387 -944.2281 -542.8427 165.8727 -999.8271 -546.1017 161.4133 -997.3823 -617.322 246.798 -951.5048 -620.5811 242.3387 -949.0599 -549.7264 161.4133 -1002.214 -617.322 246.798 -951.5048 -549.7264 161.4133 -1002.214 -546.4673 165.8727 -1004.659</float_array>
                    <technique_common>
                        <accessor count="228" offset="0" source="wood_3_1-geometry-POSITION-array" stride="3">
                            <param name="X" type="float" />
                            <param name="Y" type="float" />
                            <param name="Z" type="float" />
                        </accessor>
                    </technique_common>
                </source>
                <source id="wood_3_1-geometry-NORMAL">
                    <float_array id="wood_3_1-geometry-NORMAL-array" count="114">0.5587057 0.01477837 0.8292342 -0.5587156 0.01478032 -0.8292276 0.8292396 0.01477872 -0.5586978 -0.8292355 0.01477906 0.5587039 0 1 2.942887E-06 0.5587085 0.01477866 0.8292323 -0.5587087 0.01477991 -0.8292323 0.8292375 0.01477835 -0.558701 -0.8292355 0.01477777 0.5587039 0 1 -3.223021E-06 0.5587034 0.01478065 0.8292358 -0.5587106 0.01477874 -0.829231 0.8292363 0.01477931 -0.5587028 -0.829235 0.01477931 0.5587047 0 1 2.942909E-06 0.5587059 0.01477818 0.8292342 -0.5587157 0.01477945 -0.8292276 0.8292365 0.01477927 -0.5587024 -0.8292342 0.0147787 0.5587059 0 1 2.942884E-06 0.5587112 0.01478045 0.8292306 -0.5587058 0.01477936 -0.8292342 0.8292371 0.01477871 -0.5587015 -0.829236 0.01477912 0.5587032 0 1 2.942908E-06 0.5587046 0.01478021 0.8292351 -0.5587089 0.01477955 -0.8292322 0.8292367 0.01477903 -0.5587021 -0.8292354 0.01477885 0.558704 0 1 -3.223047E-06 -0.5395578 -0.7382726 0.4047604 0.5395586 0.7382717 -0.404761 0.600089 -6.384231E-07 0.7999333 -0.6000912 8.218753E-07 -0.7999316 -0.5395527 -0.7382736 0.4047653 0.539552 0.7382739 -0.4047658 0.6000945 4.816537E-07 0.7999291 -0.6000938 1.972744E-06 -0.7999297</float_array>
                    <technique_common>
                        <accessor count="38" offset="0" source="wood_3_1-geometry-NORMAL-array" stride="3">
                            <param name="X" type="float" />
                            <param name="Y" type="float" />
                            <param name="Z" type="float" />
                        </accessor>
                    </technique_common>
                </source>
                <source id="wood_3_1-geometry-TEXCOORD">
                    <float_array id="wood_3_1-geometry-TEXCOORD-array" count="48">1 0.9859543 1 -1.192093E-07 -7.537153E-09 -1.192093E-07 -7.537153E-09 0.9859543 -7.450581E-09 0.9859543 0.007023061 0.9929774 0.9929774 0.9929774 0.9929774 -0.007023096 0.007023096 -0.007023096 0 0.9859543 0 -1.192093E-07 0.007023096 0.9929774 0 1 1 1 1 0 0 0 0 3 1 3 1 2 0 2 2 1 2 0 -1 1 -1 0</float_array>
                    <technique_common>
                        <accessor count="24" offset="0" source="wood_3_1-geometry-TEXCOORD-array" stride="2">
                            <param name="S" type="float" />
                            <param name="T" type="float" />
                        </accessor>
                    </technique_common>
                </source>
                <source id="wood_3_1-geometry-COLOR">
                    <float_array id="wood_3_1-geometry-COLOR-array" count="48">1 1 0.9764706 1 0.4117647 0.4784314 0.5529412 1 0.8156863 0.9411765 0.9764706 1 0.4117647 0.4823529 0.5607843 1 0.8196079 0.945098 0.9764706 1 0.4117647 0.4901961 0.5686275 1 0.4156863 0.4901961 0.5686275 1 0.6196079 0.6901961 0.7803922 1 0.6235294 0.6941177 0.7803922 1 0.427451 0.5019608 0.5803922 1 0.6196079 0.6901961 0.7764706 1 0.4352941 0.5137255 0.5960785 1</float_array>
                    <technique_common>
                        <accessor count="12" offset="0" source="wood_3_1-geometry-COLOR-array" stride="4">
                            <param name="R" type="double" />
                            <param name="G" type="double" />
                            <param name="B" type="double" />
                            <param name="A" type="double" />
                        </accessor>
                    </technique_common>
                </source>
                <vertices id="wood_3_1-vertices">
                    <input semantic="POSITION" source="#wood_3_1-geometry-POSITION" />
                </vertices>
                <triangles count="76" material="su_s1">
                    <input semantic="VERTEX" source="#wood_3_1-vertices" offset="0" set="0" />
                    <input semantic="NORMAL" source="#wood_3_1-geometry-NORMAL" offset="1" set="0" />
                    <input semantic="TEXCOORD" source="#wood_3_1-geometry-TEXCOORD" offset="2" set="0" />
                    <input semantic="COLOR" source="#wood_3_1-geometry-COLOR" offset="3" set="0" />
                    <p>2 0 2 0 1 0 1 0 0 0 0 0 5 0 3 0 4 0 2 0 3 0 0 0 8 1 3 1 7 1 2 1 6 1 1 1 11 1 0 1 10 1 3 1 9 1 1 1 14 2 1 0 13 2 0 0 12 2 4 0 17 2 2 0 16 2 1 0 15 2 4 0 20 3 1 2 19 3 0 2 18 3 4 2 23 3 2 2 22 3 1 2 21 3 4 2 26 4 7 0 25 4 6 0 24 4 5 0 29 4 8 0 28 4 7 0 27 4 5 0 32 5 1 0 31 5 10 0 30 5 9 0 35 5 0 0 34 5 1 0 33 5 9 0 38 6 0 3 37 6 1 3 36 6 10 3 41 6 9 3 40 6 0 3 39 6 10 3 44 7 10 0 43 7 9 0 42 7 0 0 47 7 1 0 46 7 10 0 45 7 0 0 50 8 10 2 49 8 9 2 48 8 0 2 53 8 1 2 52 8 10 2 51 8 0 2 56 9 8 0 55 9 11 0 54 9 6 0 59 9 7 0 58 9 8 0 57 9 6 0 62 10 2 0 61 10 1 0 60 10 0 0 65 10 3 0 64 10 2 0 63 10 0 0 68 11 3 3 67 11 2 3 66 11 1 3 71 11 0 3 70 11 3 3 69 11 1 3 74 12 1 0 73 12 0 0 72 12 4 0 77 12 2 0 76 12 1 0 75 12 4 0 80 13 1 2 79 13 0 2 78 13 4 2 83 13 2 2 82 13 1 2 81 13 4 2 86 14 7 0 85 14 6 0 84 14 5 0 89 14 8 0 88 14 7 0 87 14 5 0 92 15 2 0 91 15 1 0 90 15 0 0 95 15 3 0 94 15 2 0 93 15 0 0 98 16 3 1 97 16 2 1 96 16 1 1 101 16 0 1 100 16 3 1 99 16 1 1 104 17 1 0 103 17 0 0 102 17 4 0 107 17 2 0 106 17 1 0 105 17 4 0 110 18 1 4 109 18 0 4 108 18 4 4 113 18 2 4 112 18 1 4 111 18 4 4 116 19 7 0 115 19 6 0 114 19 5 0 119 19 8 0 118 19 7 0 117 19 5 0 122 20 1 0 121 20 10 0 120 20 9 0 125 20 0 0 124 20 1 0 123 20 9 0 128 21 0 6 127 21 1 5 126 21 10 5 131 21 9 6 130 21 0 6 129 21 10 5 134 22 10 0 133 22 9 0 132 22 0 0 137 22 1 0 136 22 10 0 135 22 0 0 140 23 10 4 139 23 9 4 138 23 0 4 143 23 1 4 142 23 10 4 141 23 0 4 146 24 8 0 145 24 11 0 144 24 6 0 149 24 7 0 148 24 8 0 147 24 6 0 152 25 1 0 151 25 10 0 150 25 9 0 155 25 0 0 154 25 1 0 153 25 9 0 158 26 0 5 157 26 1 5 156 26 10 5 161 26 9 5 160 26 0 5 159 26 10 5 164 27 10 0 163 27 9 0 162 27 0 0 167 27 1 0 166 27 10 0 165 27 0 0 170 28 10 2 169 28 9 2 168 28 0 2 173 28 1 2 172 28 10 2 171 28 0 2 176 29 8 0 175 29 11 0 174 29 6 0 179 29 7 0 178 29 8 0 177 29 6 0 182 30 14 8 181 30 13 7 180 30 12 7 185 30 15 8 184 30 14 8 183 30 12 7 188 31 18 0 187 31 17 0 186 31 16 0 191 31 19 0 190 31 18 0 189 31 16 0 194 32 21 0 193 32 20 0 192 32 13 0 197 32 14 0 196 32 21 0 195 32 13 0 200 33 15 9 199 33 12 9 198 33 22 9 203 33 23 9 202 33 15 9 201 33 22 9 206 34 14 8 205 34 13 10 204 34 12 10 209 34 15 8 208 34 14 8 207 34 12 10 212 35 18 0 211 35 17 0 210 35 16 0 215 35 19 0 214 35 18 0 213 35 16 0 218 36 21 0 217 36 20 0 216 36 13 0 221 36 14 0 220 36 21 0 219 36 13 0 224 37 15 11 223 37 12 11 222 37 22 11 227 37 23 11 226 37 15 11 225 37 22 11</p>
                </triangles>
            </mesh>
        </geometry>
        <geometry id="wood_3_2-geometry" name="wood_3_2">
            <mesh>
                <source id="wood_3_2-geometry-POSITION">
                    <float_array id="wood_3_2-geometry-POSITION-array" count="36">-630.698 252.597 -928.2891 -543.4365 252.597 -986.9526 -543.4365 241.5439 -986.9526 -630.698 252.597 -928.2891 -543.4365 241.5439 -986.9526 -630.698 241.5439 -928.2891 -691.7789 252.597 -1207.611 -779.0403 252.597 -1148.947 -779.0403 241.5439 -1148.947 -691.7789 252.597 -1207.611 -779.0403 241.5439 -1148.947 -691.7789 241.5439 -1207.611</float_array>
                    <technique_common>
                        <accessor count="12" offset="0" source="wood_3_2-geometry-POSITION-array" stride="3">
                            <param name="X" type="float" />
                            <param name="Y" type="float" />
                            <param name="Z" type="float" />
                        </accessor>
                    </technique_common>
                </source>
                <source id="wood_3_2-geometry-NORMAL">
                    <float_array id="wood_3_2-geometry-NORMAL-array" count="6">0.5579169 1.319451E-06 0.8298968 -0.5579168 -9.238237E-08 -0.8298969</float_array>
                    <technique_common>
                        <accessor count="2" offset="0" source="wood_3_2-geometry-NORMAL-array" stride="3">
                            <param name="X" type="float" />
                            <param name="Y" type="float" />
                            <param name="Z" type="float" />
                        </accessor>
                    </technique_common>
                </source>
                <source id="wood_3_2-geometry-TEXCOORD">
                    <float_array id="wood_3_2-geometry-TEXCOORD-array" count="16">0.1840516 1.010725 0.8137668 1.010725 0.8096349 -0.008598447 0.1914409 -0.008597016 0.8137665 0.007465124 0.1840516 0.007468224 0.191441 0.9985988 0.8096344 0.9985988</float_array>
                    <technique_common>
                        <accessor count="8" offset="0" source="wood_3_2-geometry-TEXCOORD-array" stride="2">
                            <param name="S" type="float" />
                            <param name="T" type="float" />
                        </accessor>
                    </technique_common>
                </source>
                <source id="wood_3_2-geometry-COLOR">
                    <float_array id="wood_3_2-geometry-COLOR-array" count="8">1 1 0.9764706 1 0.4117647 0.4745098 0.5529412 1</float_array>
                    <technique_common>
                        <accessor count="2" offset="0" source="wood_3_2-geometry-COLOR-array" stride="4">
                            <param name="R" type="double" />
                            <param name="G" type="double" />
                            <param name="B" type="double" />
                            <param name="A" type="double" />
                        </accessor>
                    </technique_common>
                </source>
                <vertices id="wood_3_2-vertices">
                    <input semantic="POSITION" source="#wood_3_2-geometry-POSITION" />
                </vertices>
                <triangles count="4" material="th_s51">
                    <input semantic="VERTEX" source="#wood_3_2-vertices" offset="0" set="0" />
                    <input semantic="NORMAL" source="#wood_3_2-geometry-NORMAL" offset="1" set="0" />
                    <input semantic="TEXCOORD" source="#wood_3_2-geometry-TEXCOORD" offset="2" set="0" />
                    <input semantic="COLOR" source="#wood_3_2-geometry-COLOR" offset="3" set="0" />
                    <p>2 0 2 0 1 0 1 0 0 0 0 0 5 0 3 0 4 0 2 0 3 0 0 0 8 1 6 1 7 1 5 1 6 1 4 1 11 1 7 1 10 1 6 1 9 1 4 1</p>
                </triangles>
            </mesh>
        </geometry>
        <geometry id="wood_3_3-geometry" name="wood_3_3">
            <mesh>
                <source id="wood_3_3-geometry-POSITION">
                    <float_array id="wood_3_3-geometry-POSITION-array" count="144">-590.5601 284.9289 -962.8163 -548.984 284.9289 -990.7667 -548.9841 252.3366 -990.7667 -590.5601 284.9289 -962.8163 -548.9841 252.3366 -990.7667 -590.5601 252.3367 -962.8163 -632.136 284.9289 -934.8659 -590.5601 284.9289 -962.8163 -590.5601 252.3367 -962.8163 -632.136 284.9289 -934.8659 -590.5601 252.3367 -962.8163 -632.136 252.3367 -934.8659 -731.9168 284.929 -1173.084 -773.4928 284.929 -1145.133 -773.4928 252.3368 -1145.133 -731.9168 284.929 -1173.084 -773.4928 252.3368 -1145.133 -731.9168 252.3368 -1173.084 -690.3408 284.929 -1201.034 -731.9168 284.929 -1173.084 -731.9168 252.3368 -1173.084 -690.3408 284.929 -1201.034 -731.9168 252.3368 -1173.084 -690.3408 252.3368 -1201.034 -744.5141 284.929 -1102.027 -717.7958 284.929 -1060.857 -717.7958 252.3367 -1060.857 -744.5141 284.929 -1102.027 -717.7958 252.3367 -1060.857 -744.5141 252.3367 -1102.027 -773.4929 284.929 -1145.133 -744.5141 284.929 -1102.027 -744.5141 252.3367 -1102.027 -773.4929 284.929 -1145.133 -744.5141 252.3367 -1102.027 -773.4929 252.3368 -1145.133 -661.1148 284.9289 -977.9716 -632.1359 284.9289 -934.8658 -632.1359 252.3367 -934.8658 -661.1148 284.9289 -977.9716 -632.1359 252.3367 -934.8658 -661.1148 252.3367 -977.9716 -690.5901 284.929 -1021.502 -661.1148 284.9289 -977.9716 -661.1148 252.3367 -977.9716 -690.5901 284.929 -1021.502 -661.1148 252.3367 -977.9716 -690.5901 252.3367 -1021.502</float_array>
                    <technique_common>
                        <accessor count="48" offset="0" source="wood_3_3-geometry-POSITION-array" stride="3">
                            <param name="X" type="float" />
                            <param name="Y" type="float" />
                            <param name="Z" type="float" />
                        </accessor>
                    </technique_common>
                </source>
                <source id="wood_3_3-geometry-NORMAL">
                    <float_array id="wood_3_3-geometry-NORMAL-array" count="30">0.5579163 -4.733664E-07 0.8298972 0.5579167 -4.473378E-07 0.829897 -0.5579174 -2.130545E-07 -0.8298965 -0.5579165 -4.16602E-07 -0.829897 -0.8343959 3.120113E-07 0.5511655 -0.8388404 2.283297E-07 0.5443774 -0.8298966 3.956722E-07 0.5579172 -0.8289673 9.472188E-08 0.5592971 -0.8298962 1.528822E-07 0.5579178 -0.828036 3.656132E-08 0.5606749</float_array>
                    <technique_common>
                        <accessor count="10" offset="0" source="wood_3_3-geometry-NORMAL-array" stride="3">
                            <param name="X" type="float" />
                            <param name="Y" type="float" />
                            <param name="Z" type="float" />
                        </accessor>
                    </technique_common>
                </source>
                <source id="wood_3_3-geometry-TEXCOORD">
                    <float_array id="wood_3_3-geometry-TEXCOORD-array" count="12">0.5051634 0.9512754 0.00178504 0.9512754 0.001784086 0.006722748 0.5051644 0.006722748 0.5051644 0.9512754 0.001243472 0.006722808</float_array>
                    <technique_common>
                        <accessor count="6" offset="0" source="wood_3_3-geometry-TEXCOORD-array" stride="2">
                            <param name="S" type="float" />
                            <param name="T" type="float" />
                        </accessor>
                    </technique_common>
                </source>
                <source id="wood_3_3-geometry-COLOR">
                    <float_array id="wood_3_3-geometry-COLOR-array" count="12">1 1 0.9764706 1 0.4117647 0.4745098 0.5529412 1 0.8156863 0.9411765 0.9764706 1</float_array>
                    <technique_common>
                        <accessor count="3" offset="0" source="wood_3_3-geometry-COLOR-array" stride="4">
                            <param name="R" type="double" />
                            <param name="G" type="double" />
                            <param name="B" type="double" />
                            <param name="A" type="double" />
                        </accessor>
                    </technique_common>
                </source>
                <vertices id="wood_3_3-vertices">
                    <input semantic="POSITION" source="#wood_3_3-geometry-POSITION" />
                </vertices>
                <triangles count="16" material="l_s1">
                    <input semantic="VERTEX" source="#wood_3_3-vertices" offset="0" set="0" />
                    <input semantic="NORMAL" source="#wood_3_3-geometry-NORMAL" offset="1" set="0" />
                    <input semantic="TEXCOORD" source="#wood_3_3-geometry-TEXCOORD" offset="2" set="0" />
                    <input semantic="COLOR" source="#wood_3_3-geometry-COLOR" offset="3" set="0" />
                    <p>2 0 2 0 1 0 1 0 0 0 0 0 5 0 3 0 4 0 2 0 3 0 0 0 8 1 2 0 7 1 1 0 6 1 4 0 11 1 3 0 10 1 2 0 9 1 4 0 14 2 5 1 13 2 1 1 12 2 4 1 17 2 3 1 16 2 5 1 15 2 4 1 20 3 2 1 19 3 1 1 18 3 0 1 23 3 3 1 22 3 2 1 21 3 0 1 26 5 2 2 25 5 1 2 24 4 4 2 29 4 3 2 28 5 2 2 27 4 4 2 32 4 5 2 31 4 1 2 30 6 0 2 35 6 3 2 34 4 5 2 33 6 0 2 38 8 3 2 37 8 4 2 36 7 1 2 41 7 2 2 40 8 3 2 39 7 1 2 44 7 3 2 43 7 0 2 42 9 1 2 47 9 2 2 46 7 3 2 45 9 1 2</p>
                </triangles>
            </mesh>
        </geometry>
        <geometry id="wood_4_0-geometry" name="wood_4_0">
            <mesh>
                <source id="wood_4_0-geometry-POSITION">
                    <float_array id="wood_4_0-geometry-POSITION-array" count="414">1669.742 488.7922 1393.106 1644.038 488.7921 1436.067 1644.038 446.0762 1436.067 1669.742 488.7922 1393.106 1644.038 446.0762 1436.067 1669.742 446.0764 1393.106 1644.038 488.7921 1436.067 1627.21 488.7921 1483.218 1627.21 446.0762 1483.218 1644.038 488.7921 1436.067 1627.21 446.0762 1483.218 1644.038 446.0762 1436.067 1627.21 488.7921 1483.218 1619.904 488.7921 1532.745 1619.904 446.0762 1532.745 1627.21 488.7921 1483.218 1619.904 446.0762 1532.745 1627.21 446.0762 1483.218 1622.4 488.7921 1582.746 1634.604 488.7921 1631.299 1634.604 446.0762 1631.299 1622.4 488.7921 1582.746 1634.604 446.0762 1631.299 1622.4 446.0762 1582.746 1634.604 488.7921 1631.299 1656.045 488.7921 1676.539 1656.045 446.0762 1676.539 1634.604 488.7921 1631.299 1656.045 446.0762 1676.539 1634.604 446.0762 1631.299 1619.904 488.7921 1532.745 1622.4 488.7921 1582.746 1622.4 446.0762 1582.746 1619.904 488.7921 1532.745 1622.4 446.0762 1582.746 1619.904 446.0762 1532.745 1656.045 488.7921 1676.539 1685.899 488.7921 1716.726 1685.899 446.0762 1716.726 1656.045 488.7921 1676.539 1685.899 446.0762 1716.726 1656.045 446.0762 1676.539 1685.899 488.7921 1716.726 1723.021 488.7921 1750.317 1723.021 446.0762 1750.317 1685.899 488.7921 1716.726 1723.021 446.0762 1750.317 1685.899 446.0762 1716.726 1723.021 488.7921 1750.317 1765.982 488.7921 1776.02 1765.982 446.0762 1776.02 1723.021 488.7921 1750.317 1765.982 446.0762 1776.02 1723.021 446.0762 1750.317 1765.982 488.7921 1776.02 1813.132 488.7921 1792.848 1813.132 446.0762 1792.848 1765.982 488.7921 1776.02 1813.132 446.0762 1792.848 1765.982 446.0762 1776.02 1813.132 488.7921 1792.848 1862.66 488.792 1800.155 1862.66 446.0761 1800.155 1813.132 488.7921 1792.848 1862.66 446.0761 1800.155 1813.132 446.0762 1792.848 1862.66 488.792 1800.155 1912.661 488.7921 1797.658 1912.661 446.0762 1797.658 1862.66 488.792 1800.155 1912.661 446.0762 1797.658 1862.66 446.0761 1800.155 2115.369 488.7921 1458.844 2093.929 488.7921 1413.605 2093.929 446.0762 1413.605 2115.369 488.7921 1458.844 2093.929 446.0762 1413.605 2115.369 446.0762 1458.844 2093.929 488.7921 1413.605 2064.074 488.7921 1373.418 2064.074 446.0762 1373.418 2093.929 488.7921 1413.605 2064.074 446.0762 1373.418 2093.929 446.0762 1413.605 2064.074 488.7921 1373.418 2026.952 488.7921 1339.827 2026.952 446.0762 1339.827 2064.074 488.7921 1373.418 2026.952 446.0762 1339.827 2064.074 446.0762 1373.418 2026.952 488.7921 1339.827 1983.991 488.7921 1314.124 1983.991 446.0762 1314.124 2026.952 488.7921 1339.827 1983.991 446.0762 1314.124 2026.952 446.0762 1339.827 1983.991 488.7921 1314.124 1936.841 488.7921 1297.295 1936.841 446.0762 1297.295 1983.991 488.7921 1314.124 1936.841 446.0762 1297.295 1983.991 446.0762 1314.124 1936.841 488.7921 1297.295 1887.313 488.7921 1289.989 1887.313 446.0762 1289.989 1936.841 488.7921 1297.295 1887.313 446.0762 1289.989 1936.841 446.0762 1297.295 1887.313 488.7921 1289.989 1837.312 488.7921 1292.486 1837.312 446.0762 1292.486 1887.313 488.7921 1289.989 1837.312 446.0762 1292.486 1887.313 446.0762 1289.989 1837.312 488.7921 1292.486 1788.759 488.792 1304.689 1788.759 446.0761 1304.689 1837.312 488.7921 1292.486 1788.759 446.0761 1304.689 1837.312 446.0762 1292.486 1788.759 488.792 1304.689 1743.52 488.7919 1326.13 1743.52 446.076 1326.13 1788.759 488.792 1304.689 1743.52 446.076 1326.13 1788.759 446.0761 1304.689 1743.52 488.7919 1326.13 1703.333 488.7921 1355.985 1703.333 446.0762 1355.985 1743.52 488.7919 1326.13 1703.333 446.0762 1355.985 1743.52 446.076 1326.13 1703.333 488.7921 1355.985 1669.742 488.7922 1393.106 1669.742 446.0764 1393.106 1703.333 488.7921 1355.985 1669.742 446.0764 1393.106 1703.333 446.0762 1355.985</float_array>
                    <technique_common>
                        <accessor count="138" offset="0" source="wood_4_0-geometry-POSITION-array" stride="3">
                            <param name="X" type="float" />
                            <param name="Y" type="float" />
                            <param name="Z" type="float" />
                        </accessor>
                    </technique_common>
                </source>
                <source id="wood_4_0-geometry-NORMAL">
                    <float_array id="wood_4_0-geometry-NORMAL-array" count="72">-0.8036808 9.186977E-08 -0.5950606 -0.9043284 1.431733E-07 -0.4268374 -0.9702256 -4.434069E-07 -0.2422032 -0.9988344 -8.721345E-08 -0.04826718 -0.9890589 6.902619E-07 0.1475215 -0.9412745 -4.653133E-08 0.3376422 -0.8573163 -1.012371E-06 0.5147901 -0.7404125 -5.227821E-07 0.6721528 -0.5950568 -4.763381E-07 0.8036836 -0.4268327 -1.827714E-07 0.9043306 -0.2422052 2.162622E-07 0.970225 -0.04827011 -2.560548E-08 0.9988343 0.04986592 -9.134057E-08 0.9987559 0.9036514 -1.666377E-06 -0.4282688 0.8573187 -1.407151E-06 -0.5147861 0.740413 -6.769269E-07 -0.6721523 0.5950563 -4.037317E-07 -0.8036841 0.4268304 -4.284793E-07 -0.9043317 0.2422048 -1.96536E-07 -0.9702252 0.04827024 -1.675031E-08 -0.9988343 -0.1475191 8.859493E-08 -0.9890592 -0.337642 -1.030317E-08 -0.9412746 -0.5147947 1.831627E-07 -0.8573135 -0.6721569 -2.386285E-08 -0.7404088</float_array>
                    <technique_common>
                        <accessor count="24" offset="0" source="wood_4_0-geometry-NORMAL-array" stride="3">
                            <param name="X" type="float" />
                            <param name="Y" type="float" />
                            <param name="Z" type="float" />
                        </accessor>
                    </technique_common>
                </source>
                <source id="wood_4_0-geometry-TEXCOORD">
                    <float_array id="wood_4_0-geometry-TEXCOORD-array" count="176">-0.7562459 0.9758821 -0.6651531 0.9758821 -0.6651531 0.04660344 -0.7562459 0.04660362 -0.9153113 0.9758821 -0.8305368 0.9758821 -0.8305366 0.04660344 -0.9153112 0.04660362 -0.6449406 0.9758821 -0.5614976 0.9758821 -0.5614976 0.04660362 -0.6449407 0.04660344 -0.4366848 0.9758821 -0.3717196 0.9758821 -0.3717197 0.0466035 -0.4366848 0.04660362 -0.3392521 0.9758821 -0.2972791 0.9758821 -0.2972791 0.0466035 -0.3392522 0.0466035 -0.5309479 0.9758821 -0.4601328 0.9758821 -0.4601328 0.04660362 -0.5309479 0.04660362 -0.2803071 0.9758821 -0.2254966 0.9758821 -0.2254965 0.0466035 -0.2803072 0.0466035 -0.1872433 0.9758821 -0.1584889 0.9758821 -0.1584889 0.0466035 -0.1872433 0.0466035 -0.123763 0.9758821 -0.07017694 0.9758821 -0.07017697 0.0466035 -0.123763 0.0466035 -0.7770972 1.95858 -0.7197419 1.95858 -0.7197419 1.029302 -0.7770972 1.029302 -0.698882 1.957929 -0.6410514 1.957929 -0.6410514 1.028651 -0.698882 1.028652 -0.7481387 -0.01607704 -0.7002648 -0.01607704 -0.7002649 -0.9453557 -0.7481387 -0.9453557 -0.6551856 -0.02561259 -0.5984957 -0.02561259 -0.5984955 -0.954891 -0.6551855 -0.9548914 -0.5616742 -0.02296102 -0.5346208 -0.02296126 -0.5346208 -0.95224 -0.561674 -0.9522399 -0.4929506 -0.04040337 -0.4726338 -0.04040325 -0.4726335 -0.9696817 -0.4929508 -0.9696817 -0.4675035 -0.03668571 -0.4172324 -0.03668559 -0.4172326 -0.965964 -0.4675034 -0.965964 -0.4051359 -0.03960228 -0.3453193 -0.03960228 -0.3453193 -0.9688807 -0.4051357 -0.9688809 -0.3305469 -0.03727651 -0.2636115 -0.03727663 -0.2636113 -0.9665544 -0.330547 -0.9665544 -0.2671173 -0.03892612 -0.1973931 -0.03892612 -0.1973931 -0.9682047 -0.2671172 -0.968205 -0.1689972 -0.04513514 -0.08715659 -0.0451349 -0.08715653 -0.9744133 -0.1689973 -0.9744133 -0.9957399 1.964147 -0.9079956 1.964147 -0.9079956 1.034867 -0.9957399 1.034867 -0.970874 0.9854031 -0.8810949 0.9854031 -0.8810949 0.05612397 -0.9708738 0.05612379</float_array>
                    <technique_common>
                        <accessor count="88" offset="0" source="wood_4_0-geometry-TEXCOORD-array" stride="2">
                            <param name="S" type="float" />
                            <param name="T" type="float" />
                        </accessor>
                    </technique_common>
                </source>
                <source id="wood_4_0-geometry-COLOR">
                    <float_array id="wood_4_0-geometry-COLOR-array" count="92">0.6901961 0.8078431 0.9333333 1 0.7607843 0.8823529 0.9764706 1 0.7568628 0.8823529 0.9764706 1 0.6862745 0.8039216 0.9333333 1 0.8117647 0.9411765 0.9764706 1 0.8509804 0.9803922 0.9764706 1 0.8470588 0.9803922 0.9764706 1 0.8666667 1 0.9764706 1 0.8627451 0.9960784 0.9764706 1 0.8627451 0.9921569 0.9764706 1 0.8392157 0.9686275 0.9764706 1 0.8392157 0.9647059 0.9764706 1 0.7960784 0.9176471 0.9764706 1 0.7372549 0.8509804 0.9764706 1 0.6627451 0.7686275 0.8823529 1 0.6627451 0.7647059 0.8823529 1 0.5764706 0.6705883 0.772549 1 0.4784314 0.5607843 0.6509804 1 0.3764706 0.4509804 0.5254902 1 1 1 0.9764706 1 0.4117647 0.4980392 0.5843138 1 0.509804 0.6078432 0.7098039 1 0.6039216 0.7137255 0.827451 1</float_array>
                    <technique_common>
                        <accessor count="23" offset="0" source="wood_4_0-geometry-COLOR-array" stride="4">
                            <param name="R" type="double" />
                            <param name="G" type="double" />
                            <param name="B" type="double" />
                            <param name="A" type="double" />
                        </accessor>
                    </technique_common>
                </source>
                <vertices id="wood_4_0-vertices">
                    <input semantic="POSITION" source="#wood_4_0-geometry-POSITION" />
                </vertices>
                <triangles count="46" material="th_s51">
                    <input semantic="VERTEX" source="#wood_4_0-vertices" offset="0" set="0" />
                    <input semantic="NORMAL" source="#wood_4_0-geometry-NORMAL" offset="1" set="0" />
                    <input semantic="TEXCOORD" source="#wood_4_0-geometry-TEXCOORD" offset="2" set="0" />
                    <input semantic="COLOR" source="#wood_4_0-geometry-COLOR" offset="3" set="0" />
                    <p>2 1 2 2 1 1 1 1 0 0 0 0 5 0 3 3 4 1 2 2 3 0 0 0 8 2 6 4 7 2 5 4 6 1 4 1 11 1 7 2 10 2 6 4 9 1 4 1 14 3 10 6 13 3 9 5 12 2 8 4 17 2 11 4 16 3 10 6 15 2 8 4 20 5 14 9 19 5 13 8 18 4 12 7 23 4 15 7 22 5 14 9 21 4 12 7 26 6 18 11 25 6 17 10 24 5 16 8 29 5 19 9 28 6 18 11 27 5 16 8 32 4 22 7 31 4 21 7 30 3 20 5 35 3 23 6 34 4 22 7 33 3 20 5 38 7 26 12 37 7 25 12 36 6 24 10 41 6 27 11 40 7 26 12 39 6 24 10 44 8 30 13 43 8 29 13 42 7 28 12 47 7 31 12 46 8 30 13 45 7 28 12 50 9 30 15 49 9 29 14 48 8 28 13 53 8 31 13 52 9 30 15 51 8 28 13 56 10 34 16 55 10 33 16 54 9 32 14 59 9 35 15 58 10 34 16 57 9 32 14 62 11 38 17 61 11 37 17 60 10 36 16 65 10 39 16 64 11 38 17 63 10 36 16 68 12 42 18 67 12 41 18 66 11 40 17 71 11 43 17 70 12 42 18 69 11 40 17 74 14 46 19 73 14 45 19 72 13 44 19 77 13 47 19 76 14 46 19 75 13 44 19 80 15 50 19 79 15 49 19 78 14 48 19 83 14 51 19 82 15 50 19 81 14 48 19 86 16 54 19 85 16 53 19 84 15 52 19 89 15 55 19 88 16 54 19 87 15 52 19 92 17 58 19 91 17 57 19 90 16 56 19 95 16 59 19 94 17 58 19 93 16 56 19 98 18 62 19 97 18 61 19 96 17 60 19 101 17 63 19 100 18 62 19 99 17 60 19 104 19 66 19 103 19 65 19 102 18 64 19 107 18 67 19 106 19 66 19 105 18 64 19 110 20 70 19 109 20 69 19 108 19 68 19 113 19 71 19 112 20 70 19 111 19 68 19 116 21 74 20 115 21 73 20 114 20 72 19 119 20 75 19 118 21 74 20 117 20 72 19 122 22 78 21 121 22 77 21 120 21 76 20 125 21 79 20 124 22 78 21 123 21 76 20 128 23 82 22 127 23 81 22 126 22 80 21 131 22 83 21 130 23 82 22 129 22 80 21 134 0 86 3 133 0 85 0 132 23 84 22 137 23 87 22 136 0 86 3 135 23 84 22</p>
                </triangles>
            </mesh>
        </geometry>
        <geometry id="wood_4_1-geometry" name="wood_4_1">
            <mesh>
                <source id="wood_4_1-geometry-POSITION">
                    <float_array id="wood_4_1-geometry-POSITION-array" count="630">1726.493 550.285 1361.594 1718.543 550.285 1351.267 1718.723 488.2629 1349.879 1726.493 550.285 1361.594 1718.723 488.2629 1349.879 1727.882 488.2629 1361.775 1708.216 550.285 1359.218 1716.166 550.285 1369.545 1715.986 488.2629 1370.933 1708.216 550.285 1359.218 1715.986 488.2629 1370.933 1706.827 488.2629 1359.037 1686.517 550.285 1400.831 1676.671 550.285 1392.291 1676.572 488.2629 1390.895 1686.517 550.285 1400.831 1676.572 488.2629 1390.895 1687.914 488.2629 1400.731 1963.277 550.285 1311.291 1964.544 488.2629 1310.695 1959.461 488.2629 1324.821 1963.277 550.285 1311.291 1959.461 488.2629 1324.821 1958.864 550.285 1323.554 2044.807 550.285 1362.967 2035.241 550.285 1371.819 2033.842 488.2629 1371.765 2044.807 550.285 1362.967 2033.842 488.2629 1371.765 2044.861 488.2629 1361.568 2035.24 550.285 1371.818 2044.092 550.285 1381.384 2044.038 488.2629 1382.783 2035.24 550.285 1371.818 2044.038 488.2629 1382.783 2033.841 488.2629 1371.764 1718.543 550.285 1351.268 1708.216 550.285 1359.218 1706.827 488.2629 1359.038 1718.543 550.285 1351.268 1706.827 488.2629 1359.038 1718.723 488.2629 1349.879 1716.166 550.285 1369.545 1708.216 550.285 1359.218 1718.543 550.285 1351.267 1716.166 550.285 1369.545 1718.543 550.285 1351.267 1726.493 550.285 1361.594 1677.978 550.285 1410.676 1678.077 488.2629 1412.073 1666.735 488.2629 1402.236 1677.978 550.285 1410.676 1666.735 488.2629 1402.236 1668.132 550.285 1402.137 1668.132 550.285 1402.137 1676.671 550.285 1392.291 1686.517 550.285 1400.831 1668.132 550.285 1402.137 1686.517 550.285 1400.831 1677.978 550.285 1410.676 1677.98 550.2847 1410.678 1686.519 550.2847 1400.833 1687.916 488.2626 1400.733 1677.98 550.2847 1410.678 1687.916 488.2626 1400.733 1678.079 488.2626 1412.075 1676.672 550.2853 1392.292 1668.132 550.2853 1402.137 1666.736 488.2632 1402.236 1676.672 550.2853 1392.292 1666.736 488.2632 1402.236 1676.572 488.2632 1390.895 1951.013 550.285 1306.878 1946.601 550.285 1319.141 1945.334 488.2629 1319.738 1951.013 550.285 1306.878 1945.334 488.2629 1319.738 1950.417 488.2629 1305.611 1963.277 550.285 1311.291 1951.014 550.285 1306.878 1950.417 488.2629 1305.612 1963.277 550.285 1311.291 1950.417 488.2629 1305.612 1964.544 488.2629 1310.695 1958.864 550.285 1323.554 1946.601 550.285 1319.141 1951.014 550.285 1306.878 1958.864 550.285 1323.554 1951.014 550.285 1306.878 1963.277 550.285 1311.291 2053.658 550.285 1372.532 2044.092 550.285 1381.384 2035.24 550.285 1371.818 2053.658 550.285 1372.532 2035.24 550.285 1371.818 2044.806 550.285 1362.966 2044.806 550.285 1362.966 2044.86 488.2629 1361.567 2055.057 488.2629 1372.586 2044.806 550.285 1362.966 2055.057 488.2629 1372.586 2053.658 550.285 1372.532 1707.976 486.2617 1358.732 1747.913 486.2618 1330.267 1747.58 519.9141 1331.032 1707.976 486.2617 1358.732 1747.58 519.9141 1331.032 1707.804 519.914 1359.548 1840.881 486.262 1300.574 1889.928 486.2618 1300.044 1889.218 519.9142 1300.482 1840.881 486.262 1300.574 1889.218 519.9142 1300.482 1840.275 519.9144 1301.146 1792.891 486.2619 1310.716 1792.412 519.9142 1311.399 1747.58 519.9141 1331.032 1792.891 486.2619 1310.716 1747.58 519.9141 1331.032 1747.913 486.2618 1330.267 1792.412 519.9142 1311.399 1792.891 486.2619 1310.716 1840.881 486.262 1300.574 1792.412 519.9142 1311.399 1840.881 486.262 1300.574 1840.275 519.9144 1301.146 1632.026 486.2618 1482.464 1674.549 486.2618 1394.629 1674.545 519.9141 1395.462 1632.026 486.2618 1482.464 1674.545 519.9141 1395.462 1632.351 519.9142 1483.232 1628.119 486.2618 1579.987 1632.026 486.2618 1482.464 1632.351 519.9142 1483.232 1628.119 486.2618 1579.987 1632.351 519.9142 1483.232 1628.72 519.9142 1580.564 1662.496 486.2619 1671.31 1628.119 486.2618 1579.987 1628.72 519.9142 1580.564 1662.496 486.2619 1671.31 1628.72 519.9142 1580.564 1663.277 519.9142 1671.603 1730.478 486.262 1741.35 1662.496 486.2619 1671.31 1663.277 519.9142 1671.603 1730.478 486.262 1741.35 1663.277 519.9142 1671.603 1731.31 519.9143 1741.311 1820.356 486.2619 1779.325 1730.478 486.262 1741.35 1731.31 519.9143 1741.311 1820.356 486.2619 1779.325 1731.31 519.9143 1741.311 1821.107 519.9142 1778.961 1917.963 486.2619 1778.338 1820.356 486.2619 1779.325 1821.107 519.9142 1778.961 1917.963 486.2619 1778.338 1821.107 519.9142 1778.961 1918.509 519.9142 1777.708 2007.391 486.262 1739.33 1917.963 486.2619 1778.338 1918.509 519.9142 1777.708 2007.391 486.262 1739.33 1918.509 519.9142 1777.708 2007.644 519.9144 1738.536 2073.954 486.262 1667.929 2007.391 486.262 1739.33 2007.644 519.9144 1738.536 2073.954 486.262 1667.929 2007.644 519.9144 1738.536 2073.874 519.9144 1667.099 2107.252 486.262 1576.228 2073.954 486.262 1667.929 2073.874 519.9144 1667.099 2107.252 486.262 1576.228 2073.874 519.9144 1667.099 2106.85 519.9143 1575.497 2101.406 486.2619 1478.784 2107.252 486.262 1576.228 2106.85 519.9143 1575.497 2101.406 486.2619 1478.784 2106.85 519.9143 1575.497 2100.749 519.9142 1478.271 1889.928 486.2618 1300.044 1937.284 519.9141 1309.695 1889.218 519.9142 1300.482 1938.068 486.2618 1309.409 1937.284 519.9141 1309.695 1889.928 486.2618 1300.044 1938.068 486.2618 1309.409 1959.839 519.9142 1319.188 1937.284 519.9141 1309.695 1960.643 486.2618 1318.984 1959.839 519.9142 1319.188 1938.068 486.2618 1309.409 2100.749 519.9142 1478.271 2057.843 486.2618 1391.497 2101.406 486.2619 1478.784 2057.036 519.9142 1391.284 2057.843 486.2618 1391.497 2100.749 519.9142 1478.271 2057.036 519.9142 1391.284 2040.747 486.2618 1373.913 2057.843 486.2618 1391.497 2039.928 519.9141 1373.783 2040.747 486.2618 1373.913 2057.036 519.9142 1391.284</float_array>
                    <technique_common>
                        <accessor count="210" offset="0" source="wood_4_1-geometry-POSITION-array" stride="3">
                            <param name="X" type="float" />
                            <param name="Y" type="float" />
                            <param name="Z" type="float" />
                        </accessor>
                    </technique_common>
                </source>
                <source id="wood_4_1-geometry-NORMAL">
                    <float_array id="wood_4_1-geometry-NORMAL-array" count="111">0.7922698 0.01596188 -0.6099621 -0.7922668 0.01596119 0.609966 0.6551272 0.0159622 -0.75535 0.9408169 0.01596108 0.3385392 -0.6791153 0.01595986 -0.733858 -0.7338545 0.01596091 0.6791191 -0.6099724 0.01596233 -0.7922619 0 1 1.528562E-06 -0.6551297 0.01596129 0.7553478 0 1 -1.803127E-06 0.755344 0.01596113 0.6551341 -0.7553505 0.01595959 -0.6551267 -0.9408196 0.01596109 -0.3385319 0.3385355 0.01596178 -0.9408183 0 1 3.238225E-06 0 1 6.960467E-07 0.7338593 0.01596104 -0.6791139 -0.5814612 0.01474804 -0.8134404 -0.4933541 0.01489554 -0.869701 -0.1106752 0.01487655 -0.9937453 0.08916084 0.01483448 -0.9959068 -0.3055292 0.01494466 -0.9520654 -0.9702529 0.01489675 -0.241635 -0.9005693 0.01463957 -0.434466 -0.986899 0.01487791 0.1606516 -0.8436208 0.01489746 0.5367327 -0.5634772 0.01488264 0.8259975 -0.1922281 0.01490129 0.9812371 0.2104776 0.0148828 0.9774854 0.5787359 0.01489754 0.815379 0.8534994 0.01488335 0.5208812 0.9897091 0.01490267 0.1423161 0.9655623 0.01488748 -0.2597458 0.2909503 0.01541362 -0.956614 0.3891464 0.01589379 -0.9210387 0.8146716 0.01434006 -0.5797452 0.7159645 0.01373491 -0.6980016</float_array>
                    <technique_common>
                        <accessor count="37" offset="0" source="wood_4_1-geometry-NORMAL-array" stride="3">
                            <param name="X" type="float" />
                            <param name="Y" type="float" />
                            <param name="Z" type="float" />
                        </accessor>
                    </technique_common>
                </source>
                <source id="wood_4_1-geometry-TEXCOORD">
                    <float_array id="wood_4_1-geometry-TEXCOORD-array" count="90">-7.450581E-09 0.9859543 1 0.9859543 1 -1.192093E-07 -7.537153E-09 -1.192093E-07 -7.537153E-09 0.9859543 0 0.9859543 0 -1.192093E-07 0.007023061 0.9929774 0.9929774 0.9929774 0.9929774 -0.007023096 0.007023096 -0.007023096 0.007023096 0.9929774 -0.5005775 -0.01017237 0.001690729 -0.01017225 0.001689753 0.9961113 -0.5005775 0.9961113 0.001690241 -0.01017189 -0.500578 0.9961109 0.001689753 -0.01017237 0.001690241 0.996111 -0.500578 -0.01017189 -0.500578 0.9961113 -0.5005775 -0.01017225 0.001690241 -0.01017177 0.001690729 0.9961109 0.9925481 0.003958464 0.001784086 0.003958285 0.001783609 0.9985164 0.9925486 0.9985163 0.001784086 0.003958344 0.001783609 0.9985163 0.9925476 0.9985164 0.9925481 0.003958344 0.001783609 0.003958344 0.001783609 0.003958464 0.9925481 0.9985164 0.9925486 0.003958344 0.9925486 0.9985164 -0.5011309 -0.01017213 -0.1990151 0.9961113 -0.1990157 -0.01017225 0.7964449 0.003958344 0.7964455 0.9985164 0.9925482 0.003958344 0.9925483 0.9985164</float_array>
                    <technique_common>
                        <accessor count="45" offset="0" source="wood_4_1-geometry-TEXCOORD-array" stride="2">
                            <param name="S" type="float" />
                            <param name="T" type="float" />
                        </accessor>
                    </technique_common>
                </source>
                <source id="wood_4_1-geometry-COLOR">
                    <float_array id="wood_4_1-geometry-COLOR-array" count="84">1 1 0.9764706 1 0.827451 0.9529412 0.9764706 1 0.6156863 0.7294118 0.8470588 1 0.8117647 0.9372549 0.9764706 1 0.5686275 0.6745098 0.7843137 1 0.772549 0.8941177 0.9764706 1 0.772549 0.8901961 0.9764706 1 0.6588235 0.772549 0.8980392 1 0.6588235 0.772549 0.8941177 1 0.7960784 0.9254902 0.9764706 1 0.5529412 0.654902 0.7607843 1 0.4980392 0.5960785 0.6980392 1 0.5529412 0.654902 0.7647059 1 0.4039216 0.4941176 0.5803922 1 0.8156863 0.945098 0.9764706 1 0.7568628 0.8823529 0.9764706 1 0.8666667 1 0.9764706 1 0.8352941 0.9647059 0.9764706 1 0.7254902 0.8392157 0.9647059 1 0.5529412 0.6431373 0.7450981 1 0.345098 0.4156863 0.4862745 1</float_array>
                    <technique_common>
                        <accessor count="21" offset="0" source="wood_4_1-geometry-COLOR-array" stride="4">
                            <param name="R" type="double" />
                            <param name="G" type="double" />
                            <param name="B" type="double" />
                            <param name="A" type="double" />
                        </accessor>
                    </technique_common>
                </source>
                <vertices id="wood_4_1-vertices">
                    <input semantic="POSITION" source="#wood_4_1-geometry-POSITION" />
                </vertices>
                <triangles count="70" material="l_s1">
                    <input semantic="VERTEX" source="#wood_4_1-vertices" offset="0" set="0" />
                    <input semantic="NORMAL" source="#wood_4_1-geometry-NORMAL" offset="1" set="0" />
                    <input semantic="TEXCOORD" source="#wood_4_1-geometry-TEXCOORD" offset="2" set="0" />
                    <input semantic="COLOR" source="#wood_4_1-geometry-COLOR" offset="3" set="0" />
                    <p>2 0 2 0 1 0 1 0 0 0 0 0 5 0 3 0 4 0 2 0 3 0 0 0 8 1 2 1 7 1 1 1 6 1 0 1 11 1 3 1 10 1 2 1 9 1 0 1 14 2 4 0 13 2 3 0 12 2 2 0 17 2 1 0 16 2 4 0 15 2 2 0 20 3 3 0 19 3 2 0 18 3 1 0 23 3 4 0 22 3 3 0 21 3 1 0 26 4 6 2 25 4 5 2 24 4 1 2 29 4 2 2 28 4 6 2 27 4 1 2 32 5 1 3 31 5 2 3 30 5 6 3 35 5 5 3 34 5 1 3 33 5 6 3 38 6 4 4 37 6 3 4 36 6 2 4 41 6 1 4 40 6 4 4 39 6 2 4 44 7 9 0 43 7 8 0 42 7 7 0 47 7 10 0 46 7 9 0 45 7 7 0 50 8 3 6 49 8 2 6 48 8 1 5 53 8 4 5 52 8 3 6 51 8 1 5 56 9 9 0 55 9 8 0 54 9 7 0 59 9 10 0 58 9 9 0 57 9 7 0 62 10 2 0 61 10 1 0 60 10 0 0 65 10 3 0 64 10 2 0 63 10 0 0 68 11 2 8 67 11 1 7 66 11 0 7 71 11 3 8 70 11 2 8 69 11 0 7 74 12 4 9 73 12 3 9 72 12 2 9 77 12 1 9 76 12 4 9 75 12 2 9 80 13 2 0 79 13 1 0 78 13 0 0 83 13 3 0 82 13 2 0 81 13 0 0 86 14 9 0 85 14 8 0 84 14 7 0 89 14 10 0 88 14 9 0 87 14 7 0 92 15 10 0 91 15 11 0 90 15 8 0 95 15 9 0 94 15 10 0 93 15 8 0 98 16 2 0 97 16 6 0 96 16 5 0 101 16 1 0 100 16 2 0 99 16 5 0 104 18 14 11 103 18 13 11 102 17 12 10 107 17 15 12 106 18 14 11 105 17 12 10 110 20 14 0 109 20 16 0 108 19 12 0 113 19 17 0 112 20 14 0 111 19 12 0 116 18 15 11 115 21 19 13 114 21 18 13 119 18 20 11 118 18 15 11 117 21 18 13 122 19 23 0 121 21 22 13 120 21 21 13 125 19 24 0 124 19 23 0 123 21 21 13 128 23 27 15 127 23 26 15 126 22 25 14 131 22 28 14 130 23 27 15 129 22 25 14 134 22 30 14 133 22 29 14 132 24 25 16 137 24 31 16 136 22 30 14 135 24 25 16 140 24 30 16 139 24 29 16 138 25 32 17 143 25 31 17 142 24 30 16 141 25 32 17 146 25 27 17 145 25 26 17 144 26 25 18 149 26 31 18 148 25 27 17 147 26 25 18 152 26 27 18 151 26 33 18 150 27 25 19 155 27 31 19 154 26 27 18 153 27 25 19 158 27 27 19 157 27 34 19 156 28 32 20 161 28 35 20 160 27 27 19 159 28 32 20 164 28 27 20 163 28 26 20 162 29 36 0 167 29 28 0 166 28 27 20 165 29 36 0 170 29 27 0 169 29 34 0 168 30 32 0 173 30 37 0 172 29 27 0 171 30 32 0 176 30 27 0 175 30 34 0 174 31 32 0 179 31 35 0 178 30 27 0 177 31 32 0 182 31 27 0 181 31 34 0 180 32 32 0 185 32 35 0 184 31 27 0 183 32 32 0 188 20 17 0 187 33 39 0 186 20 38 0 191 20 38 0 190 33 39 0 189 33 40 0 194 33 39 0 193 34 14 0 192 33 40 0 197 33 40 0 196 34 14 0 195 34 13 0 200 32 34 0 199 35 41 0 198 32 27 0 203 32 27 0 202 35 41 0 201 35 42 0 206 35 41 0 205 36 43 0 204 35 42 0 209 35 42 0 208 36 43 0 207 36 44 0</p>
                </triangles>
            </mesh>
        </geometry>
        <geometry id="wood_4_2-geometry" name="wood_4_2">
            <mesh>
                <source id="wood_4_2-geometry-POSITION">
                    <float_array id="wood_4_2-geometry-POSITION-array" count="324">2044.807 550.285 1362.967 2035.241 550.285 1371.819 2033.842 488.2629 1371.765 2044.807 550.285 1362.967 2033.842 488.2629 1371.765 2044.861 488.2629 1361.568 1726.493 550.285 1361.594 1727.882 488.2629 1361.775 1715.986 488.2629 1370.933 1726.493 550.285 1361.594 1715.986 488.2629 1370.933 1716.166 550.285 1369.545 1718.543 550.285 1351.267 1708.216 550.285 1359.218 1706.827 488.2629 1359.037 1718.543 550.285 1351.267 1706.827 488.2629 1359.037 1718.723 488.2629 1349.879 1726.493 550.285 1361.594 1718.543 550.285 1351.267 1718.723 488.2629 1349.879 1726.493 550.285 1361.594 1718.723 488.2629 1349.879 1727.882 488.2629 1361.775 1708.216 550.285 1359.218 1716.166 550.285 1369.545 1715.986 488.2629 1370.933 1708.216 550.285 1359.218 1715.986 488.2629 1370.933 1706.827 488.2629 1359.037 1716.166 550.285 1369.545 1708.216 550.285 1359.218 1718.543 550.285 1351.267 1716.166 550.285 1369.545 1718.543 550.285 1351.267 1726.493 550.285 1361.594 1677.978 550.285 1410.676 1678.077 488.2629 1412.073 1666.735 488.2629 1402.236 1677.978 550.285 1410.676 1666.735 488.2629 1402.236 1668.132 550.285 1402.137 1686.517 550.285 1400.831 1676.671 550.285 1392.291 1676.572 488.2629 1390.895 1686.517 550.285 1400.831 1676.572 488.2629 1390.895 1687.914 488.2629 1400.731 1676.671 550.285 1392.291 1668.132 550.285 1402.137 1666.735 488.2629 1402.236 1676.671 550.285 1392.291 1666.735 488.2629 1402.236 1676.572 488.2629 1390.895 1668.132 550.285 1402.137 1676.671 550.285 1392.291 1686.517 550.285 1400.831 1668.132 550.285 1402.137 1686.517 550.285 1400.831 1677.978 550.285 1410.676 1951.014 550.285 1306.878 1946.601 550.285 1319.142 1945.334 488.2629 1319.738 1951.014 550.285 1306.878 1945.334 488.2629 1319.738 1950.417 488.2629 1305.612 1963.277 550.285 1311.291 1951.014 550.285 1306.878 1950.417 488.2629 1305.612 1963.277 550.285 1311.291 1950.417 488.2629 1305.612 1964.544 488.2629 1310.695 1946.601 550.285 1319.142 1958.864 550.285 1323.554 1959.461 488.2629 1324.821 1946.601 550.285 1319.142 1959.461 488.2629 1324.821 1945.334 488.2629 1319.738 1958.864 550.285 1323.554 1946.601 550.285 1319.142 1951.014 550.285 1306.878 1958.864 550.285 1323.554 1951.014 550.285 1306.878 1963.277 550.285 1311.291 2044.806 550.285 1362.966 2044.86 488.2629 1361.567 2055.057 488.2629 1372.586 2044.806 550.285 1362.966 2055.057 488.2629 1372.586 2053.658 550.285 1372.532 2035.24 550.285 1371.818 2044.092 550.285 1381.384 2044.038 488.2629 1382.783 2035.24 550.285 1371.818 2044.038 488.2629 1382.783 2033.841 488.2629 1371.764 2053.658 550.285 1372.532 2044.092 550.285 1381.384 2035.24 550.285 1371.818 2053.658 550.285 1372.532 2035.24 550.285 1371.818 2044.806 550.285 1362.966 2044.092 550.2849 1381.383 2053.657 550.2849 1372.532 2055.057 488.2628 1372.586 2044.092 550.2849 1381.383 2055.057 488.2628 1372.586 2044.038 488.2628 1382.783</float_array>
                    <technique_common>
                        <accessor count="108" offset="0" source="wood_4_2-geometry-POSITION-array" stride="3">
                            <param name="X" type="float" />
                            <param name="Y" type="float" />
                            <param name="Z" type="float" />
                        </accessor>
                    </technique_common>
                </source>
                <source id="wood_4_2-geometry-NORMAL">
                    <float_array id="wood_4_2-geometry-NORMAL-array" count="54">-0.6791153 0.01595986 -0.733858 0.6099668 0.01596217 0.7922662 -0.6099718 0.01596214 -0.7922623 0.7922698 0.01596188 -0.6099621 -0.7922668 0.01596119 0.609966 0 1 1.528562E-06 -0.6551297 0.01596129 0.7553478 0.6551272 0.0159622 -0.75535 -0.7553481 0.01596095 -0.6551293 0 1 -1.803117E-06 -0.9408196 0.01596218 -0.3385317 0.3385355 0.01596178 -0.9408183 -0.3385389 0.01596077 0.9408171 0 1 3.238197E-06 0.7338593 0.01596104 -0.6791139 -0.7338545 0.01596091 0.6791191 0 1 2.032085E-06 0.6791157 0.01596071 0.7338577</float_array>
                    <technique_common>
                        <accessor count="18" offset="0" source="wood_4_2-geometry-NORMAL-array" stride="3">
                            <param name="X" type="float" />
                            <param name="Y" type="float" />
                            <param name="Z" type="float" />
                        </accessor>
                    </technique_common>
                </source>
                <source id="wood_4_2-geometry-TEXCOORD">
                    <float_array id="wood_4_2-geometry-TEXCOORD-array" count="24">1 0.9859543 0 0.9859543 0 -1.192093E-07 1 -1.192093E-07 -7.537153E-09 -1.192093E-07 -7.537153E-09 0.9859543 -7.450581E-09 0.9859543 0.007023061 0.9929774 0.9929774 0.9929774 0.9929774 -0.007023096 0.007023096 -0.007023096 0.007023096 0.9929774</float_array>
                    <technique_common>
                        <accessor count="12" offset="0" source="wood_4_2-geometry-TEXCOORD-array" stride="2">
                            <param name="S" type="float" />
                            <param name="T" type="float" />
                        </accessor>
                    </technique_common>
                </source>
                <source id="wood_4_2-geometry-COLOR">
                    <float_array id="wood_4_2-geometry-COLOR-array" count="88">0.6156863 0.7294118 0.8470588 1 1 1 0.9764706 1 0.9137255 0.9764706 0.9764706 1 0.9411765 0.9843137 0.9764706 1 0.854902 0.8901961 0.9137255 1 0.8 0.8745098 0.9137255 1 0.6980392 0.8117647 0.8823529 1 0.7843137 0.8352941 0.8823529 1 0.8862745 0.945098 0.9764706 1 0.772549 0.8901961 0.9764706 1 0.7137255 0.8313726 0.9372549 1 0.8117647 0.8901961 0.9490196 1 0.8862745 0.9254902 0.9490196 1 0.827451 0.8862745 0.9372549 1 0.9333333 0.9764706 0.9764706 1 0.8117647 0.8901961 0.9372549 1 0.7176471 0.8352941 0.9176471 1 0.8980392 0.9607843 0.9764706 1 0.8196079 0.8705882 0.9176471 1 0.6392157 0.7450981 0.8588235 1 0.9058824 0.9686275 0.9764706 1 0.8117647 0.9372549 0.9764706 1</float_array>
                    <technique_common>
                        <accessor count="22" offset="0" source="wood_4_2-geometry-COLOR-array" stride="4">
                            <param name="R" type="double" />
                            <param name="G" type="double" />
                            <param name="B" type="double" />
                            <param name="A" type="double" />
                        </accessor>
                    </technique_common>
                </source>
                <vertices id="wood_4_2-vertices">
                    <input semantic="POSITION" source="#wood_4_2-geometry-POSITION" />
                </vertices>
                <triangles count="36" material="su_s1">
                    <input semantic="VERTEX" source="#wood_4_2-vertices" offset="0" set="0" />
                    <input semantic="NORMAL" source="#wood_4_2-geometry-NORMAL" offset="1" set="0" />
                    <input semantic="TEXCOORD" source="#wood_4_2-geometry-TEXCOORD" offset="2" set="0" />
                    <input semantic="COLOR" source="#wood_4_2-geometry-COLOR" offset="3" set="0" />
                    <p>2 0 2 0 1 0 1 0 0 0 0 0 5 0 3 0 4 0 2 0 3 0 0 0 8 1 4 2 7 1 3 1 6 1 0 1 11 1 5 3 10 1 4 2 9 1 0 1 14 2 5 6 13 2 4 5 12 2 3 4 17 2 0 7 16 2 5 6 15 2 3 4 20 3 3 7 19 3 0 4 18 3 6 1 23 3 4 1 22 3 3 7 21 3 6 1 26 4 3 2 25 4 0 3 24 4 6 5 29 4 4 6 28 4 3 2 27 4 6 5 32 5 9 4 31 5 8 5 30 5 7 3 35 5 10 1 34 5 9 4 33 5 7 3 38 6 4 10 37 6 3 9 36 6 0 8 41 6 5 11 40 6 4 10 39 6 0 8 44 7 5 13 43 7 4 12 42 7 3 1 47 7 0 1 46 7 5 13 45 7 3 1 50 8 3 10 49 8 0 11 48 8 6 12 53 8 4 13 52 8 3 10 51 8 6 12 56 9 9 1 55 9 8 12 54 9 7 11 59 9 10 8 58 9 9 1 57 9 7 11 62 10 5 16 61 10 4 15 60 10 3 14 65 10 0 17 64 10 5 16 63 10 3 14 68 11 3 17 67 11 0 14 66 11 6 1 71 11 4 1 70 11 3 17 69 11 6 1 74 12 3 19 73 12 0 18 72 12 6 15 77 12 4 16 76 12 3 19 75 12 6 15 80 13 9 14 79 13 8 15 78 13 7 18 83 13 10 1 82 13 9 14 81 13 7 18 86 14 3 1 85 14 2 1 84 14 1 1 89 14 0 1 88 14 3 1 87 14 1 1 92 15 0 21 91 15 3 20 90 15 2 20 95 15 1 21 94 15 0 21 93 15 2 20 98 16 10 20 97 16 11 20 96 16 8 1 101 16 9 1 100 16 10 20 99 16 8 1 104 17 2 1 103 17 1 1 102 17 0 1 107 17 3 1 106 17 2 1 105 17 0 1</p>
                </triangles>
            </mesh>
        </geometry>
        <geometry id="wood_4_3-geometry" name="wood_4_3">
            <mesh>
                <source id="wood_4_3-geometry-POSITION">
                    <float_array id="wood_4_3-geometry-POSITION-array" count="288">1874.987 488.7921 1545.072 2130.069 488.7921 1557.399 2122.763 488.7921 1606.926 2127.573 488.7921 1507.398 2130.069 488.7921 1557.399 1874.987 488.7921 1545.072 1874.987 488.7921 1545.072 2115.369 488.7921 1458.844 2127.573 488.7921 1507.398 2093.928 488.7921 1413.605 2115.369 488.7921 1458.844 1874.987 488.7921 1545.072 1874.987 488.7921 1545.072 2064.074 488.7921 1373.418 2093.928 488.7921 1413.605 2026.952 488.7921 1339.827 2064.074 488.7921 1373.418 1874.987 488.7921 1545.072 1874.987 488.7921 1545.072 1983.991 488.7921 1314.124 2026.952 488.7921 1339.827 1936.841 488.7921 1297.295 1983.991 488.7921 1314.124 1874.987 488.7921 1545.072 1874.987 488.7921 1545.072 1887.313 488.7921 1289.989 1936.841 488.7921 1297.295 1837.312 488.7921 1292.486 1887.313 488.7921 1289.989 1874.987 488.7921 1545.072 1874.987 488.7921 1545.072 1788.759 488.7921 1304.689 1837.312 488.7921 1292.486 1743.52 488.7921 1326.13 1788.759 488.7921 1304.689 1874.987 488.7921 1545.072 1874.987 488.7921 1545.072 1703.332 488.7921 1355.985 1743.52 488.7921 1326.13 1669.741 488.7921 1393.106 1703.332 488.7921 1355.985 1874.987 488.7921 1545.072 1874.987 488.7921 1545.072 1644.038 488.7921 1436.068 1669.741 488.7921 1393.106 1627.21 488.7921 1483.218 1644.038 488.7921 1436.068 1874.987 488.7921 1545.072 1874.987 488.7921 1545.072 1619.904 488.7921 1532.745 1627.21 488.7921 1483.218 1622.4 488.7921 1582.746 1619.904 488.7921 1532.745 1874.987 488.7921 1545.072 1874.987 488.7921 1545.072 1634.604 488.7921 1631.299 1622.4 488.7921 1582.746 1656.045 488.7921 1676.539 1634.604 488.7921 1631.299 1874.987 488.7921 1545.072 1874.987 488.7921 1545.072 1685.899 488.7921 1716.726 1656.045 488.7921 1676.539 1723.021 488.7921 1750.317 1685.899 488.7921 1716.726 1874.987 488.7921 1545.072 1874.987 488.7921 1545.072 1765.982 488.7921 1776.02 1723.021 488.7921 1750.317 1813.132 488.7921 1792.849 1765.982 488.7921 1776.02 1874.987 488.7921 1545.072 1874.987 488.7921 1545.072 1862.66 488.7921 1800.155 1813.132 488.7921 1792.849 1912.661 488.7921 1797.658 1862.66 488.7921 1800.155 1874.987 488.7921 1545.072 1874.987 488.7921 1545.072 1961.214 488.7921 1785.455 1912.661 488.7921 1797.658 2006.454 488.7921 1764.014 1961.214 488.7921 1785.455 1874.987 488.7921 1545.072 1874.987 488.7921 1545.072 2046.641 488.7921 1734.159 2006.454 488.7921 1764.014 2080.232 488.7921 1697.038 2046.641 488.7921 1734.159 1874.987 488.7921 1545.072 1874.987 488.7921 1545.072 2105.935 488.7921 1654.076 2080.232 488.7921 1697.038 2122.763 488.7921 1606.926 2105.935 488.7921 1654.076 1874.987 488.7921 1545.072</float_array>
                    <technique_common>
                        <accessor count="96" offset="0" source="wood_4_3-geometry-POSITION-array" stride="3">
                            <param name="X" type="float" />
                            <param name="Y" type="float" />
                            <param name="Z" type="float" />
                        </accessor>
                    </technique_common>
                </source>
                <source id="wood_4_3-geometry-NORMAL">
                    <float_array id="wood_4_3-geometry-NORMAL-array" count="99">0 1 -3.742608E-08 0 1 -4.594229E-07 0 1 1.706575E-07 0 1 -3.872864E-07 0 1 1.024789E-07 0 1 -8.02209E-08 0 1 -5.421441E-07 0 1 -3.210058E-07 0 1 -1.577922E-07 0 1 -1.488059E-07 0 1 4.207016E-08 0 1 1.7165E-07 0 1 -3.788905E-09 0 1 -2.207858E-08 0 1 -5.747879E-08 0 1 7.529414E-08 0 1 4.815828E-07 0 1 -1.955527E-09 0 1 -4.312047E-07 0 1 -5.802782E-08 0 1 6.62234E-08 0 1 2.626591E-08 0 1 3.194869E-07 0 1 3.210059E-07 0 1 1.577923E-07 0 1 1.488061E-07 0 1 2.708262E-08 0 1 -1.024973E-07 0 1 -3.032191E-07 0 1 -3.692796E-07 0 1 -4.182294E-07 0 1 -2.133891E-08 0 1 5.777455E-07</float_array>
                    <technique_common>
                        <accessor count="33" offset="0" source="wood_4_3-geometry-NORMAL-array" stride="3">
                            <param name="X" type="float" />
                            <param name="Y" type="float" />
                            <param name="Z" type="float" />
                        </accessor>
                    </technique_common>
                </source>
                <source id="wood_4_3-geometry-TEXCOORD">
                    <float_array id="wood_4_3-geometry-TEXCOORD-array" count="66">0.4999997 0.5000017 0.7511439 0.1150601 0.67122 0.07346082 0.8214165 0.1714523 0.8793373 0.2404705 0.9226804 0.3194623 0.94978 0.4053921 0.9595948 0.4949577 0.9517477 0.584717 0.9265401 0.6712207 0.884941 0.7511445 0.828549 0.8214169 0.7595308 0.8793374 0.6805394 0.9226804 0.5946099 0.9497802 0.5050447 0.9595952 0.4152855 0.9517484 0.3287819 0.9265413 0.2488581 0.8849428 0.1785855 0.8285511 0.1206645 0.7595335 0.07732092 0.6805423 0.05022073 0.594613 0.04040507 0.5050477 0.0482512 0.4152884 0.07345799 0.3287844 0.1150564 0.2488601 0.1714481 0.1785868 0.2404658 0.1206654 0.3194574 0.07732159 0.405387 0.05022103 0.4949528 0.04040527 0.5847126 0.04825151</float_array>
                    <technique_common>
                        <accessor count="33" offset="0" source="wood_4_3-geometry-TEXCOORD-array" stride="2">
                            <param name="S" type="float" />
                            <param name="T" type="float" />
                        </accessor>
                    </technique_common>
                </source>
                <source id="wood_4_3-geometry-COLOR">
                    <float_array id="wood_4_3-geometry-COLOR-array" count="4">1 1 0.9764706 1</float_array>
                    <technique_common>
                        <accessor count="1" offset="0" source="wood_4_3-geometry-COLOR-array" stride="4">
                            <param name="R" type="double" />
                            <param name="G" type="double" />
                            <param name="B" type="double" />
                            <param name="A" type="double" />
                        </accessor>
                    </technique_common>
                </source>
                <vertices id="wood_4_3-vertices">
                    <input semantic="POSITION" source="#wood_4_3-geometry-POSITION" />
                </vertices>
                <triangles count="32" material="th_s11">
                    <input semantic="VERTEX" source="#wood_4_3-vertices" offset="0" set="0" />
                    <input semantic="NORMAL" source="#wood_4_3-geometry-NORMAL" offset="1" set="0" />
                    <input semantic="TEXCOORD" source="#wood_4_3-geometry-TEXCOORD" offset="2" set="0" />
                    <input semantic="COLOR" source="#wood_4_3-geometry-COLOR" offset="3" set="0" />
                    <p>2 2 2 0 1 1 1 0 0 0 0 0 5 0 0 0 4 1 1 0 3 3 3 0 8 3 3 0 7 4 4 0 6 0 0 0 11 0 0 0 10 4 4 0 9 5 5 0 14 5 5 0 13 6 6 0 12 0 0 0 17 0 0 0 16 6 6 0 15 7 7 0 20 7 7 0 19 8 8 0 18 0 0 0 23 0 0 0 22 8 8 0 21 9 9 0 26 9 9 0 25 10 10 0 24 0 0 0 29 0 0 0 28 10 10 0 27 11 11 0 32 11 11 0 31 12 12 0 30 0 0 0 35 0 0 0 34 12 12 0 33 13 13 0 38 13 13 0 37 14 14 0 36 0 0 0 41 0 0 0 40 14 14 0 39 15 15 0 44 15 15 0 43 16 16 0 42 0 0 0 47 0 0 0 46 16 16 0 45 17 17 0 50 17 17 0 49 18 18 0 48 0 0 0 53 0 0 0 52 18 18 0 51 19 19 0 56 19 19 0 55 20 20 0 54 0 0 0 59 0 0 0 58 20 20 0 57 21 21 0 62 21 21 0 61 22 22 0 60 0 0 0 65 0 0 0 64 22 22 0 63 23 23 0 68 23 23 0 67 24 24 0 66 0 0 0 71 0 0 0 70 24 24 0 69 25 25 0 74 25 25 0 73 26 26 0 72 0 0 0 77 0 0 0 76 26 26 0 75 27 27 0 80 27 27 0 79 28 28 0 78 0 0 0 83 0 0 0 82 28 28 0 81 29 29 0 86 29 29 0 85 30 30 0 84 0 0 0 89 0 0 0 88 30 30 0 87 31 31 0 92 31 31 0 91 32 32 0 90 0 0 0 95 0 0 0 94 32 32 0 93 2 2 0</p>
                </triangles>
            </mesh>
        </geometry>
        <geometry id="wood_6_0-geometry" name="wood_6_0">
            <mesh>
                <source id="wood_6_0-geometry-POSITION">
                    <float_array id="wood_6_0-geometry-POSITION-array" count="522">55.3321 60.2177 560.1527 71.96939 60.2177 511.0375 71.96938 65.08419 511.0375 55.3321 60.2177 560.1527 71.96938 65.08419 511.0375 55.33209 65.08419 560.1527 178.5323 58.43318 572.975 155.7144 58.43318 619.5416 55.3321 65.08419 560.1527 178.5323 58.43318 572.975 55.3321 65.08419 560.1527 71.96939 65.08419 511.0375 280.5692 60.85436 630.4698 257.7512 60.85436 677.0364 155.7144 58.43318 619.5416 280.5692 60.85436 630.4698 155.7144 58.43318 619.5416 178.5323 58.43318 572.975 393.3477 68.5116 694.2653 370.5298 68.5116 740.8319 257.7512 60.85436 677.0364 393.3477 68.5116 694.2653 257.7512 60.85436 677.0364 280.5692 60.85436 630.4698 511.0933 82.69868 755.7161 488.2755 82.69868 802.2827 370.5298 68.5116 740.8319 511.0933 82.69868 755.7161 370.5298 68.5116 740.8319 393.3477 68.5116 694.2653 627.8314 100.414 815.4159 605.0135 100.414 861.9824 488.2755 82.69868 802.2827 627.8314 100.414 815.4159 488.2755 82.69868 802.2827 511.0933 82.69868 755.7161 744.5696 125.3732 875.1157 721.7516 125.3732 921.6824 605.0135 100.414 861.9824 744.5696 125.3732 875.1157 605.0135 100.414 861.9824 627.8314 100.414 815.4159 860.0298 157.7624 931.4554 837.2118 157.7624 978.0221 721.7516 125.3732 921.6824 860.0298 157.7624 931.4554 721.7516 125.3732 921.6824 744.5696 125.3732 875.1157 975.4899 192.1364 987.7953 952.6719 192.1364 1034.362 837.2118 157.7624 978.0221 975.4899 192.1364 987.7953 837.2118 157.7624 978.0221 860.0298 157.7624 931.4554 1090.314 236.2615 1042.876 1067.496 236.2615 1089.443 952.6719 192.1364 1034.362 1090.314 236.2615 1042.876 952.6719 192.1364 1034.362 975.4899 192.1364 987.7953 1205.138 283.0059 1097.957 1182.32 283.0059 1144.524 1067.496 236.2615 1089.443 1205.138 283.0059 1097.957 1067.496 236.2615 1089.443 1090.314 236.2615 1042.876 1322.548 331.5712 1157.215 1299.73 331.5712 1203.782 1182.32 283.0059 1144.524 1322.548 331.5712 1157.215 1182.32 283.0059 1144.524 1205.138 283.0059 1097.957 1439.958 380.3788 1216.474 1417.14 380.3788 1263.04 1299.73 331.5712 1203.782 1439.958 380.3788 1216.474 1299.73 331.5712 1203.782 1322.548 331.5712 1157.215 1573.967 432.8729 1287.603 1545.845 432.8729 1328.834 1417.14 380.3788 1263.04 1573.967 432.8729 1287.603 1417.14 380.3788 1263.04 1439.958 380.3788 1216.474 1705.975 484.8985 1356.827 1674.549 484.8986 1394.628 1545.845 432.8729 1328.834 1705.975 484.8985 1356.827 1545.845 432.8729 1328.834 1573.967 432.8729 1287.603 1674.247 480.7066 1394.194 1705.568 480.7066 1356.286 1573.763 428.032 1287.333 1674.247 480.7066 1394.194 1573.763 428.032 1287.333 1545.694 428.032 1328.617 1545.694 428.032 1328.617 1573.763 428.032 1287.333 1439.958 374.8889 1216.474 1545.694 428.032 1328.617 1439.958 374.8889 1216.474 1417.141 374.8889 1263.04 1417.141 374.8889 1263.04 1439.958 374.8889 1216.474 1322.548 326.0813 1157.215 1417.141 374.8889 1263.04 1322.548 326.0813 1157.215 1299.73 326.0813 1203.782 1299.73 326.0813 1203.782 1322.548 326.0813 1157.215 1205.138 277.5159 1097.957 1299.73 326.0813 1203.782 1205.138 277.5159 1097.957 1182.32 277.5159 1144.523 1182.32 277.5159 1144.523 1205.138 277.5159 1097.957 1090.314 230.7715 1042.876 1182.32 277.5159 1144.523 1090.314 230.7715 1042.876 1067.496 230.7715 1089.443 1067.496 230.7715 1089.443 1090.314 230.7715 1042.876 975.4901 186.6465 987.7955 1067.496 230.7715 1089.443 975.4901 186.6465 987.7955 952.6721 186.6465 1034.362 952.6721 186.6465 1034.362 975.4901 186.6465 987.7955 860.0299 152.2725 931.4556 952.6721 186.6465 1034.362 860.0299 152.2725 931.4556 837.2119 152.2725 978.0221 837.2119 152.2725 978.0221 860.0299 152.2725 931.4556 744.5696 119.8833 875.1157 837.2119 152.2725 978.0221 744.5696 119.8833 875.1157 721.7516 119.8833 921.6823 721.7516 119.8833 921.6823 744.5696 119.8833 875.1157 627.8314 94.9241 815.416 721.7516 119.8833 921.6823 627.8314 94.9241 815.416 605.0135 94.9241 861.9826 605.0135 94.9241 861.9826 627.8314 94.9241 815.416 511.0933 77.20876 755.7162 605.0135 94.9241 861.9826 511.0933 77.20876 755.7162 488.2755 77.20876 802.2828 488.2755 77.20876 802.2828 511.0933 77.20876 755.7162 393.3477 63.02167 694.2653 488.2755 77.20876 802.2828 393.3477 63.02167 694.2653 370.5298 63.02167 740.8318 370.5298 63.02167 740.8318 393.3477 63.02167 694.2653 280.5692 55.36442 630.4698 370.5298 63.02167 740.8318 280.5692 55.36442 630.4698 257.7512 55.36443 677.0364 257.7512 55.36443 677.0364 280.5692 55.36442 630.4698 178.5323 52.94324 572.975 257.7512 55.36443 677.0364 178.5323 52.94324 572.975 155.7144 52.94325 619.5415 155.7144 52.94325 619.5415 178.5323 52.94324 572.975 71.9694 60.2177 511.0375 155.7144 52.94325 619.5415 71.9694 60.2177 511.0375 55.3321 60.2177 560.1527</float_array>
                    <technique_common>
                        <accessor count="174" offset="0" source="wood_6_0-geometry-POSITION-array" stride="3">
                            <param name="X" type="float" />
                            <param name="Y" type="float" />
                            <param name="Z" type="float" />
                        </accessor>
                    </technique_common>
                </source>
                <source id="wood_6_0-geometry-NORMAL">
                    <float_array id="wood_6_0-geometry-NORMAL-array" count="96">-0.9376556 -1.988539E-07 0.3475658 -0.3511906 -3.84653E-07 -0.936304 0.01655832 0.9998443 0.006105714 0.05168289 0.9984361 0.02131188 -0.03583591 0.9992034 -0.01755978 -0.07425907 0.9965749 -0.0363873 -0.1078408 0.9927628 -0.05284244 -0.1441518 0.9870314 -0.07063499 -0.1938188 0.9764295 -0.09497236 -0.2258176 0.9678649 -0.1106522 -0.263221 0.9560747 -0.1289804 -0.3017274 0.9418605 -0.1478489 -0.3102596 0.9384168 -0.1520295 -0.3117705 0.9377955 -0.1527703 -0.3008478 0.9400759 -0.1604612 -0.2797298 0.9419466 -0.1857093 -0.27016 0.9410517 -0.2035564 0.27399 -0.9395255 0.2054784 0.2835286 -0.9404302 0.1876236 0.3027268 -0.9393098 0.1614113 0.3117701 -0.9377957 0.1527696 0.3102593 -0.9384168 0.1520301 0.3017273 -0.9418604 0.14785 0.2632208 -0.9560747 0.1289808 0.2258173 -0.9678649 0.1106524 0.1938186 -0.9764295 0.09497266 0.1441517 -0.9870314 0.07063517 0.1078408 -0.9927628 0.05284249 0.07425902 -0.9965749 0.03638739 0.03583582 -0.9992034 0.01755993 -0.01897577 -0.9997947 -0.007102341 -0.05651014 -0.99813 -0.02330239</float_array>
                    <technique_common>
                        <accessor count="32" offset="0" source="wood_6_0-geometry-NORMAL-array" stride="3">
                            <param name="X" type="float" />
                            <param name="Y" type="float" />
                            <param name="Z" type="float" />
                        </accessor>
                    </technique_common>
                </source>
                <source id="wood_6_0-geometry-TEXCOORD">
                    <float_array id="wood_6_0-geometry-TEXCOORD-array" count="16">0.6242388 0.6922547 0.6242388 0.2411776 0.5919622 0.2411776 0.5919622 0.6922547 0.8379662 0.6922547 0.8379662 0.2411776 0.3431832 0.2411776 0.3431832 0.6922547</float_array>
                    <technique_common>
                        <accessor count="8" offset="0" source="wood_6_0-geometry-TEXCOORD-array" stride="2">
                            <param name="S" type="float" />
                            <param name="T" type="float" />
                        </accessor>
                    </technique_common>
                </source>
                <source id="wood_6_0-geometry-COLOR">
                    <float_array id="wood_6_0-geometry-COLOR-array" count="68">0.8196079 0.945098 0.9764706 1 0.3686275 0.4431373 0.5215687 1 1 1 0.9764706 1 0.8588235 0.8588235 0.8588235 1 0.8352941 0.8352941 0.8352941 1 0.7411765 0.7411765 0.7411765 1 0.6431373 0.6392157 0.6196079 1 0.6196079 0.6196079 0.6078432 1 0.6078432 0.6039216 0.5921569 1 0.6 0.5921569 0.572549 1 0.2313726 0.2705882 0.2745098 1 0.2392157 0.2705882 0.2862745 1 0.254902 0.2745098 0.3019608 1 0.2666667 0.2862745 0.3176471 1 0.2784314 0.3019608 0.3333333 1 0.2980392 0.3215686 0.3568628 1 0.3137255 0.3372549 0.372549 1</float_array>
                    <technique_common>
                        <accessor count="17" offset="0" source="wood_6_0-geometry-COLOR-array" stride="4">
                            <param name="R" type="double" />
                            <param name="G" type="double" />
                            <param name="B" type="double" />
                            <param name="A" type="double" />
                        </accessor>
                    </technique_common>
                </source>
                <vertices id="wood_6_0-vertices">
                    <input semantic="POSITION" source="#wood_6_0-geometry-POSITION" />
                </vertices>
                <triangles count="58" material="th_s11">
                    <input semantic="VERTEX" source="#wood_6_0-vertices" offset="0" set="0" />
                    <input semantic="NORMAL" source="#wood_6_0-geometry-NORMAL" offset="1" set="0" />
                    <input semantic="TEXCOORD" source="#wood_6_0-geometry-TEXCOORD" offset="2" set="0" />
                    <input semantic="COLOR" source="#wood_6_0-geometry-COLOR" offset="3" set="0" />
                    <p>2 1 2 1 1 1 1 1 0 0 0 0 5 0 3 0 4 1 2 1 3 0 0 0 8 3 6 2 7 2 5 2 6 2 4 2 11 3 7 2 10 3 6 2 9 2 4 2 14 2 6 2 13 4 5 2 12 4 4 2 17 2 7 2 16 2 6 2 15 4 4 2 20 4 6 2 19 5 5 2 18 5 4 2 23 4 7 2 22 4 6 2 21 5 4 2 26 5 6 2 25 6 5 2 24 6 4 2 29 5 7 2 28 5 6 2 27 6 4 2 32 6 6 2 31 7 5 2 30 7 4 2 35 6 7 2 34 6 6 2 33 7 4 2 38 7 6 2 37 8 5 2 36 8 4 2 41 7 7 2 40 7 6 2 39 8 4 2 44 8 6 2 43 9 5 2 42 9 4 2 47 8 7 2 46 8 6 2 45 9 4 2 50 9 6 2 49 10 5 2 48 10 4 2 53 9 7 2 52 9 6 2 51 10 4 2 56 10 6 2 55 11 5 2 54 11 4 2 59 10 7 2 58 10 6 2 57 11 4 2 62 11 6 2 61 12 5 3 60 12 4 3 65 11 7 2 64 11 6 2 63 12 4 3 68 12 6 3 67 13 5 4 66 13 4 4 71 12 7 3 70 12 6 3 69 13 4 4 74 13 6 4 73 14 5 5 72 14 4 5 77 13 7 4 76 13 6 4 75 14 4 5 80 14 6 5 79 15 5 7 78 15 4 6 83 14 7 5 82 14 6 5 81 15 4 6 86 15 6 7 85 16 5 9 84 16 4 8 89 15 7 6 88 15 6 7 87 16 4 8 92 18 6 10 91 17 5 10 90 17 4 10 95 18 7 10 94 18 6 10 93 17 4 10 98 19 6 10 97 18 5 10 96 18 4 10 101 19 7 10 100 19 6 10 99 18 4 10 104 20 6 10 103 19 5 10 102 19 4 10 107 20 7 10 106 20 6 10 105 19 4 10 110 21 6 10 109 20 5 10 108 20 4 10 113 21 7 10 112 21 6 10 111 20 4 10 116 22 6 10 115 21 5 10 114 21 4 10 119 22 7 10 118 22 6 10 117 21 4 10 122 23 6 10 121 22 5 10 120 22 4 10 125 23 7 10 124 23 6 10 123 22 4 10 128 24 6 10 127 23 5 10 126 23 4 10 131 24 7 10 130 24 6 10 129 23 4 10 134 25 6 10 133 24 5 10 132 24 4 10 137 25 7 10 136 25 6 10 135 24 4 10 140 26 6 11 139 25 5 10 138 25 4 10 143 26 7 11 142 26 6 11 141 25 4 10 146 27 6 12 145 26 5 11 144 26 4 11 149 27 7 12 148 27 6 12 147 26 4 11 152 28 6 13 151 27 5 12 150 27 4 12 155 28 7 13 154 28 6 13 153 27 4 12 158 29 6 14 157 28 5 13 156 28 4 13 161 29 7 14 160 29 6 14 159 28 4 13 164 30 6 15 163 29 5 14 162 29 4 14 167 30 7 15 166 30 6 15 165 29 4 14 170 31 6 16 169 30 5 15 168 30 4 15 173 31 7 16 172 31 6 16 171 30 4 15</p>
                </triangles>
            </mesh>
        </geometry>
        <geometry id="wood_6_1-geometry" name="wood_6_1">
            <mesh>
                <source id="wood_6_1-geometry-POSITION">
                    <float_array id="wood_6_1-geometry-POSITION-array" count="504">952.672 192.1364 1034.362 1067.496 236.2615 1089.443 1067.496 230.7715 1089.443 952.672 192.1364 1034.362 1067.496 230.7715 1089.443 952.672 186.6465 1034.362 1090.314 230.7715 1042.876 1090.314 236.2615 1042.876 975.49 192.1364 987.7954 1090.314 230.7715 1042.876 975.49 192.1364 987.7954 975.49 186.6465 987.7954 488.2755 82.6987 802.2828 605.0135 100.414 861.9825 605.0135 94.9241 861.9825 488.2755 82.6987 802.2828 605.0135 94.9241 861.9825 488.2755 77.20876 802.2827 627.8314 94.9241 815.416 627.8314 100.414 815.416 511.0933 82.6987 755.7162 627.8314 94.9241 815.416 511.0933 82.6987 755.7162 511.0933 77.20876 755.7161 1417.14 380.3788 1263.04 1545.845 432.873 1328.834 1545.694 428.032 1328.617 1417.14 380.3788 1263.04 1545.694 428.032 1328.617 1417.14 374.8889 1263.04 1573.763 428.032 1287.333 1573.967 432.8729 1287.603 1439.958 380.3788 1216.474 1573.763 428.032 1287.333 1439.958 380.3788 1216.474 1439.958 374.8888 1216.474 257.7513 60.85437 677.0364 370.5298 68.5116 740.8319 370.5298 63.02166 740.8318 257.7513 60.85437 677.0364 370.5298 63.02166 740.8318 257.7513 55.36443 677.0364 393.3477 63.02166 694.2653 393.3477 68.5116 694.2653 280.5692 60.85437 630.4698 393.3477 63.02166 694.2653 280.5692 60.85437 630.4698 280.5692 55.36442 630.4698 721.7516 125.3732 921.6824 837.2118 157.7624 978.0222 837.2118 152.2725 978.0222 721.7516 125.3732 921.6824 837.2118 152.2725 978.0222 721.7516 119.8833 921.6824 860.0298 152.2725 931.4556 860.0298 157.7624 931.4556 744.5696 125.3732 875.1158 860.0298 152.2725 931.4556 744.5696 125.3732 875.1158 744.5696 119.8833 875.1158 1182.32 283.0059 1144.524 1299.73 331.5712 1203.782 1299.73 326.0812 1203.782 1182.32 283.0059 1144.524 1299.73 326.0812 1203.782 1182.32 277.5159 1144.524 1322.548 326.0812 1157.215 1322.548 331.5712 1157.215 1205.138 283.0059 1097.957 1322.548 326.0812 1157.215 1205.138 283.0059 1097.957 1205.138 277.5159 1097.957 55.33209 65.08419 560.1527 155.7144 58.43318 619.5416 155.7144 52.94325 619.5416 55.33209 65.08419 560.1527 155.7144 52.94325 619.5416 55.3321 60.2177 560.1527 178.5323 52.94324 572.975 178.5323 58.43318 572.975 71.96938 65.08419 511.0375 178.5323 52.94324 572.975 71.96938 65.08419 511.0375 71.96939 60.2177 511.0375 837.2118 157.7624 978.0222 952.672 192.1364 1034.362 952.672 186.6465 1034.362 837.2118 157.7624 978.0222 952.672 186.6465 1034.362 837.2118 152.2725 978.0222 975.49 186.6465 987.7954 975.49 192.1364 987.7954 860.0298 157.7624 931.4556 975.49 186.6465 987.7954 860.0298 157.7624 931.4556 860.0298 152.2725 931.4556 605.0135 100.414 861.9825 721.7516 125.3732 921.6824 721.7516 119.8833 921.6824 605.0135 100.414 861.9825 721.7516 119.8833 921.6824 605.0135 94.9241 861.9825 744.5696 119.8833 875.1158 744.5696 125.3732 875.1158 627.8314 100.414 815.416 744.5696 119.8833 875.1158 627.8314 100.414 815.416 627.8314 94.9241 815.416 370.5298 68.5116 740.8319 488.2755 82.6987 802.2828 488.2755 77.20876 802.2827 370.5298 68.5116 740.8319 488.2755 77.20876 802.2827 370.5298 63.02166 740.8318 511.0933 77.20876 755.7161 511.0933 82.6987 755.7162 393.3477 68.5116 694.2653 511.0933 77.20876 755.7161 393.3477 68.5116 694.2653 393.3477 63.02166 694.2653 155.7144 58.43318 619.5416 257.7513 60.85437 677.0364 257.7513 55.36443 677.0364 155.7144 58.43318 619.5416 257.7513 55.36443 677.0364 155.7144 52.94325 619.5416 280.5692 55.36442 630.4698 280.5692 60.85437 630.4698 178.5323 58.43318 572.975 280.5692 55.36442 630.4698 178.5323 58.43318 572.975 178.5323 52.94324 572.975 1067.496 236.2615 1089.443 1182.32 283.0059 1144.524 1182.32 277.5159 1144.524 1067.496 236.2615 1089.443 1182.32 277.5159 1144.524 1067.496 230.7715 1089.443 1205.138 277.5159 1097.957 1205.138 283.0059 1097.957 1090.314 236.2615 1042.876 1205.138 277.5159 1097.957 1090.314 236.2615 1042.876 1090.314 230.7715 1042.876 1299.73 331.5712 1203.782 1417.14 380.3788 1263.04 1417.14 374.8889 1263.04 1299.73 331.5712 1203.782 1417.14 374.8889 1263.04 1299.73 326.0812 1203.782 1439.958 374.8888 1216.474 1439.958 380.3788 1216.474 1322.548 331.5712 1157.215 1439.958 374.8888 1216.474 1322.548 331.5712 1157.215 1322.548 326.0812 1157.215 1545.845 432.873 1328.834 1674.549 484.8986 1394.629 1674.247 480.7066 1394.194 1545.845 432.873 1328.834 1674.247 480.7066 1394.194 1545.694 428.032 1328.617 1705.568 480.7066 1356.286 1705.975 484.8985 1356.827 1573.967 432.8729 1287.603 1705.568 480.7066 1356.286 1573.967 432.8729 1287.603 1573.763 428.032 1287.333</float_array>
                    <technique_common>
                        <accessor count="168" offset="0" source="wood_6_1-geometry-POSITION-array" stride="3">
                            <param name="X" type="float" />
                            <param name="Y" type="float" />
                            <param name="Z" type="float" />
                        </accessor>
                    </technique_common>
                </source>
                <source id="wood_6_1-geometry-NORMAL">
                    <float_array id="wood_6_1-geometry-NORMAL-array" count="90">-0.4355271 -1.189726E-06 0.9001756 -0.4325106 -2.211586E-06 0.9016288 0.4325091 3.460076E-07 -0.9016296 0.4355273 -3.775255E-07 -0.9001756 -0.4589982 -6.949122E-06 0.8884372 -0.4553145 -1.759196E-06 0.8903307 0.4553135 7.800538E-06 -0.8903312 0.4589984 7.411067E-06 -0.8884371 -0.4506894 -0.00609381 0.89266 -0.4457416 -0.02739577 0.8947424 0.4560142 0.03194532 -0.889399 0.4573321 0.007009139 -0.8892684 -0.4916301 -9.76545E-07 0.8708041 -0.4775828 -5.913056E-06 0.8785868 0.4775833 1.597329E-06 -0.8785865 0.4916303 -9.967738E-07 -0.870804 -0.4469439 1.8398E-06 0.894562 -0.4385356 5.232069E-07 0.8987138 0.4385377 2.404733E-07 -0.8987128 0.4469445 3.162434E-06 -0.8945617 -0.4415641 1.058168E-07 0.8972297 -0.4505748 -5.320142E-07 0.8927387 0.4505756 -1.499089E-06 -0.8927382 0.4415653 4.775249E-07 -0.8972291 -0.9376556 -1.988539E-07 0.3475658 -0.5000735 1.31299E-06 0.8659829 0.4967197 -1.800973E-07 -0.867911 -0.3511906 -3.84653E-07 -0.936304 -0.4405796 -0.04260052 0.8967022 0.4478037 0.04985708 -0.8927408</float_array>
                    <technique_common>
                        <accessor count="30" offset="0" source="wood_6_1-geometry-NORMAL-array" stride="3">
                            <param name="X" type="float" />
                            <param name="Y" type="float" />
                            <param name="Z" type="float" />
                        </accessor>
                    </technique_common>
                </source>
                <source id="wood_6_1-geometry-TEXCOORD">
                    <float_array id="wood_6_1-geometry-TEXCOORD-array" count="8">0.3431832 0.9963598 0.8379662 0.9963598 0.8379662 0.007031083 0.3431832 0.007031083</float_array>
                    <technique_common>
                        <accessor count="4" offset="0" source="wood_6_1-geometry-TEXCOORD-array" stride="2">
                            <param name="S" type="float" />
                            <param name="T" type="float" />
                        </accessor>
                    </technique_common>
                </source>
                <source id="wood_6_1-geometry-COLOR">
                    <float_array id="wood_6_1-geometry-COLOR-array" count="52">0.6784314 0.7882353 0.9058824 1 0.6784314 0.7843137 0.9019608 1 1 1 0.9764706 1 0.6862745 0.7960784 0.9176471 1 0.6862745 0.7921569 0.9137255 1 0.682353 0.7882353 0.9058824 1 0.7019608 0.8117647 0.9333333 1 0.6941177 0.8039216 0.9254902 1 0.682353 0.7921569 0.9098039 1 0.682353 0.7882353 0.9098039 1 0.8196079 0.945098 0.9764706 1 0.7058824 0.8156863 0.9372549 1 0.3686275 0.4431373 0.5215687 1</float_array>
                    <technique_common>
                        <accessor count="13" offset="0" source="wood_6_1-geometry-COLOR-array" stride="4">
                            <param name="R" type="double" />
                            <param name="G" type="double" />
                            <param name="B" type="double" />
                            <param name="A" type="double" />
                        </accessor>
                    </technique_common>
                </source>
                <vertices id="wood_6_1-vertices">
                    <input semantic="POSITION" source="#wood_6_1-geometry-POSITION" />
                </vertices>
                <triangles count="56" material="th_s51">
                    <input semantic="VERTEX" source="#wood_6_1-vertices" offset="0" set="0" />
                    <input semantic="NORMAL" source="#wood_6_1-geometry-NORMAL" offset="1" set="0" />
                    <input semantic="TEXCOORD" source="#wood_6_1-geometry-TEXCOORD" offset="2" set="0" />
                    <input semantic="COLOR" source="#wood_6_1-geometry-COLOR" offset="3" set="0" />
                    <p>2 1 2 1 1 1 1 1 0 0 0 0 5 0 3 0 4 1 2 1 3 0 0 0 8 3 3 2 7 2 2 2 6 2 1 2 11 3 0 2 10 3 3 2 9 2 1 2 14 5 2 3 13 5 1 3 12 4 0 3 17 4 3 3 16 5 2 3 15 4 0 3 20 7 3 2 19 6 2 2 18 6 1 2 23 7 0 2 22 7 3 2 21 6 1 2 26 9 2 5 25 9 1 5 24 8 0 4 29 8 3 4 28 9 2 5 27 8 0 4 32 11 3 2 31 10 2 2 30 10 1 2 35 11 0 2 34 11 3 2 33 10 1 2 38 13 2 7 37 13 1 7 36 12 0 6 41 12 3 6 40 13 2 7 39 12 0 6 44 15 3 2 43 14 2 2 42 14 1 2 47 15 0 2 46 15 3 2 45 14 1 2 50 17 2 0 49 17 1 0 48 16 0 8 53 16 3 8 52 17 2 0 51 16 0 8 56 19 3 2 55 18 2 2 54 18 1 2 59 19 0 2 58 19 3 2 57 18 1 2 62 21 2 4 61 21 1 4 60 20 0 9 65 20 3 9 64 21 2 4 63 20 0 9 68 23 3 2 67 22 2 2 66 22 1 2 71 23 0 2 70 23 3 2 69 22 1 2 74 25 2 11 73 25 1 11 72 24 0 10 77 24 3 10 76 25 2 11 75 24 0 10 80 27 3 12 79 26 2 2 78 26 1 2 83 27 0 12 82 27 3 12 81 26 1 2 86 0 2 0 85 0 1 0 84 17 0 0 89 17 3 0 88 0 2 0 87 17 0 0 92 18 3 2 91 3 2 2 90 3 1 2 95 18 0 2 94 18 3 2 93 3 1 2 98 16 2 8 97 16 1 8 96 5 0 3 101 5 3 3 100 16 2 8 99 5 0 3 104 6 3 2 103 19 2 2 102 19 1 2 107 6 0 2 106 6 3 2 105 19 1 2 110 4 2 3 109 4 1 3 108 13 0 7 113 13 3 7 112 4 2 3 111 13 0 7 116 14 3 2 115 7 2 2 114 7 1 2 119 14 0 2 118 14 3 2 117 7 1 2 122 12 2 6 121 12 1 6 120 25 0 11 125 25 3 11 124 12 2 6 123 25 0 11 128 26 3 2 127 15 2 2 126 15 1 2 131 26 0 2 130 26 3 2 129 15 1 2 134 20 2 9 133 20 1 9 132 1 0 1 137 1 3 1 136 20 2 9 135 1 0 1 140 2 3 2 139 23 2 2 138 23 1 2 143 2 0 2 142 2 3 2 141 23 1 2 146 8 2 4 145 8 1 4 144 21 0 4 149 21 3 4 148 8 2 4 147 21 0 4 152 22 3 2 151 11 2 2 150 11 1 2 155 22 0 2 154 22 3 2 153 11 1 2 158 28 2 1 157 28 1 1 156 9 0 5 161 9 3 5 160 28 2 1 159 9 0 5 164 10 3 2 163 29 2 2 162 29 1 2 167 10 0 2 166 10 3 2 165 29 1 2</p>
                </triangles>
            </mesh>
        </geometry>
        <geometry id="wood_6_2-geometry" name="wood_6_2">
            <mesh>
                <source id="wood_6_2-geometry-POSITION">
                    <float_array id="wood_6_2-geometry-POSITION-array" count="1008">975.49 212.3823 987.7954 1090.314 256.5074 1043.974 1090.314 236.2615 1043.974 975.49 212.3823 987.7954 1090.314 236.2615 1043.974 975.49 192.1364 987.7954 511.0932 102.9446 756.3336 627.8314 120.6599 815.7789 627.8314 100.414 815.7789 511.0932 102.9446 756.3336 627.8314 100.414 815.7789 511.0932 82.6987 756.3336 1439.958 400.6247 1218.195 1572.477 461.4505 1288.335 1572.564 432.6266 1287.92 1439.958 400.6247 1218.195 1572.564 432.6266 1287.92 1439.958 380.3788 1218.195 275.6022 80.8761 632.8143 393.3477 88.75751 694.5333 393.3477 68.5116 694.5333 275.6022 80.8761 632.8143 393.3477 68.5116 694.5333 275.6022 60.63019 632.8143 744.5695 144.9883 877.7527 860.0298 178.0083 932.8279 860.0298 157.7624 932.8279 744.5695 144.9883 877.7527 860.0298 157.7624 932.8279 744.5695 124.7424 877.7527 1205.138 303.2517 1098.644 1322.548 351.8171 1158.367 1322.548 331.5712 1158.367 1205.138 303.2517 1098.644 1322.548 331.5712 1158.367 1205.138 283.0059 1098.644 74.91402 84.49318 514.7493 178.5323 78.57809 581.1199 178.5323 58.33218 581.1199 74.91402 84.49318 514.7493 178.5323 58.33218 581.1199 74.91402 64.24728 514.7493 1572.477 461.4505 1288.335 1709.809 516.8724 1359.538 1709.981 487.3037 1358.722 1572.477 461.4505 1288.335 1709.981 487.3037 1358.722 1572.564 432.6266 1287.92 1322.548 351.8171 1158.367 1439.958 400.6247 1218.195 1439.958 380.3788 1218.195 1322.548 351.8171 1158.367 1439.958 380.3788 1218.195 1322.548 331.5712 1158.367 1090.314 256.5074 1043.974 1205.138 303.2517 1098.644 1205.138 283.0059 1098.644 1090.314 256.5074 1043.974 1205.138 283.0059 1098.644 1090.314 236.2615 1043.974 860.0298 178.0083 932.8279 975.49 212.3823 987.7954 975.49 192.1364 987.7954 860.0298 178.0083 932.8279 975.49 192.1364 987.7954 860.0298 157.7624 932.8279 627.8314 120.6599 815.7789 744.5695 144.9883 877.7527 744.5695 124.7424 877.7527 627.8314 120.6599 815.7789 744.5695 124.7424 877.7527 627.8314 100.414 815.7789 393.3477 88.75751 694.5333 511.0932 102.9446 756.3336 511.0932 82.6987 756.3336 393.3477 88.75751 694.5333 511.0932 82.6987 756.3336 393.3477 68.5116 694.5333 178.5323 78.57809 581.1199 275.6022 80.8761 632.8143 275.6022 60.63019 632.8143 178.5323 78.57809 581.1199 275.6022 60.63019 632.8143 178.5323 58.33218 581.1199 1182.32 283.0059 1144.524 1182.32 303.2518 1144.524 1067.496 256.5073 1089.443 1182.32 283.0059 1144.524 1067.496 256.5073 1089.443 1067.496 236.2615 1089.443 721.7516 125.3732 921.6824 721.7516 145.6191 921.6824 605.0135 120.0772 859.7245 721.7516 125.3732 921.6824 605.0135 120.0772 859.7245 605.0135 99.83134 859.7245 1674.549 486.262 1394.629 1674.545 515.8306 1395.462 1544.145 461.4505 1327.961 1674.549 486.262 1394.629 1544.145 461.4505 1327.961 1544.147 432.6266 1327.537 488.2755 81.38155 800.679 488.2755 101.6274 800.679 370.5298 88.75751 737.5038 488.2755 81.38155 800.679 370.5298 88.75751 737.5038 370.5298 68.51161 737.5038 952.6719 192.1364 1034.362 952.6719 212.3823 1034.362 837.2118 178.0083 978.0222 952.6719 192.1364 1034.362 837.2118 178.0083 978.0222 837.2118 157.7624 978.0222 1417.14 380.3788 1263.04 1417.14 400.6246 1263.04 1299.73 351.8171 1203.782 1417.14 380.3788 1263.04 1299.73 351.8171 1203.782 1299.73 331.5712 1203.782 252.7842 60.1605 671.6876 252.7842 80.4064 671.6876 161.8748 79.32491 620.9877 252.7842 60.1605 671.6876 161.8748 79.32491 620.9877 161.8748 59.07898 620.9877 1544.147 432.6266 1327.537 1544.145 461.4505 1327.961 1417.14 400.6246 1263.04 1544.147 432.6266 1327.537 1417.14 400.6246 1263.04 1417.14 380.3788 1263.04 1299.73 331.5712 1203.782 1299.73 351.8171 1203.782 1182.32 303.2518 1144.524 1299.73 331.5712 1203.782 1182.32 303.2518 1144.524 1182.32 283.0059 1144.524 1067.496 236.2615 1089.443 1067.496 256.5073 1089.443 952.6719 212.3823 1034.362 1067.496 236.2615 1089.443 952.6719 212.3823 1034.362 952.6719 192.1364 1034.362 837.2118 157.7624 978.0222 837.2118 178.0083 978.0222 721.7516 145.6191 921.6824 837.2118 157.7624 978.0222 721.7516 145.6191 921.6824 721.7516 125.3732 921.6824 605.0135 99.83134 859.7245 605.0135 120.0772 859.7245 488.2755 101.6274 800.679 605.0135 99.83134 859.7245 488.2755 101.6274 800.679 488.2755 81.38155 800.679 370.5298 68.51161 737.5038 370.5298 88.75751 737.5038 252.7842 80.4064 671.6876 370.5298 68.51161 737.5038 252.7842 80.4064 671.6876 252.7842 60.1605 671.6876 161.8748 59.07898 620.9877 161.8748 79.32491 620.9877 58.2566 84.29408 559.1968 161.8748 59.07898 620.9877 58.2566 84.29408 559.1968 58.2566 64.04817 559.1968 1067.496 256.5073 1089.443 1182.32 303.2518 1144.524 1182.32 283.0059 1144.524 1067.496 256.5073 1089.443 1182.32 283.0059 1144.524 1067.496 236.2615 1089.443 605.0135 120.0772 859.7245 721.7516 145.6191 921.6824 721.7516 125.3732 921.6824 605.0135 120.0772 859.7245 721.7516 125.3732 921.6824 605.0135 99.83134 859.7245 1544.145 461.4505 1327.961 1674.545 515.8306 1395.462 1674.549 486.262 1394.629 1544.145 461.4505 1327.961 1674.549 486.262 1394.629 1544.147 432.6266 1327.537 370.5298 88.75751 737.5038 488.2755 101.6274 800.679 488.2755 81.38155 800.679 370.5298 88.75751 737.5038 488.2755 81.38155 800.679 370.5298 68.51161 737.5038 837.2118 178.0083 978.0222 952.6719 212.3823 1034.362 952.6719 192.1364 1034.362 837.2118 178.0083 978.0222 952.6719 192.1364 1034.362 837.2118 157.7624 978.0222 1299.73 351.8171 1203.782 1417.14 400.6246 1263.04 1417.14 380.3788 1263.04 1299.73 351.8171 1203.782 1417.14 380.3788 1263.04 1299.73 331.5712 1203.782 161.8748 79.32491 620.9877 252.7842 80.4064 671.6876 252.7842 60.1605 671.6876 161.8748 79.32491 620.9877 252.7842 60.1605 671.6876 161.8748 59.07898 620.9877 1417.14 400.6246 1263.04 1544.145 461.4505 1327.961 1544.147 432.6266 1327.537 1417.14 400.6246 1263.04 1544.147 432.6266 1327.537 1417.14 380.3788 1263.04 1182.32 303.2518 1144.524 1299.73 351.8171 1203.782 1299.73 331.5712 1203.782 1182.32 303.2518 1144.524 1299.73 331.5712 1203.782 1182.32 283.0059 1144.524 952.6719 212.3823 1034.362 1067.496 256.5073 1089.443 1067.496 236.2615 1089.443 952.6719 212.3823 1034.362 1067.496 236.2615 1089.443 952.6719 192.1364 1034.362 721.7516 145.6191 921.6824 837.2118 178.0083 978.0222 837.2118 157.7624 978.0222 721.7516 145.6191 921.6824 837.2118 157.7624 978.0222 721.7516 125.3732 921.6824 488.2755 101.6274 800.679 605.0135 120.0772 859.7245 605.0135 99.83134 859.7245 488.2755 101.6274 800.679 605.0135 99.83134 859.7245 488.2755 81.38155 800.679 252.7842 80.4064 671.6876 370.5298 88.75751 737.5038 370.5298 68.51161 737.5038 252.7842 80.4064 671.6876 370.5298 68.51161 737.5038 252.7842 60.1605 671.6876 58.2566 84.29408 559.1968 161.8748 79.32491 620.9877 161.8748 59.07898 620.9877 58.2566 84.29408 559.1968 161.8748 59.07898 620.9877 58.2566 64.04817 559.1968 1090.314 236.2615 1043.974 1090.314 256.5074 1043.974 975.49 212.3823 987.7954 1090.314 236.2615 1043.974 975.49 212.3823 987.7954 975.49 192.1364 987.7954 627.8314 100.414 815.7789 627.8314 120.6599 815.7789 511.0932 102.9446 756.3336 627.8314 100.414 815.7789 511.0932 102.9446 756.3336 511.0932 82.6987 756.3336 1572.564 432.6266 1287.92 1572.477 461.4505 1288.335 1439.958 400.6247 1218.195 1572.564 432.6266 1287.92 1439.958 400.6247 1218.195 1439.958 380.3788 1218.195 393.3477 68.5116 694.5333 393.3477 88.75751 694.5333 275.6022 80.8761 632.8143 393.3477 68.5116 694.5333 275.6022 80.8761 632.8143 275.6022 60.63019 632.8143 860.0298 157.7624 932.8279 860.0298 178.0083 932.8279 744.5695 144.9883 877.7527 860.0298 157.7624 932.8279 744.5695 144.9883 877.7527 744.5695 124.7424 877.7527 1322.548 331.5712 1158.367 1322.548 351.8171 1158.367 1205.138 303.2517 1098.644 1322.548 331.5712 1158.367 1205.138 303.2517 1098.644 1205.138 283.0059 1098.644 178.5323 58.33218 581.1199 178.5323 78.57809 581.1199 74.91402 84.49318 514.7493 178.5323 58.33218 581.1199 74.91402 84.49318 514.7493 74.91402 64.24728 514.7493 1709.981 487.3037 1358.722 1709.809 516.8724 1359.538 1572.477 461.4505 1288.335 1709.981 487.3037 1358.722 1572.477 461.4505 1288.335 1572.564 432.6266 1287.92 1439.958 380.3788 1218.195 1439.958 400.6247 1218.195 1322.548 351.8171 1158.367 1439.958 380.3788 1218.195 1322.548 351.8171 1158.367 1322.548 331.5712 1158.367 1205.138 283.0059 1098.644 1205.138 303.2517 1098.644 1090.314 256.5074 1043.974 1205.138 283.0059 1098.644 1090.314 256.5074 1043.974 1090.314 236.2615 1043.974 975.49 192.1364 987.7954 975.49 212.3823 987.7954 860.0298 178.0083 932.8279 975.49 192.1364 987.7954 860.0298 178.0083 932.8279 860.0298 157.7624 932.8279 744.5695 124.7424 877.7527 744.5695 144.9883 877.7527 627.8314 120.6599 815.7789 744.5695 124.7424 877.7527 627.8314 120.6599 815.7789 627.8314 100.414 815.7789 511.0932 82.6987 756.3336 511.0932 102.9446 756.3336 393.3477 88.75751 694.5333 511.0932 82.6987 756.3336 393.3477 88.75751 694.5333 393.3477 68.5116 694.5333 275.6022 60.63019 632.8143 275.6022 80.8761 632.8143 178.5323 78.57809 581.1199 275.6022 60.63019 632.8143 178.5323 78.57809 581.1199 178.5323 58.33218 581.1199</float_array>
                    <technique_common>
                        <accessor count="336" offset="0" source="wood_6_2-geometry-POSITION-array" stride="3">
                            <param name="X" type="float" />
                            <param name="Y" type="float" />
                            <param name="Z" type="float" />
                        </accessor>
                    </technique_common>
                </source>
                <source id="wood_6_2-geometry-NORMAL">
                    <float_array id="wood_6_2-geometry-NORMAL-array" count="180">-0.4346682 1.828489E-07 0.9005907 -0.4346879 -2.540213E-07 0.9005812 -0.4592651 -2.953067E-07 0.8882992 -0.4613536 -1.118199E-07 0.8872163 -0.4589242 -0.004160037 0.8884656 -0.4581491 -0.01456112 0.888756 -0.4671568 1.440617E-07 0.8841745 -0.4644991 -7.615522E-09 0.8855736 -0.4498202 1.983582E-10 0.8931191 -0.4301907 1.310219E-07 0.902738 -0.4416717 -6.685397E-07 0.8971767 -0.4537011 -1.16764E-06 0.8911539 -0.5393701 -1.930816E-07 0.8420688 -0.5051174 -2.918322E-09 0.8630506 -0.4524574 -0.02080257 0.8915433 0.4415667 -4.287261E-07 -0.8972284 0.4325108 2.647246E-07 -0.9016287 0.4537357 -7.267862E-08 -0.8911363 0.4600981 -1.432829E-07 -0.8878681 0.4522112 0.01925029 -0.8917031 0.4517227 0.01349119 -0.8920564 0.4620999 2.401368E-07 -0.8868279 0.4803699 -1.067225E-08 -0.877066 0.4355254 -9.118276E-08 -0.9001764 0.4385351 -1.63809E-07 -0.8987141 0.4509004 0.003866156 -0.8925658 0.4505765 -1.411132E-07 -0.8927379 0.4874946 -1.596406E-07 -0.873126 0.499677 3.520611E-08 -0.8662118 0.5121781 8.866937E-08 -0.8588793 -0.4325108 2.647248E-07 0.9016288 -0.4415667 -4.287258E-07 0.8972284 -0.4600977 -1.432829E-07 0.8878683 -0.4537353 -7.267871E-08 0.8911365 -0.4517218 -0.01349143 0.8920569 -0.4522106 -0.01925113 0.8917034 -0.4803702 -1.067224E-08 0.8770658 -0.4620998 2.401368E-07 0.8868279 -0.4385346 -1.638089E-07 0.8987143 -0.435525 -9.118256E-08 0.9001766 -0.4505773 -1.41113E-07 0.8927374 -0.4509006 -0.003865364 0.8925658 -0.4996771 3.520612E-08 0.8662118 -0.4874949 -1.596406E-07 0.8731258 -0.5121779 8.866937E-08 0.8588794 0.4346865 -2.540214E-07 -0.9005818 0.4346674 1.828489E-07 -0.9005911 0.4613534 -1.118199E-07 -0.8872164 0.4592653 -2.953067E-07 -0.8882992 0.4581488 0.01456081 -0.8887563 0.4589233 0.004158791 -0.8884661 0.4644993 -7.615527E-09 -0.8855735 0.4671568 1.440618E-07 -0.8841745 0.4301895 1.310219E-07 -0.9027386 0.4498194 1.983298E-10 -0.8931195 0.4537017 -1.16764E-06 -0.8911536 0.4416716 -6.685397E-07 -0.8971768 0.5051172 -2.918329E-09 -0.8630508 0.5393702 -1.930816E-07 -0.8420687 0.452458 0.02080173 -0.8915431</float_array>
                    <technique_common>
                        <accessor count="60" offset="0" source="wood_6_2-geometry-NORMAL-array" stride="3">
                            <param name="X" type="float" />
                            <param name="Y" type="float" />
                            <param name="Z" type="float" />
                        </accessor>
                    </technique_common>
                </source>
                <source id="wood_6_2-geometry-TEXCOORD">
                    <float_array id="wood_6_2-geometry-TEXCOORD-array" count="18">0.001784086 0.9931354 0.9925476 0.9931354 0.9925476 0.02259749 0.001784086 0.02259749 0.001243532 0.9931354 0.9925486 0.9931354 0.9925486 0.9931353 0.9925486 0.02259755 0.001784086 0.02259755</float_array>
                    <technique_common>
                        <accessor count="9" offset="0" source="wood_6_2-geometry-TEXCOORD-array" stride="2">
                            <param name="S" type="float" />
                            <param name="T" type="float" />
                        </accessor>
                    </technique_common>
                </source>
                <source id="wood_6_2-geometry-COLOR">
                    <float_array id="wood_6_2-geometry-COLOR-array" count="88">0.6784314 0.7882353 0.9098039 1 0.6784314 0.7882353 0.9058824 1 0.6901961 0.8 0.9215686 1 0.6901961 0.8 0.9176471 1 0.6901961 0.7960784 0.9176471 1 0.6941177 0.8039216 0.9254902 1 0.6941177 0.8039216 0.9215686 1 0.6862745 0.7960784 0.9176471 1 0.6862745 0.7960784 0.9137255 1 0.682353 0.7921569 0.9098039 1 0.7215686 0.8313726 0.9568627 1 0.7058824 0.8196079 0.9411765 1 1 1 0.9764706 1 0.6784314 0.7843137 0.9058824 1 0.682353 0.7882353 0.9098039 1 0.6784314 0.7843137 0.9019608 1 0.6862745 0.7921569 0.9137255 1 0.6862745 0.7921569 0.9098039 1 0.6980392 0.8078431 0.9294118 1 0.7058824 0.8156863 0.9372549 1 0.6980392 0.8117647 0.9333333 1 0.7098039 0.8196079 0.945098 1</float_array>
                    <technique_common>
                        <accessor count="22" offset="0" source="wood_6_2-geometry-COLOR-array" stride="4">
                            <param name="R" type="double" />
                            <param name="G" type="double" />
                            <param name="B" type="double" />
                            <param name="A" type="double" />
                        </accessor>
                    </technique_common>
                </source>
                <vertices id="wood_6_2-vertices">
                    <input semantic="POSITION" source="#wood_6_2-geometry-POSITION" />
                </vertices>
                <triangles count="112" material="l_s1">
                    <input semantic="VERTEX" source="#wood_6_2-vertices" offset="0" set="0" />
                    <input semantic="NORMAL" source="#wood_6_2-geometry-NORMAL" offset="1" set="0" />
                    <input semantic="TEXCOORD" source="#wood_6_2-geometry-TEXCOORD" offset="2" set="0" />
                    <input semantic="COLOR" source="#wood_6_2-geometry-COLOR" offset="3" set="0" />
                    <p>2 1 2 1 1 1 1 0 0 0 0 0 5 0 3 1 4 1 2 1 3 0 0 0 8 3 2 2 7 3 1 2 6 2 0 2 11 2 3 2 10 3 2 2 9 2 0 2 14 5 2 4 13 5 1 3 12 4 0 2 17 4 3 2 16 5 2 4 15 4 0 2 20 7 2 6 19 7 1 5 18 6 0 5 23 6 3 5 22 7 2 6 21 6 0 5 26 9 2 1 25 9 1 1 24 8 0 7 29 8 3 8 28 9 2 1 27 8 0 7 32 11 2 7 31 11 1 7 30 10 0 9 35 10 3 9 34 11 2 7 33 10 0 9 38 13 2 11 37 13 1 11 36 12 0 10 41 12 3 10 40 13 2 11 39 12 0 10 44 14 2 8 43 14 5 8 42 5 4 3 47 5 3 4 46 14 2 8 45 5 4 3 50 4 7 2 49 4 6 2 48 11 0 7 53 11 8 7 52 4 7 2 51 11 0 7 56 10 7 9 55 10 6 9 54 1 0 0 59 1 8 1 58 10 7 9 57 1 0 0 62 0 7 1 61 0 6 0 60 9 0 1 65 9 8 1 64 0 7 1 63 9 0 1 68 8 7 8 67 8 6 7 66 3 0 2 71 3 8 2 70 8 7 8 69 3 0 2 74 2 7 2 73 2 6 2 72 7 0 5 77 7 8 6 76 2 7 2 75 7 0 5 80 6 7 5 79 6 6 5 78 13 0 11 83 13 8 11 82 6 7 5 81 13 0 11 86 16 0 12 85 15 6 12 84 15 7 12 89 16 8 12 88 16 0 12 87 15 7 12 92 18 0 12 91 17 6 12 90 17 7 12 95 18 8 12 94 18 0 12 93 17 7 12 98 20 4 12 97 19 5 12 96 19 2 12 101 20 3 12 100 20 4 12 99 19 2 12 104 22 0 12 103 21 6 12 102 21 7 12 107 22 8 12 106 22 0 12 105 21 7 12 110 24 0 12 109 23 6 12 108 23 7 12 113 24 8 12 112 24 0 12 111 23 7 12 116 26 0 12 115 25 6 12 114 25 7 12 119 26 8 12 118 26 0 12 117 25 7 12 122 28 0 12 121 27 6 12 120 27 7 12 125 28 8 12 124 28 0 12 123 27 7 12 128 25 0 12 127 20 1 12 126 20 2 12 131 25 3 12 130 25 0 12 129 20 2 12 134 15 0 12 133 26 1 12 132 26 2 12 137 15 3 12 136 15 0 12 135 26 2 12 140 23 0 12 139 16 1 12 138 16 2 12 143 23 3 12 142 23 0 12 141 16 2 12 146 17 0 12 145 24 1 12 144 24 2 12 149 17 3 12 148 17 0 12 147 24 2 12 152 21 0 12 151 18 1 12 150 18 2 12 155 21 3 12 154 21 0 12 153 18 2 12 158 27 0 12 157 22 1 12 156 22 2 12 161 27 3 12 160 27 0 12 159 22 2 12 164 29 0 12 163 28 1 12 162 28 2 12 167 29 3 12 166 29 0 12 165 28 2 12 170 31 7 14 169 31 6 14 168 30 0 13 173 30 8 15 172 31 7 14 171 30 0 13 176 33 7 8 175 33 6 8 174 32 0 4 179 32 8 4 178 33 7 8 177 32 0 4 182 35 2 17 181 35 5 16 180 34 4 16 185 34 3 16 184 35 2 17 183 34 4 16 188 37 7 3 187 37 6 3 186 36 0 18 191 36 8 18 190 37 7 3 189 36 0 18 194 39 7 1 193 39 6 1 192 38 0 1 197 38 8 1 196 39 7 1 195 38 0 1 200 41 7 16 199 41 6 16 198 40 0 16 203 40 8 16 202 41 7 16 201 40 0 16 206 43 7 20 205 43 6 20 204 42 0 19 209 42 8 19 208 43 7 20 207 42 0 19 212 34 2 16 211 34 1 16 210 41 0 16 215 41 3 16 214 34 2 16 213 41 0 16 218 40 2 16 217 40 1 16 216 31 0 14 221 31 3 14 220 40 2 16 219 31 0 14 224 30 2 15 223 30 1 13 222 39 0 1 227 39 3 1 226 30 2 15 225 39 0 1 230 38 2 1 229 38 1 1 228 33 0 8 233 33 3 8 232 38 2 1 231 33 0 8 236 32 2 4 235 32 1 4 234 37 0 3 239 37 3 3 238 32 2 4 237 37 0 3 242 36 2 18 241 36 1 18 240 43 0 20 245 43 3 20 244 36 2 18 243 43 0 20 248 42 2 19 247 42 1 19 246 44 0 21 251 44 3 21 250 42 2 19 249 44 0 21 254 46 0 12 253 45 1 12 252 45 2 12 257 46 3 12 256 46 0 12 255 45 2 12 260 48 0 12 259 47 1 12 258 47 2 12 263 48 3 12 262 48 0 12 261 47 2 12 266 50 0 12 265 49 1 12 264 49 2 12 269 50 3 12 268 50 0 12 267 49 2 12 272 52 0 12 271 51 1 12 270 51 2 12 275 52 3 12 274 52 0 12 273 51 2 12 278 54 0 12 277 53 1 12 276 53 2 12 281 54 3 12 280 54 0 12 279 53 2 12 284 56 0 12 283 55 1 12 282 55 2 12 287 56 3 12 286 56 0 12 285 55 2 12 290 58 0 12 289 57 1 12 288 57 2 12 293 58 3 12 292 58 0 12 291 57 2 12 296 49 4 12 295 59 5 12 294 59 2 12 299 49 3 12 298 49 4 12 297 59 2 12 302 55 0 12 301 50 6 12 300 50 7 12 305 55 8 12 304 55 0 12 303 50 7 12 308 45 0 12 307 56 6 12 306 56 7 12 311 45 8 12 310 45 0 12 309 56 7 12 314 53 0 12 313 46 6 12 312 46 7 12 317 53 8 12 316 53 0 12 315 46 7 12 320 47 0 12 319 54 6 12 318 54 7 12 323 47 8 12 322 47 0 12 321 54 7 12 326 51 0 12 325 48 6 12 324 48 7 12 329 51 8 12 328 51 0 12 327 48 7 12 332 57 0 12 331 52 6 12 330 52 7 12 335 57 8 12 334 57 0 12 333 52 7 12</p>
                </triangles>
            </mesh>
        </geometry>
        <geometry id="wood_5_0-geometry" name="wood_5_0">
            <mesh>
                <source id="wood_5_0-geometry-POSITION">
                    <float_array id="wood_5_0-geometry-POSITION-array" count="72">1816.696 947.5292 1643.47 1825.865 975.9128 1624.983 1819.775 975.8185 1644.564 1822.786 947.6235 1623.889 1825.865 975.9128 1624.983 1816.696 947.5292 1643.47 1822.786 947.6235 1623.889 1832.83 976.0205 1602.586 1825.865 975.9128 1624.983 1829.751 947.7311 1601.493 1832.83 976.0205 1602.586 1822.786 947.6235 1623.889 1829.751 947.7311 1601.493 1772.208 482.8564 1605.924 1779.173 482.9641 1583.527 1822.786 947.6235 1623.889 1772.208 482.8564 1605.924 1829.751 947.7311 1601.493 1822.786 947.6235 1623.889 1766.118 482.7622 1625.505 1772.208 482.8564 1605.924 1816.696 947.5292 1643.47 1766.118 482.7622 1625.505 1822.786 947.6235 1623.889</float_array>
                    <technique_common>
                        <accessor count="24" offset="0" source="wood_5_0-geometry-POSITION-array" stride="3">
                            <param name="X" type="float" />
                            <param name="Y" type="float" />
                            <param name="Z" type="float" />
                        </accessor>
                    </technique_common>
                </source>
                <source id="wood_5_0-geometry-NORMAL">
                    <float_array id="wood_5_0-geometry-NORMAL-array" count="27">-0.9487472 0.1146321 -0.2945136 -0.948747 0.1146342 -0.2945134 -0.9487464 0.1146329 -0.2945156 -0.9487475 0.1146328 -0.2945125 -0.9487475 0.1146355 -0.2945112 -0.9487477 0.1146336 -0.2945113 -0.9487479 0.1146315 -0.2945116 -0.9487479 0.1146317 -0.2945114 -0.9487479 0.1146313 -0.2945117</float_array>
                    <technique_common>
                        <accessor count="9" offset="0" source="wood_5_0-geometry-NORMAL-array" stride="3">
                            <param name="X" type="float" />
                            <param name="Y" type="float" />
                            <param name="Z" type="float" />
                        </accessor>
                    </technique_common>
                </source>
                <source id="wood_5_0-geometry-TEXCOORD">
                    <float_array id="wood_5_0-geometry-TEXCOORD-array" count="18">-0.002601326 0.9267516 0.9882828 0.9822723 -0.002601326 0.9822723 0.9882828 0.9267516 -0.002601295 0.9822723 -0.002601295 0.9267516 0.9882829 0.01459819 -0.002601295 0.01459819 -0.002601326 0.01459819</float_array>
                    <technique_common>
                        <accessor count="9" offset="0" source="wood_5_0-geometry-TEXCOORD-array" stride="2">
                            <param name="S" type="float" />
                            <param name="T" type="float" />
                        </accessor>
                    </technique_common>
                </source>
                <source id="wood_5_0-geometry-COLOR">
                    <float_array id="wood_5_0-geometry-COLOR-array" count="8">0.8156863 0.9529412 0.9764706 1 0.8078431 0.9411765 0.9764706 1</float_array>
                    <technique_common>
                        <accessor count="2" offset="0" source="wood_5_0-geometry-COLOR-array" stride="4">
                            <param name="R" type="double" />
                            <param name="G" type="double" />
                            <param name="B" type="double" />
                            <param name="A" type="double" />
                        </accessor>
                    </technique_common>
                </source>
                <vertices id="wood_5_0-vertices">
                    <input semantic="POSITION" source="#wood_5_0-geometry-POSITION" />
                </vertices>
                <triangles count="8" material="stair_s">
                    <input semantic="VERTEX" source="#wood_5_0-vertices" offset="0" set="0" />
                    <input semantic="NORMAL" source="#wood_5_0-geometry-NORMAL" offset="1" set="0" />
                    <input semantic="TEXCOORD" source="#wood_5_0-geometry-TEXCOORD" offset="2" set="0" />
                    <input semantic="COLOR" source="#wood_5_0-geometry-COLOR" offset="3" set="0" />
                    <p>2 2 2 0 1 1 1 0 0 0 0 0 5 0 0 0 4 1 1 0 3 3 3 0 8 1 1 0 7 4 4 0 6 3 3 0 11 3 3 0 10 4 4 0 9 5 5 0 14 7 7 1 13 6 6 1 12 5 5 0 17 5 5 0 16 6 6 1 15 3 3 0 20 6 6 1 19 8 8 1 18 3 3 0 23 3 3 0 22 8 8 1 21 0 0 0</p>
                </triangles>
            </mesh>
        </geometry>
        <geometry id="wood_5_1-geometry" name="wood_5_1">
            <mesh>
                <source id="wood_5_1-geometry-POSITION">
                    <float_array id="wood_5_1-geometry-POSITION-array" count="414">1899.456 974.4837 1616.144 1899.194 482.7511 1548.199 1946.084 482.7511 1582.267 1881.384 974.4837 1603.013 1899.194 482.7511 1548.199 1899.456 974.4837 1616.144 1881.384 974.4837 1603.013 1841.235 482.7511 1548.199 1899.194 482.7511 1548.199 1859.045 974.4837 1603.013 1841.235 482.7511 1548.199 1881.384 974.4837 1603.013 1859.045 974.4837 1603.013 1794.345 482.7511 1582.267 1841.235 482.7511 1548.199 1840.973 974.4837 1616.144 1794.345 482.7511 1582.267 1859.045 974.4837 1603.013 1840.973 974.4837 1616.144 1776.435 482.7511 1637.389 1794.345 482.7511 1582.267 1834.07 974.4837 1637.389 1776.435 482.7511 1637.389 1840.973 974.4837 1616.144 1834.07 974.4837 1637.389 1794.345 482.7511 1692.512 1776.435 482.7511 1637.389 1840.973 974.4837 1658.635 1794.345 482.7511 1692.512 1834.07 974.4837 1637.389 1840.973 974.4837 1658.635 1841.235 482.7511 1726.579 1794.345 482.7511 1692.512 1859.045 974.4837 1671.765 1841.235 482.7511 1726.579 1840.973 974.4837 1658.635 1859.045 974.4837 1671.765 1899.194 482.7511 1726.579 1841.235 482.7511 1726.579 1881.384 974.4837 1671.765 1899.194 482.7511 1726.579 1859.045 974.4837 1671.765 1946.084 482.7511 1582.267 1963.995 482.7511 1637.389 1906.359 974.4837 1637.389 1946.084 482.7511 1582.267 1906.359 974.4837 1637.389 1899.456 974.4837 1616.144 1913.448 1030.923 1605.978 1887.335 973.6933 1584.698 1915.036 973.6933 1604.824 1886.728 1030.923 1586.565 1887.335 973.6933 1584.698 1913.448 1030.923 1605.978 1886.728 1030.923 1586.565 1853.094 973.6933 1584.698 1887.335 973.6933 1584.698 1853.701 1030.923 1586.565 1853.094 973.6933 1584.698 1886.728 1030.923 1586.565 1853.701 1030.923 1586.565 1825.393 973.6933 1604.824 1853.094 973.6933 1584.698 1826.981 1030.923 1605.978 1825.393 973.6933 1604.824 1853.701 1030.923 1586.565 1826.981 1030.923 1605.978 1814.813 973.6933 1637.389 1825.393 973.6933 1604.824 1816.775 1030.923 1637.389 1814.813 973.6933 1637.389 1826.981 1030.923 1605.978 1816.775 1030.923 1637.389 1825.393 973.6933 1669.954 1814.813 973.6933 1637.389 1826.981 1030.923 1668.8 1825.393 973.6933 1669.954 1816.775 1030.923 1637.389 1826.981 1030.923 1668.8 1853.094 973.6933 1690.08 1825.393 973.6933 1669.954 1853.701 1030.923 1688.213 1853.094 973.6933 1690.08 1826.981 1030.923 1668.8 1853.701 1030.923 1688.213 1887.335 973.6933 1690.08 1853.094 973.6933 1690.08 1886.728 1030.923 1688.213 1887.335 973.6933 1690.08 1853.701 1030.923 1688.213 1886.728 1030.923 1688.213 1915.036 973.6933 1669.954 1887.335 973.6933 1690.08 1913.448 1030.923 1668.8 1915.036 973.6933 1669.954 1886.728 1030.923 1688.213 1913.448 1030.923 1668.8 1925.617 973.6933 1637.389 1915.036 973.6933 1669.954 1923.654 1030.923 1637.389 1925.617 973.6933 1637.389 1913.448 1030.923 1668.8 1923.654 1030.923 1637.389 1915.036 973.6933 1604.824 1925.617 973.6933 1637.389 1913.448 1030.923 1605.978 1915.036 973.6933 1604.824 1923.654 1030.923 1637.389 1887.335 973.6933 1584.698 1870.215 973.6933 1637.389 1915.036 973.6933 1604.824 1853.094 973.6934 1584.699 1870.215 973.6934 1637.389 1887.335 973.6934 1584.699 1825.393 973.6932 1604.824 1870.215 973.6932 1637.389 1853.094 973.6932 1584.698 1814.813 973.6933 1637.389 1870.215 973.6933 1637.389 1825.393 973.6933 1604.824 1825.393 973.6934 1669.954 1870.215 973.6934 1637.389 1814.813 973.6934 1637.389 1853.094 973.6933 1690.08 1870.215 973.6933 1637.389 1825.393 973.6933 1669.954 1887.335 973.6932 1690.08 1870.214 973.6932 1637.389 1853.094 973.6932 1690.08 1915.036 973.6933 1669.954 1870.215 973.6933 1637.389 1887.335 973.6933 1690.08 1925.617 973.6933 1637.389 1870.215 973.6933 1637.389 1915.036 973.6933 1669.954 1915.036 973.6934 1604.825 1870.215 973.6934 1637.389 1925.617 973.6934 1637.389</float_array>
                    <technique_common>
                        <accessor count="138" offset="0" source="wood_5_1-geometry-POSITION-array" stride="3">
                            <param name="X" type="float" />
                            <param name="Y" type="float" />
                            <param name="Z" type="float" />
                        </accessor>
                    </technique_common>
                </source>
                <source id="wood_5_1-geometry-NORMAL">
                    <float_array id="wood_5_1-geometry-NORMAL-array" count="87">0.8035166 0.116412 -0.5837888 0.3069156 0.1164119 -0.9445904 -0.3069173 0.1164118 -0.9445899 -0.8035172 0.1164115 -0.583788 -0.9932011 0.1164114 3.288152E-07 -0.8035173 0.1164115 0.5837879 -0.3069174 0.1164119 0.9445899 5.063085E-07 0.110786 0.9938443 0.9452024 0.1107859 -0.307114 0.808542 0.03427115 -0.5874397 0.3088339 0.03427186 -0.9504983 -0.3088339 0.0342719 -0.9504983 -0.8085417 0.03427104 -0.5874401 -0.9994127 0.03426897 1.190701E-06 -0.808542 0.03426829 0.5874398 -0.3088362 0.03426887 0.9504977 0.3088332 0.0342693 0.9504986 0.8085411 0.03426879 0.587441 0.9994127 0.03426919 1.660715E-06 0 -1 2.03122E-07 0 -1 -6.131771E-07 0 -1 -8.773047E-08 0 -1 -8.146616E-07 0 -1 1.358509E-07 0 -1 2.274166E-06 0 -1 3.100274E-07 0 -1 1.090239E-07 0 -1 -1.66263E-06 0 -1 -4.479879E-07</float_array>
                    <technique_common>
                        <accessor count="29" offset="0" source="wood_5_1-geometry-NORMAL-array" stride="3">
                            <param name="X" type="float" />
                            <param name="Y" type="float" />
                            <param name="Z" type="float" />
                        </accessor>
                    </technique_common>
                </source>
                <source id="wood_5_1-geometry-TEXCOORD">
                    <float_array id="wood_5_1-geometry-TEXCOORD-array" count="98">-1.398303 0.8289593 -1.046246 0.06553537 -1.398303 0.06553537 -1.046246 0.8289593 -0.6941893 0.06553537 -0.6941893 0.8289593 -0.3421331 0.06553537 -0.3421331 0.8289593 0.009923568 0.06553537 0.009923568 0.8289593 0.3619802 0.06553537 0.3619802 0.8289593 0.714037 0.06553537 0.714037 0.8289593 1.066094 0.06553537 1.066094 0.8289593 1.770207 0.06553537 1.770207 0.8289593 0.007105225 1.000517 -0.5601187 -0.0127213 0.007105225 -0.0127213 -0.5601187 1.000517 -0.2712299 -0.0127213 -0.2712299 1.000517 0.01765934 -0.0127213 0.01765934 1.000517 0.3065484 -0.0127213 0.3065484 1.000517 0.5954377 -0.0127213 0.5954377 1.000517 0.8843269 -0.0127213 0.8843269 1.000517 1.173216 -0.0127213 1.173216 1.000517 1.462106 -0.0127213 1.462106 1.000517 0.8948821 -0.0127213 0.8948821 1.000517 -0.469587 -0.2273396 0.4999999 -0.6682384 -0.7466119 -0.2273396 -0.1925622 -0.2273396 0.0844627 -0.2273396 0.3614876 -0.2273396 0.6385125 -0.2273396 0.9155374 -0.2273396 1.192562 -0.2273396 1.469587 -0.2273396 1.746612 -0.2273396</float_array>
                    <technique_common>
                        <accessor count="49" offset="0" source="wood_5_1-geometry-TEXCOORD-array" stride="2">
                            <param name="S" type="float" />
                            <param name="T" type="float" />
                        </accessor>
                    </technique_common>
                </source>
                <source id="wood_5_1-geometry-COLOR">
                    <float_array id="wood_5_1-geometry-COLOR-array" count="72">1 1 0.9764706 1 0.7019608 0.827451 0.9568627 1 0.7098039 0.8352941 0.9686275 1 0.8627451 1 0.9764706 1 0.8705882 1 0.9764706 1 0.827451 0.9568627 0.9764706 1 0.8352941 0.9686275 0.9764706 1 0.6117647 0.7176471 0.827451 1 0.6156863 0.7215686 0.8352941 1 0.4235294 0.5176471 0.6078432 1 0.427451 0.5176471 0.6078432 1 0.7098039 0.8313726 0.9607843 1 0.7098039 0.8313726 0.9647059 1 0.8352941 0.9647059 0.9764706 1 0.6156863 0.7137255 0.8235294 1 0.3215686 0.3490196 0.3921569 1 0.3215686 0.3490196 0.3882353 1 0.3215686 0.3529412 0.3921569 1</float_array>
                    <technique_common>
                        <accessor count="18" offset="0" source="wood_5_1-geometry-COLOR-array" stride="4">
                            <param name="R" type="double" />
                            <param name="G" type="double" />
                            <param name="B" type="double" />
                            <param name="A" type="double" />
                        </accessor>
                    </technique_common>
                </source>
                <vertices id="wood_5_1-vertices">
                    <input semantic="POSITION" source="#wood_5_1-geometry-POSITION" />
                </vertices>
                <triangles count="46" material="to_s1">
                    <input semantic="VERTEX" source="#wood_5_1-vertices" offset="0" set="0" />
                    <input semantic="NORMAL" source="#wood_5_1-geometry-NORMAL" offset="1" set="0" />
                    <input semantic="TEXCOORD" source="#wood_5_1-geometry-TEXCOORD" offset="2" set="0" />
                    <input semantic="COLOR" source="#wood_5_1-geometry-COLOR" offset="3" set="0" />
                    <p>2 0 2 0 1 1 1 0 0 0 0 0 5 0 0 0 4 1 1 0 3 1 3 0 8 1 1 0 7 2 4 0 6 1 3 0 11 1 3 0 10 2 4 0 9 2 5 0 14 2 4 0 13 3 6 1 12 2 5 0 17 2 5 0 16 3 6 1 15 3 7 2 20 3 6 1 19 4 8 3 18 3 7 2 23 3 7 2 22 4 8 3 21 4 9 4 26 4 8 3 25 5 10 5 24 4 9 4 29 4 9 4 28 5 10 5 27 5 11 6 32 5 10 5 31 6 12 7 30 5 11 6 35 5 11 6 34 6 12 7 33 6 13 8 38 6 12 7 37 7 14 0 36 6 13 8 41 6 13 8 40 7 14 0 39 7 15 0 44 8 17 0 43 8 16 0 42 0 2 0 47 0 0 0 46 8 17 0 45 0 2 0 50 9 20 0 49 10 19 0 48 9 18 0 53 9 18 0 52 10 19 0 51 10 21 0 56 10 19 0 55 11 22 9 54 10 21 0 59 10 21 0 58 11 22 9 57 11 23 10 62 11 22 9 61 12 24 11 60 11 23 10 65 11 23 10 64 12 24 11 63 12 25 12 68 12 24 11 67 13 26 4 66 12 25 12 71 12 25 12 70 13 26 4 69 13 27 4 74 13 26 4 73 14 28 13 72 13 27 4 77 13 27 4 76 14 28 13 75 14 29 13 80 14 28 13 79 15 30 14 78 14 29 13 83 14 29 13 82 15 30 14 81 15 31 14 86 15 30 14 85 16 32 0 84 15 31 14 89 15 31 14 88 16 32 0 87 16 33 0 92 16 32 0 91 17 34 0 90 16 33 0 95 16 33 0 94 17 34 0 93 17 35 0 98 17 34 0 97 18 36 0 96 17 35 0 101 17 35 0 100 18 36 0 99 18 37 0 104 18 36 0 103 9 20 0 102 18 37 0 107 18 37 0 106 9 20 0 105 9 18 0 110 19 40 15 109 19 39 15 108 19 38 15 113 20 38 15 112 20 39 15 111 20 41 16 116 21 41 16 115 21 39 15 114 21 42 16 119 22 42 16 118 22 39 15 117 22 43 16 122 23 43 16 121 23 39 15 120 23 44 16 125 24 44 16 124 24 39 15 123 24 45 16 128 25 45 16 127 25 39 15 126 25 46 15 131 26 46 15 130 26 39 15 129 26 47 15 134 27 47 15 133 27 39 15 132 27 48 17 137 28 48 17 136 28 39 15 135 28 40 15</p>
                </triangles>
            </mesh>
        </geometry>
        <geometry id="wood_5_2-geometry" name="wood_5_2">
            <mesh>
                <source id="wood_5_2-geometry-POSITION">
                    <float_array id="wood_5_2-geometry-POSITION-array" count="72">1878.979 1224.738 1647.48 1866.502 973.0219 1636.994 1876.391 972.7983 1637.507 1873.117 1224.871 1646.392 1866.502 973.0219 1636.994 1878.979 1224.738 1647.48 1873.117 1224.871 1646.392 1866.692 972.7063 1644.918 1866.502 973.0219 1636.994 1873.23 1224.684 1651.089 1866.692 972.7063 1644.918 1873.117 1224.871 1646.392 1873.23 1224.684 1651.089 1874.291 972.4608 1647.18 1866.692 972.7063 1644.918 1877.734 1224.538 1652.431 1874.291 972.4608 1647.18 1873.23 1224.684 1651.089 1877.734 1224.538 1652.431 1876.391 972.7983 1637.507 1874.291 972.4608 1647.18 1878.979 1224.738 1647.48 1876.391 972.7983 1637.507 1877.734 1224.538 1652.431</float_array>
                    <technique_common>
                        <accessor count="24" offset="0" source="wood_5_2-geometry-POSITION-array" stride="3">
                            <param name="X" type="float" />
                            <param name="Y" type="float" />
                            <param name="Z" type="float" />
                        </accessor>
                    </technique_common>
                </source>
                <source id="wood_5_2-geometry-NORMAL">
                    <float_array id="wood_5_2-geometry-NORMAL-array" count="12">0.8126665 0.01357457 -0.582571 -0.678695 0.04664715 -0.7329374 -0.7942711 0.005729151 0.6075364 0.503916 -0.02518384 0.8633854</float_array>
                    <technique_common>
                        <accessor count="4" offset="0" source="wood_5_2-geometry-NORMAL-array" stride="3">
                            <param name="X" type="float" />
                            <param name="Y" type="float" />
                            <param name="Z" type="float" />
                        </accessor>
                    </technique_common>
                </source>
                <source id="wood_5_2-geometry-TEXCOORD">
                    <float_array id="wood_5_2-geometry-TEXCOORD-array" count="20">0.07985432 0.9670202 0.2487971 0.03354096 0.07985432 0.03354096 0.2487971 0.9670202 0.4177396 0.03354096 0.4177396 0.9670202 0.5866824 0.03354096 0.5866824 0.9670202 0.8400967 0.03354096 0.8400967 0.9670202</float_array>
                    <technique_common>
                        <accessor count="10" offset="0" source="wood_5_2-geometry-TEXCOORD-array" stride="2">
                            <param name="S" type="float" />
                            <param name="T" type="float" />
                        </accessor>
                    </technique_common>
                </source>
                <source id="wood_5_2-geometry-COLOR">
                    <float_array id="wood_5_2-geometry-COLOR-array" count="20">1 1 0.9764706 1 0.627451 0.7450981 0.8627451 1 0.6313726 0.7450981 0.8666667 1 0.8313726 0.9568627 0.9764706 1 0.8313726 0.9607843 0.9764706 1</float_array>
                    <technique_common>
                        <accessor count="5" offset="0" source="wood_5_2-geometry-COLOR-array" stride="4">
                            <param name="R" type="double" />
                            <param name="G" type="double" />
                            <param name="B" type="double" />
                            <param name="A" type="double" />
                        </accessor>
                    </technique_common>
                </source>
                <vertices id="wood_5_2-vertices">
                    <input semantic="POSITION" source="#wood_5_2-geometry-POSITION" />
                </vertices>
                <triangles count="8" material="su_s1">
                    <input semantic="VERTEX" source="#wood_5_2-vertices" offset="0" set="0" />
                    <input semantic="NORMAL" source="#wood_5_2-geometry-NORMAL" offset="1" set="0" />
                    <input semantic="TEXCOORD" source="#wood_5_2-geometry-TEXCOORD" offset="2" set="0" />
                    <input semantic="COLOR" source="#wood_5_2-geometry-COLOR" offset="3" set="0" />
                    <p>2 0 2 0 1 1 1 1 0 0 0 0 5 0 0 0 4 1 1 1 3 1 3 2 8 1 1 1 7 2 4 3 6 1 3 2 11 1 3 2 10 2 4 3 9 2 5 4 14 2 4 3 13 3 6 0 12 2 5 4 17 2 5 4 16 3 6 0 15 3 7 0 20 3 6 0 19 0 8 0 18 3 7 0 23 3 7 0 22 0 8 0 21 0 9 0</p>
                </triangles>
            </mesh>
        </geometry>
    </library_geometries>
    <library_controllers>
        <controller id="wood_1_0-controller" name="wood_1_0">
            <skin source="#wood_1_0-geometry">
                <bind_shape_matrix>1 0 0 0 0 1 0 0 0 0 1 0 0 0 0 1</bind_shape_matrix>
                <source id="wood_1_0-joints">
                    <Name_array id="wood_1_0-joints-array" count="1">wood_1</Name_array>
                    <technique_common>
                        <accessor count="1" offset="0" source="#wood_1_0-joints-array" stride="1">
                            <param name="JOINT" type="Name" />
                        </accessor>
                    </technique_common>
                </source>
                <source id="wood_1_0-matrices">
                    <float_array id="wood_1_0-matrices-array" count="16">1.000001 1E-06 1E-06 1E-06 1E-06 1.000001 1E-06 1E-06 1E-06 1E-06 1.000001 1E-06 1E-06 1E-06 1E-06 1.000001</float_array>
                    <technique_common>
                        <accessor count="1" offset="0" source="#wood_1_0-matrices-array" stride="16">
                            <param name="TRANSFORM" type="float4x4" />
                        </accessor>
                    </technique_common>
                </source>
                <source id="wood_1_0-weights">
                    <float_array id="wood_1_0-weights-array" count="1">1</float_array>
                    <technique_common>
                        <accessor count="1" offset="0" source="#wood_1_0-weights-array" stride="1">
                            <param name="WEIGHT" type="float" />
                        </accessor>
                    </technique_common>
                </source>
                <joints>
                    <input semantic="JOINT" source="#wood_1_0-joints" />
                    <input semantic="INV_BIND_MATRIX" source="#wood_1_0-matrices" />
                </joints>
                <vertex_weights count="114">
                    <input semantic="JOINT" source="#wood_1_0-joints" offset="0" set="0" />
                    <input semantic="WEIGHT" source="#wood_1_0-weights" offset="1" set="0" />
                    <vcount>1 1 1 1 1 1 1 1 1 1 1 1 1 1 1 1 1 1 1 1 1 1 1 1 1 1 1 1 1 1 1 1 1 1 1 1 1 1 1 1 1 1 1 1 1 1 1 1 1 1 1 1 1 1 1 1 1 1 1 1 1 1 1 1 1 1 1 1 1 1 1 1 1 1 1 1 1 1 1 1 1 1 1 1 1 1 1 1 1 1 1 1 1 1 1 1 1 1 1 1 1 1 1 1 1 1 1 1 1 1 1 1 1 1</vcount>
                    <v>0 0 0 0 0 0 0 0 0 0 0 0 0 0 0 0 0 0 0 0 0 0 0 0 0 0 0 0 0 0 0 0 0 0 0 0 0 0 0 0 0 0 0 0 0 0 0 0 0 0 0 0 0 0 0 0 0 0 0 0 0 0 0 0 0 0 0 0 0 0 0 0 0 0 0 0 0 0 0 0 0 0 0 0 0 0 0 0 0 0 0 0 0 0 0 0 0 0 0 0 0 0 0 0 0 0 0 0 0 0 0 0 0 0 0 0 0 0 0 0 0 0 0 0 0 0 0 0 0 0 0 0 0 0 0 0 0 0 0 0 0 0 0 0 0 0 0 0 0 0 0 0 0 0 0 0 0 0 0 0 0 0 0 0 0 0 0 0 0 0 0 0 0 0 0 0 0 0 0 0 0 0 0 0 0 0 0 0 0 0 0 0 0 0 0 0 0 0 0 0 0 0 0 0 0 0 0 0 0 0 0 0 0 0 0 0 0 0 0 0 0 0 0 0 0 0 0 0</v>
                </vertex_weights>
            </skin>
        </controller>
        <controller id="wood_1_1-controller" name="wood_1_1">
            <skin source="#wood_1_1-geometry">
                <bind_shape_matrix>1 0 0 0 0 1 0 0 0 0 1 0 0 0 0 1</bind_shape_matrix>
                <source id="wood_1_1-joints">
                    <Name_array id="wood_1_1-joints-array" count="1">wood_1</Name_array>
                    <technique_common>
                        <accessor count="1" offset="0" source="#wood_1_1-joints-array" stride="1">
                            <param name="JOINT" type="Name" />
                        </accessor>
                    </technique_common>
                </source>
                <source id="wood_1_1-matrices">
                    <float_array id="wood_1_1-matrices-array" count="16">1.000001 1E-06 1E-06 1E-06 1E-06 1.000001 1E-06 1E-06 1E-06 1E-06 1.000001 1E-06 1E-06 1E-06 1E-06 1.000001</float_array>
                    <technique_common>
                        <accessor count="1" offset="0" source="#wood_1_1-matrices-array" stride="16">
                            <param name="TRANSFORM" type="float4x4" />
                        </accessor>
                    </technique_common>
                </source>
                <source id="wood_1_1-weights">
                    <float_array id="wood_1_1-weights-array" count="1">1</float_array>
                    <technique_common>
                        <accessor count="1" offset="0" source="#wood_1_1-weights-array" stride="1">
                            <param name="WEIGHT" type="float" />
                        </accessor>
                    </technique_common>
                </source>
                <joints>
                    <input semantic="JOINT" source="#wood_1_1-joints" />
                    <input semantic="INV_BIND_MATRIX" source="#wood_1_1-matrices" />
                </joints>
                <vertex_weights count="324">
                    <input semantic="JOINT" source="#wood_1_1-joints" offset="0" set="0" />
                    <input semantic="WEIGHT" source="#wood_1_1-weights" offset="1" set="0" />
                    <vcount>1 1 1 1 1 1 1 1 1 1 1 1 1 1 1 1 1 1 1 1 1 1 1 1 1 1 1 1 1 1 1 1 1 1 1 1 1 1 1 1 1 1 1 1 1 1 1 1 1 1 1 1 1 1 1 1 1 1 1 1 1 1 1 1 1 1 1 1 1 1 1 1 1 1 1 1 1 1 1 1 1 1 1 1 1 1 1 1 1 1 1 1 1 1 1 1 1 1 1 1 1 1 1 1 1 1 1 1 1 1 1 1 1 1 1 1 1 1 1 1 1 1 1 1 1 1 1 1 1 1 1 1 1 1 1 1 1 1 1 1 1 1 1 1 1 1 1 1 1 1 1 1 1 1 1 1 1 1 1 1 1 1 1 1 1 1 1 1 1 1 1 1 1 1 1 1 1 1 1 1 1 1 1 1 1 1 1 1 1 1 1 1 1 1 1 1 1 1 1 1 1 1 1 1 1 1 1 1 1 1 1 1 1 1 1 1 1 1 1 1 1 1 1 1 1 1 1 1 1 1 1 1 1 1 1 1 1 1 1 1 1 1 1 1 1 1 1 1 1 1 1 1 1 1 1 1 1 1 1 1 1 1 1 1 1 1 1 1 1 1 1 1 1 1 1 1 1 1 1 1 1 1 1 1 1 1 1 1 1 1 1 1 1 1 1 1 1 1 1 1 1 1 1 1 1 1 1 1 1 1 1 1 1 1 1 1 1 1 1 1 1 1 1 1</vcount>
                    <v>0 0 0 0 0 0 0 0 0 0 0 0 0 0 0 0 0 0 0 0 0 0 0 0 0 0 0 0 0 0 0 0 0 0 0 0 0 0 0 0 0 0 0 0 0 0 0 0 0 0 0 0 0 0 0 0 0 0 0 0 0 0 0 0 0 0 0 0 0 0 0 0 0 0 0 0 0 0 0 0 0 0 0 0 0 0 0 0 0 0 0 0 0 0 0 0 0 0 0 0 0 0 0 0 0 0 0 0 0 0 0 0 0 0 0 0 0 0 0 0 0 0 0 0 0 0 0 0 0 0 0 0 0 0 0 0 0 0 0 0 0 0 0 0 0 0 0 0 0 0 0 0 0 0 0 0 0 0 0 0 0 0 0 0 0 0 0 0 0 0 0 0 0 0 0 0 0 0 0 0 0 0 0 0 0 0 0 0 0 0 0 0 0 0 0 0 0 0 0 0 0 0 0 0 0 0 0 0 0 0 0 0 0 0 0 0 0 0 0 0 0 0 0 0 0 0 0 0 0 0 0 0 0 0 0 0 0 0 0 0 0 0 0 0 0 0 0 0 0 0 0 0 0 0 0 0 0 0 0 0 0 0 0 0 0 0 0 0 0 0 0 0 0 0 0 0 0 0 0 0 0 0 0 0 0 0 0 0 0 0 0 0 0 0 0 0 0 0 0 0 0 0 0 0 0 0 0 0 0 0 0 0 0 0 0 0 0 0 0 0 0 0 0 0 0 0 0 0 0 0 0 0 0 0 0 0 0 0 0 0 0 0 0 0 0 0 0 0 0 0 0 0 0 0 0 0 0 0 0 0 0 0 0 0 0 0 0 0 0 0 0 0 0 0 0 0 0 0 0 0 0 0 0 0 0 0 0 0 0 0 0 0 0 0 0 0 0 0 0 0 0 0 0 0 0 0 0 0 0 0 0 0 0 0 0 0 0 0 0 0 0 0 0 0 0 0 0 0 0 0 0 0 0 0 0 0 0 0 0 0 0 0 0 0 0 0 0 0 0 0 0 0 0 0 0 0 0 0 0 0 0 0 0 0 0 0 0 0 0 0 0 0 0 0 0 0 0 0 0 0 0 0 0 0 0 0 0 0 0 0 0 0 0 0 0 0 0 0 0 0 0 0 0 0 0 0 0 0 0 0 0 0 0 0 0 0 0 0 0 0 0 0 0 0 0 0 0 0 0 0 0 0 0 0 0 0 0 0 0 0 0 0 0 0 0 0 0 0 0 0 0 0 0 0 0 0 0 0 0 0 0 0 0 0 0 0 0 0 0 0 0 0 0 0 0 0 0 0 0 0 0 0 0 0 0 0 0 0 0 0 0 0 0 0 0 0 0 0 0 0 0 0 0 0 0 0 0 0 0 0 0 0 0 0 0 0 0 0 0 0 0 0 0 0 0 0 0 0 0 0 0 0 0 0 0 0 0 0 0 0 0 0 0 0 0 0 0 0</v>
                </vertex_weights>
            </skin>
        </controller>
        <controller id="wood_1_2-controller" name="wood_1_2">
            <skin source="#wood_1_2-geometry">
                <bind_shape_matrix>1 0 0 0 0 1 0 0 0 0 1 0 0 0 0 1</bind_shape_matrix>
                <source id="wood_1_2-joints">
                    <Name_array id="wood_1_2-joints-array" count="1">wood_1</Name_array>
                    <technique_common>
                        <accessor count="1" offset="0" source="#wood_1_2-joints-array" stride="1">
                            <param name="JOINT" type="Name" />
                        </accessor>
                    </technique_common>
                </source>
                <source id="wood_1_2-matrices">
                    <float_array id="wood_1_2-matrices-array" count="16">1.000001 1E-06 1E-06 1E-06 1E-06 1.000001 1E-06 1E-06 1E-06 1E-06 1.000001 1E-06 1E-06 1E-06 1E-06 1.000001</float_array>
                    <technique_common>
                        <accessor count="1" offset="0" source="#wood_1_2-matrices-array" stride="16">
                            <param name="TRANSFORM" type="float4x4" />
                        </accessor>
                    </technique_common>
                </source>
                <source id="wood_1_2-weights">
                    <float_array id="wood_1_2-weights-array" count="1">1</float_array>
                    <technique_common>
                        <accessor count="1" offset="0" source="#wood_1_2-weights-array" stride="1">
                            <param name="WEIGHT" type="float" />
                        </accessor>
                    </technique_common>
                </source>
                <joints>
                    <input semantic="JOINT" source="#wood_1_2-joints" />
                    <input semantic="INV_BIND_MATRIX" source="#wood_1_2-matrices" />
                </joints>
                <vertex_weights count="18">
                    <input semantic="JOINT" source="#wood_1_2-joints" offset="0" set="0" />
                    <input semantic="WEIGHT" source="#wood_1_2-weights" offset="1" set="0" />
                    <vcount>1 1 1 1 1 1 1 1 1 1 1 1 1 1 1 1 1 1</vcount>
                    <v>0 0 0 0 0 0 0 0 0 0 0 0 0 0 0 0 0 0 0 0 0 0 0 0 0 0 0 0 0 0 0 0 0 0 0 0</v>
                </vertex_weights>
            </skin>
        </controller>
        <controller id="wood_1_3-controller" name="wood_1_3">
            <skin source="#wood_1_3-geometry">
                <bind_shape_matrix>1 0 0 0 0 1 0 0 0 0 1 0 0 0 0 1</bind_shape_matrix>
                <source id="wood_1_3-joints">
                    <Name_array id="wood_1_3-joints-array" count="1">wood_1</Name_array>
                    <technique_common>
                        <accessor count="1" offset="0" source="#wood_1_3-joints-array" stride="1">
                            <param name="JOINT" type="Name" />
                        </accessor>
                    </technique_common>
                </source>
                <source id="wood_1_3-matrices">
                    <float_array id="wood_1_3-matrices-array" count="16">1.000001 1E-06 1E-06 1E-06 1E-06 1.000001 1E-06 1E-06 1E-06 1E-06 1.000001 1E-06 1E-06 1E-06 1E-06 1.000001</float_array>
                    <technique_common>
                        <accessor count="1" offset="0" source="#wood_1_3-matrices-array" stride="16">
                            <param name="TRANSFORM" type="float4x4" />
                        </accessor>
                    </technique_common>
                </source>
                <source id="wood_1_3-weights">
                    <float_array id="wood_1_3-weights-array" count="1">1</float_array>
                    <technique_common>
                        <accessor count="1" offset="0" source="#wood_1_3-weights-array" stride="1">
                            <param name="WEIGHT" type="float" />
                        </accessor>
                    </technique_common>
                </source>
                <joints>
                    <input semantic="JOINT" source="#wood_1_3-joints" />
                    <input semantic="INV_BIND_MATRIX" source="#wood_1_3-matrices" />
                </joints>
                <vertex_weights count="42">
                    <input semantic="JOINT" source="#wood_1_3-joints" offset="0" set="0" />
                    <input semantic="WEIGHT" source="#wood_1_3-weights" offset="1" set="0" />
                    <vcount>1 1 1 1 1 1 1 1 1 1 1 1 1 1 1 1 1 1 1 1 1 1 1 1 1 1 1 1 1 1 1 1 1 1 1 1 1 1 1 1 1 1</vcount>
                    <v>0 0 0 0 0 0 0 0 0 0 0 0 0 0 0 0 0 0 0 0 0 0 0 0 0 0 0 0 0 0 0 0 0 0 0 0 0 0 0 0 0 0 0 0 0 0 0 0 0 0 0 0 0 0 0 0 0 0 0 0 0 0 0 0 0 0 0 0 0 0 0 0 0 0 0 0 0 0 0 0 0 0 0 0</v>
                </vertex_weights>
            </skin>
        </controller>
        <controller id="wood_2_0-controller" name="wood_2_0">
            <skin source="#wood_2_0-geometry">
                <bind_shape_matrix>1 0 0 0 0 1 0 0 0 0 1 0 0 0 0 1</bind_shape_matrix>
                <source id="wood_2_0-joints">
                    <Name_array id="wood_2_0-joints-array" count="1">wood_2</Name_array>
                    <technique_common>
                        <accessor count="1" offset="0" source="#wood_2_0-joints-array" stride="1">
                            <param name="JOINT" type="Name" />
                        </accessor>
                    </technique_common>
                </source>
                <source id="wood_2_0-matrices">
                    <float_array id="wood_2_0-matrices-array" count="16">1.000001 1E-06 1E-06 1E-06 1E-06 1.000001 1E-06 1E-06 1E-06 1E-06 1.000001 1E-06 1E-06 1E-06 1E-06 1.000001</float_array>
                    <technique_common>
                        <accessor count="1" offset="0" source="#wood_2_0-matrices-array" stride="16">
                            <param name="TRANSFORM" type="float4x4" />
                        </accessor>
                    </technique_common>
                </source>
                <source id="wood_2_0-weights">
                    <float_array id="wood_2_0-weights-array" count="1">1</float_array>
                    <technique_common>
                        <accessor count="1" offset="0" source="#wood_2_0-weights-array" stride="1">
                            <param name="WEIGHT" type="float" />
                        </accessor>
                    </technique_common>
                </source>
                <joints>
                    <input semantic="JOINT" source="#wood_2_0-joints" />
                    <input semantic="INV_BIND_MATRIX" source="#wood_2_0-matrices" />
                </joints>
                <vertex_weights count="306">
                    <input semantic="JOINT" source="#wood_2_0-joints" offset="0" set="0" />
                    <input semantic="WEIGHT" source="#wood_2_0-weights" offset="1" set="0" />
                    <vcount>1 1 1 1 1 1 1 1 1 1 1 1 1 1 1 1 1 1 1 1 1 1 1 1 1 1 1 1 1 1 1 1 1 1 1 1 1 1 1 1 1 1 1 1 1 1 1 1 1 1 1 1 1 1 1 1 1 1 1 1 1 1 1 1 1 1 1 1 1 1 1 1 1 1 1 1 1 1 1 1 1 1 1 1 1 1 1 1 1 1 1 1 1 1 1 1 1 1 1 1 1 1 1 1 1 1 1 1 1 1 1 1 1 1 1 1 1 1 1 1 1 1 1 1 1 1 1 1 1 1 1 1 1 1 1 1 1 1 1 1 1 1 1 1 1 1 1 1 1 1 1 1 1 1 1 1 1 1 1 1 1 1 1 1 1 1 1 1 1 1 1 1 1 1 1 1 1 1 1 1 1 1 1 1 1 1 1 1 1 1 1 1 1 1 1 1 1 1 1 1 1 1 1 1 1 1 1 1 1 1 1 1 1 1 1 1 1 1 1 1 1 1 1 1 1 1 1 1 1 1 1 1 1 1 1 1 1 1 1 1 1 1 1 1 1 1 1 1 1 1 1 1 1 1 1 1 1 1 1 1 1 1 1 1 1 1 1 1 1 1 1 1 1 1 1 1 1 1 1 1 1 1 1 1 1 1 1 1 1 1 1 1 1 1 1 1 1 1 1 1 1 1 1 1 1 1</vcount>
                    <v>0 0 0 0 0 0 0 0 0 0 0 0 0 0 0 0 0 0 0 0 0 0 0 0 0 0 0 0 0 0 0 0 0 0 0 0 0 0 0 0 0 0 0 0 0 0 0 0 0 0 0 0 0 0 0 0 0 0 0 0 0 0 0 0 0 0 0 0 0 0 0 0 0 0 0 0 0 0 0 0 0 0 0 0 0 0 0 0 0 0 0 0 0 0 0 0 0 0 0 0 0 0 0 0 0 0 0 0 0 0 0 0 0 0 0 0 0 0 0 0 0 0 0 0 0 0 0 0 0 0 0 0 0 0 0 0 0 0 0 0 0 0 0 0 0 0 0 0 0 0 0 0 0 0 0 0 0 0 0 0 0 0 0 0 0 0 0 0 0 0 0 0 0 0 0 0 0 0 0 0 0 0 0 0 0 0 0 0 0 0 0 0 0 0 0 0 0 0 0 0 0 0 0 0 0 0 0 0 0 0 0 0 0 0 0 0 0 0 0 0 0 0 0 0 0 0 0 0 0 0 0 0 0 0 0 0 0 0 0 0 0 0 0 0 0 0 0 0 0 0 0 0 0 0 0 0 0 0 0 0 0 0 0 0 0 0 0 0 0 0 0 0 0 0 0 0 0 0 0 0 0 0 0 0 0 0 0 0 0 0 0 0 0 0 0 0 0 0 0 0 0 0 0 0 0 0 0 0 0 0 0 0 0 0 0 0 0 0 0 0 0 0 0 0 0 0 0 0 0 0 0 0 0 0 0 0 0 0 0 0 0 0 0 0 0 0 0 0 0 0 0 0 0 0 0 0 0 0 0 0 0 0 0 0 0 0 0 0 0 0 0 0 0 0 0 0 0 0 0 0 0 0 0 0 0 0 0 0 0 0 0 0 0 0 0 0 0 0 0 0 0 0 0 0 0 0 0 0 0 0 0 0 0 0 0 0 0 0 0 0 0 0 0 0 0 0 0 0 0 0 0 0 0 0 0 0 0 0 0 0 0 0 0 0 0 0 0 0 0 0 0 0 0 0 0 0 0 0 0 0 0 0 0 0 0 0 0 0 0 0 0 0 0 0 0 0 0 0 0 0 0 0 0 0 0 0 0 0 0 0 0 0 0 0 0 0 0 0 0 0 0 0 0 0 0 0 0 0 0 0 0 0 0 0 0 0 0 0 0 0 0 0 0 0 0 0 0 0 0 0 0 0 0 0 0 0 0 0 0 0 0 0 0 0 0 0 0 0 0 0 0 0 0 0 0 0 0 0 0 0 0 0 0 0 0 0 0 0 0 0 0 0 0 0 0 0 0 0 0 0 0 0 0 0 0 0 0 0 0 0 0 0 0 0 0 0 0 0 0 0 0 0 0 0 0 0 0 0 0 0 0 0</v>
                </vertex_weights>
            </skin>
        </controller>
        <controller id="wood_2_1-controller" name="wood_2_1">
            <skin source="#wood_2_1-geometry">
                <bind_shape_matrix>1 0 0 0 0 1 0 0 0 0 1 0 0 0 0 1</bind_shape_matrix>
                <source id="wood_2_1-joints">
                    <Name_array id="wood_2_1-joints-array" count="1">wood_2</Name_array>
                    <technique_common>
                        <accessor count="1" offset="0" source="#wood_2_1-joints-array" stride="1">
                            <param name="JOINT" type="Name" />
                        </accessor>
                    </technique_common>
                </source>
                <source id="wood_2_1-matrices">
                    <float_array id="wood_2_1-matrices-array" count="16">1.000001 1E-06 1E-06 1E-06 1E-06 1.000001 1E-06 1E-06 1E-06 1E-06 1.000001 1E-06 1E-06 1E-06 1E-06 1.000001</float_array>
                    <technique_common>
                        <accessor count="1" offset="0" source="#wood_2_1-matrices-array" stride="16">
                            <param name="TRANSFORM" type="float4x4" />
                        </accessor>
                    </technique_common>
                </source>
                <source id="wood_2_1-weights">
                    <float_array id="wood_2_1-weights-array" count="1">1</float_array>
                    <technique_common>
                        <accessor count="1" offset="0" source="#wood_2_1-weights-array" stride="1">
                            <param name="WEIGHT" type="float" />
                        </accessor>
                    </technique_common>
                </source>
                <joints>
                    <input semantic="JOINT" source="#wood_2_1-joints" />
                    <input semantic="INV_BIND_MATRIX" source="#wood_2_1-matrices" />
                </joints>
                <vertex_weights count="102">
                    <input semantic="JOINT" source="#wood_2_1-joints" offset="0" set="0" />
                    <input semantic="WEIGHT" source="#wood_2_1-weights" offset="1" set="0" />
                    <vcount>1 1 1 1 1 1 1 1 1 1 1 1 1 1 1 1 1 1 1 1 1 1 1 1 1 1 1 1 1 1 1 1 1 1 1 1 1 1 1 1 1 1 1 1 1 1 1 1 1 1 1 1 1 1 1 1 1 1 1 1 1 1 1 1 1 1 1 1 1 1 1 1 1 1 1 1 1 1 1 1 1 1 1 1 1 1 1 1 1 1 1 1 1 1 1 1 1 1 1 1 1 1</vcount>
                    <v>0 0 0 0 0 0 0 0 0 0 0 0 0 0 0 0 0 0 0 0 0 0 0 0 0 0 0 0 0 0 0 0 0 0 0 0 0 0 0 0 0 0 0 0 0 0 0 0 0 0 0 0 0 0 0 0 0 0 0 0 0 0 0 0 0 0 0 0 0 0 0 0 0 0 0 0 0 0 0 0 0 0 0 0 0 0 0 0 0 0 0 0 0 0 0 0 0 0 0 0 0 0 0 0 0 0 0 0 0 0 0 0 0 0 0 0 0 0 0 0 0 0 0 0 0 0 0 0 0 0 0 0 0 0 0 0 0 0 0 0 0 0 0 0 0 0 0 0 0 0 0 0 0 0 0 0 0 0 0 0 0 0 0 0 0 0 0 0 0 0 0 0 0 0 0 0 0 0 0 0 0 0 0 0 0 0 0 0 0 0 0 0 0 0 0 0 0 0 0 0 0 0 0 0</v>
                </vertex_weights>
            </skin>
        </controller>
        <controller id="wood_2_2-controller" name="wood_2_2">
            <skin source="#wood_2_2-geometry">
                <bind_shape_matrix>1 0 0 0 0 1 0 0 0 0 1 0 0 0 0 1</bind_shape_matrix>
                <source id="wood_2_2-joints">
                    <Name_array id="wood_2_2-joints-array" count="1">wood_2</Name_array>
                    <technique_common>
                        <accessor count="1" offset="0" source="#wood_2_2-joints-array" stride="1">
                            <param name="JOINT" type="Name" />
                        </accessor>
                    </technique_common>
                </source>
                <source id="wood_2_2-matrices">
                    <float_array id="wood_2_2-matrices-array" count="16">1.000001 1E-06 1E-06 1E-06 1E-06 1.000001 1E-06 1E-06 1E-06 1E-06 1.000001 1E-06 1E-06 1E-06 1E-06 1.000001</float_array>
                    <technique_common>
                        <accessor count="1" offset="0" source="#wood_2_2-matrices-array" stride="16">
                            <param name="TRANSFORM" type="float4x4" />
                        </accessor>
                    </technique_common>
                </source>
                <source id="wood_2_2-weights">
                    <float_array id="wood_2_2-weights-array" count="1">1</float_array>
                    <technique_common>
                        <accessor count="1" offset="0" source="#wood_2_2-weights-array" stride="1">
                            <param name="WEIGHT" type="float" />
                        </accessor>
                    </technique_common>
                </source>
                <joints>
                    <input semantic="JOINT" source="#wood_2_2-joints" />
                    <input semantic="INV_BIND_MATRIX" source="#wood_2_2-matrices" />
                </joints>
                <vertex_weights count="408">
                    <input semantic="JOINT" source="#wood_2_2-joints" offset="0" set="0" />
                    <input semantic="WEIGHT" source="#wood_2_2-weights" offset="1" set="0" />
                    <vcount>1 1 1 1 1 1 1 1 1 1 1 1 1 1 1 1 1 1 1 1 1 1 1 1 1 1 1 1 1 1 1 1 1 1 1 1 1 1 1 1 1 1 1 1 1 1 1 1 1 1 1 1 1 1 1 1 1 1 1 1 1 1 1 1 1 1 1 1 1 1 1 1 1 1 1 1 1 1 1 1 1 1 1 1 1 1 1 1 1 1 1 1 1 1 1 1 1 1 1 1 1 1 1 1 1 1 1 1 1 1 1 1 1 1 1 1 1 1 1 1 1 1 1 1 1 1 1 1 1 1 1 1 1 1 1 1 1 1 1 1 1 1 1 1 1 1 1 1 1 1 1 1 1 1 1 1 1 1 1 1 1 1 1 1 1 1 1 1 1 1 1 1 1 1 1 1 1 1 1 1 1 1 1 1 1 1 1 1 1 1 1 1 1 1 1 1 1 1 1 1 1 1 1 1 1 1 1 1 1 1 1 1 1 1 1 1 1 1 1 1 1 1 1 1 1 1 1 1 1 1 1 1 1 1 1 1 1 1 1 1 1 1 1 1 1 1 1 1 1 1 1 1 1 1 1 1 1 1 1 1 1 1 1 1 1 1 1 1 1 1 1 1 1 1 1 1 1 1 1 1 1 1 1 1 1 1 1 1 1 1 1 1 1 1 1 1 1 1 1 1 1 1 1 1 1 1 1 1 1 1 1 1 1 1 1 1 1 1 1 1 1 1 1 1 1 1 1 1 1 1 1 1 1 1 1 1 1 1 1 1 1 1 1 1 1 1 1 1 1 1 1 1 1 1 1 1 1 1 1 1 1 1 1 1 1 1 1 1 1 1 1 1 1 1 1 1 1 1 1 1 1 1 1 1 1 1 1 1 1 1 1 1 1 1 1 1 1 1 1 1 1 1 1 1 1 1 1 1</vcount>
                    <v>0 0 0 0 0 0 0 0 0 0 0 0 0 0 0 0 0 0 0 0 0 0 0 0 0 0 0 0 0 0 0 0 0 0 0 0 0 0 0 0 0 0 0 0 0 0 0 0 0 0 0 0 0 0 0 0 0 0 0 0 0 0 0 0 0 0 0 0 0 0 0 0 0 0 0 0 0 0 0 0 0 0 0 0 0 0 0 0 0 0 0 0 0 0 0 0 0 0 0 0 0 0 0 0 0 0 0 0 0 0 0 0 0 0 0 0 0 0 0 0 0 0 0 0 0 0 0 0 0 0 0 0 0 0 0 0 0 0 0 0 0 0 0 0 0 0 0 0 0 0 0 0 0 0 0 0 0 0 0 0 0 0 0 0 0 0 0 0 0 0 0 0 0 0 0 0 0 0 0 0 0 0 0 0 0 0 0 0 0 0 0 0 0 0 0 0 0 0 0 0 0 0 0 0 0 0 0 0 0 0 0 0 0 0 0 0 0 0 0 0 0 0 0 0 0 0 0 0 0 0 0 0 0 0 0 0 0 0 0 0 0 0 0 0 0 0 0 0 0 0 0 0 0 0 0 0 0 0 0 0 0 0 0 0 0 0 0 0 0 0 0 0 0 0 0 0 0 0 0 0 0 0 0 0 0 0 0 0 0 0 0 0 0 0 0 0 0 0 0 0 0 0 0 0 0 0 0 0 0 0 0 0 0 0 0 0 0 0 0 0 0 0 0 0 0 0 0 0 0 0 0 0 0 0 0 0 0 0 0 0 0 0 0 0 0 0 0 0 0 0 0 0 0 0 0 0 0 0 0 0 0 0 0 0 0 0 0 0 0 0 0 0 0 0 0 0 0 0 0 0 0 0 0 0 0 0 0 0 0 0 0 0 0 0 0 0 0 0 0 0 0 0 0 0 0 0 0 0 0 0 0 0 0 0 0 0 0 0 0 0 0 0 0 0 0 0 0 0 0 0 0 0 0 0 0 0 0 0 0 0 0 0 0 0 0 0 0 0 0 0 0 0 0 0 0 0 0 0 0 0 0 0 0 0 0 0 0 0 0 0 0 0 0 0 0 0 0 0 0 0 0 0 0 0 0 0 0 0 0 0 0 0 0 0 0 0 0 0 0 0 0 0 0 0 0 0 0 0 0 0 0 0 0 0 0 0 0 0 0 0 0 0 0 0 0 0 0 0 0 0 0 0 0 0 0 0 0 0 0 0 0 0 0 0 0 0 0 0 0 0 0 0 0 0 0 0 0 0 0 0 0 0 0 0 0 0 0 0 0 0 0 0 0 0 0 0 0 0 0 0 0 0 0 0 0 0 0 0 0 0 0 0 0 0 0 0 0 0 0 0 0 0 0 0 0 0 0 0 0 0 0 0 0 0 0 0 0 0 0 0 0 0 0 0 0 0 0 0 0 0 0 0 0 0 0 0 0 0 0 0 0 0 0 0 0 0 0 0 0 0 0 0 0 0 0 0 0 0 0 0 0 0 0 0 0 0 0 0 0 0 0 0 0 0 0 0 0 0 0 0 0 0 0 0 0 0 0 0 0 0 0 0 0 0 0 0 0 0 0 0 0 0 0 0 0 0 0 0 0 0 0 0 0 0 0 0 0 0 0 0 0 0 0 0 0 0 0 0 0 0 0 0 0 0 0 0 0 0 0 0 0 0 0 0 0 0 0 0 0 0 0 0 0 0 0 0 0 0 0 0 0 0 0 0 0 0 0 0 0 0 0 0 0 0 0 0 0 0 0 0 0 0 0 0 0 0 0 0 0 0 0 0 0 0 0 0 0 0 0 0 0 0 0 0 0 0 0 0 0 0 0 0 0 0 0 0</v>
                </vertex_weights>
            </skin>
        </controller>
        <controller id="wood_3_0-controller" name="wood_3_0">
            <skin source="#wood_3_0-geometry">
                <bind_shape_matrix>1 0 0 0 0 1 0 0 0 0 1 0 0 0 0 1</bind_shape_matrix>
                <source id="wood_3_0-joints">
                    <Name_array id="wood_3_0-joints-array" count="1">wood_3</Name_array>
                    <technique_common>
                        <accessor count="1" offset="0" source="#wood_3_0-joints-array" stride="1">
                            <param name="JOINT" type="Name" />
                        </accessor>
                    </technique_common>
                </source>
                <source id="wood_3_0-matrices">
                    <float_array id="wood_3_0-matrices-array" count="16">1.000001 1E-06 1E-06 1E-06 1E-06 1.000001 1E-06 1E-06 1E-06 1E-06 1.000001 1E-06 1E-06 1E-06 1E-06 1.000001</float_array>
                    <technique_common>
                        <accessor count="1" offset="0" source="#wood_3_0-matrices-array" stride="16">
                            <param name="TRANSFORM" type="float4x4" />
                        </accessor>
                    </technique_common>
                </source>
                <source id="wood_3_0-weights">
                    <float_array id="wood_3_0-weights-array" count="1">1</float_array>
                    <technique_common>
                        <accessor count="1" offset="0" source="#wood_3_0-weights-array" stride="1">
                            <param name="WEIGHT" type="float" />
                        </accessor>
                    </technique_common>
                </source>
                <joints>
                    <input semantic="JOINT" source="#wood_3_0-joints" />
                    <input semantic="INV_BIND_MATRIX" source="#wood_3_0-matrices" />
                </joints>
                <vertex_weights count="24">
                    <input semantic="JOINT" source="#wood_3_0-joints" offset="0" set="0" />
                    <input semantic="WEIGHT" source="#wood_3_0-weights" offset="1" set="0" />
                    <vcount>1 1 1 1 1 1 1 1 1 1 1 1 1 1 1 1 1 1 1 1 1 1 1 1</vcount>
                    <v>0 0 0 0 0 0 0 0 0 0 0 0 0 0 0 0 0 0 0 0 0 0 0 0 0 0 0 0 0 0 0 0 0 0 0 0 0 0 0 0 0 0 0 0 0 0 0 0</v>
                </vertex_weights>
            </skin>
        </controller>
        <controller id="wood_3_1-controller" name="wood_3_1">
            <skin source="#wood_3_1-geometry">
                <bind_shape_matrix>1 0 0 0 0 1 0 0 0 0 1 0 0 0 0 1</bind_shape_matrix>
                <source id="wood_3_1-joints">
                    <Name_array id="wood_3_1-joints-array" count="1">wood_3</Name_array>
                    <technique_common>
                        <accessor count="1" offset="0" source="#wood_3_1-joints-array" stride="1">
                            <param name="JOINT" type="Name" />
                        </accessor>
                    </technique_common>
                </source>
                <source id="wood_3_1-matrices">
                    <float_array id="wood_3_1-matrices-array" count="16">1.000001 1E-06 1E-06 1E-06 1E-06 1.000001 1E-06 1E-06 1E-06 1E-06 1.000001 1E-06 1E-06 1E-06 1E-06 1.000001</float_array>
                    <technique_common>
                        <accessor count="1" offset="0" source="#wood_3_1-matrices-array" stride="16">
                            <param name="TRANSFORM" type="float4x4" />
                        </accessor>
                    </technique_common>
                </source>
                <source id="wood_3_1-weights">
                    <float_array id="wood_3_1-weights-array" count="1">1</float_array>
                    <technique_common>
                        <accessor count="1" offset="0" source="#wood_3_1-weights-array" stride="1">
                            <param name="WEIGHT" type="float" />
                        </accessor>
                    </technique_common>
                </source>
                <joints>
                    <input semantic="JOINT" source="#wood_3_1-joints" />
                    <input semantic="INV_BIND_MATRIX" source="#wood_3_1-matrices" />
                </joints>
                <vertex_weights count="228">
                    <input semantic="JOINT" source="#wood_3_1-joints" offset="0" set="0" />
                    <input semantic="WEIGHT" source="#wood_3_1-weights" offset="1" set="0" />
                    <vcount>1 1 1 1 1 1 1 1 1 1 1 1 1 1 1 1 1 1 1 1 1 1 1 1 1 1 1 1 1 1 1 1 1 1 1 1 1 1 1 1 1 1 1 1 1 1 1 1 1 1 1 1 1 1 1 1 1 1 1 1 1 1 1 1 1 1 1 1 1 1 1 1 1 1 1 1 1 1 1 1 1 1 1 1 1 1 1 1 1 1 1 1 1 1 1 1 1 1 1 1 1 1 1 1 1 1 1 1 1 1 1 1 1 1 1 1 1 1 1 1 1 1 1 1 1 1 1 1 1 1 1 1 1 1 1 1 1 1 1 1 1 1 1 1 1 1 1 1 1 1 1 1 1 1 1 1 1 1 1 1 1 1 1 1 1 1 1 1 1 1 1 1 1 1 1 1 1 1 1 1 1 1 1 1 1 1 1 1 1 1 1 1 1 1 1 1 1 1 1 1 1 1 1 1 1 1 1 1 1 1 1 1 1 1 1 1 1 1 1 1 1 1 1 1 1 1 1 1</vcount>
                    <v>0 0 0 0 0 0 0 0 0 0 0 0 0 0 0 0 0 0 0 0 0 0 0 0 0 0 0 0 0 0 0 0 0 0 0 0 0 0 0 0 0 0 0 0 0 0 0 0 0 0 0 0 0 0 0 0 0 0 0 0 0 0 0 0 0 0 0 0 0 0 0 0 0 0 0 0 0 0 0 0 0 0 0 0 0 0 0 0 0 0 0 0 0 0 0 0 0 0 0 0 0 0 0 0 0 0 0 0 0 0 0 0 0 0 0 0 0 0 0 0 0 0 0 0 0 0 0 0 0 0 0 0 0 0 0 0 0 0 0 0 0 0 0 0 0 0 0 0 0 0 0 0 0 0 0 0 0 0 0 0 0 0 0 0 0 0 0 0 0 0 0 0 0 0 0 0 0 0 0 0 0 0 0 0 0 0 0 0 0 0 0 0 0 0 0 0 0 0 0 0 0 0 0 0 0 0 0 0 0 0 0 0 0 0 0 0 0 0 0 0 0 0 0 0 0 0 0 0 0 0 0 0 0 0 0 0 0 0 0 0 0 0 0 0 0 0 0 0 0 0 0 0 0 0 0 0 0 0 0 0 0 0 0 0 0 0 0 0 0 0 0 0 0 0 0 0 0 0 0 0 0 0 0 0 0 0 0 0 0 0 0 0 0 0 0 0 0 0 0 0 0 0 0 0 0 0 0 0 0 0 0 0 0 0 0 0 0 0 0 0 0 0 0 0 0 0 0 0 0 0 0 0 0 0 0 0 0 0 0 0 0 0 0 0 0 0 0 0 0 0 0 0 0 0 0 0 0 0 0 0 0 0 0 0 0 0 0 0 0 0 0 0 0 0 0 0 0 0 0 0 0 0 0 0 0 0 0 0 0 0 0 0 0 0 0 0 0 0 0 0 0 0 0 0 0 0 0 0 0 0 0 0 0 0 0 0 0 0 0 0 0 0 0 0 0 0 0 0 0 0 0 0 0 0 0 0 0 0 0 0 0 0 0 0 0 0 0 0 0 0 0 0 0 0 0 0</v>
                </vertex_weights>
            </skin>
        </controller>
        <controller id="wood_3_2-controller" name="wood_3_2">
            <skin source="#wood_3_2-geometry">
                <bind_shape_matrix>1 0 0 0 0 1 0 0 0 0 1 0 0 0 0 1</bind_shape_matrix>
                <source id="wood_3_2-joints">
                    <Name_array id="wood_3_2-joints-array" count="1">wood_3</Name_array>
                    <technique_common>
                        <accessor count="1" offset="0" source="#wood_3_2-joints-array" stride="1">
                            <param name="JOINT" type="Name" />
                        </accessor>
                    </technique_common>
                </source>
                <source id="wood_3_2-matrices">
                    <float_array id="wood_3_2-matrices-array" count="16">1.000001 1E-06 1E-06 1E-06 1E-06 1.000001 1E-06 1E-06 1E-06 1E-06 1.000001 1E-06 1E-06 1E-06 1E-06 1.000001</float_array>
                    <technique_common>
                        <accessor count="1" offset="0" source="#wood_3_2-matrices-array" stride="16">
                            <param name="TRANSFORM" type="float4x4" />
                        </accessor>
                    </technique_common>
                </source>
                <source id="wood_3_2-weights">
                    <float_array id="wood_3_2-weights-array" count="1">1</float_array>
                    <technique_common>
                        <accessor count="1" offset="0" source="#wood_3_2-weights-array" stride="1">
                            <param name="WEIGHT" type="float" />
                        </accessor>
                    </technique_common>
                </source>
                <joints>
                    <input semantic="JOINT" source="#wood_3_2-joints" />
                    <input semantic="INV_BIND_MATRIX" source="#wood_3_2-matrices" />
                </joints>
                <vertex_weights count="12">
                    <input semantic="JOINT" source="#wood_3_2-joints" offset="0" set="0" />
                    <input semantic="WEIGHT" source="#wood_3_2-weights" offset="1" set="0" />
                    <vcount>1 1 1 1 1 1 1 1 1 1 1 1</vcount>
                    <v>0 0 0 0 0 0 0 0 0 0 0 0 0 0 0 0 0 0 0 0 0 0 0 0</v>
                </vertex_weights>
            </skin>
        </controller>
        <controller id="wood_3_3-controller" name="wood_3_3">
            <skin source="#wood_3_3-geometry">
                <bind_shape_matrix>1 0 0 0 0 1 0 0 0 0 1 0 0 0 0 1</bind_shape_matrix>
                <source id="wood_3_3-joints">
                    <Name_array id="wood_3_3-joints-array" count="1">wood_3</Name_array>
                    <technique_common>
                        <accessor count="1" offset="0" source="#wood_3_3-joints-array" stride="1">
                            <param name="JOINT" type="Name" />
                        </accessor>
                    </technique_common>
                </source>
                <source id="wood_3_3-matrices">
                    <float_array id="wood_3_3-matrices-array" count="16">1.000001 1E-06 1E-06 1E-06 1E-06 1.000001 1E-06 1E-06 1E-06 1E-06 1.000001 1E-06 1E-06 1E-06 1E-06 1.000001</float_array>
                    <technique_common>
                        <accessor count="1" offset="0" source="#wood_3_3-matrices-array" stride="16">
                            <param name="TRANSFORM" type="float4x4" />
                        </accessor>
                    </technique_common>
                </source>
                <source id="wood_3_3-weights">
                    <float_array id="wood_3_3-weights-array" count="1">1</float_array>
                    <technique_common>
                        <accessor count="1" offset="0" source="#wood_3_3-weights-array" stride="1">
                            <param name="WEIGHT" type="float" />
                        </accessor>
                    </technique_common>
                </source>
                <joints>
                    <input semantic="JOINT" source="#wood_3_3-joints" />
                    <input semantic="INV_BIND_MATRIX" source="#wood_3_3-matrices" />
                </joints>
                <vertex_weights count="48">
                    <input semantic="JOINT" source="#wood_3_3-joints" offset="0" set="0" />
                    <input semantic="WEIGHT" source="#wood_3_3-weights" offset="1" set="0" />
                    <vcount>1 1 1 1 1 1 1 1 1 1 1 1 1 1 1 1 1 1 1 1 1 1 1 1 1 1 1 1 1 1 1 1 1 1 1 1 1 1 1 1 1 1 1 1 1 1 1 1</vcount>
                    <v>0 0 0 0 0 0 0 0 0 0 0 0 0 0 0 0 0 0 0 0 0 0 0 0 0 0 0 0 0 0 0 0 0 0 0 0 0 0 0 0 0 0 0 0 0 0 0 0 0 0 0 0 0 0 0 0 0 0 0 0 0 0 0 0 0 0 0 0 0 0 0 0 0 0 0 0 0 0 0 0 0 0 0 0 0 0 0 0 0 0 0 0 0 0 0 0</v>
                </vertex_weights>
            </skin>
        </controller>
        <controller id="wood_4_0-controller" name="wood_4_0">
            <skin source="#wood_4_0-geometry">
                <bind_shape_matrix>1 0 0 0 0 1 0 0 0 0 1 0 0 0 0 1</bind_shape_matrix>
                <source id="wood_4_0-joints">
                    <Name_array id="wood_4_0-joints-array" count="1">wood_4</Name_array>
                    <technique_common>
                        <accessor count="1" offset="0" source="#wood_4_0-joints-array" stride="1">
                            <param name="JOINT" type="Name" />
                        </accessor>
                    </technique_common>
                </source>
                <source id="wood_4_0-matrices">
                    <float_array id="wood_4_0-matrices-array" count="16">1.000001 1E-06 1E-06 1E-06 1E-06 1.000001 1E-06 1E-06 1E-06 1E-06 1.000001 1E-06 1E-06 1E-06 1E-06 1.000001</float_array>
                    <technique_common>
                        <accessor count="1" offset="0" source="#wood_4_0-matrices-array" stride="16">
                            <param name="TRANSFORM" type="float4x4" />
                        </accessor>
                    </technique_common>
                </source>
                <source id="wood_4_0-weights">
                    <float_array id="wood_4_0-weights-array" count="1">1</float_array>
                    <technique_common>
                        <accessor count="1" offset="0" source="#wood_4_0-weights-array" stride="1">
                            <param name="WEIGHT" type="float" />
                        </accessor>
                    </technique_common>
                </source>
                <joints>
                    <input semantic="JOINT" source="#wood_4_0-joints" />
                    <input semantic="INV_BIND_MATRIX" source="#wood_4_0-matrices" />
                </joints>
                <vertex_weights count="138">
                    <input semantic="JOINT" source="#wood_4_0-joints" offset="0" set="0" />
                    <input semantic="WEIGHT" source="#wood_4_0-weights" offset="1" set="0" />
                    <vcount>1 1 1 1 1 1 1 1 1 1 1 1 1 1 1 1 1 1 1 1 1 1 1 1 1 1 1 1 1 1 1 1 1 1 1 1 1 1 1 1 1 1 1 1 1 1 1 1 1 1 1 1 1 1 1 1 1 1 1 1 1 1 1 1 1 1 1 1 1 1 1 1 1 1 1 1 1 1 1 1 1 1 1 1 1 1 1 1 1 1 1 1 1 1 1 1 1 1 1 1 1 1 1 1 1 1 1 1 1 1 1 1 1 1 1 1 1 1 1 1 1 1 1 1 1 1 1 1 1 1 1 1 1 1 1 1 1 1</vcount>
                    <v>0 0 0 0 0 0 0 0 0 0 0 0 0 0 0 0 0 0 0 0 0 0 0 0 0 0 0 0 0 0 0 0 0 0 0 0 0 0 0 0 0 0 0 0 0 0 0 0 0 0 0 0 0 0 0 0 0 0 0 0 0 0 0 0 0 0 0 0 0 0 0 0 0 0 0 0 0 0 0 0 0 0 0 0 0 0 0 0 0 0 0 0 0 0 0 0 0 0 0 0 0 0 0 0 0 0 0 0 0 0 0 0 0 0 0 0 0 0 0 0 0 0 0 0 0 0 0 0 0 0 0 0 0 0 0 0 0 0 0 0 0 0 0 0 0 0 0 0 0 0 0 0 0 0 0 0 0 0 0 0 0 0 0 0 0 0 0 0 0 0 0 0 0 0 0 0 0 0 0 0 0 0 0 0 0 0 0 0 0 0 0 0 0 0 0 0 0 0 0 0 0 0 0 0 0 0 0 0 0 0 0 0 0 0 0 0 0 0 0 0 0 0 0 0 0 0 0 0 0 0 0 0 0 0 0 0 0 0 0 0 0 0 0 0 0 0 0 0 0 0 0 0 0 0 0 0 0 0 0 0 0 0 0 0 0 0 0 0 0 0 0 0 0 0 0 0</v>
                </vertex_weights>
            </skin>
        </controller>
        <controller id="wood_4_1-controller" name="wood_4_1">
            <skin source="#wood_4_1-geometry">
                <bind_shape_matrix>1 0 0 0 0 1 0 0 0 0 1 0 0 0 0 1</bind_shape_matrix>
                <source id="wood_4_1-joints">
                    <Name_array id="wood_4_1-joints-array" count="1">wood_4</Name_array>
                    <technique_common>
                        <accessor count="1" offset="0" source="#wood_4_1-joints-array" stride="1">
                            <param name="JOINT" type="Name" />
                        </accessor>
                    </technique_common>
                </source>
                <source id="wood_4_1-matrices">
                    <float_array id="wood_4_1-matrices-array" count="16">1.000001 1E-06 1E-06 1E-06 1E-06 1.000001 1E-06 1E-06 1E-06 1E-06 1.000001 1E-06 1E-06 1E-06 1E-06 1.000001</float_array>
                    <technique_common>
                        <accessor count="1" offset="0" source="#wood_4_1-matrices-array" stride="16">
                            <param name="TRANSFORM" type="float4x4" />
                        </accessor>
                    </technique_common>
                </source>
                <source id="wood_4_1-weights">
                    <float_array id="wood_4_1-weights-array" count="1">1</float_array>
                    <technique_common>
                        <accessor count="1" offset="0" source="#wood_4_1-weights-array" stride="1">
                            <param name="WEIGHT" type="float" />
                        </accessor>
                    </technique_common>
                </source>
                <joints>
                    <input semantic="JOINT" source="#wood_4_1-joints" />
                    <input semantic="INV_BIND_MATRIX" source="#wood_4_1-matrices" />
                </joints>
                <vertex_weights count="210">
                    <input semantic="JOINT" source="#wood_4_1-joints" offset="0" set="0" />
                    <input semantic="WEIGHT" source="#wood_4_1-weights" offset="1" set="0" />
                    <vcount>1 1 1 1 1 1 1 1 1 1 1 1 1 1 1 1 1 1 1 1 1 1 1 1 1 1 1 1 1 1 1 1 1 1 1 1 1 1 1 1 1 1 1 1 1 1 1 1 1 1 1 1 1 1 1 1 1 1 1 1 1 1 1 1 1 1 1 1 1 1 1 1 1 1 1 1 1 1 1 1 1 1 1 1 1 1 1 1 1 1 1 1 1 1 1 1 1 1 1 1 1 1 1 1 1 1 1 1 1 1 1 1 1 1 1 1 1 1 1 1 1 1 1 1 1 1 1 1 1 1 1 1 1 1 1 1 1 1 1 1 1 1 1 1 1 1 1 1 1 1 1 1 1 1 1 1 1 1 1 1 1 1 1 1 1 1 1 1 1 1 1 1 1 1 1 1 1 1 1 1 1 1 1 1 1 1 1 1 1 1 1 1 1 1 1 1 1 1 1 1 1 1 1 1 1 1 1 1 1 1</vcount>
                    <v>0 0 0 0 0 0 0 0 0 0 0 0 0 0 0 0 0 0 0 0 0 0 0 0 0 0 0 0 0 0 0 0 0 0 0 0 0 0 0 0 0 0 0 0 0 0 0 0 0 0 0 0 0 0 0 0 0 0 0 0 0 0 0 0 0 0 0 0 0 0 0 0 0 0 0 0 0 0 0 0 0 0 0 0 0 0 0 0 0 0 0 0 0 0 0 0 0 0 0 0 0 0 0 0 0 0 0 0 0 0 0 0 0 0 0 0 0 0 0 0 0 0 0 0 0 0 0 0 0 0 0 0 0 0 0 0 0 0 0 0 0 0 0 0 0 0 0 0 0 0 0 0 0 0 0 0 0 0 0 0 0 0 0 0 0 0 0 0 0 0 0 0 0 0 0 0 0 0 0 0 0 0 0 0 0 0 0 0 0 0 0 0 0 0 0 0 0 0 0 0 0 0 0 0 0 0 0 0 0 0 0 0 0 0 0 0 0 0 0 0 0 0 0 0 0 0 0 0 0 0 0 0 0 0 0 0 0 0 0 0 0 0 0 0 0 0 0 0 0 0 0 0 0 0 0 0 0 0 0 0 0 0 0 0 0 0 0 0 0 0 0 0 0 0 0 0 0 0 0 0 0 0 0 0 0 0 0 0 0 0 0 0 0 0 0 0 0 0 0 0 0 0 0 0 0 0 0 0 0 0 0 0 0 0 0 0 0 0 0 0 0 0 0 0 0 0 0 0 0 0 0 0 0 0 0 0 0 0 0 0 0 0 0 0 0 0 0 0 0 0 0 0 0 0 0 0 0 0 0 0 0 0 0 0 0 0 0 0 0 0 0 0 0 0 0 0 0 0 0 0 0 0 0 0 0 0 0 0 0 0 0 0 0 0 0 0 0 0 0 0 0 0 0 0 0 0 0 0 0 0 0 0 0 0 0 0 0 0 0 0</v>
                </vertex_weights>
            </skin>
        </controller>
        <controller id="wood_4_2-controller" name="wood_4_2">
            <skin source="#wood_4_2-geometry">
                <bind_shape_matrix>1 0 0 0 0 1 0 0 0 0 1 0 0 0 0 1</bind_shape_matrix>
                <source id="wood_4_2-joints">
                    <Name_array id="wood_4_2-joints-array" count="1">wood_4</Name_array>
                    <technique_common>
                        <accessor count="1" offset="0" source="#wood_4_2-joints-array" stride="1">
                            <param name="JOINT" type="Name" />
                        </accessor>
                    </technique_common>
                </source>
                <source id="wood_4_2-matrices">
                    <float_array id="wood_4_2-matrices-array" count="16">1.000001 1E-06 1E-06 1E-06 1E-06 1.000001 1E-06 1E-06 1E-06 1E-06 1.000001 1E-06 1E-06 1E-06 1E-06 1.000001</float_array>
                    <technique_common>
                        <accessor count="1" offset="0" source="#wood_4_2-matrices-array" stride="16">
                            <param name="TRANSFORM" type="float4x4" />
                        </accessor>
                    </technique_common>
                </source>
                <source id="wood_4_2-weights">
                    <float_array id="wood_4_2-weights-array" count="1">1</float_array>
                    <technique_common>
                        <accessor count="1" offset="0" source="#wood_4_2-weights-array" stride="1">
                            <param name="WEIGHT" type="float" />
                        </accessor>
                    </technique_common>
                </source>
                <joints>
                    <input semantic="JOINT" source="#wood_4_2-joints" />
                    <input semantic="INV_BIND_MATRIX" source="#wood_4_2-matrices" />
                </joints>
                <vertex_weights count="108">
                    <input semantic="JOINT" source="#wood_4_2-joints" offset="0" set="0" />
                    <input semantic="WEIGHT" source="#wood_4_2-weights" offset="1" set="0" />
                    <vcount>1 1 1 1 1 1 1 1 1 1 1 1 1 1 1 1 1 1 1 1 1 1 1 1 1 1 1 1 1 1 1 1 1 1 1 1 1 1 1 1 1 1 1 1 1 1 1 1 1 1 1 1 1 1 1 1 1 1 1 1 1 1 1 1 1 1 1 1 1 1 1 1 1 1 1 1 1 1 1 1 1 1 1 1 1 1 1 1 1 1 1 1 1 1 1 1 1 1 1 1 1 1 1 1 1 1 1 1</vcount>
                    <v>0 0 0 0 0 0 0 0 0 0 0 0 0 0 0 0 0 0 0 0 0 0 0 0 0 0 0 0 0 0 0 0 0 0 0 0 0 0 0 0 0 0 0 0 0 0 0 0 0 0 0 0 0 0 0 0 0 0 0 0 0 0 0 0 0 0 0 0 0 0 0 0 0 0 0 0 0 0 0 0 0 0 0 0 0 0 0 0 0 0 0 0 0 0 0 0 0 0 0 0 0 0 0 0 0 0 0 0 0 0 0 0 0 0 0 0 0 0 0 0 0 0 0 0 0 0 0 0 0 0 0 0 0 0 0 0 0 0 0 0 0 0 0 0 0 0 0 0 0 0 0 0 0 0 0 0 0 0 0 0 0 0 0 0 0 0 0 0 0 0 0 0 0 0 0 0 0 0 0 0 0 0 0 0 0 0 0 0 0 0 0 0 0 0 0 0 0 0 0 0 0 0 0 0 0 0 0 0 0 0 0 0 0 0 0 0</v>
                </vertex_weights>
            </skin>
        </controller>
        <controller id="wood_4_3-controller" name="wood_4_3">
            <skin source="#wood_4_3-geometry">
                <bind_shape_matrix>1 0 0 0 0 1 0 0 0 0 1 0 0 0 0 1</bind_shape_matrix>
                <source id="wood_4_3-joints">
                    <Name_array id="wood_4_3-joints-array" count="1">wood_4</Name_array>
                    <technique_common>
                        <accessor count="1" offset="0" source="#wood_4_3-joints-array" stride="1">
                            <param name="JOINT" type="Name" />
                        </accessor>
                    </technique_common>
                </source>
                <source id="wood_4_3-matrices">
                    <float_array id="wood_4_3-matrices-array" count="16">1.000001 1E-06 1E-06 1E-06 1E-06 1.000001 1E-06 1E-06 1E-06 1E-06 1.000001 1E-06 1E-06 1E-06 1E-06 1.000001</float_array>
                    <technique_common>
                        <accessor count="1" offset="0" source="#wood_4_3-matrices-array" stride="16">
                            <param name="TRANSFORM" type="float4x4" />
                        </accessor>
                    </technique_common>
                </source>
                <source id="wood_4_3-weights">
                    <float_array id="wood_4_3-weights-array" count="1">1</float_array>
                    <technique_common>
                        <accessor count="1" offset="0" source="#wood_4_3-weights-array" stride="1">
                            <param name="WEIGHT" type="float" />
                        </accessor>
                    </technique_common>
                </source>
                <joints>
                    <input semantic="JOINT" source="#wood_4_3-joints" />
                    <input semantic="INV_BIND_MATRIX" source="#wood_4_3-matrices" />
                </joints>
                <vertex_weights count="96">
                    <input semantic="JOINT" source="#wood_4_3-joints" offset="0" set="0" />
                    <input semantic="WEIGHT" source="#wood_4_3-weights" offset="1" set="0" />
                    <vcount>1 1 1 1 1 1 1 1 1 1 1 1 1 1 1 1 1 1 1 1 1 1 1 1 1 1 1 1 1 1 1 1 1 1 1 1 1 1 1 1 1 1 1 1 1 1 1 1 1 1 1 1 1 1 1 1 1 1 1 1 1 1 1 1 1 1 1 1 1 1 1 1 1 1 1 1 1 1 1 1 1 1 1 1 1 1 1 1 1 1 1 1 1 1 1 1</vcount>
                    <v>0 0 0 0 0 0 0 0 0 0 0 0 0 0 0 0 0 0 0 0 0 0 0 0 0 0 0 0 0 0 0 0 0 0 0 0 0 0 0 0 0 0 0 0 0 0 0 0 0 0 0 0 0 0 0 0 0 0 0 0 0 0 0 0 0 0 0 0 0 0 0 0 0 0 0 0 0 0 0 0 0 0 0 0 0 0 0 0 0 0 0 0 0 0 0 0 0 0 0 0 0 0 0 0 0 0 0 0 0 0 0 0 0 0 0 0 0 0 0 0 0 0 0 0 0 0 0 0 0 0 0 0 0 0 0 0 0 0 0 0 0 0 0 0 0 0 0 0 0 0 0 0 0 0 0 0 0 0 0 0 0 0 0 0 0 0 0 0 0 0 0 0 0 0 0 0 0 0 0 0 0 0 0 0 0 0 0 0 0 0 0 0</v>
                </vertex_weights>
            </skin>
        </controller>
        <controller id="wood_6_0-controller" name="wood_6_0">
            <skin source="#wood_6_0-geometry">
                <bind_shape_matrix>1 0 0 0 0 1 0 0 0 0 1 0 0 0 0 1</bind_shape_matrix>
                <source id="wood_6_0-joints">
                    <Name_array id="wood_6_0-joints-array" count="1">wood_6</Name_array>
                    <technique_common>
                        <accessor count="1" offset="0" source="#wood_6_0-joints-array" stride="1">
                            <param name="JOINT" type="Name" />
                        </accessor>
                    </technique_common>
                </source>
                <source id="wood_6_0-matrices">
                    <float_array id="wood_6_0-matrices-array" count="16">1.000001 1E-06 1E-06 1E-06 1E-06 1.000001 1E-06 1E-06 1E-06 1E-06 1.000001 1E-06 1E-06 1E-06 1E-06 1.000001</float_array>
                    <technique_common>
                        <accessor count="1" offset="0" source="#wood_6_0-matrices-array" stride="16">
                            <param name="TRANSFORM" type="float4x4" />
                        </accessor>
                    </technique_common>
                </source>
                <source id="wood_6_0-weights">
                    <float_array id="wood_6_0-weights-array" count="1">1</float_array>
                    <technique_common>
                        <accessor count="1" offset="0" source="#wood_6_0-weights-array" stride="1">
                            <param name="WEIGHT" type="float" />
                        </accessor>
                    </technique_common>
                </source>
                <joints>
                    <input semantic="JOINT" source="#wood_6_0-joints" />
                    <input semantic="INV_BIND_MATRIX" source="#wood_6_0-matrices" />
                </joints>
                <vertex_weights count="174">
                    <input semantic="JOINT" source="#wood_6_0-joints" offset="0" set="0" />
                    <input semantic="WEIGHT" source="#wood_6_0-weights" offset="1" set="0" />
                    <vcount>1 1 1 1 1 1 1 1 1 1 1 1 1 1 1 1 1 1 1 1 1 1 1 1 1 1 1 1 1 1 1 1 1 1 1 1 1 1 1 1 1 1 1 1 1 1 1 1 1 1 1 1 1 1 1 1 1 1 1 1 1 1 1 1 1 1 1 1 1 1 1 1 1 1 1 1 1 1 1 1 1 1 1 1 1 1 1 1 1 1 1 1 1 1 1 1 1 1 1 1 1 1 1 1 1 1 1 1 1 1 1 1 1 1 1 1 1 1 1 1 1 1 1 1 1 1 1 1 1 1 1 1 1 1 1 1 1 1 1 1 1 1 1 1 1 1 1 1 1 1 1 1 1 1 1 1 1 1 1 1 1 1 1 1 1 1 1 1 1 1 1 1 1 1</vcount>
                    <v>0 0 0 0 0 0 0 0 0 0 0 0 0 0 0 0 0 0 0 0 0 0 0 0 0 0 0 0 0 0 0 0 0 0 0 0 0 0 0 0 0 0 0 0 0 0 0 0 0 0 0 0 0 0 0 0 0 0 0 0 0 0 0 0 0 0 0 0 0 0 0 0 0 0 0 0 0 0 0 0 0 0 0 0 0 0 0 0 0 0 0 0 0 0 0 0 0 0 0 0 0 0 0 0 0 0 0 0 0 0 0 0 0 0 0 0 0 0 0 0 0 0 0 0 0 0 0 0 0 0 0 0 0 0 0 0 0 0 0 0 0 0 0 0 0 0 0 0 0 0 0 0 0 0 0 0 0 0 0 0 0 0 0 0 0 0 0 0 0 0 0 0 0 0 0 0 0 0 0 0 0 0 0 0 0 0 0 0 0 0 0 0 0 0 0 0 0 0 0 0 0 0 0 0 0 0 0 0 0 0 0 0 0 0 0 0 0 0 0 0 0 0 0 0 0 0 0 0 0 0 0 0 0 0 0 0 0 0 0 0 0 0 0 0 0 0 0 0 0 0 0 0 0 0 0 0 0 0 0 0 0 0 0 0 0 0 0 0 0 0 0 0 0 0 0 0 0 0 0 0 0 0 0 0 0 0 0 0 0 0 0 0 0 0 0 0 0 0 0 0 0 0 0 0 0 0 0 0 0 0 0 0 0 0 0 0 0 0 0 0 0 0 0 0 0 0 0 0 0 0 0 0 0 0 0 0 0 0 0 0 0 0 0 0 0 0 0 0</v>
                </vertex_weights>
            </skin>
        </controller>
        <controller id="wood_6_1-controller" name="wood_6_1">
            <skin source="#wood_6_1-geometry">
                <bind_shape_matrix>1 0 0 0 0 1 0 0 0 0 1 0 0 0 0 1</bind_shape_matrix>
                <source id="wood_6_1-joints">
                    <Name_array id="wood_6_1-joints-array" count="1">wood_6</Name_array>
                    <technique_common>
                        <accessor count="1" offset="0" source="#wood_6_1-joints-array" stride="1">
                            <param name="JOINT" type="Name" />
                        </accessor>
                    </technique_common>
                </source>
                <source id="wood_6_1-matrices">
                    <float_array id="wood_6_1-matrices-array" count="16">1.000001 1E-06 1E-06 1E-06 1E-06 1.000001 1E-06 1E-06 1E-06 1E-06 1.000001 1E-06 1E-06 1E-06 1E-06 1.000001</float_array>
                    <technique_common>
                        <accessor count="1" offset="0" source="#wood_6_1-matrices-array" stride="16">
                            <param name="TRANSFORM" type="float4x4" />
                        </accessor>
                    </technique_common>
                </source>
                <source id="wood_6_1-weights">
                    <float_array id="wood_6_1-weights-array" count="1">1</float_array>
                    <technique_common>
                        <accessor count="1" offset="0" source="#wood_6_1-weights-array" stride="1">
                            <param name="WEIGHT" type="float" />
                        </accessor>
                    </technique_common>
                </source>
                <joints>
                    <input semantic="JOINT" source="#wood_6_1-joints" />
                    <input semantic="INV_BIND_MATRIX" source="#wood_6_1-matrices" />
                </joints>
                <vertex_weights count="168">
                    <input semantic="JOINT" source="#wood_6_1-joints" offset="0" set="0" />
                    <input semantic="WEIGHT" source="#wood_6_1-weights" offset="1" set="0" />
                    <vcount>1 1 1 1 1 1 1 1 1 1 1 1 1 1 1 1 1 1 1 1 1 1 1 1 1 1 1 1 1 1 1 1 1 1 1 1 1 1 1 1 1 1 1 1 1 1 1 1 1 1 1 1 1 1 1 1 1 1 1 1 1 1 1 1 1 1 1 1 1 1 1 1 1 1 1 1 1 1 1 1 1 1 1 1 1 1 1 1 1 1 1 1 1 1 1 1 1 1 1 1 1 1 1 1 1 1 1 1 1 1 1 1 1 1 1 1 1 1 1 1 1 1 1 1 1 1 1 1 1 1 1 1 1 1 1 1 1 1 1 1 1 1 1 1 1 1 1 1 1 1 1 1 1 1 1 1 1 1 1 1 1 1 1 1 1 1 1 1</vcount>
                    <v>0 0 0 0 0 0 0 0 0 0 0 0 0 0 0 0 0 0 0 0 0 0 0 0 0 0 0 0 0 0 0 0 0 0 0 0 0 0 0 0 0 0 0 0 0 0 0 0 0 0 0 0 0 0 0 0 0 0 0 0 0 0 0 0 0 0 0 0 0 0 0 0 0 0 0 0 0 0 0 0 0 0 0 0 0 0 0 0 0 0 0 0 0 0 0 0 0 0 0 0 0 0 0 0 0 0 0 0 0 0 0 0 0 0 0 0 0 0 0 0 0 0 0 0 0 0 0 0 0 0 0 0 0 0 0 0 0 0 0 0 0 0 0 0 0 0 0 0 0 0 0 0 0 0 0 0 0 0 0 0 0 0 0 0 0 0 0 0 0 0 0 0 0 0 0 0 0 0 0 0 0 0 0 0 0 0 0 0 0 0 0 0 0 0 0 0 0 0 0 0 0 0 0 0 0 0 0 0 0 0 0 0 0 0 0 0 0 0 0 0 0 0 0 0 0 0 0 0 0 0 0 0 0 0 0 0 0 0 0 0 0 0 0 0 0 0 0 0 0 0 0 0 0 0 0 0 0 0 0 0 0 0 0 0 0 0 0 0 0 0 0 0 0 0 0 0 0 0 0 0 0 0 0 0 0 0 0 0 0 0 0 0 0 0 0 0 0 0 0 0 0 0 0 0 0 0 0 0 0 0 0 0 0 0 0 0 0 0 0 0 0 0 0 0 0 0 0 0 0 0 0 0 0 0 0 0</v>
                </vertex_weights>
            </skin>
        </controller>
        <controller id="wood_6_2-controller" name="wood_6_2">
            <skin source="#wood_6_2-geometry">
                <bind_shape_matrix>1 0 0 0 0 1 0 0 0 0 1 0 0 0 0 1</bind_shape_matrix>
                <source id="wood_6_2-joints">
                    <Name_array id="wood_6_2-joints-array" count="1">wood_6</Name_array>
                    <technique_common>
                        <accessor count="1" offset="0" source="#wood_6_2-joints-array" stride="1">
                            <param name="JOINT" type="Name" />
                        </accessor>
                    </technique_common>
                </source>
                <source id="wood_6_2-matrices">
                    <float_array id="wood_6_2-matrices-array" count="16">1.000001 1E-06 1E-06 1E-06 1E-06 1.000001 1E-06 1E-06 1E-06 1E-06 1.000001 1E-06 1E-06 1E-06 1E-06 1.000001</float_array>
                    <technique_common>
                        <accessor count="1" offset="0" source="#wood_6_2-matrices-array" stride="16">
                            <param name="TRANSFORM" type="float4x4" />
                        </accessor>
                    </technique_common>
                </source>
                <source id="wood_6_2-weights">
                    <float_array id="wood_6_2-weights-array" count="1">1</float_array>
                    <technique_common>
                        <accessor count="1" offset="0" source="#wood_6_2-weights-array" stride="1">
                            <param name="WEIGHT" type="float" />
                        </accessor>
                    </technique_common>
                </source>
                <joints>
                    <input semantic="JOINT" source="#wood_6_2-joints" />
                    <input semantic="INV_BIND_MATRIX" source="#wood_6_2-matrices" />
                </joints>
                <vertex_weights count="336">
                    <input semantic="JOINT" source="#wood_6_2-joints" offset="0" set="0" />
                    <input semantic="WEIGHT" source="#wood_6_2-weights" offset="1" set="0" />
                    <vcount>1 1 1 1 1 1 1 1 1 1 1 1 1 1 1 1 1 1 1 1 1 1 1 1 1 1 1 1 1 1 1 1 1 1 1 1 1 1 1 1 1 1 1 1 1 1 1 1 1 1 1 1 1 1 1 1 1 1 1 1 1 1 1 1 1 1 1 1 1 1 1 1 1 1 1 1 1 1 1 1 1 1 1 1 1 1 1 1 1 1 1 1 1 1 1 1 1 1 1 1 1 1 1 1 1 1 1 1 1 1 1 1 1 1 1 1 1 1 1 1 1 1 1 1 1 1 1 1 1 1 1 1 1 1 1 1 1 1 1 1 1 1 1 1 1 1 1 1 1 1 1 1 1 1 1 1 1 1 1 1 1 1 1 1 1 1 1 1 1 1 1 1 1 1 1 1 1 1 1 1 1 1 1 1 1 1 1 1 1 1 1 1 1 1 1 1 1 1 1 1 1 1 1 1 1 1 1 1 1 1 1 1 1 1 1 1 1 1 1 1 1 1 1 1 1 1 1 1 1 1 1 1 1 1 1 1 1 1 1 1 1 1 1 1 1 1 1 1 1 1 1 1 1 1 1 1 1 1 1 1 1 1 1 1 1 1 1 1 1 1 1 1 1 1 1 1 1 1 1 1 1 1 1 1 1 1 1 1 1 1 1 1 1 1 1 1 1 1 1 1 1 1 1 1 1 1 1 1 1 1 1 1 1 1 1 1 1 1 1 1 1 1 1 1 1 1 1 1 1 1 1 1 1 1 1 1</vcount>
                    <v>0 0 0 0 0 0 0 0 0 0 0 0 0 0 0 0 0 0 0 0 0 0 0 0 0 0 0 0 0 0 0 0 0 0 0 0 0 0 0 0 0 0 0 0 0 0 0 0 0 0 0 0 0 0 0 0 0 0 0 0 0 0 0 0 0 0 0 0 0 0 0 0 0 0 0 0 0 0 0 0 0 0 0 0 0 0 0 0 0 0 0 0 0 0 0 0 0 0 0 0 0 0 0 0 0 0 0 0 0 0 0 0 0 0 0 0 0 0 0 0 0 0 0 0 0 0 0 0 0 0 0 0 0 0 0 0 0 0 0 0 0 0 0 0 0 0 0 0 0 0 0 0 0 0 0 0 0 0 0 0 0 0 0 0 0 0 0 0 0 0 0 0 0 0 0 0 0 0 0 0 0 0 0 0 0 0 0 0 0 0 0 0 0 0 0 0 0 0 0 0 0 0 0 0 0 0 0 0 0 0 0 0 0 0 0 0 0 0 0 0 0 0 0 0 0 0 0 0 0 0 0 0 0 0 0 0 0 0 0 0 0 0 0 0 0 0 0 0 0 0 0 0 0 0 0 0 0 0 0 0 0 0 0 0 0 0 0 0 0 0 0 0 0 0 0 0 0 0 0 0 0 0 0 0 0 0 0 0 0 0 0 0 0 0 0 0 0 0 0 0 0 0 0 0 0 0 0 0 0 0 0 0 0 0 0 0 0 0 0 0 0 0 0 0 0 0 0 0 0 0 0 0 0 0 0 0 0 0 0 0 0 0 0 0 0 0 0 0 0 0 0 0 0 0 0 0 0 0 0 0 0 0 0 0 0 0 0 0 0 0 0 0 0 0 0 0 0 0 0 0 0 0 0 0 0 0 0 0 0 0 0 0 0 0 0 0 0 0 0 0 0 0 0 0 0 0 0 0 0 0 0 0 0 0 0 0 0 0 0 0 0 0 0 0 0 0 0 0 0 0 0 0 0 0 0 0 0 0 0 0 0 0 0 0 0 0 0 0 0 0 0 0 0 0 0 0 0 0 0 0 0 0 0 0 0 0 0 0 0 0 0 0 0 0 0 0 0 0 0 0 0 0 0 0 0 0 0 0 0 0 0 0 0 0 0 0 0 0 0 0 0 0 0 0 0 0 0 0 0 0 0 0 0 0 0 0 0 0 0 0 0 0 0 0 0 0 0 0 0 0 0 0 0 0 0 0 0 0 0 0 0 0 0 0 0 0 0 0 0 0 0 0 0 0 0 0 0 0 0 0 0 0 0 0 0 0 0 0 0 0 0 0 0 0 0 0 0 0 0 0 0 0 0 0 0 0 0 0 0 0 0 0 0 0 0 0 0 0 0 0 0 0 0 0 0 0 0 0 0 0 0 0 0 0 0 0 0 0 0 0 0 0 0 0 0 0 0 0 0 0 0 0 0 0 0 0 0 0 0 0 0 0 0 0 0 0 0 0 0 0 0 0 0 0 0 0 0 0 0 0 0 0 0 0 0 0 0 0 0 0 0 0</v>
                </vertex_weights>
            </skin>
        </controller>
        <controller id="wood_5_0-controller" name="wood_5_0">
            <skin source="#wood_5_0-geometry">
                <bind_shape_matrix>1 0 0 0 0 1 0 0 0 0 1 0 0 0 0 1</bind_shape_matrix>
                <source id="wood_5_0-joints">
                    <Name_array id="wood_5_0-joints-array" count="1">wood_5</Name_array>
                    <technique_common>
                        <accessor count="1" offset="0" source="#wood_5_0-joints-array" stride="1">
                            <param name="JOINT" type="Name" />
                        </accessor>
                    </technique_common>
                </source>
                <source id="wood_5_0-matrices">
                    <float_array id="wood_5_0-matrices-array" count="16">1.000001 1E-06 1E-06 1E-06 1E-06 1.000001 1E-06 1E-06 1E-06 1E-06 1.000001 1E-06 1E-06 1E-06 1E-06 1.000001</float_array>
                    <technique_common>
                        <accessor count="1" offset="0" source="#wood_5_0-matrices-array" stride="16">
                            <param name="TRANSFORM" type="float4x4" />
                        </accessor>
                    </technique_common>
                </source>
                <source id="wood_5_0-weights">
                    <float_array id="wood_5_0-weights-array" count="1">1</float_array>
                    <technique_common>
                        <accessor count="1" offset="0" source="#wood_5_0-weights-array" stride="1">
                            <param name="WEIGHT" type="float" />
                        </accessor>
                    </technique_common>
                </source>
                <joints>
                    <input semantic="JOINT" source="#wood_5_0-joints" />
                    <input semantic="INV_BIND_MATRIX" source="#wood_5_0-matrices" />
                </joints>
                <vertex_weights count="24">
                    <input semantic="JOINT" source="#wood_5_0-joints" offset="0" set="0" />
                    <input semantic="WEIGHT" source="#wood_5_0-weights" offset="1" set="0" />
                    <vcount>1 1 1 1 1 1 1 1 1 1 1 1 1 1 1 1 1 1 1 1 1 1 1 1</vcount>
                    <v>0 0 0 0 0 0 0 0 0 0 0 0 0 0 0 0 0 0 0 0 0 0 0 0 0 0 0 0 0 0 0 0 0 0 0 0 0 0 0 0 0 0 0 0 0 0 0 0</v>
                </vertex_weights>
            </skin>
        </controller>
        <controller id="wood_5_1-controller" name="wood_5_1">
            <skin source="#wood_5_1-geometry">
                <bind_shape_matrix>1 0 0 0 0 1 0 0 0 0 1 0 0 0 0 1</bind_shape_matrix>
                <source id="wood_5_1-joints">
                    <Name_array id="wood_5_1-joints-array" count="1">wood_5</Name_array>
                    <technique_common>
                        <accessor count="1" offset="0" source="#wood_5_1-joints-array" stride="1">
                            <param name="JOINT" type="Name" />
                        </accessor>
                    </technique_common>
                </source>
                <source id="wood_5_1-matrices">
                    <float_array id="wood_5_1-matrices-array" count="16">1.000001 1E-06 1E-06 1E-06 1E-06 1.000001 1E-06 1E-06 1E-06 1E-06 1.000001 1E-06 1E-06 1E-06 1E-06 1.000001</float_array>
                    <technique_common>
                        <accessor count="1" offset="0" source="#wood_5_1-matrices-array" stride="16">
                            <param name="TRANSFORM" type="float4x4" />
                        </accessor>
                    </technique_common>
                </source>
                <source id="wood_5_1-weights">
                    <float_array id="wood_5_1-weights-array" count="1">1</float_array>
                    <technique_common>
                        <accessor count="1" offset="0" source="#wood_5_1-weights-array" stride="1">
                            <param name="WEIGHT" type="float" />
                        </accessor>
                    </technique_common>
                </source>
                <joints>
                    <input semantic="JOINT" source="#wood_5_1-joints" />
                    <input semantic="INV_BIND_MATRIX" source="#wood_5_1-matrices" />
                </joints>
                <vertex_weights count="138">
                    <input semantic="JOINT" source="#wood_5_1-joints" offset="0" set="0" />
                    <input semantic="WEIGHT" source="#wood_5_1-weights" offset="1" set="0" />
                    <vcount>1 1 1 1 1 1 1 1 1 1 1 1 1 1 1 1 1 1 1 1 1 1 1 1 1 1 1 1 1 1 1 1 1 1 1 1 1 1 1 1 1 1 1 1 1 1 1 1 1 1 1 1 1 1 1 1 1 1 1 1 1 1 1 1 1 1 1 1 1 1 1 1 1 1 1 1 1 1 1 1 1 1 1 1 1 1 1 1 1 1 1 1 1 1 1 1 1 1 1 1 1 1 1 1 1 1 1 1 1 1 1 1 1 1 1 1 1 1 1 1 1 1 1 1 1 1 1 1 1 1 1 1 1 1 1 1 1 1</vcount>
                    <v>0 0 0 0 0 0 0 0 0 0 0 0 0 0 0 0 0 0 0 0 0 0 0 0 0 0 0 0 0 0 0 0 0 0 0 0 0 0 0 0 0 0 0 0 0 0 0 0 0 0 0 0 0 0 0 0 0 0 0 0 0 0 0 0 0 0 0 0 0 0 0 0 0 0 0 0 0 0 0 0 0 0 0 0 0 0 0 0 0 0 0 0 0 0 0 0 0 0 0 0 0 0 0 0 0 0 0 0 0 0 0 0 0 0 0 0 0 0 0 0 0 0 0 0 0 0 0 0 0 0 0 0 0 0 0 0 0 0 0 0 0 0 0 0 0 0 0 0 0 0 0 0 0 0 0 0 0 0 0 0 0 0 0 0 0 0 0 0 0 0 0 0 0 0 0 0 0 0 0 0 0 0 0 0 0 0 0 0 0 0 0 0 0 0 0 0 0 0 0 0 0 0 0 0 0 0 0 0 0 0 0 0 0 0 0 0 0 0 0 0 0 0 0 0 0 0 0 0 0 0 0 0 0 0 0 0 0 0 0 0 0 0 0 0 0 0 0 0 0 0 0 0 0 0 0 0 0 0 0 0 0 0 0 0 0 0 0 0 0 0 0 0 0 0 0 0</v>
                </vertex_weights>
            </skin>
        </controller>
        <controller id="wood_5_2-controller" name="wood_5_2">
            <skin source="#wood_5_2-geometry">
                <bind_shape_matrix>1 0 0 0 0 1 0 0 0 0 1 0 0 0 0 1</bind_shape_matrix>
                <source id="wood_5_2-joints">
                    <Name_array id="wood_5_2-joints-array" count="1">wood_5</Name_array>
                    <technique_common>
                        <accessor count="1" offset="0" source="#wood_5_2-joints-array" stride="1">
                            <param name="JOINT" type="Name" />
                        </accessor>
                    </technique_common>
                </source>
                <source id="wood_5_2-matrices">
                    <float_array id="wood_5_2-matrices-array" count="16">1.000001 1E-06 1E-06 1E-06 1E-06 1.000001 1E-06 1E-06 1E-06 1E-06 1.000001 1E-06 1E-06 1E-06 1E-06 1.000001</float_array>
                    <technique_common>
                        <accessor count="1" offset="0" source="#wood_5_2-matrices-array" stride="16">
                            <param name="TRANSFORM" type="float4x4" />
                        </accessor>
                    </technique_common>
                </source>
                <source id="wood_5_2-weights">
                    <float_array id="wood_5_2-weights-array" count="1">1</float_array>
                    <technique_common>
                        <accessor count="1" offset="0" source="#wood_5_2-weights-array" stride="1">
                            <param name="WEIGHT" type="float" />
                        </accessor>
                    </technique_common>
                </source>
                <joints>
                    <input semantic="JOINT" source="#wood_5_2-joints" />
                    <input semantic="INV_BIND_MATRIX" source="#wood_5_2-matrices" />
                </joints>
                <vertex_weights count="24">
                    <input semantic="JOINT" source="#wood_5_2-joints" offset="0" set="0" />
                    <input semantic="WEIGHT" source="#wood_5_2-weights" offset="1" set="0" />
                    <vcount>1 1 1 1 1 1 1 1 1 1 1 1 1 1 1 1 1 1 1 1 1 1 1 1</vcount>
                    <v>0 0 0 0 0 0 0 0 0 0 0 0 0 0 0 0 0 0 0 0 0 0 0 0 0 0 0 0 0 0 0 0 0 0 0 0 0 0 0 0 0 0 0 0 0 0 0 0</v>
                </vertex_weights>
            </skin>
        </controller>
    </library_controllers>
    <library_visual_scenes>
        <visual_scene id="Scene" name="Scene">
            <node id="wood" sid="wood" name="wood" type="JOINT">
                <matrix sid="transform">1 0 0 0 0 1 0 0 0 0 1 0 0 0 0 1</matrix>
                <node id="wood_1" sid="wood_1" name="wood_1" type="JOINT">
                    <matrix sid="transform">1 0 0 0 0 1 0 0 0 0 1 0 0 0 0 1</matrix>
                </node>
                <node id="wood_2" sid="wood_2" name="wood_2" type="JOINT">
                    <matrix sid="transform">1 0 0 0 0 1 0 0 0 0 1 0 0 0 0 1</matrix>
                </node>
                <node id="wood_3" sid="wood_3" name="wood_3" type="JOINT">
                    <matrix sid="transform">1 0 0 0 0 1 0 0 0 0 1 0 0 0 0 1</matrix>
                </node>
                <node id="wood_4" sid="wood_4" name="wood_4" type="JOINT">
                    <matrix sid="transform">1 0 0 0 0 1 0 0 0 0 1 0 0 0 0 1</matrix>
                </node>
                <node id="wood_6" sid="wood_6" name="wood_6" type="JOINT">
                    <matrix sid="transform">1 0 0 0 0 1 0 0 0 0 1 0 0 0 0 1</matrix>
                </node>
                <node id="wood_5" sid="wood_5" name="wood_5" type="JOINT">
                    <matrix sid="transform">1 0 0 0 0 1 0 0 0 0 1 0 0 0 0 1</matrix>
                </node>
            </node>
            <node id="wood_1_0" sid="wood_1_0" name="wood_1_0">
                <instance_controller url="#wood_1_0-controller">
                    <skeleton>#wood</skeleton>
                    <bind_material>
                        <technique_common>
                            <instance_material target="#l_s0" symbol="l_s0" />
                        </technique_common>
                    </bind_material>
                </instance_controller>
            </node>
            <node id="wood_1_1" sid="wood_1_1" name="wood_1_1">
                <instance_controller url="#wood_1_1-controller">
                    <skeleton>#wood</skeleton>
                    <bind_material>
                        <technique_common>
                            <instance_material target="#su_s0" symbol="su_s0" />
                        </technique_common>
                    </bind_material>
                </instance_controller>
            </node>
            <node id="wood_1_2" sid="wood_1_2" name="wood_1_2">
                <instance_controller url="#wood_1_2-controller">
                    <skeleton>#wood</skeleton>
                    <bind_material>
                        <technique_common>
                            <instance_material target="#th_s10" symbol="th_s10" />
                        </technique_common>
                    </bind_material>
                </instance_controller>
            </node>
            <node id="wood_1_3" sid="wood_1_3" name="wood_1_3">
                <instance_controller url="#wood_1_3-controller">
                    <skeleton>#wood</skeleton>
                    <bind_material>
                        <technique_common>
                            <instance_material target="#th_s51" symbol="th_s51" />
                        </technique_common>
                    </bind_material>
                </instance_controller>
            </node>
            <node id="wood_2_0" sid="wood_2_0" name="wood_2_0">
                <instance_controller url="#wood_2_0-controller">
                    <skeleton>#wood</skeleton>
                    <bind_material>
                        <technique_common>
                            <instance_material target="#l_s1" symbol="l_s1" />
                        </technique_common>
                    </bind_material>
                </instance_controller>
            </node>
            <node id="wood_2_1" sid="wood_2_1" name="wood_2_1">
                <instance_controller url="#wood_2_1-controller">
                    <skeleton>#wood</skeleton>
                    <bind_material>
                        <technique_common>
                            <instance_material target="#th_s11" symbol="th_s11" />
                        </technique_common>
                    </bind_material>
                </instance_controller>
            </node>
            <node id="wood_2_2" sid="wood_2_2" name="wood_2_2">
                <instance_controller url="#wood_2_2-controller">
                    <skeleton>#wood</skeleton>
                    <bind_material>
                        <technique_common>
                            <instance_material target="#th_s51" symbol="th_s51" />
                        </technique_common>
                    </bind_material>
                </instance_controller>
            </node>
            <node id="wood_3_0" sid="wood_3_0" name="wood_3_0">
                <instance_controller url="#wood_3_0-controller">
                    <skeleton>#wood</skeleton>
                    <bind_material>
                        <technique_common>
                            <instance_material target="#th_s11" symbol="th_s11" />
                        </technique_common>
                    </bind_material>
                </instance_controller>
            </node>
            <node id="wood_3_1" sid="wood_3_1" name="wood_3_1">
                <instance_controller url="#wood_3_1-controller">
                    <skeleton>#wood</skeleton>
                    <bind_material>
                        <technique_common>
                            <instance_material target="#su_s1" symbol="su_s1" />
                        </technique_common>
                    </bind_material>
                </instance_controller>
            </node>
            <node id="wood_3_2" sid="wood_3_2" name="wood_3_2">
                <instance_controller url="#wood_3_2-controller">
                    <skeleton>#wood</skeleton>
                    <bind_material>
                        <technique_common>
                            <instance_material target="#th_s51" symbol="th_s51" />
                        </technique_common>
                    </bind_material>
                </instance_controller>
            </node>
            <node id="wood_3_3" sid="wood_3_3" name="wood_3_3">
                <instance_controller url="#wood_3_3-controller">
                    <skeleton>#wood</skeleton>
                    <bind_material>
                        <technique_common>
                            <instance_material target="#l_s1" symbol="l_s1" />
                        </technique_common>
                    </bind_material>
                </instance_controller>
            </node>
            <node id="wood_4_0" sid="wood_4_0" name="wood_4_0">
                <instance_controller url="#wood_4_0-controller">
                    <skeleton>#wood</skeleton>
                    <bind_material>
                        <technique_common>
                            <instance_material target="#th_s51" symbol="th_s51" />
                        </technique_common>
                    </bind_material>
                </instance_controller>
            </node>
            <node id="wood_4_1" sid="wood_4_1" name="wood_4_1">
                <instance_controller url="#wood_4_1-controller">
                    <skeleton>#wood</skeleton>
                    <bind_material>
                        <technique_common>
                            <instance_material target="#l_s1" symbol="l_s1" />
                        </technique_common>
                    </bind_material>
                </instance_controller>
            </node>
            <node id="wood_4_2" sid="wood_4_2" name="wood_4_2">
                <instance_controller url="#wood_4_2-controller">
                    <skeleton>#wood</skeleton>
                    <bind_material>
                        <technique_common>
                            <instance_material target="#su_s1" symbol="su_s1" />
                        </technique_common>
                    </bind_material>
                </instance_controller>
            </node>
            <node id="wood_4_3" sid="wood_4_3" name="wood_4_3">
                <instance_controller url="#wood_4_3-controller">
                    <skeleton>#wood</skeleton>
                    <bind_material>
                        <technique_common>
                            <instance_material target="#th_s11" symbol="th_s11" />
                        </technique_common>
                    </bind_material>
                </instance_controller>
            </node>
            <node id="wood_6_0" sid="wood_6_0" name="wood_6_0">
                <instance_controller url="#wood_6_0-controller">
                    <skeleton>#wood</skeleton>
                    <bind_material>
                        <technique_common>
                            <instance_material target="#th_s11" symbol="th_s11" />
                        </technique_common>
                    </bind_material>
                </instance_controller>
            </node>
            <node id="wood_6_1" sid="wood_6_1" name="wood_6_1">
                <instance_controller url="#wood_6_1-controller">
                    <skeleton>#wood</skeleton>
                    <bind_material>
                        <technique_common>
                            <instance_material target="#th_s51" symbol="th_s51" />
                        </technique_common>
                    </bind_material>
                </instance_controller>
            </node>
            <node id="wood_6_2" sid="wood_6_2" name="wood_6_2">
                <instance_controller url="#wood_6_2-controller">
                    <skeleton>#wood</skeleton>
                    <bind_material>
                        <technique_common>
                            <instance_material target="#l_s1" symbol="l_s1" />
                        </technique_common>
                    </bind_material>
                </instance_controller>
            </node>
            <node id="wood_5_0" sid="wood_5_0" name="wood_5_0">
                <instance_controller url="#wood_5_0-controller">
                    <skeleton>#wood</skeleton>
                    <bind_material>
                        <technique_common>
                            <instance_material target="#stair_s" symbol="stair_s" />
                        </technique_common>
                    </bind_material>
                </instance_controller>
            </node>
            <node id="wood_5_1" sid="wood_5_1" name="wood_5_1">
                <instance_controller url="#wood_5_1-controller">
                    <skeleton>#wood</skeleton>
                    <bind_material>
                        <technique_common>
                            <instance_material target="#to_s1" symbol="to_s1" />
                        </technique_common>
                    </bind_material>
                </instance_controller>
            </node>
            <node id="wood_5_2" sid="wood_5_2" name="wood_5_2">
                <instance_controller url="#wood_5_2-controller">
                    <skeleton>#wood</skeleton>
                    <bind_material>
                        <technique_common>
                            <instance_material target="#su_s1" symbol="su_s1" />
                        </technique_common>
                    </bind_material>
                </instance_controller>
            </node>
        </visual_scene>
    </library_visual_scenes>
    <scene>
        <instance_visual_scene url="#Scene" />
    </scene>
</COLLADA>